t,cmd_left,cmd_right,Tu,Tr,u,v,r
0.0,0.0,0.0,0.0,-0.0,0.0,0.0,0.0
0.03333333333333333,0.0,0.0,0.0,-0.0,0.0,0.0,0.0
0.06666666666666667,0.0,0.0,0.0,-0.0,0.0,0.0,0.0
0.1,0.0,0.0,0.0,-0.0,0.0,0.0,0.0
0.13333333333333333,0.0,0.0,0.0,-0.0,0.0,0.0,0.0
0.16666666666666666,0.0,0.0,0.0,-0.0,0.0,0.0,0.0
0.2,0.0,0.0,0.0,-0.0,0.0,0.0,0.0
0.23333333333333334,0.0,0.0,0.0,-0.0,0.0,0.0,0.0
0.26666666666666666,0.0,0.0,0.0,-0.0,0.0,0.0,0.0
0.3,0.0,0.0,0.0,-0.0,0.0,0.0,0.0
0.3333333333333333,0.0,0.0,0.0,-0.0,0.0,0.0,0.0
0.36666666666666664,0.0,0.0,0.0,-0.0,0.0,0.0,0.0
0.4,0.0,0.0,0.0,-0.0,0.0,0.0,0.0
0.43333333333333335,0.0,0.0,0.0,-0.0,0.0,0.0,0.0
0.4666666666666667,0.0,0.0,0.0,-0.0,0.0,0.0,0.0
0.5,0.0,0.0,0.0,-0.0,0.0,0.0,0.0
0.5333333333333333,0.0,0.0,0.0,-0.0,0.0,0.0,0.0
0.5666666666666667,0.0,0.0,0.0,-0.0,0.0,0.0,0.0
0.6,0.0,0.0,0.0,-0.0,0.0,0.0,0.0
0.6333333333333333,0.0,0.0,0.0,-0.0,0.0,0.0,0.0
0.6666666666666666,0.0,0.0,0.0,-0.0,0.0,0.0,0.0
0.7,0.0,0.0,0.0,-0.0,0.0,0.0,0.0
0.7333333333333333,0.0,0.0,0.0,-0.0,0.0,0.0,0.0
0.7666666666666666,0.0,0.0,0.0,-0.0,0.0,0.0,0.0
0.8,0.0,0.0,0.0,-0.0,0.0,0.0,0.0
0.8333333333333334,0.0,0.0,0.0,-0.0,0.0,0.0,0.0
0.8666666666666667,0.0,0.0,0.0,-0.0,0.0,0.0,0.0
0.9,0.0,0.0,0.0,-0.0,0.0,0.0,0.0
0.9333333333333333,0.0,0.0,0.0,-0.0,0.0,0.0,0.0
0.9666666666666667,0.0,0.0,0.0,-0.0,0.0,0.0,0.0
1.0,0.0,0.0,0.0,-0.0,0.0,0.0,0.0
1.0333333333333332,0.0,0.0,0.0,-0.0,0.0,0.0,0.0
1.0666666666666667,0.0,0.0,0.0,-0.0,0.0,0.0,0.0
1.1,0.0,0.0,0.0,-0.0,0.0,0.0,0.0
1.1333333333333333,0.0,0.0,0.0,-0.0,0.0,0.0,0.0
1.1666666666666667,0.0,0.0,0.0,-0.0,0.0,0.0,0.0
1.2,0.0,0.0,0.0,-0.0,0.0,0.0,0.0
1.2333333333333334,0.0,0.0,0.0,-0.0,0.0,0.0,0.0
1.2666666666666666,0.0,0.0,0.0,-0.0,0.0,0.0,0.0
1.3,0.0,0.0,0.0,-0.0,0.0,0.0,0.0
1.3333333333333333,0.0,0.0,0.0,-0.0,0.0,0.0,0.0
1.3666666666666667,0.0,0.0,0.0,-0.0,0.0,0.0,0.0
1.4,0.0,0.0,0.0,-0.0,0.0,0.0,0.0
1.4333333333333333,0.0,0.0,0.0,-0.0,0.0,0.0,0.0
1.4666666666666666,0.0,0.0,0.0,-0.0,0.0,0.0,0.0
1.5,0.0,0.0,0.0,-0.0,0.0,0.0,0.0
1.5333333333333332,0.0,0.0,0.0,-0.0,0.0,0.0,0.0
1.5666666666666667,0.0,0.0,0.0,-0.0,0.0,0.0,0.0
1.6,0.0,0.0,0.0,-0.0,0.0,0.0,0.0
1.6333333333333333,0.0,0.0,0.0,-0.0,0.0,0.0,0.0
1.6666666666666667,0.0,0.0,0.0,-0.0,0.0,0.0,0.0
1.7,0.0,0.0,0.0,-0.0,0.0,0.0,0.0
1.7333333333333334,0.0,0.0,0.0,-0.0,0.0,0.0,0.0
1.7666666666666666,0.0,0.0,0.0,-0.0,0.0,0.0,0.0
1.8,0.0,0.0,0.0,-0.0,0.0,0.0,0.0
1.8333333333333333,0.0,0.0,0.0,-0.0,0.0,0.0,0.0
1.8666666666666667,0.0,0.0,0.0,-0.0,0.0,0.0,0.0
1.9,0.0,0.0,0.0,-0.0,0.0,0.0,0.0
1.9333333333333333,0.0,0.0,0.0,-0.0,0.0,0.0,0.0
1.9666666666666666,0.0,0.0,0.0,-0.0,0.0,0.0,0.0
2.0,0.0,0.0,0.0,-0.0,0.0,0.0,0.0
2.033333333333333,0.0,0.0,0.0,-0.0,0.0,0.0,0.0
2.0666666666666664,0.0,0.0,0.0,-0.0,0.0,0.0,0.0
2.1,0.0,0.0,0.0,-0.0,0.0,0.0,0.0
2.1333333333333333,0.0,0.0,0.0,-0.0,0.0,0.0,0.0
2.1666666666666665,0.0,0.0,0.0,-0.0,0.0,0.0,0.0
2.2,0.0,0.0,0.0,-0.0,0.0,0.0,0.0
2.2333333333333334,0.0,0.0,0.0,-0.0,0.0,0.0,0.0
2.2666666666666666,0.0,0.0,0.0,-0.0,0.0,0.0,0.0
2.3,0.0,0.0,0.0,-0.0,0.0,0.0,0.0
2.3333333333333335,0.0,0.0,0.0,-0.0,0.0,0.0,0.0
2.3666666666666667,0.0,0.0,0.0,-0.0,0.0,0.0,0.0
2.4,0.0,0.0,0.0,-0.0,0.0,0.0,0.0
2.433333333333333,0.0,0.0,0.0,-0.0,0.0,0.0,0.0
2.466666666666667,0.0,0.0,0.0,-0.0,0.0,0.0,0.0
2.5,0.0,0.0,0.0,-0.0,0.0,0.0,0.0
2.533333333333333,0.0,0.0,0.0,-0.0,0.0,0.0,0.0
2.5666666666666664,0.0,0.0,0.0,-0.0,0.0,0.0,0.0
2.6,0.0,0.0,0.0,-0.0,0.0,0.0,0.0
2.6333333333333333,0.0,0.0,0.0,-0.0,0.0,0.0,0.0
2.6666666666666665,0.0,0.0,0.0,-0.0,0.0,0.0,0.0
2.7,0.0,0.0,0.0,-0.0,0.0,0.0,0.0
2.7333333333333334,0.0,0.0,0.0,-0.0,0.0,0.0,0.0
2.7666666666666666,0.0,0.0,0.0,-0.0,0.0,0.0,0.0
2.8,0.0,0.0,0.0,-0.0,0.0,0.0,0.0
2.8333333333333335,0.0,0.0,0.0,-0.0,0.0,0.0,0.0
2.8666666666666667,0.0,0.0,0.0,-0.0,0.0,0.0,0.0
2.9,0.0,0.0,0.0,-0.0,0.0,0.0,0.0
2.933333333333333,0.0,0.0,0.0,-0.0,0.0,0.0,0.0
2.966666666666667,0.0,0.0,0.0,-0.0,0.0,0.0,0.0
3.0,0.0,0.0,0.0,-0.0,0.0,0.0,0.0
3.033333333333333,0.0,0.0,0.0,-0.0,0.0,0.0,0.0
3.0666666666666664,0.0,0.0,0.0,-0.0,0.0,0.0,0.0
3.1,0.0,0.0,0.0,-0.0,0.0,0.0,0.0
3.1333333333333333,0.0,0.0,0.0,-0.0,0.0,0.0,0.0
3.1666666666666665,0.0,0.0,0.0,-0.0,0.0,0.0,0.0
3.2,0.0,0.0,0.0,-0.0,0.0,0.0,0.0
3.2333333333333334,0.0,0.0,0.0,-0.0,0.0,0.0,0.0
3.2666666666666666,0.0,0.0,0.0,-0.0,0.0,0.0,0.0
3.3,0.0,0.0,0.0,-0.0,0.0,0.0,0.0
3.3333333333333335,0.0,0.0,0.0,-0.0,0.0,0.0,0.0
3.3666666666666667,0.0,0.0,0.0,-0.0,0.0,0.0,0.0
3.4,0.0,0.0,0.0,-0.0,0.0,0.0,0.0
3.433333333333333,0.0,0.0,0.0,-0.0,0.0,0.0,0.0
3.466666666666667,0.0,0.0,0.0,-0.0,0.0,0.0,0.0
3.5,0.0,0.0,0.0,-0.0,0.0,0.0,0.0
3.533333333333333,0.0,0.0,0.0,-0.0,0.0,0.0,0.0
3.5666666666666664,0.0,0.0,0.0,-0.0,0.0,0.0,0.0
3.6,0.0,0.0,0.0,-0.0,0.0,0.0,0.0
3.6333333333333333,0.0,0.0,0.0,-0.0,0.0,0.0,0.0
3.6666666666666665,0.0,0.0,0.0,-0.0,0.0,0.0,0.0
3.6999999999999997,0.0,0.0,0.0,-0.0,0.0,0.0,0.0
3.7333333333333334,0.0,0.0,0.0,-0.0,0.0,0.0,0.0
3.7666666666666666,0.0,0.0,0.0,-0.0,0.0,0.0,0.0
3.8,0.0,0.0,0.0,-0.0,0.0,0.0,0.0
3.8333333333333335,0.0,0.0,0.0,-0.0,0.0,0.0,0.0
3.8666666666666667,0.0,0.0,0.0,-0.0,0.0,0.0,0.0
3.9,0.0,0.0,0.0,-0.0,0.0,0.0,0.0
3.933333333333333,0.0,0.0,0.0,-0.0,0.0,0.0,0.0
3.966666666666667,0.0,0.0,0.0,-0.0,0.0,0.0,0.0
4.0,0.0,0.0,0.0,-0.0,0.0,0.0,0.0
4.033333333333333,0.0,0.0,0.0,-0.0,0.0,0.0,0.0
4.066666666666666,0.0,0.0,0.0,-0.0,0.0,0.0,0.0
4.1,0.0,0.0,0.0,-0.0,0.0,0.0,0.0
4.133333333333333,0.0,0.0,0.0,-0.0,0.0,0.0,0.0
4.166666666666667,0.0,0.0,0.0,-0.0,0.0,0.0,0.0
4.2,0.0,0.0,0.0,-0.0,0.0,0.0,0.0
4.233333333333333,0.0,0.0,0.0,-0.0,0.0,0.0,0.0
4.266666666666667,0.0,0.0,0.0,-0.0,0.0,0.0,0.0
4.3,0.0,0.0,0.0,-0.0,0.0,0.0,0.0
4.333333333333333,0.0,0.0,0.0,-0.0,0.0,0.0,0.0
4.366666666666666,0.0,0.0,0.0,-0.0,0.0,0.0,0.0
4.4,0.0,0.0,0.0,-0.0,0.0,0.0,0.0
4.433333333333334,0.0,0.0,0.0,-0.0,0.0,0.0,0.0
4.466666666666667,0.0,0.0,0.0,-0.0,0.0,0.0,0.0
4.5,0.0,0.0,0.0,-0.0,0.0,0.0,0.0
4.533333333333333,0.0,0.0,0.0,-0.0,0.0,0.0,0.0
4.566666666666666,0.0,0.0,0.0,-0.0,0.0,0.0,0.0
4.6,0.0,0.0,0.0,-0.0,0.0,0.0,0.0
4.633333333333333,0.0,0.0,0.0,-0.0,0.0,0.0,0.0
4.666666666666667,0.0,0.0,0.0,-0.0,0.0,0.0,0.0
4.7,0.0,0.0,0.0,-0.0,0.0,0.0,0.0
4.733333333333333,0.0,0.0,0.0,-0.0,0.0,0.0,0.0
4.766666666666667,0.0,0.0,0.0,-0.0,0.0,0.0,0.0
4.8,0.0,0.0,0.0,-0.0,0.0,0.0,0.0
4.833333333333333,0.0,0.0,0.0,-0.0,0.0,0.0,0.0
4.866666666666666,0.0,0.0,0.0,-0.0,0.0,0.0,0.0
4.9,0.0,0.0,0.0,-0.0,0.0,0.0,0.0
4.933333333333334,0.0,0.0,0.0,-0.0,0.0,0.0,0.0
4.966666666666667,0.0,0.0,0.0,-0.0,0.0,0.0,0.0
5.0,0.0,0.0,0.0,-0.0,0.0,0.0,0.0
5.033333333333333,0.0,0.0,0.0,-0.0,0.0,0.0,0.0
5.066666666666666,0.0117,0.0117,2.884091967268864,-0.0,0.0,0.0,0.0
5.1,0.0175,0.0175,3.0247245512163885,-0.0,0.0043399737636749215,0.0,0.0
5.133333333333333,0.0233,0.0233,3.17107667709887,-0.0,0.008799863306836953,0.0,0.0
5.166666666666667,0.0292,0.0292,3.325994991654749,-0.0,0.013384835088608679,0.0,0.0
5.2,0.035,0.035,3.484401467870641,-0.0,0.018104151339160518,0.0,0.0
5.233333333333333,0.0408,0.0408,3.649043223004758,-0.0,0.02295915269288125,0.0,0.0
5.266666666666667,0.0467,0.0467,3.823100826115154,-0.0,0.027955194698997383,0.0,0.0
5.3,0.0525,0.0525,4.000852097118468,-0.0,0.03310220463226375,0.0,0.0
5.333333333333333,0.0583,0.0583,4.185368153031978,-0.0,0.03840118260383918,0.0,0.0
5.366666666666666,0.0642,0.0642,4.38018973949245,-0.0,0.04385761663510889,0.0,0.0
5.4,0.07,0.07,4.578893984232459,-0.0,0.04948207903960554,0.0,0.0
5.433333333333334,0.0758,0.0758,4.78490193372418,-0.0,0.055275121065751796,0.0,0.0
5.466666666666667,0.0817,0.0817,5.002141030630573,-0.0,0.061242292966102896,0.0,0.0
5.5,0.0875,0.0875,5.223430014026993,-0.0,0.06739477885543846,0.0,0.0
5.533333333333333,0.0933,0.0933,5.452566145963958,-0.0,0.07373255794396855,0.0,0.0
5.566666666666666,0.0992,0.0992,5.69389011065842,-0.0,0.08026115851091299,0.0,0.0
5.6,0.105,0.105,5.939403931880657,-0.0,0.08699232943889282,0.0,0.0
5.633333333333333,0.1108,0.1108,6.193307500155801,-0.0,0.09392534029838043,0.0,0.0
5.666666666666667,0.1167,0.1167,6.460381048864215,-0.0,0.10106559948617501,0.0,0.0
5.7,0.1225,0.1225,6.731751512087449,-0.0,0.10842535987230655,0.0,0.0
5.733333333333333,0.1283,0.1283,7.012047698654851,-0.0,0.11600303050967771,0.0,0.0
5.766666666666667,0.1342,0.1342,7.306515185438527,-0.0,0.12380378930896149,0.0,0.0
5.8,0.14,0.14,7.6053480245537175,-0.0,0.13184031941773544,0.0,0.0
5.833333333333333,0.1458,0.1458,7.913629842988135,-0.0,0.1401100072472217,0.0,0.0
5.866666666666666,0.1517,0.1517,8.237096554507326,-0.0,0.14861767882402688,0.0,0.0
5.9,0.1575,0.1575,8.564952786717406,-0.0,0.15737636265923788,0.0,0.0
5.933333333333334,0.1633,0.1633,8.902762214369355,-0.0,0.16638225217711877,0.0,0.0
5.966666666666667,0.1692,0.1692,9.256774986217598,-0.0,0.1756396922267253,0.0,0.0
6.0,0.175,0.175,9.615151706793663,-0.0,0.18516196329849458,0.0,0.0
6.033333333333333,0.1808,0.1808,9.983960368551983,-0.0,0.19494389135068646,0.0,0.0
6.066666666666666,0.1867,0.1867,10.369987861822509,-0.0,0.20498920681595365,0.0,0.0
6.1,0.1925,0.1925,10.760298821878092,-0.0,0.21531134409178,0.0,0.0
6.133333333333333,0.1983,0.1983,11.161488575247887,-0.0,0.22590358820237622,0.0,0.0
6.166666666666667,0.2042,0.2042,11.580901576042763,-0.0,0.23676892295495428,0.0,0.0
6.2,0.21,0.21,12.004457905644264,-0.0,0.24792083867544096,0.0,0.0
6.233333333333333,0.2158,0.2158,12.43930169404026,-0.0,0.25935091309790625,0.0,0.0
6.266666666666667,0.2217,0.2217,12.893353812668142,-0.0,0.27106125809560006,0.0,0.0
6.3,0.2275,0.2275,13.351345261917483,-0.0,0.28306532766236414,0.0,0.0
6.333333333333333,0.2333,0.2333,13.820988609874297,-0.0,0.29535283983814464,0.0,0.0
6.366666666666666,0.2392,0.2392,14.310797759739637,-0.0,0.30792492267093896,0.0,0.0
6.4,0.245,0.245,14.80427483003241,-0.0,0.32079491346628103,0.0,0.0
6.433333333333334,0.2508,0.2508,15.309718349977196,-0.0,0.33395053935513114,0.0,0.0
6.466666666666667,0.2567,0.2567,15.836249378318678,-0.0,0.3473918528741195,0.0,0.0
6.5,0.2625,0.2625,16.366106704627136,-0.0,0.3611320125321495,0.0,0.0
6.533333333333333,0.2683,0.2683,16.90818996992695,-0.0,0.3751566516974084,0.0,0.0
6.566666666666666,0.2742,0.2742,17.472238793749536,-0.0,0.38946468248512656,0.0,0.0
6.6,0.28,0.28,18.03920011678774,-0.0,0.4040690467378632,0.0,0.0
6.633333333333333,0.2858,0.2858,18.618587230404543,-0.0,0.4189532161192905,0.0,0.0
6.666666666666667,0.2917,0.2917,19.220766801752468,-0.0,0.43411492997390766,0.0,0.0
6.7,0.2975,0.2975,19.825371836967793,-0.0,0.4495669049080309,0.0,0.0
6.733333333333333,0.3033,0.3033,20.442538990079658,-0.0,0.46529042317826214,0.0,0.0
6.766666666666667,0.3092,0.3092,21.0832673762221,-0.0,0.4812820559716551,0.0,0.0
6.8,0.315,0.315,21.72586084583746,-0.0,0.49755431893689694,0.0,0.0
6.833333333333333,0.3208,0.3208,22.381086117452355,-0.0,0.5140863209800657,0.0,0.0
6.866666666666666,0.3267,0.3267,23.060576934969394,-0.0,0.5308735091735423,0.0,0.0
6.8999999999999995,0.3325,0.3325,23.741299981226316,-0.0,0.5479282568574194,0.0,0.0
6.933333333333334,0.3383,0.3383,24.4346555796717,-0.0,0.5652275606300967,0.0,0.0
6.966666666666667,0.3442,0.3442,25.15291096849869,-0.0,0.5827658270250333,0.0,0.0
7.0,0.35,0.35,25.871695112538845,-0.0,0.6005553792226209,0.0,0.0
7.033333333333333,0.35,0.35,25.871695112538845,-0.0,0.6185712061684627,0.0,0.0
7.066666666666666,0.35,0.35,25.871695112538845,-0.0,0.6357217698145753,0.0,0.0
7.1,0.35,0.35,25.871695112538845,-0.0,0.6520359209465308,0.0,0.0
7.133333333333333,0.35,0.35,25.871695112538845,-0.0,0.6675429619723943,0.0,0.0
7.166666666666667,0.35,0.35,25.871695112538845,-0.0,0.6822724505442502,0.0,0.0
7.2,0.35,0.35,25.871695112538845,-0.0,0.696254022477555,0.0,0.0
7.233333333333333,0.35,0.35,25.871695112538845,-0.0,0.7095172334420773,0.0,0.0
7.266666666666667,0.35,0.35,25.871695112538845,-0.0,0.7220914187117046,0.0,0.0
7.3,0.35,0.35,25.871695112538845,-0.0,0.7340055701159424,0.0,0.0
7.333333333333333,0.35,0.35,25.871695112538845,-0.0,0.7452882292292776,0.0,0.0
7.366666666666666,0.35,0.35,25.871695112538845,-0.0,0.7559673957612838,0.0,0.0
7.3999999999999995,0.35,0.35,25.871695112538845,-0.0,0.7660704500660246,0.0,0.0
7.433333333333334,0.35,0.35,25.871695112538845,-0.0,0.7756240886696874,0.0,0.0
7.466666666666667,0.35,0.35,25.871695112538845,-0.0,0.7846542717164144,0.0,0.0
7.5,0.35,0.35,25.871695112538845,-0.0,0.7931861812502661,0.0,0.0
7.533333333333333,0.35,0.35,25.871695112538845,-0.0,0.8012441892827418,0.0,0.0
7.566666666666666,0.35,0.35,25.871695112538845,-0.0,0.8088518346372748,0.0,0.0
7.6,0.35,0.35,25.871695112538845,-0.0,0.8160318076119225,0.0,0.0
7.633333333333333,0.35,0.35,25.871695112538845,-0.0,0.8228059415567907,0.0,0.0
7.666666666666667,0.35,0.35,25.871695112538845,-0.0,0.8291952105215821,0.0,0.0
7.7,0.35,0.35,25.871695112538845,-0.0,0.8352197321893825,0.0,0.0
7.733333333333333,0.35,0.35,25.871695112538845,-0.0,0.8408987753740387,0.0,0.0
7.766666666666667,0.35,0.35,25.871695112538845,-0.0,0.8462507714191252,0.0,0.0
7.8,0.35,0.35,25.871695112538845,-0.0,0.8512933288956716,0.0,0.0
7.833333333333333,0.35,0.35,25.871695112538845,-0.0,0.8560432510528597,0.0,0.0
7.866666666666666,0.35,0.35,25.871695112538845,-0.0,0.8605165555302972,0.0,0.0
7.8999999999999995,0.35,0.35,25.871695112538845,-0.0,0.8647284958918845,0.0,0.0
7.933333333333334,0.35,0.35,25.871695112538845,-0.0,0.8686935845894918,0.0,0.0
7.966666666666667,0.35,0.35,25.871695112538845,-0.0,0.8724256170095174,0.0,0.0
8.0,0.35,0.35,25.871695112538845,-0.0,0.8759376962968858,0.0,0.0
8.033333333333333,0.35,0.35,25.871695112538845,-0.0,0.8792422586891692,0.0,0.0
8.066666666666666,0.35,0.35,25.871695112538845,-0.0,0.8823510991283686,0.0,0.0
8.1,0.35,0.35,25.871695112538845,-0.0,0.8852753969495866,0.0,0.0
8.133333333333333,0.35,0.35,25.871695112538845,-0.0,0.8880257414744992,0.0,0.0
8.166666666666666,0.35,0.35,25.871695112538845,-0.0,0.8906121573633657,0.0,0.0
8.2,0.35,0.35,25.871695112538845,-0.0,0.8930441296024659,0.0,0.0
8.233333333333333,0.35,0.35,25.871695112538845,-0.0,0.8953306280245249,0.0,0.0
8.266666666666666,0.35,0.35,25.871695112538845,-0.0,0.8974801312780433,0.0,0.0
8.3,0.35,0.35,25.871695112538845,-0.0,0.8995006501776952,0.0,0.0
8.333333333333334,0.35,0.35,25.871695112538845,-0.0,0.9013997503822582,0.0,0.0
8.366666666666667,0.35,0.35,25.871695112538845,-0.0,0.9031845743590723,0.0,0.0
8.4,0.35,0.35,25.871695112538845,-0.0,0.9048618626049598,0.0,0.0
8.433333333333334,0.35,0.35,25.871695112538845,-0.0,0.9064379741030172,0.0,0.0
8.466666666666667,0.35,0.35,25.871695112538845,-0.0,0.9079189060028763,0.0,0.0
8.5,0.35,0.35,25.871695112538845,-0.0,0.9093103125190436,0.0,0.0
8.533333333333333,0.35,0.35,25.871695112538845,-0.0,0.9106175230479011,0.0,0.0
8.566666666666666,0.35,0.35,25.871695112538845,-0.0,0.9118455595089984,0.0,0.0
8.6,0.35,0.35,25.871695112538845,-0.0,0.9129991529204895,0.0,0.0
8.633333333333333,0.35,0.35,25.871695112538845,-0.0,0.9140827592220707,0.0,0.0
8.666666666666666,0.35,0.35,25.871695112538845,-0.0,0.9151005743616347,0.0,0.0
8.7,0.35,0.35,25.871695112538845,-0.0,0.9160565486641602,0.0,0.0
8.733333333333333,0.35,0.35,25.871695112538845,-0.0,0.916954400503171,0.0,0.0
8.766666666666666,0.35,0.35,25.871695112538845,-0.0,0.9177976292964866,0.0,0.0
8.8,0.35,0.35,25.871695112538845,-0.0,0.918589527849009,0.0,0.0
8.833333333333334,0.35,0.35,25.871695112538845,-0.0,0.9193331940659976,0.0,0.0
8.866666666666667,0.35,0.35,25.871695112538845,-0.0,0.9200315420607125,0.0,0.0
8.9,0.35,0.35,25.871695112538845,-0.0,0.9206873126805173,0.0,0.0
8.933333333333334,0.35,0.35,25.871695112538845,-0.0,0.9213030834755295,0.0,0.0
8.966666666666667,0.35,0.35,25.871695112538845,-0.0,0.9218812781337564,0.0,0.0
9.0,0.35,0.35,25.871695112538845,-0.0,0.9224241754063561,0.0,0.0
9.033333333333333,0.35,0.35,25.871695112538845,-0.0,0.9229339175462538,0.0,0.0
9.066666666666666,0.35,0.35,25.871695112538845,-0.0,0.9234125182828471,0.0,0.0
9.1,0.35,0.35,25.871695112538845,-0.0,0.9238618703549585,0.0,0.0
9.133333333333333,0.35,0.35,25.871695112538845,-0.0,0.924283752623561,0.0,0.0
9.166666666666666,0.35,0.35,25.871695112538845,-0.0,0.9246798367851313,0.0,0.0
9.2,0.35,0.35,25.871695112538845,-0.0,0.9250516937057736,0.0,0.0
9.233333333333333,0.35,0.35,25.871695112538845,-0.0,0.9254007993955305,0.0,0.0
9.266666666666666,0.35,0.35,25.871695112538845,-0.0,0.9257285406415559,0.0,0.0
9.3,0.35,0.35,25.871695112538845,-0.0,0.9260362203180713,0.0,0.0
9.333333333333334,0.35,0.35,25.871695112538845,-0.0,0.9263250623902869,0.0,0.0
9.366666666666667,0.35,0.35,25.871695112538845,-0.0,0.9265962166287163,0.0,0.0
9.4,0.35,0.35,25.871695112538845,-0.0,0.9268507630495885,0.0,0.0
9.433333333333334,0.35,0.35,25.871695112538845,-0.0,0.9270897160963357,0.0,0.0
9.466666666666667,0.35,0.35,25.871695112538845,-0.0,0.9273140285764339,0.0,0.0
9.5,0.35,0.35,25.871695112538845,-0.0,0.9275245953671833,0.0,0.0
9.533333333333333,0.35,0.35,25.871695112538845,-0.0,0.9277222569033564,0.0,0.0
9.566666666666666,0.35,0.35,25.871695112538845,-0.0,0.9279078024589882,0.0,0.0
9.6,0.35,0.35,25.871695112538845,-0.0,0.9280819732349672,0.0,0.0
9.633333333333333,0.35,0.35,25.871695112538845,-0.0,0.9282454652634834,0.0,0.0
9.666666666666666,0.35,0.35,25.871695112538845,-0.0,0.9283989321398116,0.0,0.0
9.7,0.35,0.35,25.871695112538845,-0.0,0.9285429875913593,0.0,0.0
9.733333333333333,0.35,0.35,25.871695112538845,-0.0,0.9286782078933743,0.0,0.0
9.766666666666666,0.35,0.35,25.871695112538845,-0.0,0.9288051341402032,0.0,0.0
9.8,0.35,0.35,25.871695112538845,-0.0,0.928924274380508,0.0,0.0
9.833333333333334,0.35,0.35,25.871695112538845,-0.0,0.9290361056243857,0.0,0.0
9.866666666666667,0.35,0.35,25.871695112538845,-0.0,0.929141075729897,0.0,0.0
9.9,0.35,0.35,25.871695112538845,-0.0,0.9292396051760919,0.0,0.0
9.933333333333334,0.35,0.35,25.871695112538845,-0.0,0.9293320887292221,0.0,0.0
9.966666666666667,0.35,0.35,25.871695112538845,-0.0,0.9294188970084526,0.0,0.0
10.0,0.35,0.35,25.871695112538845,-0.0,0.9295003779570277,0.0,0.0
10.033333333333333,0.35,0.35,25.871695112538845,-0.0,0.9295768582245043,0.0,0.0
10.066666666666666,0.35,0.35,25.871695112538845,-0.0,0.9296486444653463,0.0,0.0
10.1,0.35,0.35,25.871695112538845,-0.0,0.9297160245588661,0.0,0.0
10.133333333333333,0.35,0.35,25.871695112538845,-0.0,0.9297792687552138,0.0,0.0
10.166666666666666,0.35,0.35,25.871695112538845,-0.0,0.9298386307518385,0.0,0.0
10.2,0.35,0.35,25.871695112538845,-0.0,0.9298943487045911,0.0,0.0
10.233333333333333,0.35,0.35,25.871695112538845,-0.0,0.9299466461773913,0.0,0.0
10.266666666666666,0.35,0.35,25.871695112538845,-0.0,0.9299957330341536,0.0,0.0
10.3,0.35,0.35,25.871695112538845,-0.0,0.9300418062764483,0.0,0.0
10.333333333333334,0.35,0.35,25.871695112538845,-0.0,0.9300850508301686,0.0,0.0
10.366666666666667,0.35,0.35,25.871695112538845,-0.0,0.9301256402842819,0.0,0.0
10.4,0.35,0.35,25.871695112538845,-0.0,0.9301637375845605,0.0,0.0
10.433333333333334,0.35,0.35,25.871695112538845,-0.0,0.9301994956850131,0.0,0.0
10.466666666666667,0.35,0.35,25.871695112538845,-0.0,0.9302330581595805,0.0,0.0
10.5,0.35,0.35,25.871695112538845,-0.0,0.9302645597765005,0.0,0.0
10.533333333333333,0.35,0.35,25.871695112538845,-0.0,0.930294127037609,0.0,0.0
10.566666666666666,0.35,0.35,25.871695112538845,-0.0,0.9303218786847027,0.0,0.0
10.6,0.35,0.35,25.871695112538845,-0.0,0.9303479261749656,0.0,0.0
10.633333333333333,0.35,0.35,25.871695112538845,-0.0,0.9303723741273403,0.0,0.0
10.666666666666666,0.35,0.35,25.871695112538845,-0.0,0.930395320741609,0.0,0.0
10.7,0.35,0.35,25.871695112538845,-0.0,0.9304168581918479,0.0,0.0
10.733333333333333,0.35,0.35,25.871695112538845,-0.0,0.9304370729958135,0.0,0.0
10.766666666666666,0.35,0.35,25.871695112538845,-0.0,0.9304560463617275,0.0,0.0
10.8,0.35,0.35,25.871695112538845,-0.0,0.9304738545138399,0.0,0.0
10.833333333333334,0.35,0.35,25.871695112538845,-0.0,0.9304905689980612,0.0,0.0
10.866666666666667,0.35,0.35,25.871695112538845,-0.0,0.930506256968883,0.0,0.0
10.9,0.35,0.35,25.871695112538845,-0.0,0.9305209814587275,0.0,0.0
10.933333333333334,0.35,0.35,25.871695112538845,-0.0,0.9305348016307988,0.0,0.0
10.966666666666667,0.35,0.35,25.871695112538845,-0.0,0.9305477730164448,0.0,0.0
11.0,0.35,0.35,25.871695112538845,-0.0,0.9305599477379746,0.0,0.0
11.033333333333333,0.35,0.35,25.871695112538845,-0.0,0.9305713747178228,0.0,0.0
11.066666666666666,0.35,0.35,25.871695112538845,-0.0,0.930582099874893,0.0,0.0
11.1,0.35,0.35,25.871695112538845,-0.0,0.9305921663088664,0.0,0.0
11.133333333333333,0.35,0.35,25.871695112538845,-0.0,0.9306016144732107,0.0,0.0
11.166666666666666,0.35,0.35,25.871695112538845,-0.0,0.9306104823375816,0.0,0.0
11.2,0.35,0.35,25.871695112538845,-0.0,0.930618805540266,0.0,0.0
11.233333333333333,0.35,0.35,25.871695112538845,-0.0,0.9306266175312758,0.0,0.0
11.266666666666666,0.35,0.35,25.871695112538845,-0.0,0.9306339497066657,0.0,0.0
11.3,0.35,0.35,25.871695112538845,-0.0,0.930640831534612,0.0,0.0
11.333333333333334,0.35,0.35,25.871695112538845,-0.0,0.9306472906737574,0.0,0.0
11.366666666666667,0.35,0.35,25.871695112538845,-0.0,0.9306533530842954,0.0,0.0
11.4,0.35,0.35,25.871695112538845,-0.0,0.9306590431322392,0.0,0.0
11.433333333333334,0.35,0.35,25.871695112538845,-0.0,0.930664383687293,0.0,0.0
11.466666666666667,0.35,0.35,25.871695112538845,-0.0,0.9306693962147174,0.0,0.0
11.5,0.35,0.35,25.871695112538845,-0.0,0.9306741008615583,0.0,0.0
11.533333333333333,0.35,0.35,25.871695112538845,-0.0,0.9306785165375825,0.0,0.0
11.566666666666666,0.35,0.35,25.871695112538845,-0.0,0.9306826609912471,0.0,0.0
11.6,0.35,0.35,25.871695112538845,-0.0,0.930686550881006,0.0,0.0
11.633333333333333,0.35,0.35,25.871695112538845,-0.0,0.9306902018422397,0.0,0.0
11.666666666666666,0.35,0.35,25.871695112538845,-0.0,0.9306936285500761,0.0,0.0
11.7,0.35,0.35,25.871695112538845,-0.0,0.930696844778356,0.0,0.0
11.733333333333333,0.35,0.35,25.871695112538845,-0.0,0.9306998634549785,0.0,0.0
11.766666666666666,0.35,0.35,25.871695112538845,-0.0,0.9307026967138484,0.0,0.0
11.8,0.35,0.35,25.871695112538845,-0.0,0.9307053559436353,0.0,0.0
11.833333333333334,0.35,0.35,25.871695112538845,-0.0,0.9307078518335381,0.0,0.0
11.866666666666667,0.35,0.35,25.871695112538845,-0.0,0.9307101944162406,0.0,0.0
11.9,0.35,0.35,25.871695112538845,-0.0,0.9307123931082294,0.0,0.0
11.933333333333334,0.35,0.35,25.871695112538845,-0.0,0.9307144567476364,0.0,0.0
11.966666666666667,0.35,0.35,25.871695112538845,-0.0,0.9307163936297576,0.0,0.0
12.0,0.35,0.35,25.871695112538845,-0.0,0.9307182115403909,0.0,0.0
12.033333333333333,0.35,0.35,25.871695112538845,-0.0,0.9307199177871273,0.0,0.0
12.066666666666666,0.35,0.35,25.871695112538845,-0.0,0.9307215192287197,0.0,0.0
12.1,0.35,0.35,25.871695112538845,-0.0,0.9307230223026498,0.0,0.0
12.133333333333333,0.35,0.35,25.871695112538845,-0.0,0.9307244330510003,0.0,0.0
12.166666666666666,0.35,0.35,25.871695112538845,-0.0,0.9307257571447399,0.0,0.0
12.2,0.35,0.35,25.871695112538845,-0.0,0.9307269999065162,0.0,0.0
12.233333333333333,0.35,0.35,25.871695112538845,-0.0,0.9307281663320487,0.0,0.0
12.266666666666666,0.35,0.35,25.871695112538845,-0.0,0.9307292611102087,0.0,0.0
12.3,0.35,0.35,25.871695112538845,-0.0,0.9307302886418657,0.0,0.0
12.333333333333334,0.35,0.35,25.871695112538845,-0.0,0.9307312530575759,0.0,0.0
12.366666666666667,0.35,0.35,25.871695112538845,-0.0,0.9307321582341854,0.0,0.0
12.4,0.35,0.35,25.871695112538845,-0.0,0.9307330078104128,0.0,0.0
12.433333333333334,0.35,0.35,25.871695112538845,-0.0,0.9307338052014752,0.0,0.0
12.466666666666667,0.35,0.35,25.871695112538845,-0.0,0.9307345536128159,0.0,0.0
12.5,0.35,0.35,25.871695112538845,-0.0,0.9307352560529889,0.0,0.0
12.533333333333333,0.35,0.35,25.871695112538845,-0.0,0.9307359153457523,0.0,0.0
12.566666666666666,0.35,0.35,25.871695112538845,-0.0,0.9307365341414184,0.0,0.0
12.6,0.35,0.35,25.871695112538845,-0.0,0.9307371149275078,0.0,0.0
12.633333333333333,0.35,0.35,25.871695112538845,-0.0,0.9307376600387472,0.0,0.0
12.666666666666666,0.35,0.35,25.871695112538845,-0.0,0.9307381716664559,0.0,0.0
12.7,0.35,0.35,25.871695112538845,-0.0,0.9307386518673529,0.0,0.0
12.733333333333333,0.35,0.35,25.871695112538845,-0.0,0.9307391025718253,0.0,0.0
12.766666666666666,0.35,0.35,25.871695112538845,-0.0,0.9307395255916875,0.0,0.0
12.8,0.35,0.35,25.871695112538845,-0.0,0.9307399226274643,0.0,0.0
12.833333333333334,0.35,0.35,25.871695112538845,-0.0,0.9307402952752272,0.0,0.0
12.866666666666667,0.35,0.35,25.871695112538845,-0.0,0.9307406450330095,0.0,0.0
12.9,0.35,0.35,25.871695112538845,-0.0,0.9307409733068287,0.0,0.0
12.933333333333334,0.35,0.35,25.871695112538845,-0.0,0.9307412814163383,0.0,0.0
12.966666666666667,0.35,0.35,25.871695112538845,-0.0,0.9307415706001324,0.0,0.0
13.0,0.35,0.35,25.871695112538845,-0.0,0.9307418420207251,0.0,0.0
13.033333333333333,0.35,0.35,25.871695112538845,-0.0,0.9307420967692231,0.0,0.0
13.066666666666666,0.35,0.35,25.871695112538845,-0.0,0.9307423358697124,0.0,0.0
13.1,0.35,0.35,25.871695112538845,-0.0,0.9307425602833745,0.0,0.0
13.133333333333333,0.35,0.35,25.871695112538845,-0.0,0.9307427709123506,0.0,0.0
13.166666666666666,0.35,0.35,25.871695112538845,-0.0,0.9307429686033677,0.0,0.0
13.2,0.35,0.35,25.871695112538845,-0.0,0.9307431541511428,0.0,0.0
13.233333333333333,0.35,0.35,25.871695112538845,-0.0,0.9307433283015777,0.0,0.0
13.266666666666666,0.35,0.35,25.871695112538845,-0.0,0.9307434917547567,0.0,0.0
13.299999999999999,0.35,0.35,25.871695112538845,-0.0,0.9307436451677616,0.0,0.0
13.333333333333334,0.35,0.35,25.871695112538845,-0.0,0.9307437891573132,0.0,0.0
13.366666666666667,0.35,0.35,25.871695112538845,-0.0,0.9307439243022495,0.0,0.0
13.4,0.35,0.35,25.871695112538845,-0.0,0.930744051145854,0.0,0.0
13.433333333333334,0.35,0.35,25.871695112538845,-0.0,0.9307441701980386,0.0,0.0
13.466666666666667,0.35,0.35,25.871695112538845,-0.0,0.9307442819373937,0.0,0.0
13.5,0.35,0.35,25.871695112538845,-0.0,0.9307443868131124,0.0,0.0
13.533333333333333,0.35,0.35,25.871695112538845,-0.0,0.9307444852467961,0.0,0.0
13.566666666666666,0.35,0.35,25.871695112538845,-0.0,0.9307445776341489,0.0,0.0
13.6,0.35,0.35,25.871695112538845,-0.0,0.9307446643465689,0.0,0.0
13.633333333333333,0.35,0.35,25.871695112538845,-0.0,0.9307447457326411,0.0,0.0
13.666666666666666,0.35,0.35,25.871695112538845,-0.0,0.9307448221195384,0.0,0.0
13.7,0.35,0.35,25.871695112538845,-0.0,0.9307448938143369,0.0,0.0
13.733333333333333,0.35,0.35,25.871695112538845,-0.0,0.9307449611052507,0.0,0.0
13.766666666666666,0.35,0.35,25.871695112538845,-0.0,0.9307450242627903,0.0,0.0
13.799999999999999,0.35,0.35,25.871695112538845,-0.0,0.9307450835408496,0.0,0.0
13.833333333333334,0.35,0.35,25.871695112538845,-0.0,0.9307451391777275,0.0,0.0
13.866666666666667,0.35,0.35,25.871695112538845,-0.0,0.930745191397085,0.0,0.0
13.9,0.35,0.35,25.871695112538845,-0.0,0.9307452404088447,0.0,0.0
13.933333333333334,0.35,0.35,25.871695112538845,-0.0,0.9307452864100346,0.0,0.0
13.966666666666667,0.35,0.35,25.871695112538845,-0.0,0.9307453295855803,0.0,0.0
14.0,0.35,0.35,25.871695112538845,-0.0,0.9307453701090482,0.0,0.0
14.033333333333333,0.35,0.35,25.871695112538845,-0.0,0.9307454081433434,0.0,0.0
14.066666666666666,0.35,0.35,25.871695112538845,-0.0,0.9307454438413644,0.0,0.0
14.1,0.35,0.35,25.871695112538845,-0.0,0.9307454773466178,0.0,0.0
14.133333333333333,0.35,0.35,25.871695112538845,-0.0,0.9307455087937954,0.0,0.0
14.166666666666666,0.35,0.35,25.871695112538845,-0.0,0.9307455383093153,0.0,0.0
14.2,0.35,0.35,25.871695112538845,-0.0,0.9307455660118306,0.0,0.0
14.233333333333333,0.35,0.35,25.871695112538845,-0.0,0.9307455920127058,0.0,0.0
14.266666666666666,0.35,0.35,25.871695112538845,-0.0,0.930745616416465,0.0,0.0
14.299999999999999,0.35,0.35,25.871695112538845,-0.0,0.9307456393212118,0.0,0.0
14.333333333333334,0.35,0.35,25.871695112538845,-0.0,0.9307456608190237,0.0,0.0
14.366666666666667,0.35,0.35,25.871695112538845,-0.0,0.9307456809963222,0.0,0.0
14.4,0.35,0.35,25.871695112538845,-0.0,0.9307456999342205,0.0,0.0
14.433333333333334,0.35,0.35,25.871695112538845,-0.0,0.9307457177088495,0.0,0.0
14.466666666666667,0.35,0.35,25.871695112538845,-0.0,0.9307457343916634,0.0,0.0
14.5,0.35,0.35,25.871695112538845,-0.0,0.9307457500497275,0.0,0.0
14.533333333333333,0.35,0.35,25.871695112538845,-0.0,0.9307457647459875,0.0,0.0
14.566666666666666,0.35,0.35,25.871695112538845,-0.0,0.9307457785395227,0.0,0.0
14.6,0.35,0.35,25.871695112538845,-0.0,0.9307457914857833,0.0,0.0
14.633333333333333,0.35,0.35,25.871695112538845,-0.0,0.9307458036368137,0.0,0.0
14.666666666666666,0.35,0.35,25.871695112538845,-0.0,0.9307458150414611,0.0,0.0
14.7,0.35,0.35,25.871695112538845,-0.0,0.9307458257455726,0.0,0.0
14.733333333333333,0.35,0.35,25.871695112538845,-0.0,0.930745835792179,0.0,0.0
14.766666666666666,0.35,0.35,25.871695112538845,-0.0,0.9307458452216676,0.0,0.0
14.799999999999999,0.35,0.35,25.871695112538845,-0.0,0.9307458540719453,0.0,0.0
14.833333333333334,0.35,0.35,25.871695112538845,-0.0,0.9307458623785905,0.0,0.0
14.866666666666667,0.35,0.35,25.871695112538845,-0.0,0.930745870174996,0.0,0.0
14.9,0.35,0.35,25.871695112538845,-0.0,0.9307458774925035,0.0,0.0
14.933333333333334,0.35,0.35,25.871695112538845,-0.0,0.9307458843605295,0.0,0.0
14.966666666666667,0.35,0.35,25.871695112538845,-0.0,0.9307458908066838,0.0,0.0
15.0,0.35,0.35,25.871695112538845,-0.0,0.9307458968568799,0.0,0.0
15.033333333333333,0.35,0.35,25.871695112538845,-0.0,0.9307459025354398,0.0,0.0
15.066666666666666,0.35,0.35,25.871695112538845,-0.0,0.9307459078651914,0.0,0.0
15.1,0.35,0.35,25.871695112538845,-0.0,0.9307459128675604,0.0,0.0
15.133333333333333,0.35,0.35,25.871695112538845,-0.0,0.9307459175626565,0.0,0.0
15.166666666666666,0.35,0.35,25.871695112538845,-0.0,0.9307459219693539,0.0,0.0
15.2,0.35,0.35,25.871695112538845,-0.0,0.9307459261053679,0.0,0.0
15.233333333333333,0.35,0.35,25.871695112538845,-0.0,0.9307459299873252,0.0,0.0
15.266666666666666,0.35,0.35,25.871695112538845,-0.0,0.9307459336308314,0.0,0.0
15.299999999999999,0.35,0.35,25.871695112538845,-0.0,0.9307459370505334,0.0,0.0
15.333333333333334,0.35,0.35,25.871695112538845,-0.0,0.9307459402601787,0.0,0.0
15.366666666666667,0.35,0.35,25.871695112538845,-0.0,0.9307459432726698,0.0,0.0
15.4,0.35,0.35,25.871695112538845,-0.0,0.9307459461001172,0.0,0.0
15.433333333333334,0.35,0.35,25.871695112538845,-0.0,0.9307459487538873,0.0,0.0
15.466666666666667,0.35,0.35,25.871695112538845,-0.0,0.9307459512446482,0.0,0.0
15.5,0.35,0.35,25.871695112538845,-0.0,0.930745953582413,0.0,0.0
15.533333333333333,0.35,0.35,25.871695112538845,-0.0,0.9307459557765794,0.0,0.0
15.566666666666666,0.35,0.35,25.871695112538845,-0.0,0.930745957835968,0.0,0.0
15.6,0.35,0.35,25.871695112538845,-0.0,0.9307459597688578,0.0,0.0
15.633333333333333,0.35,0.35,25.871695112538845,-0.0,0.9307459615830188,0.0,0.0
15.666666666666666,0.35,0.35,25.871695112538845,-0.0,0.9307459632857441,0.0,0.0
15.7,0.35,0.35,25.871695112538845,-0.0,0.9307459648838787,0.0,0.0
15.733333333333333,0.35,0.35,25.871695112538845,-0.0,0.9307459663838471,0.0,0.0
15.766666666666666,0.35,0.35,25.871695112538845,-0.0,0.9307459677916792,0.0,0.0
15.799999999999999,0.35,0.35,25.871695112538845,-0.0,0.9307459691130345,0.0,0.0
15.833333333333334,0.35,0.35,25.871695112538845,-0.0,0.9307459703532249,0.0,0.0
15.866666666666667,0.35,0.35,25.871695112538845,-0.0,0.930745971517236,0.0,0.0
15.9,0.35,0.35,25.871695112538845,-0.0,0.9307459726097472,0.0,0.0
15.933333333333334,0.35,0.35,25.871695112538845,-0.0,0.9307459736351503,0.0,0.0
15.966666666666667,0.35,0.35,25.871695112538845,-0.0,0.9307459745975676,0.0,0.0
16.0,0.35,0.35,25.871695112538845,-0.0,0.9307459755008679,0.0,0.0
16.03333333333333,0.35,0.35,25.871695112538845,-0.0,0.9307459763486825,0.0,0.0
16.066666666666666,0.35,0.35,25.871695112538845,-0.0,0.9307459771444198,0.0,0.0
16.1,0.35,0.35,25.871695112538845,-0.0,0.9307459778912784,0.0,0.0
16.133333333333333,0.35,0.35,25.871695112538845,-0.0,0.9307459785922609,0.0,0.0
16.166666666666668,0.35,0.35,25.871695112538845,-0.0,0.9307459792501852,0.0,0.0
16.2,0.35,0.35,25.871695112538845,-0.0,0.9307459798676962,0.0,0.0
16.233333333333334,0.35,0.35,25.871695112538845,-0.0,0.9307459804472763,0.0,0.0
16.266666666666666,0.35,0.35,25.871695112538845,-0.0,0.9307459809912554,0.0,0.0
16.3,0.35,0.35,25.871695112538845,-0.0,0.9307459815018203,0.0,0.0
16.333333333333332,0.35,0.35,25.871695112538845,-0.0,0.9307459819810235,0.0,0.0
16.366666666666667,0.35,0.35,25.871695112538845,-0.0,0.9307459824307914,0.0,0.0
16.4,0.35,0.35,25.871695112538845,-0.0,0.9307459828529321,0.0,0.0
16.433333333333334,0.35,0.35,25.871695112538845,-0.0,0.9307459832491426,0.0,0.0
16.466666666666665,0.35,0.35,25.871695112538845,-0.0,0.9307459836210157,0.0,0.0
16.5,0.35,0.35,25.871695112538845,-0.0,0.9307459839700463,0.0,0.0
16.53333333333333,0.35,0.35,25.871695112538845,-0.0,0.9307459842976374,0.0,0.0
16.566666666666666,0.35,0.35,25.871695112538845,-0.0,0.9307459846051063,0.0,0.0
16.6,0.35,0.35,25.871695112538845,-0.0,0.9307459848936886,0.0,0.0
16.633333333333333,0.35,0.35,25.871695112538845,-0.0,0.9307459851645447,0.0,0.0
16.666666666666668,0.35,0.35,25.871695112538845,-0.0,0.9307459854187632,0.0,0.0
16.7,0.35,0.35,25.871695112538845,-0.0,0.9307459856573663,0.0,0.0
16.733333333333334,0.35,0.35,25.871695112538845,-0.0,0.9307459858813131,0.0,0.0
16.766666666666666,0.35,0.35,25.871695112538845,-0.0,0.9307459860915038,0.0,0.0
16.8,0.35,0.35,25.871695112538845,-0.0,0.9307459862887835,0.0,0.0
16.833333333333332,0.35,0.35,25.871695112538845,-0.0,0.9307459864739451,0.0,0.0
16.866666666666667,0.35,0.35,25.871695112538845,-0.0,0.9307459866477331,0.0,0.0
16.9,0.35,0.35,25.871695112538845,-0.0,0.9307459868108461,0.0,0.0
16.933333333333334,0.35,0.35,25.871695112538845,-0.0,0.9307459869639398,0.0,0.0
16.966666666666665,0.35,0.35,25.871695112538845,-0.0,0.9307459871076297,0.0,0.0
17.0,0.35,0.35,25.871695112538845,-0.0,0.9307459872424934,0.0,0.0
17.03333333333333,0.35,0.35,25.871695112538845,-0.0,0.9307459873690729,0.0,0.0
17.066666666666666,0.35,0.35,25.871695112538845,-0.0,0.9307459874878773,0.0,0.0
17.1,0.35,0.35,25.871695112538845,-0.0,0.930745987599384,0.0,0.0
17.133333333333333,0.35,0.35,25.871695112538845,-0.0,0.9307459877040414,0.0,0.0
17.166666666666668,0.35,0.35,25.871695112538845,-0.0,0.9307459878022701,0.0,0.0
17.2,0.35,0.35,25.871695112538845,-0.0,0.9307459878944652,0.0,0.0
17.233333333333334,0.35,0.35,25.871695112538845,-0.0,0.9307459879809971,0.0,0.0
17.266666666666666,0.35,0.35,25.871695112538845,-0.0,0.9307459880622136,0.0,0.0
17.3,0.35,0.35,25.871695112538845,-0.0,0.9307459881384414,0.0,0.0
17.333333333333332,0.35,0.35,25.871695112538845,-0.0,0.930745988209987,0.0,0.0
17.366666666666667,0.35,0.35,25.871695112538845,-0.0,0.9307459882771378,0.0,0.0
17.4,0.35,0.35,25.871695112538845,-0.0,0.9307459883401639,0.0,0.0
17.433333333333334,0.35,0.35,25.871695112538845,-0.0,0.9307459883993184,0.0,0.0
17.466666666666665,0.35,0.35,25.871695112538845,-0.0,0.9307459884548395,0.0,0.0
17.5,0.35,0.35,25.871695112538845,-0.0,0.9307459885069501,0.0,0.0
17.53333333333333,0.35,0.35,25.871695112538845,-0.0,0.9307459885558598,0.0,0.0
17.566666666666666,0.35,0.35,25.871695112538845,-0.0,0.9307459886017652,0.0,0.0
17.6,0.35,0.35,25.871695112538845,-0.0,0.9307459886448508,0.0,0.0
17.633333333333333,0.35,0.35,25.871695112538845,-0.0,0.9307459886852899,0.0,0.0
17.666666666666668,0.35,0.35,25.871695112538845,-0.0,0.930745988723245,0.0,0.0
17.7,0.35,0.35,25.871695112538845,-0.0,0.9307459887588687,0.0,0.0
17.733333333333334,0.35,0.35,25.871695112538845,-0.0,0.9307459887923042,0.0,0.0
17.766666666666666,0.35,0.35,25.871695112538845,-0.0,0.9307459888236859,0.0,0.0
17.8,0.35,0.35,25.871695112538845,-0.0,0.9307459888531399,0.0,0.0
17.833333333333332,0.35,0.35,25.871695112538845,-0.0,0.9307459888807846,0.0,0.0
17.866666666666667,0.35,0.35,25.871695112538845,-0.0,0.9307459889067313,0.0,0.0
17.9,0.35,0.35,25.871695112538845,-0.0,0.9307459889310843,0.0,0.0
17.933333333333334,0.35,0.35,25.871695112538845,-0.0,0.9307459889539413,0.0,0.0
17.966666666666665,0.35,0.35,25.871695112538845,-0.0,0.9307459889753944,0.0,0.0
18.0,0.35,0.35,25.871695112538845,-0.0,0.9307459889955296,0.0,0.0
18.03333333333333,0.35,0.35,25.871695112538845,-0.0,0.9307459890144281,0.0,0.0
18.066666666666666,0.35,0.35,25.871695112538845,-0.0,0.9307459890321657,0.0,0.0
18.1,0.35,0.35,25.871695112538845,-0.0,0.9307459890488137,0.0,0.0
18.133333333333333,0.35,0.35,25.871695112538845,-0.0,0.9307459890644392,0.0,0.0
18.166666666666668,0.35,0.35,25.871695112538845,-0.0,0.9307459890791048,0.0,0.0
18.2,0.35,0.35,25.871695112538845,-0.0,0.9307459890928695,0.0,0.0
18.233333333333334,0.35,0.35,25.871695112538845,-0.0,0.9307459891057889,0.0,0.0
18.266666666666666,0.35,0.35,25.871695112538845,-0.0,0.9307459891179146,0.0,0.0
18.3,0.35,0.35,25.871695112538845,-0.0,0.9307459891292955,0.0,0.0
18.333333333333332,0.35,0.35,25.871695112538845,-0.0,0.9307459891399773,0.0,0.0
18.366666666666667,0.35,0.35,25.871695112538845,-0.0,0.930745989150003,0.0,0.0
18.4,0.35,0.35,25.871695112538845,-0.0,0.9307459891594128,0.0,0.0
18.433333333333334,0.35,0.35,25.871695112538845,-0.0,0.9307459891682446,0.0,0.0
18.466666666666665,0.35,0.35,25.871695112538845,-0.0,0.930745989176534,0.0,0.0
18.5,0.35,0.35,25.871695112538845,-0.0,0.9307459891843142,0.0,0.0
18.53333333333333,0.35,0.35,25.871695112538845,-0.0,0.9307459891916164,0.0,0.0
18.566666666666666,0.35,0.35,25.871695112538845,-0.0,0.9307459891984702,0.0,0.0
18.6,0.35,0.35,25.871695112538845,-0.0,0.9307459892049029,0.0,0.0
18.633333333333333,0.35,0.35,25.871695112538845,-0.0,0.9307459892109405,0.0,0.0
18.666666666666668,0.35,0.35,25.871695112538845,-0.0,0.9307459892166072,0.0,0.0
18.7,0.35,0.35,25.871695112538845,-0.0,0.9307459892219259,0.0,0.0
18.733333333333334,0.35,0.35,25.871695112538845,-0.0,0.9307459892269179,0.0,0.0
18.766666666666666,0.35,0.35,25.871695112538845,-0.0,0.9307459892316032,0.0,0.0
18.8,0.35,0.35,25.871695112538845,-0.0,0.9307459892360007,0.0,0.0
18.833333333333332,0.35,0.35,25.871695112538845,-0.0,0.9307459892401281,0.0,0.0
18.866666666666667,0.35,0.35,25.871695112538845,-0.0,0.930745989244002,0.0,0.0
18.9,0.35,0.35,25.871695112538845,-0.0,0.9307459892476379,0.0,0.0
18.933333333333334,0.35,0.35,25.871695112538845,-0.0,0.9307459892510505,0.0,0.0
18.966666666666665,0.35,0.35,25.871695112538845,-0.0,0.9307459892542534,0.0,0.0
19.0,0.35,0.35,25.871695112538845,-0.0,0.9307459892572597,0.0,0.0
19.03333333333333,0.35,0.35,25.871695112538845,-0.0,0.9307459892600812,0.0,0.0
19.066666666666666,0.35,0.35,25.871695112538845,-0.0,0.9307459892627294,0.0,0.0
19.1,0.35,0.35,25.871695112538845,-0.0,0.930745989265215,0.0,0.0
19.133333333333333,0.35,0.35,25.871695112538845,-0.0,0.9307459892675479,0.0,0.0
19.166666666666668,0.35,0.35,25.871695112538845,-0.0,0.9307459892697375,0.0,0.0
19.2,0.35,0.35,25.871695112538845,-0.0,0.9307459892717926,0.0,0.0
19.233333333333334,0.35,0.35,25.871695112538845,-0.0,0.9307459892737215,0.0,0.0
19.266666666666666,0.35,0.35,25.871695112538845,-0.0,0.9307459892755319,0.0,0.0
19.3,0.35,0.35,25.871695112538845,-0.0,0.9307459892772311,0.0,0.0
19.333333333333332,0.35,0.35,25.871695112538845,-0.0,0.9307459892788259,0.0,0.0
19.366666666666667,0.35,0.35,25.871695112538845,-0.0,0.9307459892803227,0.0,0.0
19.4,0.35,0.35,25.871695112538845,-0.0,0.9307459892817276,0.0,0.0
19.433333333333334,0.35,0.35,25.871695112538845,-0.0,0.9307459892830462,0.0,0.0
19.466666666666665,0.35,0.35,25.871695112538845,-0.0,0.9307459892842838,0.0,0.0
19.5,0.35,0.35,25.871695112538845,-0.0,0.9307459892854454,0.0,0.0
19.53333333333333,0.35,0.35,25.871695112538845,-0.0,0.9307459892865356,0.0,0.0
19.566666666666666,0.35,0.35,25.871695112538845,-0.0,0.9307459892875589,0.0,0.0
19.6,0.35,0.35,25.871695112538845,-0.0,0.9307459892885194,0.0,0.0
19.633333333333333,0.35,0.35,25.871695112538845,-0.0,0.9307459892894208,0.0,0.0
19.666666666666668,0.35,0.35,25.871695112538845,-0.0,0.9307459892902669,0.0,0.0
19.7,0.35,0.35,25.871695112538845,-0.0,0.9307459892910609,0.0,0.0
19.733333333333334,0.35,0.35,25.871695112538845,-0.0,0.9307459892918062,0.0,0.0
19.766666666666666,0.35,0.35,25.871695112538845,-0.0,0.9307459892925057,0.0,0.0
19.8,0.35,0.35,25.871695112538845,-0.0,0.9307459892931623,0.0,0.0
19.833333333333332,0.35,0.35,25.871695112538845,-0.0,0.9307459892937785,0.0,0.0
19.866666666666667,0.35,0.35,25.871695112538845,-0.0,0.9307459892943569,0.0,0.0
19.9,0.35,0.35,25.871695112538845,-0.0,0.9307459892948998,0.0,0.0
19.933333333333334,0.35,0.35,25.871695112538845,-0.0,0.9307459892954093,0.0,0.0
19.966666666666665,0.35,0.35,25.871695112538845,-0.0,0.9307459892958875,0.0,0.0
20.0,0.35,0.35,25.871695112538845,-0.0,0.9307459892963363,0.0,0.0
20.03333333333333,0.3558,0.3558,26.603042204538028,-0.0,0.9307459892967576,0.0,0.0
20.066666666666666,0.3617,0.3617,27.359848470629203,-0.0,0.9318237065986844,0.0,0.0
20.1,0.3675,0.3675,28.116412223988835,-0.0,0.9339503653456634,0.0,0.0
20.133333333333333,0.3733,0.3733,28.885398438766188,-0.0,0.9370608673185906,0.0,0.0
20.166666666666668,0.3792,0.3792,29.68032443415821,-0.0,0.9411124442780068,0.0,0.0
20.2,0.385,0.385,30.474172610615813,-0.0,0.9460844365840322,0.0,0.0
20.233333333333334,0.3908,0.3908,31.2802322470854,-0.0,0.9519171187239628,0.0,0.0
20.266666666666666,0.3967,0.3967,32.112630495798825,-0.0,0.9585734339149443,0.0,0.0
20.3,0.4025,0.4025,32.94305621227228,-0.0,0.966038760520869,0.0,0.0
20.333333333333332,0.4083,0.4083,33.78541311880724,-0.0,0.9742569576289828,0.0,0.0
20.366666666666667,0.4142,0.4142,34.65442363815923,-0.0,0.9831951067765091,0.0,0.0
20.4,0.42,0.42,35.5205129363741,-0.0,0.9928432259152347,0.0,0.0
20.433333333333334,0.4258,0.4258,36.39818597674721,-0.0,1.0031475844533702,0.0,0.0
20.466666666666665,0.4317,0.4317,37.30274268806446,-0.0,1.014078369823156,0.0,0.0
20.5,0.4375,0.4375,38.20338165550658,-0.0,1.0256293173951696,0.0,0.0
20.53333333333333,0.4433,0.4433,39.115192622973844,-0.0,1.0377483668942984,0.0,0.0
20.566666666666666,0.4492,0.4492,40.05403219496722,-0.0,1.050408161051206,0.0,0.0
20.6,0.455,0.455,40.987916415665694,-0.0,1.0636055656062078,0.0,0.0
20.633333333333333,0.4608,0.4608,41.93250021120804,-0.0,1.0772897581693632,0.0,0.0
20.666666666666668,0.4667,0.4667,42.9041731347155,-0.0,1.0914354542078804,0.0,0.0
20.7,0.4725,0.4725,43.86981925886209,-0.0,1.1060422954479365,0.0,0.0
20.733333333333334,0.4783,0.4783,44.8456361104044,-0.0,1.121060479025302,0.0,0.0
20.766666666666666,0.4842,0.4842,45.8485197658234,-0.0,1.1364665936681642,0.0,0.0
20.8,0.49,0.49,46.84427895300867,-0.0,1.1522628581736751,0.0,0.0
20.833333333333332,0.4958,0.4958,47.84962842077027,-0.0,1.1684004135857438,0.0,0.0
20.866666666666667,0.5017,0.5017,48.88194186997351,-0.0,1.1848576403428597,0.0,0.0
20.9,0.5075,0.5075,49.90601483446412,-0.0,1.201639231502919,0.0,0.0
20.933333333333334,0.5133,0.5133,50.9390513239191,-0.0,1.218697283930336,0.0,0.0
20.966666666666665,0.5192,0.5192,51.99887153712512,-0.0,1.236011955837205,0.0,0.0
21.0,0.525,0.525,53.049324905370675,-0.0,1.2535903622722127,0.0,0.0
21.03333333333333,0.5308,0.5308,54.10807439375036,-0.0,1.2713856129918657,0.0,0.0
21.066666666666666,0.5367,0.5367,55.19335360875455,-0.0,1.2893796595055216,0.0,0.0
21.1,0.5425,0.5425,56.26813728913581,-0.0,1.3075820031160121,0.0,0.0
21.133333333333333,0.5483,0.5483,57.350514963845605,-0.0,1.325946837298086,0.0,0.0
21.166666666666668,0.5542,0.5542,58.459098869957955,-0.0,1.344457924222991,0.0,0.0
21.2,0.56,0.56,59.55606413235652,-0.0,1.3631271083435899,0.0,0.0
21.233333333333334,0.5658,0.5658,60.65989263969725,-0.0,1.3819097296771927,0.0,0.0
21.266666666666666,0.5717,0.5717,61.78953908120296,-0.0,1.4007913619171486,0.0,0.0
21.3,0.5775,0.5775,62.906457048724185,-0.0,1.4197861271556285,0.0,0.0
21.333333333333332,0.5833,0.5833,64.02948505829072,-0.0,1.438850553431239,0.0,0.0
21.366666666666667,0.5892,0.5892,65.17788296154431,-0.0,1.457971999970342,0.0,0.0
21.4,0.595,0.595,66.31246322793272,-0.0,1.4771667710842156,0.0,0.0
21.433333333333334,0.6008,0.6008,67.45238403122018,-0.0,1.4963925966725593,0.0,0.0
21.466666666666665,0.6067,0.6067,68.6171722747694,-0.0,1.515638564886514,0.0,0.0
21.5,0.6125,0.6125,69.76708137783953,-0.0,1.5349230354764338,0.0,0.0
21.53333333333333,0.6183,0.6183,70.92155125800869,-0.0,1.5542049256466968,0.0,0.0
21.566666666666666,0.6242,0.6242,72.10033722545285,-0.0,1.573474966492689,0.0,0.0
21.6,0.63,0.63,73.26321672825875,-0.0,1.5927534180792664,0.0,0.0
21.633333333333333,0.6358,0.6358,74.42987286072375,-0.0,1.6120003451589011,0.0,0.0
21.666666666666668,0.6417,0.6417,75.62025044034213,-0.0,1.6312080110960105,0.0,0.0
21.7,0.6475,0.6475,76.79373439681648,-0.0,1.650398398711699,0.0,0.0
21.733333333333334,0.6533,0.6533,77.9702120662986,-0.0,1.6695326609761911,0.0,0.0
21.766666666666666,0.6592,0.6592,79.16977888879607,-0.0,1.6886044647795393,0.0,0.0
21.8,0.665,0.665,80.35151049820503,-0.0,1.7076373230900523,0.0,0.0
21.833333333333332,0.6708,0.6708,81.5354594461515,-0.0,1.7265934049089275,0.0,0.0
21.866666666666667,0.6767,0.6767,82.74183318116971,-0.0,1.745467641152237,0.0,0.0
21.9,0.6825,0.6825,83.92948046496365,-0.0,1.7642848749558477,0.0,0.0
21.933333333333334,0.6883,0.6883,85.11858021080911,-0.0,1.7830082130490243,0.0,0.0
21.966666666666665,0.6942,0.6942,86.3294137731738,-0.0,1.8016337071433322,0.0,0.0
22.0,0.7,0.7,87.52068413777809,-0.0,1.8201873302999918,0.0,0.0
22.03333333333333,0.7,0.7,87.52068413777809,-0.0,1.838633048564301,0.0,0.0
22.066666666666666,0.7,0.7,87.52068413777809,-0.0,1.8552471549372112,0.0,0.0
22.1,0.7,0.7,87.52068413777809,-0.0,1.870200226086578,0.0,0.0
22.133333333333333,0.7,0.7,87.52068413777809,-0.0,1.883649182679795,0.0,0.0
22.166666666666668,0.7,0.7,87.52068413777809,-0.0,1.8957379286092493,0.0,0.0
22.2,0.7,0.7,87.52068413777809,-0.0,1.906598063579081,0.0,0.0
22.233333333333334,0.7,0.7,87.52068413777809,-0.0,1.9163496385071463,0.0,0.0
22.266666666666666,0.7,0.7,87.52068413777809,-0.0,1.9251019295689975,0.0,0.0
22.3,0.7,0.7,87.52068413777809,-0.0,1.9329542121388645,0.0,0.0
22.333333333333332,0.7,0.7,87.52068413777809,-0.0,1.9399965204339527,0.0,0.0
22.366666666666667,0.7,0.7,87.52068413777809,-0.0,1.9463103824291743,0.0,0.0
22.4,0.7,0.7,87.52068413777809,-0.0,1.9519695226737916,0.0,0.0
22.433333333333334,0.7,0.7,87.52068413777809,-0.0,1.9570405281035954,0.0,0.0
22.466666666666665,0.7,0.7,87.52068413777809,-0.0,1.961583473891942,0.0,0.0
22.5,0.7,0.7,87.52068413777809,-0.0,1.9656525079026472,0.0,0.0
22.53333333333333,0.7,0.7,87.52068413777809,-0.0,1.9692963934710808,0.0,0.0
22.566666666666666,0.7,0.7,87.52068413777809,-0.0,1.9725590111113582,0.0,0.0
22.6,0.7,0.7,87.52068413777809,-0.0,1.9754798203828257,0.0,0.0
22.633333333333333,0.7,0.7,87.52068413777809,-0.0,1.978094283595213,0.0,0.0
22.666666666666668,0.7,0.7,87.52068413777809,-0.0,1.9804342533283963,0.0,0.0
22.7,0.7,0.7,87.52068413777809,-0.0,1.9825283259223847,0.0,0.0
22.733333333333334,0.7,0.7,87.52068413777809,-0.0,1.9844021631828286,0.0,0.0
22.766666666666666,0.7,0.7,87.52068413777809,-0.0,1.986078784568822,0.0,0.0
22.8,0.7,0.7,87.52068413777809,-0.0,1.987578832100676,0.0,0.0
22.833333333333332,0.7,0.7,87.52068413777809,-0.0,1.9889208101596634,0.0,0.0
22.866666666666667,0.7,0.7,87.52068413777809,-0.0,1.9901213022605762,0.0,0.0
22.9,0.7,0.7,87.52068413777809,-0.0,1.9911951667699734,0.0,0.0
22.933333333333334,0.7,0.7,87.52068413777809,-0.0,1.9921557134249133,0.0,0.0
22.966666666666665,0.7,0.7,87.52068413777809,-0.0,1.9930148623838844,0.0,0.0
23.0,0.7,0.7,87.52068413777809,-0.0,1.993783287417413,0.0,0.0
23.03333333333333,0.7,0.7,87.52068413777809,-0.0,1.9944705447232511,0.0,0.0
23.066666666666666,0.7,0.7,87.52068413777809,-0.0,1.9950851887321608,0.0,0.0
23.1,0.7,0.7,87.52068413777809,-0.0,1.9956348761565168,0.0,0.0
23.133333333333333,0.7,0.7,87.52068413777809,-0.0,1.9961264594261472,0.0,0.0
23.166666666666668,0.7,0.7,87.52068413777809,-0.0,1.9965660705545725,0.0,0.0
23.2,0.7,0.7,87.52068413777809,-0.0,1.9969591963843403,0.0,0.0
23.233333333333334,0.7,0.7,87.52068413777809,-0.0,1.9973107460725326,0.0,0.0
23.266666666666666,0.7,0.7,87.52068413777809,-0.0,1.9976251115966417,0.0,0.0
23.3,0.7,0.7,87.52068413777809,-0.0,1.997906221986658,0.0,0.0
23.333333333333332,0.7,0.7,87.52068413777809,-0.0,1.9981575919210866,0.0,0.0
23.366666666666667,0.7,0.7,87.52068413777809,-0.0,1.9983823652623938,0.0,0.0
23.4,0.7,0.7,87.52068413777809,-0.0,1.9985833540506908,0.0,0.0
23.433333333333334,0.7,0.7,87.52068413777809,-0.0,1.998763073422932,0.0,0.0
23.466666666666665,0.7,0.7,87.52068413777809,-0.0,1.998923772878155,0.0,0.0
23.5,0.7,0.7,87.52068413777809,-0.0,1.999067464266937,0.0,0.0
23.53333333333333,0.7,0.7,87.52068413777809,-0.0,1.999195946844951,0.0,0.0
23.566666666666666,0.7,0.7,87.52068413777809,-0.0,1.9993108296959097,0.0,0.0
23.6,0.7,0.7,87.52068413777809,-0.0,1.9994135517979807,0.0,0.0
23.633333333333333,0.7,0.7,87.52068413777809,-0.0,1.9995053999796255,0.0,0.0
23.666666666666668,0.7,0.7,87.52068413777809,-0.0,1.9995875249854926,0.0,0.0
23.7,0.7,0.7,87.52068413777809,-0.0,1.999660955850201,0.0,0.0
23.733333333333334,0.7,0.7,87.52068413777809,-0.0,1.9997266127573639,0.0,0.0
23.766666666666666,0.7,0.7,87.52068413777809,-0.0,1.9997853185427867,0.0,0.0
23.8,0.7,0.7,87.52068413777809,-0.0,1.9998378089842397,0.0,0.0
23.833333333333332,0.7,0.7,87.52068413777809,-0.0,1.999884742005359,0.0,0.0
23.866666666666667,0.7,0.7,87.52068413777809,-0.0,1.9999267059079122,0.0,0.0
23.9,0.7,0.7,87.52068413777809,-0.0,1.9999642267347202,0.0,0.0
23.933333333333334,0.7,0.7,87.52068413777809,-0.0,1.9999977748548086,0.0,0.0
23.966666666666665,0.7,0.7,87.52068413777809,-0.0,2.000027770852769,0.0,0.0
24.0,0.7,0.7,87.52068413777809,-0.0,2.0000545907957026,0.0,0.0
24.03333333333333,0.7,0.7,87.52068413777809,-0.0,2.0000785709434075,0.0,0.0
24.066666666666666,0.7,0.7,87.52068413777809,-0.0,2.000100011960574,0.0,0.0
24.1,0.7,0.7,87.52068413777809,-0.0,2.0001191826835636,0.0,0.0
24.133333333333333,0.7,0.7,87.52068413777809,-0.0,2.0001363234888103,0.0,0.0
24.166666666666668,0.7,0.7,87.52068413777809,-0.0,2.000151649304933,0.0,0.0
24.2,0.7,0.7,87.52068413777809,-0.0,2.0001653523062073,0.0,0.0
24.233333333333334,0.7,0.7,87.52068413777809,-0.0,2.000177604321069,0.0,0.0
24.266666666666666,0.7,0.7,87.52068413777809,-0.0,2.0001885589857835,0.0,0.0
24.3,0.7,0.7,87.52068413777809,-0.0,2.000198353670215,0.0,0.0
24.333333333333332,0.7,0.7,87.52068413777809,-0.0,2.0002071111998045,0.0,0.0
24.366666666666667,0.7,0.7,87.52068413777809,-0.0,2.0002149413953054,0.0,0.0
24.4,0.7,0.7,87.52068413777809,-0.0,2.000221942449555,0.0,0.0
24.433333333333334,0.7,0.7,87.52068413777809,-0.0,2.0002282021585236,0.0,0.0
24.466666666666665,0.7,0.7,87.52068413777809,-0.0,2.0002337990220553,0.0,0.0
24.5,0.7,0.7,87.52068413777809,-0.0,2.000238803228094,0.0,0.0
24.53333333333333,0.7,0.7,87.52068413777809,-0.0,2.0002432775327184,0.0,0.0
24.566666666666666,0.7,0.7,87.52068413777809,-0.0,2.000247278047014,0.0,0.0
24.6,0.7,0.7,87.52068413777809,-0.0,2.000250854940646,0.0,0.0
24.633333333333333,0.7,0.7,87.52068413777809,-0.0,2.000254053070943,0.0,0.0
24.666666666666668,0.7,0.7,87.52068413777809,-0.0,2.0002569125453817,0.0,0.0
24.7,0.7,0.7,87.52068413777809,-0.0,2.000259469224517,0.0,0.0
24.733333333333334,0.7,0.7,87.52068413777809,-0.0,2.0002617551716653,0.0,0.0
24.766666666666666,0.7,0.7,87.52068413777809,-0.0,2.000263799054979,0.0,0.0
24.8,0.7,0.7,87.52068413777809,-0.0,2.0002656265069456,0.0,0.0
24.833333333333332,0.7,0.7,87.52068413777809,-0.0,2.000267260445826,0.0,0.0
24.866666666666667,0.7,0.7,87.52068413777809,-0.0,2.000268721363056,0.0,0.0
24.9,0.7,0.7,87.52068413777809,-0.0,2.000270027580221,0.0,0.0
24.933333333333334,0.7,0.7,87.52068413777809,-0.0,2.0002711954788164,0.0,0.0
24.966666666666665,0.7,0.7,87.52068413777809,-0.0,2.0002722397056822,0.0,0.0
25.0,0.7,0.7,87.52068413777809,-0.0,2.000273173356686,0.0,0.0
25.03333333333333,0.7,0.7,87.52068413777809,-0.0,2.0002740081409534,0.0,0.0
25.066666666666666,0.7,0.7,87.52068413777809,-0.0,2.000274754527713,0.0,0.0
25.1,0.7,0.7,87.52068413777809,-0.0,2.000275421877587,0.0,0.0
25.133333333333333,0.7,0.7,87.52068413777809,-0.0,2.0002760185599837,0.0,0.0
25.166666666666668,0.7,0.7,87.52068413777809,-0.0,2.0002765520580588,0.0,0.0
25.2,0.7,0.7,87.52068413777809,-0.0,2.0002770290625604,0.0,0.0
25.233333333333334,0.7,0.7,87.52068413777809,-0.0,2.0002774555557385,0.0,0.0
25.266666666666666,0.7,0.7,87.52068413777809,-0.0,2.000277836886369,0.0,0.0
25.3,0.7,0.7,87.52068413777809,-0.0,2.000278177836834,0.0,0.0
25.333333333333332,0.7,0.7,87.52068413777809,-0.0,2.000278482683097,0.0,0.0
25.366666666666667,0.7,0.7,87.52068413777809,-0.0,2.0002787552483294,0.0,0.0
25.4,0.7,0.7,87.52068413777809,-0.0,2.000278998950858,0.0,0.0
25.433333333333334,0.7,0.7,87.52068413777809,-0.0,2.000279216847033,0.0,0.0
25.466666666666665,0.7,0.7,87.52068413777809,-0.0,2.0002794116695615,0.0,0.0
25.5,0.7,0.7,87.52068413777809,-0.0,2.000279585861776,0.0,0.0
25.53333333333333,0.7,0.7,87.52068413777809,-0.0,2.0002797416082774,0.0,0.0
25.566666666666666,0.7,0.7,87.52068413777809,-0.0,2.000279880862335,0.0,0.0
25.6,0.7,0.7,87.52068413777809,-0.0,2.0002800053703798,0.0,0.0
25.633333333333333,0.7,0.7,87.52068413777809,-0.0,2.000280116693909,0.0,0.0
25.666666666666668,0.7,0.7,87.52068413777809,-0.0,2.000280216229068,0.0,0.0
25.7,0.7,0.7,87.52068413777809,-0.0,2.0002803052241616,0.0,0.0
25.733333333333334,0.7,0.7,87.52068413777809,-0.0,2.0002803847953072,0.0,0.0
25.766666666666666,0.7,0.7,87.52068413777809,-0.0,2.0002804559404335,0.0,0.0
25.8,0.7,0.7,87.52068413777809,-0.0,2.0002805195517963,0.0,0.0
25.833333333333332,0.7,0.7,87.52068413777809,-0.0,2.000280576427167,0.0,0.0
25.866666666666667,0.7,0.7,87.52068413777809,-0.0,2.0002806272798397,0.0,0.0
25.9,0.7,0.7,87.52068413777809,-0.0,2.000280672747575,0.0,0.0
25.933333333333334,0.7,0.7,87.52068413777809,-0.0,2.0002807134005995,0.0,0.0
25.966666666666665,0.7,0.7,87.52068413777809,-0.0,2.000280749748757,0.0,0.0
26.0,0.7,0.7,87.52068413777809,-0.0,2.000280782247902,0.0,0.0
26.03333333333333,0.7,0.7,87.52068413777809,-0.0,2.000280811305618,0.0,0.0
26.066666666666666,0.7,0.7,87.52068413777809,-0.0,2.000280837286328,0.0,0.0
26.099999999999998,0.7,0.7,87.52068413777809,-0.0,2.0002808605158644,0.0,0.0
26.133333333333333,0.7,0.7,87.52068413777809,-0.0,2.000280881285558,0.0,0.0
26.166666666666668,0.7,0.7,87.52068413777809,-0.0,2.0002808998558876,0.0,0.0
26.2,0.7,0.7,87.52068413777809,-0.0,2.0002809164597513,0.0,0.0
26.233333333333334,0.7,0.7,87.52068413777809,-0.0,2.000280931305383,0.0,0.0
26.266666666666666,0.7,0.7,87.52068413777809,-0.0,2.0002809445789675,0.0,0.0
26.3,0.7,0.7,87.52068413777809,-0.0,2.0002809564469737,0.0,0.0
26.333333333333332,0.7,0.7,87.52068413777809,-0.0,2.000280967058242,0.0,0.0
26.366666666666667,0.7,0.7,87.52068413777809,-0.0,2.000280976545852,0.0,0.0
26.4,0.7,0.7,87.52068413777809,-0.0,2.000280985028791,0.0,0.0
26.433333333333334,0.7,0.7,87.52068413777809,-0.0,2.000280992613447,0.0,0.0
26.466666666666665,0.7,0.7,87.52068413777809,-0.0,2.0002809993949415,0.0,0.0
26.5,0.7,0.7,87.52068413777809,-0.0,2.0002810054583238,0.0,0.0
26.53333333333333,0.7,0.7,87.52068413777809,-0.0,2.000281010879637,0.0,0.0
26.566666666666666,0.7,0.7,87.52068413777809,-0.0,2.000281015726871,0.0,0.0
26.599999999999998,0.7,0.7,87.52068413777809,-0.0,2.0002810200608176,0.0,0.0
26.633333333333333,0.7,0.7,87.52068413777809,-0.0,2.00028102393583,0.0,0.0
26.666666666666668,0.7,0.7,87.52068413777809,-0.0,2.000281027400506,0.0,0.0
26.7,0.7,0.7,87.52068413777809,-0.0,2.0002810304982974,0.0,0.0
26.733333333333334,0.7,0.7,87.52068413777809,-0.0,2.0002810332680543,0.0,0.0
26.766666666666666,0.7,0.7,87.52068413777809,-0.0,2.0002810357445138,0.0,0.0
26.8,0.7,0.7,87.52068413777809,-0.0,2.0002810379587337,0.0,0.0
26.833333333333332,0.7,0.7,87.52068413777809,-0.0,2.0002810399384834,0.0,0.0
26.866666666666667,0.7,0.7,87.52068413777809,-0.0,2.0002810417085914,0.0,0.0
26.9,0.7,0.7,87.52068413777809,-0.0,2.000281043291258,0.0,0.0
26.933333333333334,0.7,0.7,87.52068413777809,-0.0,2.000281044706331,0.0,0.0
26.966666666666665,0.7,0.7,87.52068413777809,-0.0,2.000281045971558,0.0,0.0
27.0,0.7,0.7,87.52068413777809,-0.0,2.0002810471028063,0.0,0.0
27.03333333333333,0.7,0.7,87.52068413777809,-0.0,2.0002810481142634,0.0,0.0
27.066666666666666,0.7,0.7,87.52068413777809,-0.0,2.0002810490186143,0.0,0.0
27.099999999999998,0.7,0.7,87.52068413777809,-0.0,2.000281049827201,0.0,0.0
27.133333333333333,0.7,0.7,87.52068413777809,-0.0,2.000281050550164,0.0,0.0
27.166666666666668,0.7,0.7,87.52068413777809,-0.0,2.0002810511965703,0.0,0.0
27.2,0.7,0.7,87.52068413777809,-0.0,2.0002810517745266,0.0,0.0
27.233333333333334,0.7,0.7,87.52068413777809,-0.0,2.0002810522912817,0.0,0.0
27.266666666666666,0.7,0.7,87.52068413777809,-0.0,2.000281052753316,0.0,0.0
27.3,0.7,0.7,87.52068413777809,-0.0,2.0002810531664243,0.0,0.0
27.333333333333332,0.7,0.7,87.52068413777809,-0.0,2.000281053535787,0.0,0.0
27.366666666666667,0.7,0.7,87.52068413777809,-0.0,2.000281053866037,0.0,0.0
27.4,0.7,0.7,87.52068413777809,-0.0,2.000281054161316,0.0,0.0
27.433333333333334,0.7,0.7,87.52068413777809,-0.0,2.000281054425327,0.0,0.0
27.466666666666665,0.7,0.7,87.52068413777809,-0.0,2.000281054661381,0.0,0.0
27.5,0.7,0.7,87.52068413777809,-0.0,2.0002810548724383,0.0,0.0
27.53333333333333,0.7,0.7,87.52068413777809,-0.0,2.0002810550611465,0.0,0.0
27.566666666666666,0.7,0.7,87.52068413777809,-0.0,2.0002810552298715,0.0,0.0
27.599999999999998,0.7,0.7,87.52068413777809,-0.0,2.00028105538073,0.0,0.0
27.633333333333333,0.7,0.7,87.52068413777809,-0.0,2.0002810555156136,0.0,0.0
27.666666666666668,0.7,0.7,87.52068413777809,-0.0,2.000281055636214,0.0,0.0
27.7,0.7,0.7,87.52068413777809,-0.0,2.000281055744044,0.0,0.0
27.733333333333334,0.7,0.7,87.52068413777809,-0.0,2.000281055840455,0.0,0.0
27.766666666666666,0.7,0.7,87.52068413777809,-0.0,2.000281055926657,0.0,0.0
27.8,0.7,0.7,87.52068413777809,-0.0,2.0002810560037307,0.0,0.0
27.833333333333332,0.7,0.7,87.52068413777809,-0.0,2.0002810560726427,0.0,0.0
27.866666666666667,0.7,0.7,87.52068413777809,-0.0,2.0002810561342574,0.0,0.0
27.9,0.7,0.7,87.52068413777809,-0.0,2.0002810561893476,0.0,0.0
27.933333333333334,0.7,0.7,87.52068413777809,-0.0,2.000281056238604,0.0,0.0
27.966666666666665,0.7,0.7,87.52068413777809,-0.0,2.000281056282645,0.0,0.0
28.0,0.7,0.7,87.52068413777809,-0.0,2.000281056322022,0.0,0.0
28.03333333333333,0.7,0.7,87.52068413777809,-0.0,2.0002810563572293,0.0,0.0
28.066666666666666,0.7,0.7,87.52068413777809,-0.0,2.0002810563887086,0.0,0.0
28.099999999999998,0.7,0.7,87.52068413777809,-0.0,2.0002810564168545,0.0,0.0
28.133333333333333,0.7,0.7,87.52068413777809,-0.0,2.0002810564420197,0.0,0.0
28.166666666666668,0.7,0.7,87.52068413777809,-0.0,2.0002810564645204,0.0,0.0
28.2,0.7,0.7,87.52068413777809,-0.0,2.000281056484638,0.0,0.0
28.233333333333334,0.7,0.7,87.52068413777809,-0.0,2.0002810565026254,0.0,0.0
28.266666666666666,0.7,0.7,87.52068413777809,-0.0,2.000281056518708,0.0,0.0
28.3,0.7,0.7,87.52068413777809,-0.0,2.0002810565330877,0.0,0.0
28.333333333333332,0.7,0.7,87.52068413777809,-0.0,2.0002810565459446,0.0,0.0
28.366666666666667,0.7,0.7,87.52068413777809,-0.0,2.0002810565574403,0.0,0.0
28.4,0.7,0.7,87.52068413777809,-0.0,2.0002810565677187,0.0,0.0
28.433333333333334,0.7,0.7,87.52068413777809,-0.0,2.0002810565769087,0.0,0.0
28.466666666666665,0.7,0.7,87.52068413777809,-0.0,2.0002810565851252,0.0,0.0
28.5,0.7,0.7,87.52068413777809,-0.0,2.000281056592472,0.0,0.0
28.53333333333333,0.7,0.7,87.52068413777809,-0.0,2.0002810565990403,0.0,0.0
28.566666666666666,0.7,0.7,87.52068413777809,-0.0,2.0002810566049134,0.0,0.0
28.599999999999998,0.7,0.7,87.52068413777809,-0.0,2.0002810566101648,0.0,0.0
28.633333333333333,0.7,0.7,87.52068413777809,-0.0,2.0002810566148597,0.0,0.0
28.666666666666668,0.7,0.7,87.52068413777809,-0.0,2.0002810566190576,0.0,0.0
28.7,0.7,0.7,87.52068413777809,-0.0,2.000281056622811,0.0,0.0
28.733333333333334,0.7,0.7,87.52068413777809,-0.0,2.000281056626167,0.0,0.0
28.766666666666666,0.7,0.7,87.52068413777809,-0.0,2.0002810566291678,0.0,0.0
28.8,0.7,0.7,87.52068413777809,-0.0,2.0002810566318505,0.0,0.0
28.833333333333332,0.7,0.7,87.52068413777809,-0.0,2.000281056634249,0.0,0.0
28.866666666666667,0.7,0.7,87.52068413777809,-0.0,2.000281056636394,0.0,0.0
28.9,0.7,0.7,87.52068413777809,-0.0,2.0002810566383116,0.0,0.0
28.933333333333334,0.7,0.7,87.52068413777809,-0.0,2.000281056640026,0.0,0.0
28.966666666666665,0.7,0.7,87.52068413777809,-0.0,2.000281056641559,0.0,0.0
29.0,0.7,0.7,87.52068413777809,-0.0,2.0002810566429297,0.0,0.0
29.03333333333333,0.7,0.7,87.52068413777809,-0.0,2.0002810566441553,0.0,0.0
29.066666666666666,0.7,0.7,87.52068413777809,-0.0,2.000281056645251,0.0,0.0
29.099999999999998,0.7,0.7,87.52068413777809,-0.0,2.0002810566462306,0.0,0.0
29.133333333333333,0.7,0.7,87.52068413777809,-0.0,2.0002810566471068,0.0,0.0
29.166666666666668,0.7,0.7,87.52068413777809,-0.0,2.00028105664789,0.0,0.0
29.2,0.7,0.7,87.52068413777809,-0.0,2.0002810566485905,0.0,0.0
29.233333333333334,0.7,0.7,87.52068413777809,-0.0,2.0002810566492166,0.0,0.0
29.266666666666666,0.7,0.7,87.52068413777809,-0.0,2.0002810566497766,0.0,0.0
29.3,0.7,0.7,87.52068413777809,-0.0,2.000281056650277,0.0,0.0
29.333333333333332,0.7,0.7,87.52068413777809,-0.0,2.0002810566507248,0.0,0.0
29.366666666666667,0.7,0.7,87.52068413777809,-0.0,2.000281056651125,0.0,0.0
29.4,0.7,0.7,87.52068413777809,-0.0,2.0002810566514824,0.0,0.0
29.433333333333334,0.7,0.7,87.52068413777809,-0.0,2.000281056651802,0.0,0.0
29.466666666666665,0.7,0.7,87.52068413777809,-0.0,2.000281056652088,0.0,0.0
29.5,0.7,0.7,87.52068413777809,-0.0,2.000281056652344,0.0,0.0
29.53333333333333,0.7,0.7,87.52068413777809,-0.0,2.0002810566525726,0.0,0.0
29.566666666666666,0.7,0.7,87.52068413777809,-0.0,2.000281056652777,0.0,0.0
29.599999999999998,0.7,0.7,87.52068413777809,-0.0,2.00028105665296,0.0,0.0
29.633333333333333,0.7,0.7,87.52068413777809,-0.0,2.0002810566531233,0.0,0.0
29.666666666666668,0.7,0.7,87.52068413777809,-0.0,2.0002810566532694,0.0,0.0
29.7,0.7,0.7,87.52068413777809,-0.0,2.0002810566534,0.0,0.0
29.733333333333334,0.7,0.7,87.52068413777809,-0.0,2.0002810566535167,0.0,0.0
29.766666666666666,0.7,0.7,87.52068413777809,-0.0,2.000281056653621,0.0,0.0
29.8,0.7,0.7,87.52068413777809,-0.0,2.0002810566537144,0.0,0.0
29.833333333333332,0.7,0.7,87.52068413777809,-0.0,2.000281056653798,0.0,0.0
29.866666666666667,0.7,0.7,87.52068413777809,-0.0,2.0002810566538725,0.0,0.0
29.9,0.7,0.7,87.52068413777809,-0.0,2.000281056653939,0.0,0.0
29.933333333333334,0.7,0.7,87.52068413777809,-0.0,2.0002810566539986,0.0,0.0
29.966666666666665,0.7,0.7,87.52068413777809,-0.0,2.000281056654052,0.0,0.0
30.0,0.7,0.7,87.52068413777809,-0.0,2.0002810566541,0.0,0.0
30.03333333333333,0.7,0.7,87.52068413777809,-0.0,2.0002810566541425,0.0,0.0
30.066666666666666,0.7,0.7,87.52068413777809,-0.0,2.0002810566541807,0.0,0.0
30.099999999999998,0.7,0.7,87.52068413777809,-0.0,2.000281056654215,0.0,0.0
30.133333333333333,0.7,0.7,87.52068413777809,-0.0,2.0002810566542455,0.0,0.0
30.166666666666668,0.7,0.7,87.52068413777809,-0.0,2.0002810566542726,0.0,0.0
30.2,0.7,0.7,87.52068413777809,-0.0,2.000281056654297,0.0,0.0
30.233333333333334,0.7,0.7,87.52068413777809,-0.0,2.0002810566543188,0.0,0.0
30.266666666666666,0.7,0.7,87.52068413777809,-0.0,2.0002810566543383,0.0,0.0
30.3,0.7,0.7,87.52068413777809,-0.0,2.0002810566543556,0.0,0.0
30.333333333333332,0.7,0.7,87.52068413777809,-0.0,2.000281056654371,0.0,0.0
30.366666666666667,0.7,0.7,87.52068413777809,-0.0,2.000281056654385,0.0,0.0
30.4,0.7,0.7,87.52068413777809,-0.0,2.0002810566543974,0.0,0.0
30.433333333333334,0.7,0.7,87.52068413777809,-0.0,2.0002810566544085,0.0,0.0
30.466666666666665,0.7,0.7,87.52068413777809,-0.0,2.0002810566544187,0.0,0.0
30.5,0.7,0.7,87.52068413777809,-0.0,2.0002810566544276,0.0,0.0
30.53333333333333,0.7,0.7,87.52068413777809,-0.0,2.0002810566544356,0.0,0.0
30.566666666666666,0.7,0.7,87.52068413777809,-0.0,2.0002810566544427,0.0,0.0
30.599999999999998,0.7,0.7,87.52068413777809,-0.0,2.000281056654449,0.0,0.0
30.633333333333333,0.7,0.7,87.52068413777809,-0.0,2.0002810566544547,0.0,0.0
30.666666666666668,0.7,0.7,87.52068413777809,-0.0,2.00028105665446,0.0,0.0
30.7,0.7,0.7,87.52068413777809,-0.0,2.0002810566544644,0.0,0.0
30.733333333333334,0.7,0.7,87.52068413777809,-0.0,2.0002810566544684,0.0,0.0
30.766666666666666,0.7,0.7,87.52068413777809,-0.0,2.000281056654472,0.0,0.0
30.8,0.7,0.7,87.52068413777809,-0.0,2.000281056654475,0.0,0.0
30.833333333333332,0.7,0.7,87.52068413777809,-0.0,2.000281056654478,0.0,0.0
30.866666666666667,0.7,0.7,87.52068413777809,-0.0,2.000281056654481,0.0,0.0
30.9,0.7,0.7,87.52068413777809,-0.0,2.000281056654483,0.0,0.0
30.933333333333334,0.7,0.7,87.52068413777809,-0.0,2.0002810566544853,0.0,0.0
30.966666666666665,0.7,0.7,87.52068413777809,-0.0,2.000281056654487,0.0,0.0
31.0,0.7,0.7,87.52068413777809,-0.0,2.000281056654489,0.0,0.0
31.03333333333333,0.7,0.7,87.52068413777809,-0.0,2.00028105665449,0.0,0.0
31.066666666666666,0.7,0.7,87.52068413777809,-0.0,2.0002810566544915,0.0,0.0
31.099999999999998,0.7,0.7,87.52068413777809,-0.0,2.000281056654493,0.0,0.0
31.133333333333333,0.7,0.7,87.52068413777809,-0.0,2.0002810566544937,0.0,0.0
31.166666666666668,0.7,0.7,87.52068413777809,-0.0,2.0002810566544946,0.0,0.0
31.2,0.7,0.7,87.52068413777809,-0.0,2.0002810566544955,0.0,0.0
31.233333333333334,0.7,0.7,87.52068413777809,-0.0,2.0002810566544964,0.0,0.0
31.266666666666666,0.7,0.7,87.52068413777809,-0.0,2.0002810566544973,0.0,0.0
31.3,0.7,0.7,87.52068413777809,-0.0,2.0002810566544977,0.0,0.0
31.333333333333332,0.7,0.7,87.52068413777809,-0.0,2.000281056654498,0.0,0.0
31.366666666666667,0.7,0.7,87.52068413777809,-0.0,2.0002810566544986,0.0,0.0
31.4,0.7,0.7,87.52068413777809,-0.0,2.000281056654499,0.0,0.0
31.433333333333334,0.7,0.7,87.52068413777809,-0.0,2.0002810566544995,0.0,0.0
31.466666666666665,0.7,0.7,87.52068413777809,-0.0,2.0002810566545,0.0,0.0
31.5,0.7,0.7,87.52068413777809,-0.0,2.0002810566545004,0.0,0.0
31.53333333333333,0.7,0.7,87.52068413777809,-0.0,2.000281056654501,0.0,0.0
31.566666666666666,0.7,0.7,87.52068413777809,-0.0,2.000281056654501,0.0,0.0
31.599999999999998,0.7,0.7,87.52068413777809,-0.0,2.000281056654501,0.0,0.0
31.633333333333333,0.7,0.7,87.52068413777809,-0.0,2.000281056654501,0.0,0.0
31.666666666666668,0.7,0.7,87.52068413777809,-0.0,2.000281056654501,0.0,0.0
31.7,0.7,0.7,87.52068413777809,-0.0,2.000281056654501,0.0,0.0
31.733333333333334,0.7,0.7,87.52068413777809,-0.0,2.000281056654501,0.0,0.0
31.766666666666666,0.7,0.7,87.52068413777809,-0.0,2.000281056654501,0.0,0.0
31.8,0.7,0.7,87.52068413777809,-0.0,2.000281056654501,0.0,0.0
31.833333333333332,0.7,0.7,87.52068413777809,-0.0,2.000281056654501,0.0,0.0
31.866666666666667,0.7,0.7,87.52068413777809,-0.0,2.000281056654501,0.0,0.0
31.9,0.7,0.7,87.52068413777809,-0.0,2.000281056654501,0.0,0.0
31.933333333333334,0.7,0.7,87.52068413777809,-0.0,2.000281056654501,0.0,0.0
31.966666666666665,0.7,0.7,87.52068413777809,-0.0,2.000281056654501,0.0,0.0
32.0,0.7,0.7,87.52068413777809,-0.0,2.000281056654501,0.0,0.0
32.03333333333333,0.7,0.7,87.52068413777809,-0.0,2.000281056654501,0.0,0.0
32.06666666666666,0.7,0.7,87.52068413777809,-0.0,2.000281056654501,0.0,0.0
32.1,0.7,0.7,87.52068413777809,-0.0,2.000281056654501,0.0,0.0
32.13333333333333,0.7,0.7,87.52068413777809,-0.0,2.000281056654501,0.0,0.0
32.166666666666664,0.7,0.7,87.52068413777809,-0.0,2.000281056654501,0.0,0.0
32.2,0.7,0.7,87.52068413777809,-0.0,2.000281056654501,0.0,0.0
32.233333333333334,0.7,0.7,87.52068413777809,-0.0,2.000281056654501,0.0,0.0
32.266666666666666,0.7,0.7,87.52068413777809,-0.0,2.000281056654501,0.0,0.0
32.3,0.7,0.7,87.52068413777809,-0.0,2.000281056654501,0.0,0.0
32.333333333333336,0.7,0.7,87.52068413777809,-0.0,2.000281056654501,0.0,0.0
32.36666666666667,0.7,0.7,87.52068413777809,-0.0,2.000281056654501,0.0,0.0
32.4,0.7,0.7,87.52068413777809,-0.0,2.000281056654501,0.0,0.0
32.43333333333333,0.7,0.7,87.52068413777809,-0.0,2.000281056654501,0.0,0.0
32.46666666666667,0.7,0.7,87.52068413777809,-0.0,2.000281056654501,0.0,0.0
32.5,0.7,0.7,87.52068413777809,-0.0,2.000281056654501,0.0,0.0
32.53333333333333,0.7,0.7,87.52068413777809,-0.0,2.000281056654501,0.0,0.0
32.56666666666666,0.7,0.7,87.52068413777809,-0.0,2.000281056654501,0.0,0.0
32.6,0.7,0.7,87.52068413777809,-0.0,2.000281056654501,0.0,0.0
32.63333333333333,0.7,0.7,87.52068413777809,-0.0,2.000281056654501,0.0,0.0
32.666666666666664,0.7,0.7,87.52068413777809,-0.0,2.000281056654501,0.0,0.0
32.7,0.7,0.7,87.52068413777809,-0.0,2.000281056654501,0.0,0.0
32.733333333333334,0.7,0.7,87.52068413777809,-0.0,2.000281056654501,0.0,0.0
32.766666666666666,0.7,0.7,87.52068413777809,-0.0,2.000281056654501,0.0,0.0
32.8,0.7,0.7,87.52068413777809,-0.0,2.000281056654501,0.0,0.0
32.833333333333336,0.7,0.7,87.52068413777809,-0.0,2.000281056654501,0.0,0.0
32.86666666666667,0.7,0.7,87.52068413777809,-0.0,2.000281056654501,0.0,0.0
32.9,0.7,0.7,87.52068413777809,-0.0,2.000281056654501,0.0,0.0
32.93333333333333,0.7,0.7,87.52068413777809,-0.0,2.000281056654501,0.0,0.0
32.96666666666667,0.7,0.7,87.52068413777809,-0.0,2.000281056654501,0.0,0.0
33.0,0.7,0.7,87.52068413777809,-0.0,2.000281056654501,0.0,0.0
33.03333333333333,0.7,0.7,87.52068413777809,-0.0,2.000281056654501,0.0,0.0
33.06666666666666,0.7,0.7,87.52068413777809,-0.0,2.000281056654501,0.0,0.0
33.1,0.7,0.7,87.52068413777809,-0.0,2.000281056654501,0.0,0.0
33.13333333333333,0.7,0.7,87.52068413777809,-0.0,2.000281056654501,0.0,0.0
33.166666666666664,0.7,0.7,87.52068413777809,-0.0,2.000281056654501,0.0,0.0
33.2,0.7,0.7,87.52068413777809,-0.0,2.000281056654501,0.0,0.0
33.233333333333334,0.7,0.7,87.52068413777809,-0.0,2.000281056654501,0.0,0.0
33.266666666666666,0.7,0.7,87.52068413777809,-0.0,2.000281056654501,0.0,0.0
33.3,0.7,0.7,87.52068413777809,-0.0,2.000281056654501,0.0,0.0
33.333333333333336,0.7,0.7,87.52068413777809,-0.0,2.000281056654501,0.0,0.0
33.36666666666667,0.7,0.7,87.52068413777809,-0.0,2.000281056654501,0.0,0.0
33.4,0.7,0.7,87.52068413777809,-0.0,2.000281056654501,0.0,0.0
33.43333333333333,0.7,0.7,87.52068413777809,-0.0,2.000281056654501,0.0,0.0
33.46666666666667,0.7,0.7,87.52068413777809,-0.0,2.000281056654501,0.0,0.0
33.5,0.7,0.7,87.52068413777809,-0.0,2.000281056654501,0.0,0.0
33.53333333333333,0.7,0.7,87.52068413777809,-0.0,2.000281056654501,0.0,0.0
33.56666666666666,0.7,0.7,87.52068413777809,-0.0,2.000281056654501,0.0,0.0
33.6,0.7,0.7,87.52068413777809,-0.0,2.000281056654501,0.0,0.0
33.63333333333333,0.7,0.7,87.52068413777809,-0.0,2.000281056654501,0.0,0.0
33.666666666666664,0.7,0.7,87.52068413777809,-0.0,2.000281056654501,0.0,0.0
33.7,0.7,0.7,87.52068413777809,-0.0,2.000281056654501,0.0,0.0
33.733333333333334,0.7,0.7,87.52068413777809,-0.0,2.000281056654501,0.0,0.0
33.766666666666666,0.7,0.7,87.52068413777809,-0.0,2.000281056654501,0.0,0.0
33.8,0.7,0.7,87.52068413777809,-0.0,2.000281056654501,0.0,0.0
33.833333333333336,0.7,0.7,87.52068413777809,-0.0,2.000281056654501,0.0,0.0
33.86666666666667,0.7,0.7,87.52068413777809,-0.0,2.000281056654501,0.0,0.0
33.9,0.7,0.7,87.52068413777809,-0.0,2.000281056654501,0.0,0.0
33.93333333333333,0.7,0.7,87.52068413777809,-0.0,2.000281056654501,0.0,0.0
33.96666666666667,0.7,0.7,87.52068413777809,-0.0,2.000281056654501,0.0,0.0
34.0,0.7,0.7,87.52068413777809,-0.0,2.000281056654501,0.0,0.0
34.03333333333333,0.7,0.7,87.52068413777809,-0.0,2.000281056654501,0.0,0.0
34.06666666666666,0.7,0.7,87.52068413777809,-0.0,2.000281056654501,0.0,0.0
34.1,0.7,0.7,87.52068413777809,-0.0,2.000281056654501,0.0,0.0
34.13333333333333,0.7,0.7,87.52068413777809,-0.0,2.000281056654501,0.0,0.0
34.166666666666664,0.7,0.7,87.52068413777809,-0.0,2.000281056654501,0.0,0.0
34.2,0.7,0.7,87.52068413777809,-0.0,2.000281056654501,0.0,0.0
34.233333333333334,0.7,0.7,87.52068413777809,-0.0,2.000281056654501,0.0,0.0
34.266666666666666,0.7,0.7,87.52068413777809,-0.0,2.000281056654501,0.0,0.0
34.3,0.7,0.7,87.52068413777809,-0.0,2.000281056654501,0.0,0.0
34.333333333333336,0.7,0.7,87.52068413777809,-0.0,2.000281056654501,0.0,0.0
34.36666666666667,0.7,0.7,87.52068413777809,-0.0,2.000281056654501,0.0,0.0
34.4,0.7,0.7,87.52068413777809,-0.0,2.000281056654501,0.0,0.0
34.43333333333333,0.7,0.7,87.52068413777809,-0.0,2.000281056654501,0.0,0.0
34.46666666666667,0.7,0.7,87.52068413777809,-0.0,2.000281056654501,0.0,0.0
34.5,0.7,0.7,87.52068413777809,-0.0,2.000281056654501,0.0,0.0
34.53333333333333,0.7,0.7,87.52068413777809,-0.0,2.000281056654501,0.0,0.0
34.56666666666666,0.7,0.7,87.52068413777809,-0.0,2.000281056654501,0.0,0.0
34.6,0.7,0.7,87.52068413777809,-0.0,2.000281056654501,0.0,0.0
34.63333333333333,0.7,0.7,87.52068413777809,-0.0,2.000281056654501,0.0,0.0
34.666666666666664,0.7,0.7,87.52068413777809,-0.0,2.000281056654501,0.0,0.0
34.7,0.7,0.7,87.52068413777809,-0.0,2.000281056654501,0.0,0.0
34.733333333333334,0.7,0.7,87.52068413777809,-0.0,2.000281056654501,0.0,0.0
34.766666666666666,0.7,0.7,87.52068413777809,-0.0,2.000281056654501,0.0,0.0
34.8,0.7,0.7,87.52068413777809,-0.0,2.000281056654501,0.0,0.0
34.833333333333336,0.7,0.7,87.52068413777809,-0.0,2.000281056654501,0.0,0.0
34.86666666666667,0.7,0.7,87.52068413777809,-0.0,2.000281056654501,0.0,0.0
34.9,0.7,0.7,87.52068413777809,-0.0,2.000281056654501,0.0,0.0
34.93333333333333,0.7,0.7,87.52068413777809,-0.0,2.000281056654501,0.0,0.0
34.96666666666667,0.7,0.7,87.52068413777809,-0.0,2.000281056654501,0.0,0.0
35.0,0.7,0.7,87.52068413777809,-0.0,2.000281056654501,0.0,0.0
35.03333333333333,0.6844,0.6844,84.31886540141024,-0.0,2.000281056654501,0.0,0.0
35.06666666666666,0.6689,0.6689,81.1473855754089,-0.0,1.995674138115282,0.0,0.0
35.1,0.6533,0.6533,77.9702120662986,-0.0,1.986990196642948,0.0,0.0
35.13333333333333,0.6378,0.6378,74.83299664710107,-0.0,1.9746478444448023,0.0,0.0
35.166666666666664,0.6222,0.6222,71.70026709223758,-0.0,1.9590824290569488,0.0,0.0
35.2,0.6067,0.6067,68.6171722747694,-0.0,1.9406268105077562,0.0,0.0
35.233333333333334,0.5911,0.5911,65.54895184625332,-0.0,1.919637918917868,0.0,0.0
35.266666666666666,0.5756,0.5756,62.53988488013274,-0.0,1.896379220629806,0.0,0.0
35.3,0.56,0.56,59.55606413235652,-0.0,1.8711445640646696,0.0,0.0
35.333333333333336,0.5444,0.5444,56.62188451054723,-0.0,1.8441428093184205,0.0,0.0
35.36666666666667,0.5289,0.5289,53.7603429514812,-0.0,1.8155910801430797,0.0,0.0
35.4,0.5133,0.5133,50.9390513239191,-0.0,1.7857125708543964,0.0,0.0
35.43333333333333,0.4978,0.4978,48.19848770082653,-0.0,1.7546566685215401,0.0,0.0
35.46666666666667,0.4822,0.4822,45.50741419460239,-0.0,1.72261219472889,0.0,0.0
35.5,0.4667,0.4667,42.9041731347155,-0.0,1.6897005851371314,0.0,0.0
35.53333333333333,0.4511,0.4511,40.35877122915531,-0.0,1.6560837209461572,0.0,0.0
35.56666666666666,0.4356,0.4356,37.90710717933958,-0.0,1.6218618440379178,0.0,0.0
35.6,0.42,0.42,35.5205129363741,-0.0,1.5871754434296672,0.0,0.0
35.63333333333333,0.4044,0.4044,33.21769175995804,-0.0,1.5521085757480335,0.0,0.0
35.666666666666664,0.3889,0.3889,31.014838380624077,-0.0,1.5167632874631984,0.0,0.0
35.7,0.3733,0.3733,28.885398438766188,-0.0,1.48125498314913,0.0,0.0
35.733333333333334,0.3578,0.3578,26.858137004163076,-0.0,1.4456497099552221,0.0,0.0
35.766666666666666,0.3422,0.3422,24.907973131805612,-0.0,1.4100494029339574,0.0,0.0
35.8,0.3267,0.3267,23.060576934969394,-0.0,1.3745109624060696,0.0,0.0
35.833333333333336,0.3111,0.3111,21.292381709227584,-0.0,1.3391244040901922,0.0,0.0
35.86666666666667,0.2956,0.2956,19.625929716661446,-0.0,1.3039388011643385,0.0,0.0
35.9,0.28,0.28,18.03920011678774,-0.0,1.2690332519901728,0.0,0.0
35.93333333333333,0.2644,0.2644,16.54233548481025,-0.0,1.2344498094611898,0.0,0.0
35.96666666666667,0.2489,0.2489,15.14281828387365,-0.0,1.20024365904691,0.0,0.0
36.0,0.2333,0.2333,13.820988609874297,-0.0,1.166478551872886,0.0,0.0
36.03333333333333,0.2178,0.2178,12.591887993711541,-0.0,1.133186726521754,0.0,0.0
36.06666666666666,0.2022,0.2022,11.437441285603365,-0.0,1.1004222772391583,0.0,0.0
36.1,0.1867,0.1867,10.369987861822509,-0.0,1.0682112494855078,0.0,0.0
36.13333333333333,0.1711,0.1711,9.373034792239608,-0.0,1.0365984002103068,0.0,0.0
36.166666666666664,0.1556,0.1556,8.45646336262085,-0.0,1.0056037271590648,0.0,0.0
36.2,0.14,0.14,7.6053480245537175,-0.0,0.9752630000266662,0.0,0.0
36.233333333333334,0.1244,0.1244,6.822581059955094,-0.0,0.9455903353347375,0.0,0.0
36.266666666666666,0.1089,0.1089,6.109197187033628,-0.0,0.9166058604329086,0.0,0.0
36.3,0.0933,0.0933,5.452566145963958,-0.0,0.8883326411017336,0.0,0.0
36.333333333333336,0.0778,0.0778,4.857665230444843,-0.0,0.8607763891628508,0.0,0.0
36.36666666666667,0.0622,0.0622,4.313331996404285,-0.0,0.8339524683446344,0.0,0.0
36.4,0.0467,0.0467,3.823100826115154,-0.0,0.8078614838649223,0.0,0.0
36.43333333333333,0.0311,0.0311,3.377210668153416,-0.0,0.7825117953962532,0.0,0.0
36.46666666666667,0.0156,0.0156,2.9780335157506723,-0.0,0.7578993779429674,0.0,0.0
36.5,0.0,0.0,0.0,-0.0,0.7340263771340104,0.0,0.0
36.53333333333333,0.0,0.0,0.0,-0.0,0.707009497989556,0.0,0.0
36.56666666666666,0.0,0.0,0.0,-0.0,0.6813936393267797,0.0,0.0
36.6,0.0,0.0,0.0,-0.0,0.6570778794177536,0.0,0.0
36.63333333333333,0.0,0.0,0.0,-0.0,0.6339707333144621,0.0,0.0
36.666666666666664,0.0,0.0,0.0,-0.0,0.6119890745438377,0.0,0.0
36.7,0.0,0.0,0.0,-0.0,0.5910572013666792,0.0,0.0
36.733333333333334,0.0,0.0,0.0,-0.0,0.5711060254835068,0.0,0.0
36.766666666666666,0.0,0.0,0.0,-0.0,0.5520723648547703,0.0,0.0
36.8,0.0,0.0,0.0,-0.0,0.5338983253739628,0.0,0.0
36.833333333333336,0.0,0.0,0.0,-0.0,0.5165307586364037,0.0,0.0
36.86666666666667,0.0,0.0,0.0,-0.0,0.4999207850976898,0.0,0.0
36.9,0.0,0.0,0.0,-0.0,0.48402337360330205,0.0,0.0
36.93333333333333,0.0,0.0,0.0,-0.0,0.4687969696649099,0.0,0.0
36.96666666666667,0.0,0.0,0.0,-0.0,0.4542031660151254,0.0,0.0
37.0,0.0,0.0,0.0,-0.0,0.4402064099350998,0.0,0.0
37.03333333333333,0.0,0.0,0.0,-0.0,0.4267737426537603,0.0,0.0
37.06666666666666,0.0,0.0,0.0,-0.0,0.4138745667920419,0.0,0.0
37.1,0.0,0.0,0.0,-0.0,0.4014804383930591,0.0,0.0
37.13333333333333,0.0,0.0,0.0,-0.0,0.3895648805582999,0.0,0.0
37.166666666666664,0.0,0.0,0.0,-0.0,0.37810321611567116,0.0,0.0
37.2,0.0,0.0,0.0,-0.0,0.36707241708985655,0.0,0.0
37.233333333333334,0.0,0.0,0.0,-0.0,0.3564509690390296,0.0,0.0
37.266666666666666,0.0,0.0,0.0,-0.0,0.34621874857275786,0.0,0.0
37.3,0.0,0.0,0.0,-0.0,0.33635691258076095,0.0,0.0
37.333333333333336,0.0,0.0,0.0,-0.0,0.3268477978866858,0.0,0.0
37.36666666666667,0.0,0.0,0.0,-0.0,0.3176748301999188,0.0,0.0
37.4,0.0,0.0,0.0,-0.0,0.30882244137556936,0.0,0.0
37.43333333333333,0.0,0.0,0.0,-0.0,0.300275994111386,0.0,0.0
37.46666666666667,0.0,0.0,0.0,-0.0,0.2920217133132383,0.0,0.0
37.5,0.0,0.0,0.0,-0.0,0.2840466234502003,0.0,0.0
37.53333333333333,0.0,0.0,0.0,-0.0,0.27633849129814236,0.0,0.0
37.56666666666666,0.0,0.0,0.0,-0.0,0.2688857735387005,0.0,0.0
37.6,0.0,0.0,0.0,-0.0,0.26167756873993403,0.0,0.0
37.63333333333333,0.0,0.0,0.0,-0.0,0.2547035732970673,0.0,0.0
37.666666666666664,0.0,0.0,0.0,-0.0,0.24795404095744314,0.0,0.0
37.7,0.0,0.0,0.0,-0.0,0.24141974559404078,0.0,0.0
37.733333333333334,0.0,0.0,0.0,-0.0,0.23509194692735585,0.0,0.0
37.766666666666666,0.0,0.0,0.0,-0.0,0.22896235892673197,0.0,0.0
37.8,0.0,0.0,0.0,-0.0,0.22302312064989976,0.0,0.0
37.833333333333336,0.0,0.0,0.0,-0.0,0.21726676930398645,0.0,0.0
37.86666666666667,0.0,0.0,0.0,-0.0,0.21168621533299922,0.0,0.0
37.9,0.0,0.0,0.0,-0.0,0.20627471935610425,0.0,0.0
37.93333333333333,0.0,0.0,0.0,-0.0,0.2010258707982134,0.0,0.0
37.96666666666667,0.0,0.0,0.0,-0.0,0.19593356806971335,0.0,0.0
38.0,0.0,0.0,0.0,-0.0,0.19099200016584586,0.0,0.0
38.03333333333333,0.0,0.0,0.0,-0.0,0.18619562956847224,0.0,0.0
38.06666666666666,0.0,0.0,0.0,-0.0,0.18153917634389408,0.0,0.0
38.1,0.0,0.0,0.0,-0.0,0.17701760334020836,0.0,0.0
38.13333333333333,0.0,0.0,0.0,-0.0,0.17262610239647438,0.0,0.0
38.166666666666664,0.0,0.0,0.0,-0.0,0.16836008148387763,0.0,0.0
38.2,0.0,0.0,0.0,-0.0,0.16421515270618944,0.0,0.0
38.233333333333334,0.0,0.0,0.0,-0.0,0.16018712109323135,0.0,0.0
38.266666666666666,0.0,0.0,0.0,-0.0,0.1562719741268322,0.0,0.0
38.3,0.0,0.0,0.0,-0.0,0.15246587194398623,0.0,0.0
38.333333333333336,0.0,0.0,0.0,-0.0,0.14876513816663864,0.0,0.0
38.36666666666667,0.0,0.0,0.0,-0.0,0.145166251311795,0.0,0.0
38.4,0.0,0.0,0.0,-0.0,0.14166583673952032,0.0,0.0
38.43333333333333,0.0,0.0,0.0,-0.0,0.138260659099902,0.0,0.0
38.46666666666667,0.0,0.0,0.0,-0.0,0.13494761524323742,0.0,0.0
38.5,0.0,0.0,0.0,-0.0,0.1317237275606018,0.0,0.0
38.53333333333333,0.0,0.0,0.0,-0.0,0.12858613772458713,0.0,0.0
38.56666666666666,0.0,0.0,0.0,-0.0,0.12553210080240126,0.0,0.0
38.6,0.0,0.0,0.0,-0.0,0.12255897971570356,0.0,0.0
38.63333333333333,0.0,0.0,0.0,-0.0,0.11966424002354849,0.0,0.0
38.666666666666664,0.0,0.0,0.0,-0.0,0.11684544500663101,0.0,0.0
38.7,0.0,0.0,0.0,-0.0,0.11410025103269315,0.0,0.0
38.733333333333334,0.0,0.0,0.0,-0.0,0.11142640318447511,0.0,0.0
38.766666666666666,0.0,0.0,0.0,-0.0,0.10882173113298942,0.0,0.0
38.8,0.0,0.0,0.0,-0.0,0.10628414524017615,0.0,0.0
38.833333333333336,0.0,0.0,0.0,-0.0,0.1038116328761695,0.0,0.0
38.86666666666667,0.0,0.0,0.0,-0.0,0.10140225493748335,0.0,0.0
38.9,0.0,0.0,0.0,-0.0,0.09905414255341286,0.0,0.0
38.93333333333333,0.0,0.0,0.0,-0.0,0.09676549396885818,0.0,0.0
38.96666666666667,0.0,0.0,0.0,-0.0,0.09453457159261436,0.0,0.0
39.0,0.0,0.0,0.0,-0.0,0.09235969920094135,0.0,0.0
39.03333333333333,0.0,0.0,0.0,-0.0,0.09023925928693924,0.0,0.0
39.06666666666666,0.0,0.0,0.0,-0.0,0.08817169054690831,0.0,0.0
39.1,0.0,0.0,0.0,-0.0,0.08615548549547866,0.0,0.0
39.13333333333333,0.0,0.0,0.0,-0.0,0.0841891882018521,0.0,0.0
39.166666666666664,0.0,0.0,0.0,-0.0,0.0822713921400155,0.0,0.0
39.2,0.0,0.0,0.0,-0.0,0.08040073814626172,0.0,0.0
39.233333333333334,0.0,0.0,0.0,-0.0,0.07857591247779633,0.0,0.0
39.266666666666666,0.0,0.0,0.0,-0.0,0.076795644966617,0.0,0.0
39.3,0.0,0.0,0.0,-0.0,0.0750587072632319,0.0,0.0
39.333333333333336,0.0,0.0,0.0,-0.0,0.07336391116513456,0.0,0.0
39.36666666666667,0.0,0.0,0.0,-0.0,0.07171010702527926,0.0,0.0
39.4,0.0,0.0,0.0,-0.0,0.0700961822361031,0.0,0.0
39.43333333333333,0.0,0.0,0.0,-0.0,0.06852105978492302,0.0,0.0
39.46666666666667,0.0,0.0,0.0,-0.0,0.0669836968767969,0.0,0.0
39.5,0.0,0.0,0.0,-0.0,0.06548308362118113,0.0,0.0
39.53333333333333,0.0,0.0,0.0,-0.0,0.06401824177894379,0.0,0.0
39.56666666666666,0.0,0.0,0.0,-0.0,0.06258822356650261,0.0,0.0
39.6,0.0,0.0,0.0,-0.0,0.061192110514053925,0.0,0.0
39.63333333333333,0.0,0.0,0.0,-0.0,0.05982901237504129,0.0,0.0
39.666666666666664,0.0,0.0,0.0,-0.0,0.058498066084183425,0.0,0.0
39.7,0.0,0.0,0.0,-0.0,0.057198434761540434,0.0,0.0
39.733333333333334,0.0,0.0,0.0,-0.0,0.055929306760245774,0.0,0.0
39.766666666666666,0.0,0.0,0.0,-0.0,0.05468989475567068,0.0,0.0
39.8,0.0,0.0,0.0,-0.0,0.053479434873917285,0.0,0.0
39.833333333333336,0.0,0.0,0.0,-0.0,0.05229718585765837,0.0,0.0
39.86666666666667,0.0,0.0,0.0,-0.0,0.051142428267455166,0.0,0.0
39.9,0.0,0.0,0.0,-0.0,0.05001446371679086,0.0,0.0
39.93333333333333,0.0,0.0,0.0,-0.0,0.04891261413915727,0.0,0.0
39.96666666666667,0.0,0.0,0.0,-0.0,0.04783622108562526,0.0,0.0
40.0,0.0,0.0,0.0,-0.0,0.04678464505141699,0.0,0.0
40.03333333333333,0.0,0.0,0.0,-0.0,0.045757264830080024,0.0,0.0
40.06666666666666,-0.0117,-0.0117,1.105315801912127,-0.0,0.044753476893940505,0.0,0.0
40.1,-0.0175,-0.0175,0.886647418459205,-0.0,0.04543434739174736,0.0,0.0
40.13333333333333,-0.0233,-0.0233,0.6637525544314968,-0.0,0.04577087055283598,0.0,0.0
40.166666666666664,-0.0292,-0.0292,0.4326053769532052,-0.0,0.0457645909387827,0.0,0.0
40.2,-0.035,-0.035,0.20096901347265828,-0.0,0.04541097320471112,0.0,0.0
40.233333333333334,-0.0408,-0.0408,-0.035109070267878906,-0.0,0.0447172480283238,0.0,0.0
40.266666666666666,-0.0467,-0.0467,-0.2798897589624403,-0.0,0.04368451425049147,0.0,0.0
40.3,-0.0525,-0.0525,-0.5251498427199408,-0.0,0.042307400328021584,0.0,0.0
40.333333333333336,-0.0583,-0.0583,-0.7750730407004198,-0.0,0.04059296470440617,0.0,0.0
40.36666666666667,-0.0642,-0.0642,-1.0341666978641797,-0.0,0.038541744460124844,0.0,0.0
40.4,-0.07,-0.07,-1.2937243157704472,-0.0,0.036147401868803795,0.0,0.0
40.43333333333333,-0.0758,-0.0758,-1.5581720791445832,-0.0,0.033416731632403565,0.0,0.0
40.46666666666667,-0.0817,-0.0817,-1.8322754502374892,-0.0,0.030349603387806273,0.0,0.0
40.5,-0.0875,-0.0875,-2.106820808458764,-0.0,0.026938591587987656,0.0,0.0
40.53333333333333,-0.0933,-0.0933,-2.3864883403640533,-0.0,0.02319014337033784,0.0,0.0
40.56666666666666,-0.0992,-0.0992,-2.6763134922283314,-0.0,0.019103360942529592,0.0,0.0
40.6,-0.105,-0.105,-2.966551122358922,-0.0,0.014669612860430732,0.0,0.0
40.63333333333333,-0.1108,-0.1108,-3.262147174257535,-0.0,0.009894917503670532,0.0,0.0
40.666666666666664,-0.1167,-0.1167,-3.5684191083864505,-0.0,0.004777510201430747,0.0,0.0
40.7,-0.1225,-0.1225,-3.8750653738527348,-0.0,-0.0006925625556957228,0.0,0.0
40.733333333333334,-0.1283,-0.1283,-4.187309601177887,-0.0,-0.006509087063945833,0.0,0.0
40.766666666666666,-0.1342,-0.1342,-4.510763404231156,-0.0,-0.012671949448314932,0.0,0.0
40.8,-0.14,-0.14,-4.834543537465976,-0.0,-0.019188908144338226,0.0,0.0
40.833333333333336,-0.1458,-0.1458,-5.164163371757937,-0.0,-0.02605088347976367,0.0,0.0
40.86666666666667,-0.1517,-0.1517,-5.505540859521432,-0.0,-0.03325697397781761,0.0,0.0
40.9,-0.1575,-0.1575,-5.847185486676963,-0.0,-0.04081487010613187,0.0,0.0
40.93333333333333,-0.1633,-0.1633,-6.19491248089065,-0.0,-0.04871446678564137,0.0,0.0
40.96666666666667,-0.1692,-0.1692,-6.554958291616202,-0.0,-0.05695427385669473,0.0,0.0
41.0,-0.175,-0.175,-6.915199401598187,-0.0,-0.06554183778889512,0.0,0.0
41.03333333333333,-0.1808,-0.1808,-7.28176500556593,-0.0,-0.07446591964807323,0.0,0.0
41.06666666666666,-0.1867,-0.1867,-7.661222099252399,-0.0,-0.08372435904533847,0.0,0.0
41.1,-0.1925,-0.1925,-8.040788414804979,-0.0,-0.09332450142185844,0.0,0.0
41.13333333333333,-0.1983,-0.1983,-8.42691913913788,-0.0,-0.10325388590062815,0.0,0.0
41.166666666666664,-0.2042,-0.2042,-8.8265236610236,-0.0,-0.1135096220206993,0.0,0.0
41.2,-0.21,-0.21,-9.226135371678296,-0.0,-0.12409881975058043,0.0,0.0
41.233333333333334,-0.2158,-0.2158,-9.632547300900768,-0.0,-0.13500773228623456,0.0,0.0
41.266666666666666,-0.2217,-0.2217,-10.053022770456508,-0.0,-0.14623270441197186,0.0,0.0
41.3,-0.2275,-0.2275,-10.47338559061285,-0.0,-0.1577806018683851,0.0,0.0
41.333333333333336,-0.2333,-0.2333,-10.90077821028514,-0.0,-0.16963635519900586,0.0,0.0
41.36666666666667,-0.2392,-0.2392,-11.342829001572497,-0.0,-0.18179553762130546,0.0,0.0
41.4,-0.245,-0.245,-11.784627522041177,-0.0,-0.19426478978568829,0.0,0.0
41.43333333333333,-0.2508,-0.2508,-12.233676830278455,-0.0,-0.20702771227620712,0.0,0.0
41.46666666666667,-0.2567,-0.2567,-12.69798091592601,-0.0,-0.22007912936762172,0.0,0.0
41.5,-0.2625,-0.2625,-13.161871224197654,-0.0,-0.23342550457283662,0.0,0.0
41.53333333333333,-0.2683,-0.2683,-13.633222105603778,-0.0,-0.2470491314309618,0.0,0.0
41.56666666666666,-0.2742,-0.2742,-14.120423045117917,-0.0,-0.2609441374205171,0.0,0.0
41.6,-0.28,-0.28,-14.607024598683694,-0.0,-0.27511688502191056,0.0,0.0
41.63333333333333,-0.2858,-0.2858,-15.101282448543245,-0.0,-0.2895484130484118,0.0,0.0
41.666666666666664,-0.2917,-0.2917,-15.611980612475818,-0.0,-0.30423223223598667,0.0,0.0
41.7,-0.2975,-0.2975,-16.1218673609727,-0.0,-0.3191747058684186,0.0,0.0
41.733333333333334,-0.3033,-0.3033,-16.63958895983663,-0.0,-0.33435569719756775,0.0,0.0
41.766666666666666,-0.3092,-0.3092,-17.17433199472967,-0.0,-0.349768204794593,0.0,0.0
41.8,-0.315,-0.315,-17.708022760756933,-0.0,-0.36541871612507537,0.0,0.0
41.833333333333336,-0.3208,-0.3208,-18.24970641454675,-0.0,-0.3812860206400102,0.0,0.0
41.86666666666667,-0.3267,-0.3267,-18.808978969783922,-0.0,-0.3973627288106897,0.0,0.0
41.9,-0.3325,-0.3325,-19.36692711513558,-0.0,-0.4136555914274914,0.0,0.0
41.93333333333333,-0.3383,-0.3383,-19.933002093765566,-0.0,-0.4301424427958081,0.0,0.0
41.96666666666667,-0.3442,-0.3442,-20.5172148506565,-0.0,-0.4468156424471578,0.0,0.0
42.0,-0.35,-0.35,-21.099797274597663,-0.0,-0.46368235239372785,0.0,0.0
42.03333333333333,-0.35,-0.35,-21.099797274597663,-0.0,-0.4807195806005934,0.0,0.0
42.06666666666666,-0.35,-0.35,-21.099797274597663,-0.0,-0.4970403091904611,0.0,0.0
42.1,-0.35,-0.35,-21.099797274597663,-0.0,-0.5126630929344663,0.0,0.0
42.13333333333333,-0.35,-0.35,-21.099797274597663,-0.0,-0.5276071779529715,0.0,0.0
42.166666666666664,-0.35,-0.35,-21.099797274597663,-0.0,-0.5418923555056353,0.0,0.0
42.2,-0.35,-0.35,-21.099797274597663,-0.0,-0.5555388261460287,0.0,0.0
42.233333333333334,-0.35,-0.35,-21.099797274597663,-0.0,-0.5685670743683735,0.0,0.0
42.266666666666666,-0.35,-0.35,-21.099797274597663,-0.0,-0.580997753727885,0.0,0.0
42.3,-0.35,-0.35,-21.099797274597663,-0.0,-0.5928515822911671,0.0,0.0
42.333333333333336,-0.35,-0.35,-21.099797274597663,-0.0,-0.6041492481682169,0.0,0.0
42.36666666666667,-0.35,-0.35,-21.099797274597663,-0.0,-0.6149113247916282,0.0,0.0
42.4,-0.35,-0.35,-21.099797274597663,-0.0,-0.6251581955401074,0.0,0.0
42.43333333333333,-0.35,-0.35,-21.099797274597663,-0.0,-0.6349099872508517,0.0,0.0
42.46666666666667,-0.35,-0.35,-21.099797274597663,-0.0,-0.6441865121270519,0.0,0.0
42.5,-0.35,-0.35,-21.099797274597663,-0.0,-0.6530072175211106,0.0,0.0
42.53333333333333,-0.35,-0.35,-21.099797274597663,-0.0,-0.6613911430594801,0.0,0.0
42.56666666666666,-0.35,-0.35,-21.099797274597663,-0.0,-0.6693568845697714,0.0,0.0
42.6,-0.35,-0.35,-21.099797274597663,-0.0,-0.6769225642734776,0.0,0.0
42.63333333333333,-0.35,-0.35,-21.099797274597663,-0.0,-0.6841058067169463,0.0,0.0
42.666666666666664,-0.35,-0.35,-21.099797274597663,-0.0,-0.69092371992786,0.0,0.0
42.7,-0.35,-0.35,-21.099797274597663,-0.0,-0.6973928813033391,0.0,0.0
42.733333333333334,-0.35,-0.35,-21.099797274597663,-0.0,-0.7035293277578543,0.0,0.0
42.766666666666666,-0.35,-0.35,-21.099797274597663,-0.0,-0.7093485496835606,0.0,0.0
42.8,-0.35,-0.35,-21.099797274597663,-0.0,-0.7148654883016837,0.0,0.0
42.833333333333336,-0.35,-0.35,-21.099797274597663,-0.0,-0.7200945360105503,0.0,0.0
42.86666666666667,-0.35,-0.35,-21.099797274597663,-0.0,-0.7250495393632187,0.0,0.0
42.9,-0.35,-0.35,-21.099797274597663,-0.0,-0.7297438043349775,0.0,0.0
42.93333333333333,-0.35,-0.35,-21.099797274597663,-0.0,-0.7341901035678711,0.0,0.0
42.96666666666667,-0.35,-0.35,-21.099797274597663,-0.0,-0.7384006853055894,0.0,0.0
43.0,-0.35,-0.35,-21.099797274597663,-0.0,-0.7423872837572996,0.0,0.0
43.03333333333333,-0.35,-0.35,-21.099797274597663,-0.0,-0.7461611306531142,0.0,0.0
43.06666666666666,-0.35,-0.35,-21.099797274597663,-0.0,-0.7497329677767866,0.0,0.0
43.1,-0.35,-0.35,-21.099797274597663,-0.0,-0.7531130602827877,0.0,0.0
43.13333333333333,-0.35,-0.35,-21.099797274597663,-0.0,-0.7563112106251301,0.0,0.0
43.166666666666664,-0.35,-0.35,-21.099797274597663,-0.0,-0.7593367729441298,0.0,0.0
43.2,-0.35,-0.35,-21.099797274597663,-0.0,-0.7621986677747461,0.0,0.0
43.233333333333334,-0.35,-0.35,-21.099797274597663,-0.0,-0.7649053969562374,0.0,0.0
43.266666666666666,-0.35,-0.35,-21.099797274597663,-0.0,-0.7674650586376592,0.0,0.0
43.3,-0.35,-0.35,-21.099797274597663,-0.0,-0.7698853622872509,0.0,0.0
43.333333333333336,-0.35,-0.35,-21.099797274597663,-0.0,-0.7721736436260774,0.0,0.0
43.36666666666667,-0.35,-0.35,-21.099797274597663,-0.0,-0.7743368794174693,0.0,0.0
43.4,-0.35,-0.35,-21.099797274597663,-0.0,-0.7763817020539089,0.0,0.0
43.43333333333333,-0.35,-0.35,-21.099797274597663,-0.0,-0.7783144138921084,0.0,0.0
43.46666666666667,-0.35,-0.35,-21.099797274597663,-0.0,-0.780141001295191,0.0,0.0
43.5,-0.35,-0.35,-21.099797274597663,-0.0,-0.7818671483481822,0.0,0.0
43.53333333333333,-0.35,-0.35,-21.099797274597663,-0.0,-0.7834982502195186,0.0,0.0
43.56666666666666,-0.35,-0.35,-21.099797274597663,-0.0,-0.7850394261470452,0.0,0.0
43.6,-0.35,-0.35,-21.099797274597663,-0.0,-0.786495532032063,0.0,0.0
43.63333333333333,-0.35,-0.35,-21.099797274597663,-0.0,-0.7878711726294694,0.0,0.0
43.666666666666664,-0.35,-0.35,-21.099797274597663,-0.0,-0.789170713325956,0.0,0.0
43.7,-0.35,-0.35,-21.099797274597663,-0.0,-0.7903982915016456,0.0,0.0
43.733333333333334,-0.35,-0.35,-21.099797274597663,-0.0,-0.7915578274735098,0.0,0.0
43.766666666666666,-0.35,-0.35,-21.099797274597663,-0.0,-0.7926530350214634,0.0,0.0
43.8,-0.35,-0.35,-21.099797274597663,-0.0,-0.7936874315002127,0.0,0.0
43.833333333333336,-0.35,-0.35,-21.099797274597663,-0.0,-0.7946643475417856,0.0,0.0
43.86666666666667,-0.35,-0.35,-21.099797274597663,-0.0,-0.7955869363552359,0.0,0.0
43.9,-0.35,-0.35,-21.099797274597663,-0.0,-0.7964581826313054,0.0,0.0
43.93333333333333,-0.35,-0.35,-21.099797274597663,-0.0,-0.7972809110608972,0.0,0.0
43.96666666666667,-0.35,-0.35,-21.099797274597663,-0.0,-0.7980577944770714,0.0,0.0
44.0,-0.35,-0.35,-21.099797274597663,-0.0,-0.7987913616309562,0.0,0.0
44.03333333333333,-0.35,-0.35,-21.099797274597663,-0.0,-0.7994840046124858,0.0,0.0
44.06666666666666,-0.35,-0.35,-21.099797274597663,-0.0,-0.8001379859272612,0.0,0.0
44.1,-0.35,-0.35,-21.099797274597663,-0.0,-0.8007554452410927,0.0,0.0
44.13333333333333,-0.35,-0.35,-21.099797274597663,-0.0,-0.8013384058039378,0.0,0.0
44.166666666666664,-0.35,-0.35,-21.099797274597663,-0.0,-0.8018887805650179,0.0,0.0
44.2,-0.35,-0.35,-21.099797274597663,-0.0,-0.8024083779908858,0.0,0.0
44.233333333333334,-0.35,-0.35,-21.099797274597663,-0.0,-0.8028989075981414,0.0,0.0
44.266666666666666,-0.35,-0.35,-21.099797274597663,-0.0,-0.8033619852123601,0.0,0.0
44.3,-0.35,-0.35,-21.099797274597663,-0.0,-0.803799137964623,0.0,0.0
44.333333333333336,-0.35,-0.35,-21.099797274597663,-0.0,-0.8042118090368168,0.0,0.0
44.36666666666667,-0.35,-0.35,-21.099797274597663,-0.0,-0.8046013621666285,0.0,0.0
44.4,-0.35,-0.35,-21.099797274597663,-0.0,-0.8049690859228813,0.0,0.0
44.43333333333333,-0.35,-0.35,-21.099797274597663,-0.0,-0.8053161977615673,0.0,0.0
44.46666666666667,-0.35,-0.35,-21.099797274597663,-0.0,-0.8056438478726209,0.0,0.0
44.5,-0.35,-0.35,-21.099797274597663,-0.0,-0.8059531228271597,0.0,0.0
44.53333333333333,-0.35,-0.35,-21.099797274597663,-0.0,-0.8062450490345876,0.0,0.0
44.56666666666666,-0.35,-0.35,-21.099797274597663,-0.0,-0.806520596018625,0.0,0.0
44.6,-0.35,-0.35,-21.099797274597663,-0.0,-0.8067806795209945,0.0,0.0
44.63333333333333,-0.35,-0.35,-21.099797274597663,-0.0,-0.8070261644411575,0.0,0.0
44.666666666666664,-0.35,-0.35,-21.099797274597663,-0.0,-0.8072578676201635,0.0,0.0
44.7,-0.35,-0.35,-21.099797274597663,-0.0,-0.8074765604763466,0.0,0.0
44.733333333333334,-0.35,-0.35,-21.099797274597663,-0.0,-0.8076829715002793,0.0,0.0
44.766666666666666,-0.35,-0.35,-21.099797274597663,-0.0,-0.8078777886160776,0.0,0.0
44.8,-0.35,-0.35,-21.099797274597663,-0.0,-0.8080616614158416,0.0,0.0
44.833333333333336,-0.35,-0.35,-21.099797274597663,-0.0,-0.8082352032737121,0.0,0.0
44.86666666666667,-0.35,-0.35,-21.099797274597663,-0.0,-0.8083989933457338,0.0,0.0
44.9,-0.35,-0.35,-21.099797274597663,-0.0,-0.8085535784614255,0.0,0.0
44.93333333333333,-0.35,-0.35,-21.099797274597663,-0.0,-0.808699474912688,0.0,0.0
44.96666666666667,-0.35,-0.35,-21.099797274597663,-0.0,-0.8088371701454111,0.0,0.0
45.0,-0.35,-0.35,-21.099797274597663,-0.0,-0.8089671243588841,0.0,0.0
45.03333333333333,-0.35,-0.35,-21.099797274597663,-0.0,-0.8090897720178692,0.0,0.0
45.06666666666666,-0.35,-0.35,-21.099797274597663,-0.0,-0.809205523281959,0.0,0.0
45.1,-0.35,-0.35,-21.099797274597663,-0.0,-0.8093147653566102,0.0,0.0
45.13333333333333,-0.35,-0.35,-21.099797274597663,-0.0,-0.8094178637700281,0.0,0.0
45.166666666666664,-0.35,-0.35,-21.099797274597663,-0.0,-0.8095151635798681,0.0,0.0
45.2,-0.35,-0.35,-21.099797274597663,-0.0,-0.8096069905135166,0.0,0.0
45.233333333333334,-0.35,-0.35,-21.099797274597663,-0.0,-0.8096936520455262,0.0,0.0
45.266666666666666,-0.35,-0.35,-21.099797274597663,-0.0,-0.8097754384155942,0.0,0.0
45.3,-0.35,-0.35,-21.099797274597663,-0.0,-0.8098526235902991,0.0,0.0
45.333333333333336,-0.35,-0.35,-21.099797274597663,-0.0,-0.8099254661716461,0.0,0.0
45.36666666666667,-0.35,-0.35,-21.099797274597663,-0.0,-0.8099942102553085,0.0,0.0
45.4,-0.35,-0.35,-21.099797274597663,-0.0,-0.8100590862413061,0.0,0.0
45.43333333333333,-0.35,-0.35,-21.099797274597663,-0.0,-0.8101203115997135,0.0,0.0
45.46666666666667,-0.35,-0.35,-21.099797274597663,-0.0,-0.810178091593858,0.0,0.0
45.5,-0.35,-0.35,-21.099797274597663,-0.0,-0.8102326199633317,0.0,0.0
45.53333333333333,-0.35,-0.35,-21.099797274597663,-0.0,-0.8102840795690249,0.0,0.0
45.56666666666666,-0.35,-0.35,-21.099797274597663,-0.0,-0.8103326430022638,0.0,0.0
45.6,-0.35,-0.35,-21.099797274597663,-0.0,-0.8103784731600285,0.0,0.0
45.63333333333333,-0.35,-0.35,-21.099797274597663,-0.0,-0.8104217237881192,0.0,0.0
45.666666666666664,-0.35,-0.35,-21.099797274597663,-0.0,-0.8104625399940376,0.0,0.0
45.7,-0.35,-0.35,-21.099797274597663,-0.0,-0.8105010587312572,0.0,0.0
45.733333333333334,-0.35,-0.35,-21.099797274597663,-0.0,-0.8105374092564622,0.0,0.0
45.766666666666666,-0.35,-0.35,-21.099797274597663,-0.0,-0.810571713561252,0.0,0.0
45.8,-0.35,-0.35,-21.099797274597663,-0.0,-0.810604086779726,0.0,0.0
45.833333333333336,-0.35,-0.35,-21.099797274597663,-0.0,-0.8106346375732847,0.0,0.0
45.86666666666667,-0.35,-0.35,-21.099797274597663,-0.0,-0.8106634684939134,0.0,0.0
45.9,-0.35,-0.35,-21.099797274597663,-0.0,-0.8106906763271414,0.0,0.0
45.93333333333333,-0.35,-0.35,-21.099797274597663,-0.0,-0.8107163524158091,0.0,0.0
45.96666666666667,-0.35,-0.35,-21.099797274597663,-0.0,-0.8107405829657074,0.0,0.0
46.0,-0.35,-0.35,-21.099797274597663,-0.0,-0.8107634493341022,0.0,0.0
46.03333333333333,-0.35,-0.35,-21.099797274597663,-0.0,-0.8107850283020939,0.0,0.0
46.06666666666666,-0.35,-0.35,-21.099797274597663,-0.0,-0.8108053923317153,0.0,0.0
46.1,-0.35,-0.35,-21.099797274597663,-0.0,-0.8108246098086185,0.0,0.0
46.13333333333333,-0.35,-0.35,-21.099797274597663,-0.0,-0.8108427452711534,0.0,0.0
46.166666666666664,-0.35,-0.35,-21.099797274597663,-0.0,-0.8108598596266008,0.0,0.0
46.2,-0.35,-0.35,-21.099797274597663,-0.0,-0.8108760103552739,0.0,0.0
46.233333333333334,-0.35,-0.35,-21.099797274597663,-0.0,-0.8108912517031694,0.0,0.0
46.266666666666666,-0.35,-0.35,-21.099797274597663,-0.0,-0.8109056348638063,0.0,0.0
46.3,-0.35,-0.35,-21.099797274597663,-0.0,-0.810919208149858,0.0,0.0
46.333333333333336,-0.35,-0.35,-21.099797274597663,-0.0,-0.8109320171551485,0.0,0.0
46.36666666666667,-0.35,-0.35,-21.099797274597663,-0.0,-0.810944104907553,0.0,0.0
46.4,-0.35,-0.35,-21.099797274597663,-0.0,-0.8109555120133103,0.0,0.0
46.43333333333333,-0.35,-0.35,-21.099797274597663,-0.0,-0.8109662767932303,0.0,0.0
46.46666666666667,-0.35,-0.35,-21.099797274597663,-0.0,-0.8109764354112486,0.0,0.0
46.5,-0.35,-0.35,-21.099797274597663,-0.0,-0.8109860219957593,0.0,0.0
46.53333333333333,-0.35,-0.35,-21.099797274597663,-0.0,-0.8109950687541283,0.0,0.0
46.56666666666666,-0.35,-0.35,-21.099797274597663,-0.0,-0.8110036060807723,0.0,0.0
46.6,-0.35,-0.35,-21.099797274597663,-0.0,-0.8110116626591618,0.0,0.0
46.63333333333333,-0.35,-0.35,-21.099797274597663,-0.0,-0.8110192655580912,0.0,0.0
46.666666666666664,-0.35,-0.35,-21.099797274597663,-0.0,-0.811026440322536,0.0,0.0
46.7,-0.35,-0.35,-21.099797274597663,-0.0,-0.8110332110594017,0.0,0.0
46.733333333333334,-0.35,-0.35,-21.099797274597663,-0.0,-0.8110396005184515,0.0,0.0
46.766666666666666,-0.35,-0.35,-21.099797274597663,-0.0,-0.811045630168682,0.0,0.0
46.8,-0.35,-0.35,-21.099797274597663,-0.0,-0.8110513202704052,0.0,0.0
46.833333333333336,-0.35,-0.35,-21.099797274597663,-0.0,-0.8110566899432745,0.0,0.0
46.86666666666667,-0.35,-0.35,-21.099797274597663,-0.0,-0.811061757230486,0.0,0.0
46.9,-0.35,-0.35,-21.099797274597663,-0.0,-0.811066539159367,0.0,0.0
46.93333333333333,-0.35,-0.35,-21.099797274597663,-0.0,-0.8110710517985571,0.0,0.0
46.96666666666667,-0.35,-0.35,-21.099797274597663,-0.0,-0.8110753103119717,0.0,0.0
47.0,-0.35,-0.35,-21.099797274597663,-0.0,-0.8110793290097296,0.0,0.0
47.03333333333333,-0.35,-0.35,-21.099797274597663,-0.0,-0.8110831213962152,0.0,0.0
47.06666666666666,-0.35,-0.35,-21.099797274597663,-0.0,-0.8110867002154363,0.0,0.0
47.1,-0.35,-0.35,-21.099797274597663,-0.0,-0.8110900774938293,0.0,0.0
47.13333333333333,-0.35,-0.35,-21.099797274597663,-0.0,-0.8110932645806561,0.0,0.0
47.166666666666664,-0.35,-0.35,-21.099797274597663,-0.0,-0.811096272186127,0.0,0.0
47.2,-0.35,-0.35,-21.099797274597663,-0.0,-0.8110991104173786,0.0,0.0
47.233333333333334,-0.35,-0.35,-21.099797274597663,-0.0,-0.8111017888124264,0.0,0.0
47.266666666666666,-0.35,-0.35,-21.099797274597663,-0.0,-0.8111043163722071,0.0,0.0
47.3,-0.35,-0.35,-21.099797274597663,-0.0,-0.8111067015908168,0.0,0.0
47.333333333333336,-0.35,-0.35,-21.099797274597663,-0.0,-0.811108952484047,0.0,0.0
47.36666666666667,-0.35,-0.35,-21.099797274597663,-0.0,-0.8111110766163154,0.0,0.0
47.4,-0.35,-0.35,-21.099797274597663,-0.0,-0.8111130811260799,0.0,0.0
47.43333333333333,-0.35,-0.35,-21.099797274597663,-0.0,-0.8111149727498219,0.0,0.0
47.46666666666667,-0.35,-0.35,-21.099797274597663,-0.0,-0.8111167578446802,0.0,0.0
47.5,-0.35,-0.35,-21.099797274597663,-0.0,-0.8111184424098101,0.0,0.0
47.53333333333333,-0.35,-0.35,-21.099797274597663,-0.0,-0.8111200321065407,0.0,0.0
47.56666666666666,-0.35,-0.35,-21.099797274597663,-0.0,-0.8111215322773966,0.0,0.0
47.6,-0.35,-0.35,-21.099797274597663,-0.0,-0.8111229479640495,0.0,0.0
47.63333333333333,-0.35,-0.35,-21.099797274597663,-0.0,-0.8111242839242585,0.0,0.0
47.666666666666664,-0.35,-0.35,-21.099797274597663,-0.0,-0.8111255446478574,0.0,0.0
47.7,-0.35,-0.35,-21.099797274597663,-0.0,-0.8111267343718409,0.0,0.0
47.733333333333334,-0.35,-0.35,-21.099797274597663,-0.0,-0.8111278570946026,0.0,0.0
47.766666666666666,-0.35,-0.35,-21.099797274597663,-0.0,-0.81112891658937,0.0,0.0
47.8,-0.35,-0.35,-21.099797274597663,-0.0,-0.8111299164168845,0.0,0.0
47.833333333333336,-0.35,-0.35,-21.099797274597663,-0.0,-0.8111308599373661,0.0,0.0
47.86666666666667,-0.35,-0.35,-21.099797274597663,-0.0,-0.8111317503218057,0.0,0.0
47.9,-0.35,-0.35,-21.099797274597663,-0.0,-0.8111325905626205,0.0,0.0
47.93333333333333,-0.35,-0.35,-21.099797274597663,-0.0,-0.81113338348371,0.0,0.0
47.96666666666667,-0.35,-0.35,-21.099797274597663,-0.0,-0.8111341317499455,0.0,0.0
48.0,-0.35,-0.35,-21.099797274597663,-0.0,-0.811134837876126,0.0,0.0
48.03333333333333,-0.35,-0.35,-21.099797274597663,-0.0,-0.8111355042354282,0.0,0.0
48.06666666666666,-0.35,-0.35,-21.099797274597663,-0.0,-0.811136133067383,0.0,0.0
48.1,-0.35,-0.35,-21.099797274597663,-0.0,-0.8111367264854004,0.0,0.0
48.13333333333333,-0.35,-0.35,-21.099797274597663,-0.0,-0.8111372864838725,0.0,0.0
48.166666666666664,-0.35,-0.35,-21.099797274597663,-0.0,-0.8111378149448757,0.0,0.0
48.2,-0.35,-0.35,-21.099797274597663,-0.0,-0.8111383136444956,0.0,0.0
48.233333333333334,-0.35,-0.35,-21.099797274597663,-0.0,-0.8111387842587959,0.0,0.0
48.266666666666666,-0.35,-0.35,-21.099797274597663,-0.0,-0.8111392283694512,0.0,0.0
48.3,-0.35,-0.35,-21.099797274597663,-0.0,-0.811139647469062,0.0,0.0
48.333333333333336,-0.35,-0.35,-21.099797274597663,-0.0,-0.8111400429661714,0.0,0.0
48.36666666666667,-0.35,-0.35,-21.099797274597663,-0.0,-0.8111404161899987,0.0,0.0
48.4,-0.35,-0.35,-21.099797274597663,-0.0,-0.8111407683949063,0.0,0.0
48.43333333333333,-0.35,-0.35,-21.099797274597663,-0.0,-0.8111411007646157,0.0,0.0
48.46666666666667,-0.35,-0.35,-21.099797274597663,-0.0,-0.811141414416185,0.0,0.0
48.5,-0.35,-0.35,-21.099797274597663,-0.0,-0.8111417104037639,0.0,0.0
48.53333333333333,-0.35,-0.35,-21.099797274597663,-0.0,-0.8111419897221357,0.0,0.0
48.56666666666666,-0.35,-0.35,-21.099797274597663,-0.0,-0.8111422533100611,0.0,0.0
48.6,-0.35,-0.35,-21.099797274597663,-0.0,-0.8111425020534326,0.0,0.0
48.63333333333333,-0.35,-0.35,-21.099797274597663,-0.0,-0.8111427367882527,0.0,0.0
48.666666666666664,-0.35,-0.35,-21.099797274597663,-0.0,-0.8111429583034423,0.0,0.0
48.7,-0.35,-0.35,-21.099797274597663,-0.0,-0.8111431673434933,0.0,0.0
48.733333333333334,-0.35,-0.35,-21.099797274597663,-0.0,-0.8111433646109701,0.0,0.0
48.766666666666666,-0.35,-0.35,-21.099797274597663,-0.0,-0.8111435507688708,0.0,0.0
48.8,-0.35,-0.35,-21.099797274597663,-0.0,-0.8111437264428554,0.0,0.0
48.833333333333336,-0.35,-0.35,-21.099797274597663,-0.0,-0.8111438922233487,0.0,0.0
48.86666666666667,-0.35,-0.35,-21.099797274597663,-0.0,-0.8111440486675247,0.0,0.0
48.9,-0.35,-0.35,-21.099797274597663,-0.0,-0.8111441963011788,0.0,0.0
48.93333333333333,-0.35,-0.35,-21.099797274597663,-0.0,-0.8111443356204957,0.0,0.0
48.96666666666667,-0.35,-0.35,-21.099797274597663,-0.0,-0.8111444670937158,0.0,0.0
49.0,-0.35,-0.35,-21.099797274597663,-0.0,-0.8111445911627099,0.0,0.0
49.03333333333333,-0.35,-0.35,-21.099797274597663,-0.0,-0.8111447082444638,0.0,0.0
49.06666666666666,-0.35,-0.35,-21.099797274597663,-0.0,-0.8111448187324801,0.0,0.0
49.1,-0.35,-0.35,-21.099797274597663,-0.0,-0.8111449229981003,0.0,0.0
49.13333333333333,-0.35,-0.35,-21.099797274597663,-0.0,-0.8111450213917528,0.0,0.0
49.166666666666664,-0.35,-0.35,-21.099797274597663,-0.0,-0.8111451142441313,0.0,0.0
49.2,-0.35,-0.35,-21.099797274597663,-0.0,-0.8111452018673054,0.0,0.0
49.233333333333334,-0.35,-0.35,-21.099797274597663,-0.0,-0.8111452845557701,0.0,0.0
49.266666666666666,-0.35,-0.35,-21.099797274597663,-0.0,-0.811145362587435,0.0,0.0
49.3,-0.35,-0.35,-21.099797274597663,-0.0,-0.8111454362245587,0.0,0.0
49.333333333333336,-0.35,-0.35,-21.099797274597663,-0.0,-0.8111455057146302,0.0,0.0
49.36666666666667,-0.35,-0.35,-21.099797274597663,-0.0,-0.8111455712912006,0.0,0.0
49.4,-0.35,-0.35,-21.099797274597663,-0.0,-0.8111456331746678,0.0,0.0
49.43333333333333,-0.35,-0.35,-21.099797274597663,-0.0,-0.8111456915730179,0.0,0.0
49.46666666666667,-0.35,-0.35,-21.099797274597663,-0.0,-0.8111457466825234,0.0,0.0
49.5,-0.35,-0.35,-21.099797274597663,-0.0,-0.8111457986884034,0.0,0.0
49.53333333333333,-0.35,-0.35,-21.099797274597663,-0.0,-0.8111458477654461,0.0,0.0
49.56666666666666,-0.35,-0.35,-21.099797274597663,-0.0,-0.8111458940785958,0.0,0.0
49.6,-0.35,-0.35,-21.099797274597663,-0.0,-0.811145937783508,0.0,0.0
49.63333333333333,-0.35,-0.35,-21.099797274597663,-0.0,-0.8111459790270716,0.0,0.0
49.666666666666664,-0.35,-0.35,-21.099797274597663,-0.0,-0.8111460179479036,0.0,0.0
49.7,-0.35,-0.35,-21.099797274597663,-0.0,-0.8111460546768141,0.0,0.0
49.733333333333334,-0.35,-0.35,-21.099797274597663,-0.0,-0.8111460893372465,0.0,0.0
49.766666666666666,-0.35,-0.35,-21.099797274597663,-0.0,-0.811146122045692,0.0,0.0
49.8,-0.35,-0.35,-21.099797274597663,-0.0,-0.8111461529120816,0.0,0.0
49.833333333333336,-0.35,-0.35,-21.099797274597663,-0.0,-0.8111461820401551,0.0,0.0
49.86666666666667,-0.35,-0.35,-21.099797274597663,-0.0,-0.8111462095278099,0.0,0.0
49.9,-0.35,-0.35,-21.099797274597663,-0.0,-0.8111462354674303,0.0,0.0
49.93333333333333,-0.35,-0.35,-21.099797274597663,-0.0,-0.8111462599461975,0.0,0.0
49.96666666666667,-0.35,-0.35,-21.099797274597663,-0.0,-0.811146283046383,0.0,0.0
50.0,-0.35,-0.35,-21.099797274597663,-0.0,-0.8111463048456251,0.0,0.0
50.03333333333333,-0.35,-0.35,-21.099797274597663,-0.0,-0.8111463254171895,0.0,0.0
50.06666666666666,-0.35,-0.35,-21.099797274597663,-0.0,-0.8111463448302157,0.0,0.0
50.1,-0.35,-0.35,-21.099797274597663,-0.0,-0.8111463631499499,0.0,0.0
50.13333333333333,-0.35,-0.35,-21.099797274597663,-0.0,-0.8111463804379633,0.0,0.0
50.166666666666664,-0.35,-0.35,-21.099797274597663,-0.0,-0.8111463967523598,0.0,0.0
50.2,-0.35,-0.35,-21.099797274597663,-0.0,-0.8111464121479711,0.0,0.0
50.233333333333334,-0.35,-0.35,-21.099797274597663,-0.0,-0.8111464266765408,0.0,0.0
50.266666666666666,-0.35,-0.35,-21.099797274597663,-0.0,-0.8111464403868984,0.0,0.0
50.3,-0.35,-0.35,-21.099797274597663,-0.0,-0.8111464533251236,0.0,0.0
50.333333333333336,-0.35,-0.35,-21.099797274597663,-0.0,-0.8111464655347008,0.0,0.0
50.36666666666667,-0.35,-0.35,-21.099797274597663,-0.0,-0.8111464770566658,0.0,0.0
50.4,-0.35,-0.35,-21.099797274597663,-0.0,-0.811146487929743,0.0,0.0
50.43333333333333,-0.35,-0.35,-21.099797274597663,-0.0,-0.8111464981904761,0.0,0.0
50.46666666666667,-0.35,-0.35,-21.099797274597663,-0.0,-0.8111465078733509,0.0,0.0
50.5,-0.35,-0.35,-21.099797274597663,-0.0,-0.8111465170109107,0.0,0.0
50.53333333333333,-0.35,-0.35,-21.099797274597663,-0.0,-0.8111465256338664,0.0,0.0
50.56666666666666,-0.35,-0.35,-21.099797274597663,-0.0,-0.811146533771199,0.0,0.0
50.6,-0.35,-0.35,-21.099797274597663,-0.0,-0.8111465414502579,0.0,0.0
50.63333333333333,-0.35,-0.35,-21.099797274597663,-0.0,-0.8111465486968517,0.0,0.0
50.666666666666664,-0.35,-0.35,-21.099797274597663,-0.0,-0.8111465555353357,0.0,0.0
50.7,-0.35,-0.35,-21.099797274597663,-0.0,-0.8111465619886936,0.0,0.0
50.733333333333334,-0.35,-0.35,-21.099797274597663,-0.0,-0.8111465680786148,0.0,0.0
50.766666666666666,-0.35,-0.35,-21.099797274597663,-0.0,-0.8111465738255672,0.0,0.0
50.8,-0.35,-0.35,-21.099797274597663,-0.0,-0.8111465792488658,0.0,0.0
50.833333333333336,-0.35,-0.35,-21.099797274597663,-0.0,-0.8111465843667379,0.0,0.0
50.86666666666667,-0.35,-0.35,-21.099797274597663,-0.0,-0.8111465891963845,0.0,0.0
50.9,-0.35,-0.35,-21.099797274597663,-0.0,-0.8111465937540376,0.0,0.0
50.93333333333333,-0.35,-0.35,-21.099797274597663,-0.0,-0.8111465980550153,0.0,0.0
50.96666666666667,-0.35,-0.35,-21.099797274597663,-0.0,-0.8111466021137729,0.0,0.0
51.0,-0.35,-0.35,-21.099797274597663,-0.0,-0.8111466059439515,0.0,0.0
51.03333333333333,-0.35,-0.35,-21.099797274597663,-0.0,-0.8111466095584242,0.0,0.0
51.06666666666666,-0.35,-0.35,-21.099797274597663,-0.0,-0.811146612969339,0.0,0.0
51.1,-0.35,-0.35,-21.099797274597663,-0.0,-0.8111466161881598,0.0,0.0
51.13333333333333,-0.35,-0.35,-21.099797274597663,-0.0,-0.8111466192257046,0.0,0.0
51.166666666666664,-0.35,-0.35,-21.099797274597663,-0.0,-0.8111466220921827,0.0,0.0
51.2,-0.35,-0.35,-21.099797274597663,-0.0,-0.811146624797228,0.0,0.0
51.233333333333334,-0.35,-0.35,-21.099797274597663,-0.0,-0.811146627349932,0.0,0.0
51.266666666666666,-0.35,-0.35,-21.099797274597663,-0.0,-0.8111466297588742,0.0,0.0
51.3,-0.35,-0.35,-21.099797274597663,-0.0,-0.8111466320321509,0.0,0.0
51.333333333333336,-0.35,-0.35,-21.099797274597663,-0.0,-0.8111466341774024,0.0,0.0
51.36666666666667,-0.35,-0.35,-21.099797274597663,-0.0,-0.8111466362018388,0.0,0.0
51.4,-0.35,-0.35,-21.099797274597663,-0.0,-0.8111466381122641,0.0,0.0
51.43333333333333,-0.35,-0.35,-21.099797274597663,-0.0,-0.811146639915099,0.0,0.0
51.46666666666667,-0.35,-0.35,-21.099797274597663,-0.0,-0.8111466416164029,0.0,0.0
51.5,-0.35,-0.35,-21.099797274597663,-0.0,-0.8111466432218937,0.0,0.0
51.53333333333333,-0.35,-0.35,-21.099797274597663,-0.0,-0.8111466447369673,0.0,0.0
51.56666666666666,-0.35,-0.35,-21.099797274597663,-0.0,-0.8111466461667158,0.0,0.0
51.6,-0.35,-0.35,-21.099797274597663,-0.0,-0.8111466475159446,0.0,0.0
51.63333333333333,-0.35,-0.35,-21.099797274597663,-0.0,-0.8111466487891881,0.0,0.0
51.666666666666664,-0.35,-0.35,-21.099797274597663,-0.0,-0.8111466499907257,0.0,0.0
51.699999999999996,-0.35,-0.35,-21.099797274597663,-0.0,-0.8111466511245958,0.0,0.0
51.733333333333334,-0.35,-0.35,-21.099797274597663,-0.0,-0.8111466521946092,0.0,0.0
51.766666666666666,-0.35,-0.35,-21.099797274597663,-0.0,-0.8111466532043623,0.0,0.0
51.8,-0.35,-0.35,-21.099797274597663,-0.0,-0.8111466541572486,0.0,0.0
51.833333333333336,-0.35,-0.35,-21.099797274597663,-0.0,-0.8111466550564708,0.0,0.0
51.86666666666667,-0.35,-0.35,-21.099797274597663,-0.0,-0.811146655905051,0.0,0.0
51.9,-0.35,-0.35,-21.099797274597663,-0.0,-0.8111466567058413,0.0,0.0
51.93333333333333,-0.35,-0.35,-21.099797274597663,-0.0,-0.8111466574615331,0.0,0.0
51.96666666666667,-0.35,-0.35,-21.099797274597663,-0.0,-0.8111466581746664,0.0,0.0
52.0,-0.35,-0.35,-21.099797274597663,-0.0,-0.8111466588476377,0.0,0.0
52.03333333333333,-0.35,-0.35,-21.099797274597663,-0.0,-0.811146659482709,0.0,0.0
52.06666666666666,-0.35,-0.35,-21.099797274597663,-0.0,-0.8111466600820147,0.0,0.0
52.1,-0.35,-0.35,-21.099797274597663,-0.0,-0.8111466606475691,0.0,0.0
52.13333333333333,-0.35,-0.35,-21.099797274597663,-0.0,-0.8111466611812729,0.0,0.0
52.166666666666664,-0.35,-0.35,-21.099797274597663,-0.0,-0.8111466616849198,0.0,0.0
52.199999999999996,-0.35,-0.35,-21.099797274597663,-0.0,-0.8111466621602026,0.0,0.0
52.233333333333334,-0.35,-0.35,-21.099797274597663,-0.0,-0.8111466626087187,0.0,0.0
52.266666666666666,-0.35,-0.35,-21.099797274597663,-0.0,-0.8111466630319755,0.0,0.0
52.3,-0.35,-0.35,-21.099797274597663,-0.0,-0.8111466634313955,0.0,0.0
52.333333333333336,-0.35,-0.35,-21.099797274597663,-0.0,-0.8111466638083212,0.0,0.0
52.36666666666667,-0.35,-0.35,-21.099797274597663,-0.0,-0.8111466641640195,0.0,0.0
52.4,-0.35,-0.35,-21.099797274597663,-0.0,-0.8111466644996856,0.0,0.0
52.43333333333333,-0.35,-0.35,-21.099797274597663,-0.0,-0.8111466648164479,0.0,0.0
52.46666666666667,-0.35,-0.35,-21.099797274597663,-0.0,-0.811146665115371,0.0,0.0
52.5,-0.35,-0.35,-21.099797274597663,-0.0,-0.8111466653974595,0.0,0.0
52.53333333333333,-0.35,-0.35,-21.099797274597663,-0.0,-0.8111466656636614,0.0,0.0
52.56666666666666,-0.35,-0.35,-21.099797274597663,-0.0,-0.8111466659148716,0.0,0.0
52.6,-0.35,-0.35,-21.099797274597663,-0.0,-0.8111466661519342,0.0,0.0
52.63333333333333,-0.35,-0.35,-21.099797274597663,-0.0,-0.811146666375646,0.0,0.0
52.666666666666664,-0.35,-0.35,-21.099797274597663,-0.0,-0.811146666586759,0.0,0.0
52.699999999999996,-0.35,-0.35,-21.099797274597663,-0.0,-0.8111466667859827,0.0,0.0
52.733333333333334,-0.35,-0.35,-21.099797274597663,-0.0,-0.8111466669739865,0.0,0.0
52.766666666666666,-0.35,-0.35,-21.099797274597663,-0.0,-0.8111466671514025,0.0,0.0
52.8,-0.35,-0.35,-21.099797274597663,-0.0,-0.8111466673188268,0.0,0.0
52.833333333333336,-0.35,-0.35,-21.099797274597663,-0.0,-0.8111466674768222,0.0,0.0
52.86666666666667,-0.35,-0.35,-21.099797274597663,-0.0,-0.8111466676259197,0.0,0.0
52.9,-0.35,-0.35,-21.099797274597663,-0.0,-0.8111466677666205,0.0,0.0
52.93333333333333,-0.35,-0.35,-21.099797274597663,-0.0,-0.8111466678993973,0.0,0.0
52.96666666666667,-0.35,-0.35,-21.099797274597663,-0.0,-0.8111466680246965,0.0,0.0
53.0,-0.35,-0.35,-21.099797274597663,-0.0,-0.8111466681429391,0.0,0.0
53.03333333333333,-0.35,-0.35,-21.099797274597663,-0.0,-0.8111466682545226,0.0,0.0
53.06666666666666,-0.35,-0.35,-21.099797274597663,-0.0,-0.8111466683598221,0.0,0.0
53.1,-0.35,-0.35,-21.099797274597663,-0.0,-0.8111466684591913,0.0,0.0
53.13333333333333,-0.35,-0.35,-21.099797274597663,-0.0,-0.8111466685529642,0.0,0.0
53.166666666666664,-0.35,-0.35,-21.099797274597663,-0.0,-0.8111466686414562,0.0,0.0
53.199999999999996,-0.35,-0.35,-21.099797274597663,-0.0,-0.8111466687249645,0.0,0.0
53.233333333333334,-0.35,-0.35,-21.099797274597663,-0.0,-0.8111466688037698,0.0,0.0
53.266666666666666,-0.35,-0.35,-21.099797274597663,-0.0,-0.811146668878137,0.0,0.0
53.3,-0.35,-0.35,-21.099797274597663,-0.0,-0.8111466689483161,0.0,0.0
53.333333333333336,-0.35,-0.35,-21.099797274597663,-0.0,-0.8111466690145428,0.0,0.0
53.36666666666667,-0.35,-0.35,-21.099797274597663,-0.0,-0.8111466690770398,0.0,0.0
53.4,-0.35,-0.35,-21.099797274597663,-0.0,-0.8111466691360172,0.0,0.0
53.43333333333333,-0.35,-0.35,-21.099797274597663,-0.0,-0.8111466691916731,0.0,0.0
53.46666666666667,-0.35,-0.35,-21.099797274597663,-0.0,-0.8111466692441945,0.0,0.0
53.5,-0.35,-0.35,-21.099797274597663,-0.0,-0.8111466692937581,0.0,0.0
53.53333333333333,-0.35,-0.35,-21.099797274597663,-0.0,-0.8111466693405305,0.0,0.0
53.56666666666666,-0.35,-0.35,-21.099797274597663,-0.0,-0.8111466693846687,0.0,0.0
53.6,-0.35,-0.35,-21.099797274597663,-0.0,-0.8111466694263212,0.0,0.0
53.63333333333333,-0.35,-0.35,-21.099797274597663,-0.0,-0.8111466694656279,0.0,0.0
53.666666666666664,-0.35,-0.35,-21.099797274597663,-0.0,-0.8111466695027209,0.0,0.0
53.699999999999996,-0.35,-0.35,-21.099797274597663,-0.0,-0.811146669537725,0.0,0.0
53.733333333333334,-0.35,-0.35,-21.099797274597663,-0.0,-0.8111466695707577,0.0,0.0
53.766666666666666,-0.35,-0.35,-21.099797274597663,-0.0,-0.81114666960193,0.0,0.0
53.8,-0.35,-0.35,-21.099797274597663,-0.0,-0.8111466696313469,0.0,0.0
53.833333333333336,-0.35,-0.35,-21.099797274597663,-0.0,-0.811146669659107,0.0,0.0
53.86666666666667,-0.35,-0.35,-21.099797274597663,-0.0,-0.8111466696853038,0.0,0.0
53.9,-0.35,-0.35,-21.099797274597663,-0.0,-0.8111466697100252,0.0,0.0
53.93333333333333,-0.35,-0.35,-21.099797274597663,-0.0,-0.8111466697333545,0.0,0.0
53.96666666666667,-0.35,-0.35,-21.099797274597663,-0.0,-0.8111466697553699,0.0,0.0
54.0,-0.35,-0.35,-21.099797274597663,-0.0,-0.8111466697761454,0.0,0.0
54.03333333333333,-0.35,-0.35,-21.099797274597663,-0.0,-0.8111466697957509,0.0,0.0
54.06666666666666,-0.35,-0.35,-21.099797274597663,-0.0,-0.8111466698142522,0.0,0.0
54.1,-0.35,-0.35,-21.099797274597663,-0.0,-0.8111466698317116,0.0,0.0
54.13333333333333,-0.35,-0.35,-21.099797274597663,-0.0,-0.8111466698481877,0.0,0.0
54.166666666666664,-0.35,-0.35,-21.099797274597663,-0.0,-0.811146669863736,0.0,0.0
54.199999999999996,-0.35,-0.35,-21.099797274597663,-0.0,-0.8111466698784086,0.0,0.0
54.233333333333334,-0.35,-0.35,-21.099797274597663,-0.0,-0.8111466698922548,0.0,0.0
54.266666666666666,-0.35,-0.35,-21.099797274597663,-0.0,-0.8111466699053214,0.0,0.0
54.3,-0.35,-0.35,-21.099797274597663,-0.0,-0.8111466699176519,0.0,0.0
54.333333333333336,-0.35,-0.35,-21.099797274597663,-0.0,-0.8111466699292882,0.0,0.0
54.36666666666667,-0.35,-0.35,-21.099797274597663,-0.0,-0.8111466699402691,0.0,0.0
54.4,-0.35,-0.35,-21.099797274597663,-0.0,-0.8111466699506316,0.0,0.0
54.43333333333333,-0.35,-0.35,-21.099797274597663,-0.0,-0.8111466699604104,0.0,0.0
54.46666666666667,-0.35,-0.35,-21.099797274597663,-0.0,-0.8111466699696386,0.0,0.0
54.5,-0.35,-0.35,-21.099797274597663,-0.0,-0.8111466699783471,0.0,0.0
54.53333333333333,-0.35,-0.35,-21.099797274597663,-0.0,-0.811146669986565,0.0,0.0
54.56666666666666,-0.35,-0.35,-21.099797274597663,-0.0,-0.8111466699943202,0.0,0.0
54.6,-0.35,-0.35,-21.099797274597663,-0.0,-0.8111466700016386,0.0,0.0
54.63333333333333,-0.35,-0.35,-21.099797274597663,-0.0,-0.8111466700085449,0.0,0.0
54.666666666666664,-0.35,-0.35,-21.099797274597663,-0.0,-0.8111466700150622,0.0,0.0
54.699999999999996,-0.35,-0.35,-21.099797274597663,-0.0,-0.8111466700212125,0.0,0.0
54.733333333333334,-0.35,-0.35,-21.099797274597663,-0.0,-0.8111466700270165,0.0,0.0
54.766666666666666,-0.35,-0.35,-21.099797274597663,-0.0,-0.8111466700324935,0.0,0.0
54.8,-0.35,-0.35,-21.099797274597663,-0.0,-0.8111466700376622,0.0,0.0
54.833333333333336,-0.35,-0.35,-21.099797274597663,-0.0,-0.8111466700425397,0.0,0.0
54.86666666666667,-0.35,-0.35,-21.099797274597663,-0.0,-0.8111466700471426,0.0,0.0
54.9,-0.35,-0.35,-21.099797274597663,-0.0,-0.8111466700514862,0.0,0.0
54.93333333333333,-0.35,-0.35,-21.099797274597663,-0.0,-0.8111466700555852,0.0,0.0
54.96666666666667,-0.35,-0.35,-21.099797274597663,-0.0,-0.8111466700594533,0.0,0.0
55.0,-0.35,-0.35,-21.099797274597663,-0.0,-0.8111466700631036,0.0,0.0
55.03333333333333,-0.355,-0.355,-21.608630279413575,-0.0,-0.8111466700665483,0.0,0.0
55.06666666666666,-0.36,-0.36,-22.123600039475093,-0.0,-0.8118985081895631,0.0,0.0
55.1,-0.365,-0.365,-22.644722864199366,-0.0,-0.8133688652670964,0.0,0.0
55.13333333333333,-0.37,-0.37,-23.172012990899987,-0.0,-0.8155262190240143,0.0,0.0
55.166666666666664,-0.375,-0.375,-23.70548251316727,-0.0,-0.8183406824279456,0.0,0.0
55.199999999999996,-0.38,-0.38,-24.24514130874398,-0.0,-0.8217838597236264,0.0,0.0
55.233333333333334,-0.385,-0.385,-24.79099696697152,-0.0,-0.8258287181390574,0.0,0.0
55.266666666666666,-0.39,-0.39,-25.343054715886993,-0.0,-0.8304494735061283,0.0,0.0
55.3,-0.395,-0.395,-25.901317349054608,-0.0,-0.835621488254153,0.0,0.0
55.333333333333336,-0.4,-0.4,-26.465785152221656,-0.0,-0.8413211804198025,0.0,0.0
55.36666666666667,-0.405,-0.405,-27.036455829891125,-0.0,-0.847525942476078,0.0,0.0
55.4,-0.41,-0.41,-27.613324431910172,-0.0,-0.854214068920259,0.0,0.0
55.43333333333333,-0.415,-0.415,-28.1963832801772,-0.0,-0.8613646916795652,0.0,0.0
55.46666666666667,-0.42,-0.42,-28.78562189557458,-0.0,-0.8689577224964034,0.0,0.0
55.5,-0.425,-0.425,-29.381026925240846,-0.0,-0.8769738015448983,0.0,0.0
55.53333333333333,-0.43,-0.43,-29.982582070297468,-0.0,-0.8853942516089338,0.0,0.0
55.56666666666666,-0.435,-0.435,-30.590268014154177,-0.0,-0.8942010372208092,0.0,0.0
55.6,-0.44,-0.44,-31.20406235151735,-0.0,-0.9033767282203,0.0,0.0
55.63333333333333,-0.445,-0.445,-31.823939518234496,-0.0,-0.9129044672475548,0.0,0.0
55.666666666666664,-0.45,-0.45,-32.44987072210887,-0.0,-0.9227679407309138,0.0,0.0
55.699999999999996,-0.455,-0.455,-33.081823874825574,-0.0,-0.9329513529732212,0.0,0.0
55.733333333333334,-0.46,-0.46,-33.71976352513319,-0.0,-0.9434394029782677,0.0,0.0
55.766666666666666,-0.465,-0.465,-34.36365079342946,-0.0,-0.9542172636932468,0.0,0.0
55.8,-0.47,-0.47,-35.01344330790495,-0.0,-0.9652705633740455,0.0,0.0
55.833333333333336,-0.475,-0.475,-35.66909514240025,-0.0,-0.9765853688082735,0.0,0.0
55.86666666666667,-0.48,-0.48,-36.33055675613821,-0.0,-0.9881481701565082,0.0,0.0
55.9,-0.485,-0.485,-36.997774935495514,-0.0,-0.999945867195625,0.0,0.0
55.93333333333333,-0.49,-0.49,-37.670692737980204,-0.0,-1.011965756769538,0.0,0.0
55.96666666666667,-0.495,-0.495,-38.349249438586966,-0.0,-1.0241955212724214,0.0,0.0
56.0,-0.5,-0.5,-39.033380478702455,-0.0,-1.0366232180076942,0.0,0.0
56.03333333333333,-0.505,-0.505,-39.72301741773772,-0.0,-1.049237269282878,0.0,0.0
56.06666666666666,-0.51,-0.51,-40.41808788766494,-0.0,-1.0620264531160195,0.0,0.0
56.1,-0.515,-0.515,-41.11851555063883,-0.0,-1.0749798944437883,0.0,0.0
56.13333333333333,-0.52,-0.52,-41.82422005988441,-0.0,-1.0880870567347267,0.0,0.0
56.166666666666664,-0.525,-0.525,-42.53511702403293,-0.0,-1.1013377339235026,0.0,0.0
56.199999999999996,-0.53,-0.53,-43.251117975090196,-0.0,-1.1147220425934579,0.0,0.0
56.233333333333334,-0.535,-0.535,-43.972130340219366,-0.0,-1.1282304143453181,0.0,0.0
56.266666666666666,-0.54,-0.54,-44.698057417522264,-0.0,-1.1418535882996643,0.0,0.0
56.3,-0.545,-0.545,-45.42879835600138,-0.0,-1.1555826036897168,0.0,0.0
56.333333333333336,-0.55,-0.55,-46.16424813988296,-0.0,-1.1694087925091665,0.0,0.0
56.36666666666667,-0.555,-0.555,-46.904297577481074,-0.0,-1.1833237721872598,0.0,0.0
56.4,-0.56,-0.56,-47.64883329477908,-0.0,-1.1973194382701038,0.0,0.0
56.43333333333333,-0.565,-0.565,-48.39773773390205,-0.0,-1.2113879570932682,0.0,0.0
56.46666666666667,-0.57,-0.57,-49.15088915665079,-0.0,-1.2255217584362228,0.0,0.0
56.5,-0.575,-0.575,-49.90816165326285,-0.0,-1.2397135281539982,0.0,0.0
56.53333333333333,-0.58,-0.58,-50.66942515656184,-0.0,-1.2539562007857317,0.0,0.0
56.56666666666666,-0.585,-0.585,-51.434545461650316,-0.0,-1.2682429521434757,0.0,0.0
56.6,-0.59,-0.59,-52.203384251295546,-0.0,-1.2825671918878305,0.0,0.0
56.63333333333333,-0.595,-0.595,-52.975799127150665,-0.0,-1.2969225560996611,0.0,0.0
56.666666666666664,-0.6,-0.6,-53.751643646945226,-0.0,-1.3113028998593785,0.0,0.0
56.699999999999996,-0.605,-0.605,-54.530767367772256,-0.0,-1.3257022898470607,0.0,0.0
56.733333333333334,-0.61,-0.61,-55.31301589558868,-0.0,-1.3401149969780635,0.0,0.0
56.766666666666666,-0.615,-0.615,-56.09823094103673,-0.0,-1.354535489089789,0.0,0.0
56.8,-0.62,-0.62,-56.88625038168351,-0.0,-1.3689584236959356,0.0,0.0
56.833333333333336,-0.625,-0.625,-57.67690833076405,-0.0,-1.3833786408249085,0.0,0.0
56.86666666666667,-0.63,-0.63,-58.47003521250291,-0.0,-1.397791155959134,0.0,0.0
56.9,-0.635,-0.635,-59.26545784407435,-0.0,-1.4121911530918394,0.0,0.0
56.93333333333333,-0.64,-0.64,-60.06299952425033,-0.0,-1.4265739779174438,0.0,0.0
56.96666666666667,-0.645,-0.645,-60.86248012876975,-0.0,-1.4409351311711065,0.0,0.0
57.0,-0.65,-0.65,-61.66371621244865,-0.0,-1.455270262132198,0.0,0.0
57.03333333333333,-0.65,-0.65,-61.66371621244865,-0.0,-1.4695751623055457,0.0,0.0
57.06666666666666,-0.65,-0.65,-61.66371621244865,-0.0,-1.4826771702097399,0.0,0.0
57.1,-0.65,-0.65,-61.66371621244865,-0.0,-1.4946702949154091,0.0,0.0
57.13333333333333,-0.65,-0.65,-61.66371621244865,-0.0,-1.5056424056919078,0.0,0.0
57.166666666666664,-0.65,-0.65,-61.66371621244865,-0.0,-1.515675421626249,0.0,0.0
57.199999999999996,-0.65,-0.65,-61.66371621244865,-0.0,-1.5248455376741852,0.0,0.0
57.233333333333334,-0.65,-0.65,-61.66371621244865,-0.0,-1.533223476743217,0.0,0.0
57.266666666666666,-0.65,-0.65,-61.66371621244865,-0.0,-1.5408747591034957,0.0,0.0
57.3,-0.65,-0.65,-61.66371621244865,-0.0,-1.5478599819345045,0.0,0.0
57.333333333333336,-0.65,-0.65,-61.66371621244865,-0.0,-1.554235103145235,0.0,0.0
57.36666666666667,-0.65,-0.65,-61.66371621244865,-0.0,-1.5600517247613743,0.0,0.0
57.4,-0.65,-0.65,-61.66371621244865,-0.0,-1.5653573721665666,0.0,0.0
57.43333333333333,-0.65,-0.65,-61.66371621244865,-0.0,-1.5701957663300963,0.0,0.0
57.46666666666667,-0.65,-0.65,-61.66371621244865,-0.0,-1.5746070868653106,0.0,0.0
57.5,-0.65,-0.65,-61.66371621244865,-0.0,-1.578628224356838,0.0,0.0
57.53333333333333,-0.65,-0.65,-61.66371621244865,-0.0,-1.582293020884778,0.0,0.0
57.56666666666666,-0.65,-0.65,-61.66371621244865,-0.0,-1.5856324980743066,0.0,0.0
57.6,-0.65,-0.65,-61.66371621244865,-0.0,-1.5886750723222103,0.0,0.0
57.63333333333333,-0.65,-0.65,-61.66371621244865,-0.0,-1.5914467571092268,0.0,0.0
57.666666666666664,-0.65,-0.65,-61.66371621244865,-0.0,-1.5939713525089354,0.0,0.0
57.699999999999996,-0.65,-0.65,-61.66371621244865,-0.0,-1.5962706221593363,0.0,0.0
57.733333333333334,-0.65,-0.65,-61.66371621244865,-0.0,-1.5983644580800536,0.0,0.0
57.766666666666666,-0.65,-0.65,-61.66371621244865,-0.0,-1.60027103380307,0.0,0.0
57.8,-0.65,-0.65,-61.66371621244865,-0.0,-1.6020069463439102,0.0,0.0
57.833333333333336,-0.65,-0.65,-61.66371621244865,-0.0,-1.6035873475781501,0.0,0.0
57.86666666666667,-0.65,-0.65,-61.66371621244865,-0.0,-1.6050260656092692,0.0,0.0
57.9,-0.65,-0.65,-61.66371621244865,-0.0,-1.606335716721664,0.0,0.0
57.93333333333333,-0.65,-0.65,-61.66371621244865,-0.0,-1.6075278085100484,0.0,0.0
57.96666666666667,-0.65,-0.65,-61.66371621244865,-0.0,-1.6086128347658932,0.0,0.0
58.0,-0.65,-0.65,-61.66371621244865,-0.0,-1.6096003626850097,0.0,0.0
58.03333333333333,-0.65,-0.65,-61.66371621244865,-0.0,-1.6104991129394712,0.0,0.0
58.06666666666666,-0.65,-0.65,-61.66371621244865,-0.0,-1.611317033133134,0.0,0.0
58.1,-0.65,-0.65,-61.66371621244865,-0.0,-1.6120613651340954,0.0,0.0
58.13333333333333,-0.65,-0.65,-61.66371621244865,-0.0,-1.612738706750395,0.0,0.0
58.166666666666664,-0.65,-0.65,-61.66371621244865,-0.0,-1.6133550681877433,0.0,0.0
58.199999999999996,-0.65,-0.65,-61.66371621244865,-0.0,-1.6139159237006122,0.0,0.0
58.233333333333334,-0.65,-0.65,-61.66371621244865,-0.0,-1.6144262588210072,0.0,0.0
58.266666666666666,-0.65,-0.65,-61.66371621244865,-0.0,-1.614890613522964,0.0,0.0
58.3,-0.65,-0.65,-61.66371621244865,-0.0,-1.6153131216554975,0.0,0.0
58.333333333333336,-0.65,-0.65,-61.66371621244865,-0.0,-1.6156975469525168,0.0,0.0
58.36666666666667,-0.65,-0.65,-61.66371621244865,-0.0,-1.6160473159052031,0.0,0.0
58.4,-0.65,-0.65,-61.66371621244865,-0.0,-1.6163655477605967,0.0,0.0
58.43333333333333,-0.65,-0.65,-61.66371621244865,-0.0,-1.6166550818896632,0.0,0.0
58.46666666666667,-0.65,-0.65,-61.66371621244865,-0.0,-1.616918502748918,0.0,0.0
58.5,-0.65,-0.65,-61.66371621244865,-0.0,-1.6171581626417535,0.0,0.0
58.53333333333333,-0.65,-0.65,-61.66371621244865,-0.0,-1.6173762024689164,0.0,0.0
58.56666666666666,-0.65,-0.65,-61.66371621244865,-0.0,-1.6175745706420495,0.0,0.0
58.6,-0.65,-0.65,-61.66371621244865,-0.0,-1.6177550403198317,0.0,0.0
58.63333333333333,-0.65,-0.65,-61.66371621244865,-0.0,-1.617919225112929,0.0,0.0
58.666666666666664,-0.65,-0.65,-61.66371621244865,-0.0,-1.6180685933916692,0.0,0.0
58.699999999999996,-0.65,-0.65,-61.66371621244865,-0.0,-1.618204481319009,0.0,0.0
58.733333333333334,-0.65,-0.65,-61.66371621244865,-0.0,-1.6183281047209186,0.0,0.0
58.766666666666666,-0.65,-0.65,-61.66371621244865,-0.0,-1.6184405698966893,0.0,0.0
58.8,-0.65,-0.65,-61.66371621244865,-0.0,-1.6185428834628492,0.0,0.0
58.833333333333336,-0.65,-0.65,-61.66371621244865,-0.0,-1.6186359613162558,0.0,0.0
58.86666666666667,-0.65,-0.65,-61.66371621244865,-0.0,-1.6187206367945044,0.0,0.0
58.9,-0.65,-0.65,-61.66371621244865,-0.0,-1.6187976681049774,0.0,0.0
58.93333333333333,-0.65,-0.65,-61.66371621244865,-0.0,-1.6188677450876148,0.0,0.0
58.96666666666667,-0.65,-0.65,-61.66371621244865,-0.0,-1.618931495370779,0.0,0.0
59.0,-0.65,-0.65,-61.66371621244865,-0.0,-1.6189894899743615,0.0,0.0
59.03333333333333,-0.65,-0.65,-61.66371621244865,-0.0,-1.619042248409503,0.0,0.0
59.06666666666666,-0.65,-0.65,-61.66371621244865,-0.0,-1.619090243319934,0.0,0.0
59.1,-0.65,-0.65,-61.66371621244865,-0.0,-1.6191339047059552,0.0,0.0
59.13333333333333,-0.65,-0.65,-61.66371621244865,-0.0,-1.6191736237684426,0.0,0.0
59.166666666666664,-0.65,-0.65,-61.66371621244865,-0.0,-1.6192097564069312,0.0,0.0
59.199999999999996,-0.65,-0.65,-61.66371621244865,-0.0,-1.6192426264028075,0.0,0.0
59.233333333333334,-0.65,-0.65,-61.66371621244865,-0.0,-1.6192725283158707,0.0,0.0
59.266666666666666,-0.65,-0.65,-61.66371621244865,-0.0,-1.6192997301200052,0.0,0.0
59.3,-0.65,-0.65,-61.66371621244865,-0.0,-1.6193244756014005,0.0,0.0
59.333333333333336,-0.65,-0.65,-61.66371621244865,-0.0,-1.619346986540667,0.0,0.0
59.36666666666667,-0.65,-0.65,-61.66371621244865,-0.0,-1.61936746469828,0.0,0.0
59.4,-0.65,-0.65,-61.66371621244865,-0.0,-1.6193860936210434,0.0,0.0
59.43333333333333,-0.65,-0.65,-61.66371621244865,-0.0,-1.6194030402856825,0.0,0.0
59.46666666666667,-0.65,-0.65,-61.66371621244865,-0.0,-1.6194184565942285,0.0,0.0
59.5,-0.65,-0.65,-61.66371621244865,-0.0,-1.6194324807345373,0.0,0.0
59.53333333333333,-0.65,-0.65,-61.66371621244865,-0.0,-1.619445238418094,0.0,0.0
59.56666666666666,-0.65,-0.65,-61.66371621244865,-0.0,-1.6194568440061572,0.0,0.0
59.6,-0.65,-0.65,-61.66371621244865,-0.0,-1.6194674015343047,0.0,0.0
59.63333333333333,-0.65,-0.65,-61.66371621244865,-0.0,-1.61947700564454,0.0,0.0
59.666666666666664,-0.65,-0.65,-61.66371621244865,-0.0,-1.6194857424332902,0.0,0.0
59.699999999999996,-0.65,-0.65,-61.66371621244865,-0.0,-1.619493690222881,0.0,0.0
59.733333333333334,-0.65,-0.65,-61.66371621244865,-0.0,-1.6195009202633874,0.0,0.0
59.766666666666666,-0.65,-0.65,-61.66371621244865,-0.0,-1.619507497371142,0.0,0.0
59.8,-0.65,-0.65,-61.66371621244865,-0.0,-1.619513480509611,0.0,0.0
59.833333333333336,-0.65,-0.65,-61.66371621244865,-0.0,-1.6195189233178389,0.0,0.0
59.86666666666667,-0.65,-0.65,-61.66371621244865,-0.0,-1.6195238745911933,0.0,0.0
59.9,-0.65,-0.65,-61.66371621244865,-0.0,-1.6195283787187114,0.0,0.0
59.93333333333333,-0.65,-0.65,-61.66371621244865,-0.0,-1.6195324760809642,0.0,0.0
59.96666666666667,-0.65,-0.65,-61.66371621244865,-0.0,-1.6195362034120038,0.0,0.0
60.0,-0.65,-0.65,-61.66371621244865,-0.0,-1.6195395941286326,0.0,0.0
60.03333333333333,-0.65,-0.65,-61.66371621244865,-0.0,-1.6195426786299456,0.0,0.0
60.06666666666666,-0.65,-0.65,-61.66371621244865,-0.0,-1.6195454845698272,0.0,0.0
60.1,-0.65,-0.65,-61.66371621244865,-0.0,-1.6195480371048452,0.0,0.0
60.13333333333333,-0.65,-0.65,-61.66371621244865,-0.0,-1.6195503591197629,0.0,0.0
60.166666666666664,-0.65,-0.65,-61.66371621244865,-0.0,-1.6195524714326872,0.0,0.0
60.199999999999996,-0.65,-0.65,-61.66371621244865,-0.0,-1.6195543929816953,0.0,0.0
60.233333333333334,-0.65,-0.65,-61.66371621244865,-0.0,-1.6195561409946087,0.0,0.0
60.266666666666666,-0.65,-0.65,-61.66371621244865,-0.0,-1.619557731143436,0.0,0.0
60.3,-0.65,-0.65,-61.66371621244865,-0.0,-1.6195591776848723,0.0,0.0
60.333333333333336,-0.65,-0.65,-61.66371621244865,-0.0,-1.6195604935881096,0.0,0.0
60.36666666666667,-0.65,-0.65,-61.66371621244865,-0.0,-1.619561690651106,0.0,0.0
60.4,-0.65,-0.65,-61.66371621244865,-0.0,-1.6195627796063563,0.0,0.0
60.43333333333333,-0.65,-0.65,-61.66371621244865,-0.0,-1.6195637702171115,0.0,0.0
60.46666666666667,-0.65,-0.65,-61.66371621244865,-0.0,-1.619564671364908,0.0,0.0
60.5,-0.65,-0.65,-61.66371621244865,-0.0,-1.6195654911291928,0.0,0.0
60.53333333333333,-0.65,-0.65,-61.66371621244865,-0.0,-1.6195662368597608,0.0,0.0
60.56666666666666,-0.65,-0.65,-61.66371621244865,-0.0,-1.6195669152426462,0.0,0.0
60.6,-0.65,-0.65,-61.66371621244865,-0.0,-1.6195675323600676,0.0,0.0
60.63333333333333,-0.65,-0.65,-61.66371621244865,-0.0,-1.619568093744957,0.0,0.0
60.666666666666664,-0.65,-0.65,-61.66371621244865,-0.0,-1.6195686044305657,0.0,0.0
60.699999999999996,-0.65,-0.65,-61.66371621244865,-0.0,-1.6195690689955902,0.0,0.0
60.733333333333334,-0.65,-0.65,-61.66371621244865,-0.0,-1.6195694916052226,0.0,0.0
60.766666666666666,-0.65,-0.65,-61.66371621244865,-0.0,-1.6195698760484945,0.0,0.0
60.8,-0.65,-0.65,-61.66371621244865,-0.0,-1.6195702257722475,0.0,0.0
60.833333333333336,-0.65,-0.65,-61.66371621244865,-0.0,-1.6195705439120367,0.0,0.0
60.86666666666667,-0.65,-0.65,-61.66371621244865,-0.0,-1.619570833320243,0.0,0.0
60.9,-0.65,-0.65,-61.66371621244865,-0.0,-1.619571096591646,0.0,0.0
60.93333333333333,-0.65,-0.65,-61.66371621244865,-0.0,-1.6195713360866895,0.0,0.0
60.96666666666667,-0.65,-0.65,-61.66371621244865,-0.0,-1.6195715539526425,0.0,0.0
61.0,-0.65,-0.65,-61.66371621244865,-0.0,-1.619571752142853,0.0,0.0
61.03333333333333,-0.65,-0.65,-61.66371621244865,-0.0,-1.6195719324342597,0.0,0.0
61.06666666666666,-0.65,-0.65,-61.66371621244865,-0.0,-1.6195720964433247,0.0,0.0
61.1,-0.65,-0.65,-61.66371621244865,-0.0,-1.619572245640525,0.0,0.0
61.13333333333333,-0.65,-0.65,-61.66371621244865,-0.0,-1.6195723813635383,0.0,0.0
61.166666666666664,-0.65,-0.65,-61.66371621244865,-0.0,-1.6195725048292344,0.0,0.0
61.199999999999996,-0.65,-0.65,-61.66371621244865,-0.0,-1.6195726171445866,0.0,0.0
61.233333333333334,-0.65,-0.65,-61.66371621244865,-0.0,-1.6195727193165959,0.0,0.0
61.266666666666666,-0.65,-0.65,-61.66371621244865,-0.0,-1.6195728122613202,0.0,0.0
61.3,-0.65,-0.65,-61.66371621244865,-0.0,-1.619572896812087,0.0,0.0
61.333333333333336,-0.65,-0.65,-61.66371621244865,-0.0,-1.6195729737269653,0.0,0.0
61.36666666666667,-0.65,-0.65,-61.66371621244865,-0.0,-1.6195730436955618,0.0,0.0
61.4,-0.65,-0.65,-61.66371621244865,-0.0,-1.6195731073452038,0.0,0.0
61.43333333333333,-0.65,-0.65,-61.66371621244865,-0.0,-1.619573165246564,0.0,0.0
61.46666666666667,-0.65,-0.65,-61.66371621244865,-0.0,-1.6195732179187772,0.0,0.0
61.5,-0.65,-0.65,-61.66371621244865,-0.0,-1.6195732658340942,0.0,0.0
61.53333333333333,-0.65,-0.65,-61.66371621244865,-0.0,-1.6195733094221167,0.0,0.0
61.56666666666666,-0.65,-0.65,-61.66371621244865,-0.0,-1.619573349073648,0.0,0.0
61.6,-0.65,-0.65,-61.66371621244865,-0.0,-1.6195733851441976,0.0,0.0
61.63333333333333,-0.65,-0.65,-61.66371621244865,-0.0,-1.6195734179571688,0.0,0.0
61.666666666666664,-0.65,-0.65,-61.66371621244865,-0.0,-1.6195734478067576,0.0,0.0
61.699999999999996,-0.65,-0.65,-61.66371621244865,-0.0,-1.6195734749605908,0.0,0.0
61.733333333333334,-0.65,-0.65,-61.66371621244865,-0.0,-1.6195734996621258,0.0,0.0
61.766666666666666,-0.65,-0.65,-61.66371621244865,-0.0,-1.6195735221328327,0.0,0.0
61.8,-0.65,-0.65,-61.66371621244865,-0.0,-1.6195735425741806,0.0,0.0
61.833333333333336,-0.65,-0.65,-61.66371621244865,-0.0,-1.6195735611694435,0.0,0.0
61.86666666666667,-0.65,-0.65,-61.66371621244865,-0.0,-1.6195735780853437,0.0,0.0
61.9,-0.65,-0.65,-61.66371621244865,-0.0,-1.619573593473547,0.0,0.0
61.93333333333333,-0.65,-0.65,-61.66371621244865,-0.0,-1.619573607472021,0.0,0.0
61.96666666666667,-0.65,-0.65,-61.66371621244865,-0.0,-1.6195736202062745,0.0,0.0
62.0,-0.65,-0.65,-61.66371621244865,-0.0,-1.6195736317904807,0.0,0.0
62.03333333333333,-0.65,-0.65,-61.66371621244865,-0.0,-1.619573642328502,0.0,0.0
62.06666666666666,-0.65,-0.65,-61.66371621244865,-0.0,-1.619573651914821,0.0,0.0
62.1,-0.65,-0.65,-61.66371621244865,-0.0,-1.6195736606353865,0.0,0.0
62.13333333333333,-0.65,-0.65,-61.66371621244865,-0.0,-1.6195736685683864,0.0,0.0
62.166666666666664,-0.65,-0.65,-61.66371621244865,-0.0,-1.6195736757849466,0.0,0.0
62.199999999999996,-0.65,-0.65,-61.66371621244865,-0.0,-1.6195736823497697,0.0,0.0
62.233333333333334,-0.65,-0.65,-61.66371621244865,-0.0,-1.619573688321715,0.0,0.0
62.266666666666666,-0.65,-0.65,-61.66371621244865,-0.0,-1.6195736937543261,0.0,0.0
62.3,-0.65,-0.65,-61.66371621244865,-0.0,-1.619573698696311,0.0,0.0
62.333333333333336,-0.65,-0.65,-61.66371621244865,-0.0,-1.6195737031919786,0.0,0.0
62.36666666666667,-0.65,-0.65,-61.66371621244865,-0.0,-1.6195737072816365,0.0,0.0
62.4,-0.65,-0.65,-61.66371621244865,-0.0,-1.619573711001952,0.0,0.0
62.43333333333333,-0.65,-0.65,-61.66371621244865,-0.0,-1.6195737143862807,0.0,0.0
62.46666666666667,-0.65,-0.65,-61.66371621244865,-0.0,-1.6195737174649665,0.0,0.0
62.5,-0.65,-0.65,-61.66371621244865,-0.0,-1.619573720265612,0.0,0.0
62.53333333333333,-0.65,-0.65,-61.66371621244865,-0.0,-1.6195737228133276,0.0,0.0
62.56666666666666,-0.65,-0.65,-61.66371621244865,-0.0,-1.6195737251309554,0.0,0.0
62.6,-0.65,-0.65,-61.66371621244865,-0.0,-1.6195737272392754,0.0,0.0
62.63333333333333,-0.65,-0.65,-61.66371621244865,-0.0,-1.6195737291571901,0.0,0.0
62.666666666666664,-0.65,-0.65,-61.66371621244865,-0.0,-1.6195737309018954,0.0,0.0
62.699999999999996,-0.65,-0.65,-61.66371621244865,-0.0,-1.619573732489034,0.0,0.0
62.733333333333334,-0.65,-0.65,-61.66371621244865,-0.0,-1.6195737339328362,0.0,0.0
62.766666666666666,-0.65,-0.65,-61.66371621244865,-0.0,-1.6195737352462467,0.0,0.0
62.8,-0.65,-0.65,-61.66371621244865,-0.0,-1.6195737364410414,0.0,0.0
62.833333333333336,-0.65,-0.65,-61.66371621244865,-0.0,-1.6195737375279324,0.0,0.0
62.86666666666667,-0.65,-0.65,-61.66371621244865,-0.0,-1.6195737385166649,0.0,0.0
62.9,-0.65,-0.65,-61.66371621244865,-0.0,-1.6195737394161036,0.0,0.0
62.93333333333333,-0.65,-0.65,-61.66371621244865,-0.0,-1.6195737402343129,0.0,0.0
62.96666666666667,-0.65,-0.65,-61.66371621244865,-0.0,-1.6195737409786286,0.0,0.0
63.0,-0.65,-0.65,-61.66371621244865,-0.0,-1.619573741655724,0.0,0.0
63.03333333333333,-0.65,-0.65,-61.66371621244865,-0.0,-1.6195737422716703,0.0,0.0
63.06666666666666,-0.65,-0.65,-61.66371621244865,-0.0,-1.6195737428319896,0.0,0.0
63.1,-0.65,-0.65,-61.66371621244865,-0.0,-1.6195737433417057,0.0,0.0
63.13333333333333,-0.65,-0.65,-61.66371621244865,-0.0,-1.6195737438053888,0.0,0.0
63.166666666666664,-0.65,-0.65,-61.66371621244865,-0.0,-1.619573744227196,0.0,0.0
63.199999999999996,-0.65,-0.65,-61.66371621244865,-0.0,-1.6195737446109093,0.0,0.0
63.233333333333334,-0.65,-0.65,-61.66371621244865,-0.0,-1.6195737449599688,0.0,0.0
63.266666666666666,-0.65,-0.65,-61.66371621244865,-0.0,-1.6195737452775043,0.0,0.0
63.3,-0.65,-0.65,-61.66371621244865,-0.0,-1.6195737455663628,0.0,0.0
63.333333333333336,-0.65,-0.65,-61.66371621244865,-0.0,-1.6195737458291342,0.0,0.0
63.36666666666667,-0.65,-0.65,-61.66371621244865,-0.0,-1.6195737460681743,0.0,0.0
63.4,-0.65,-0.65,-61.66371621244865,-0.0,-1.6195737462856263,0.0,0.0
63.43333333333333,-0.65,-0.65,-61.66371621244865,-0.0,-1.6195737464834399,0.0,0.0
63.46666666666667,-0.65,-0.65,-61.66371621244865,-0.0,-1.6195737466633886,0.0,0.0
63.5,-0.65,-0.65,-61.66371621244865,-0.0,-1.619573746827086,0.0,0.0
63.53333333333333,-0.65,-0.65,-61.66371621244865,-0.0,-1.6195737469759999,0.0,0.0
63.56666666666666,-0.65,-0.65,-61.66371621244865,-0.0,-1.6195737471114648,0.0,0.0
63.6,-0.65,-0.65,-61.66371621244865,-0.0,-1.6195737472346958,0.0,0.0
63.63333333333333,-0.65,-0.65,-61.66371621244865,-0.0,-1.6195737473467977,0.0,0.0
63.666666666666664,-0.65,-0.65,-61.66371621244865,-0.0,-1.6195737474487755,0.0,0.0
63.699999999999996,-0.65,-0.65,-61.66371621244865,-0.0,-1.6195737475415435,0.0,0.0
63.733333333333334,-0.65,-0.65,-61.66371621244865,-0.0,-1.6195737476259335,0.0,0.0
63.766666666666666,-0.65,-0.65,-61.66371621244865,-0.0,-1.6195737477027021,0.0,0.0
63.8,-0.65,-0.65,-61.66371621244865,-0.0,-1.6195737477725378,0.0,0.0
63.833333333333336,-0.65,-0.65,-61.66371621244865,-0.0,-1.6195737478360666,0.0,0.0
63.86666666666667,-0.65,-0.65,-61.66371621244865,-0.0,-1.6195737478938579,0.0,0.0
63.9,-0.65,-0.65,-61.66371621244865,-0.0,-1.61957374794643,0.0,0.0
63.93333333333333,-0.65,-0.65,-61.66371621244865,-0.0,-1.6195737479942542,0.0,0.0
63.96666666666667,-0.65,-0.65,-61.66371621244865,-0.0,-1.6195737480377594,0.0,0.0
64.0,-0.65,-0.65,-61.66371621244865,-0.0,-1.6195737480773356,0.0,0.0
64.03333333333333,-0.65,-0.65,-61.66371621244865,-0.0,-1.6195737481133377,0.0,0.0
64.06666666666666,-0.65,-0.65,-61.66371621244865,-0.0,-1.6195737481460883,0.0,0.0
64.1,-0.65,-0.65,-61.66371621244865,-0.0,-1.6195737481758812,0.0,0.0
64.13333333333333,-0.65,-0.65,-61.66371621244865,-0.0,-1.6195737482029833,0.0,0.0
64.16666666666667,-0.65,-0.65,-61.66371621244865,-0.0,-1.6195737482276378,0.0,0.0
64.2,-0.65,-0.65,-61.66371621244865,-0.0,-1.6195737482500658,0.0,0.0
64.23333333333333,-0.65,-0.65,-61.66371621244865,-0.0,-1.6195737482704684,0.0,0.0
64.26666666666667,-0.65,-0.65,-61.66371621244865,-0.0,-1.6195737482890282,0.0,0.0
64.3,-0.65,-0.65,-61.66371621244865,-0.0,-1.619573748305912,0.0,0.0
64.33333333333333,-0.65,-0.65,-61.66371621244865,-0.0,-1.619573748321271,0.0,0.0
64.36666666666666,-0.65,-0.65,-61.66371621244865,-0.0,-1.619573748335243,0.0,0.0
64.4,-0.65,-0.65,-61.66371621244865,-0.0,-1.619573748347953,0.0,0.0
64.43333333333334,-0.65,-0.65,-61.66371621244865,-0.0,-1.6195737483595152,0.0,0.0
64.46666666666667,-0.65,-0.65,-61.66371621244865,-0.0,-1.6195737483700332,0.0,0.0
64.5,-0.65,-0.65,-61.66371621244865,-0.0,-1.6195737483796013,0.0,0.0
64.53333333333333,-0.65,-0.65,-61.66371621244865,-0.0,-1.6195737483883053,0.0,0.0
64.56666666666666,-0.65,-0.65,-61.66371621244865,-0.0,-1.6195737483962231,0.0,0.0
64.6,-0.65,-0.65,-61.66371621244865,-0.0,-1.619573748403426,0.0,0.0
64.63333333333333,-0.65,-0.65,-61.66371621244865,-0.0,-1.6195737484099784,0.0,0.0
64.66666666666667,-0.65,-0.65,-61.66371621244865,-0.0,-1.619573748415939,0.0,0.0
64.7,-0.65,-0.65,-61.66371621244865,-0.0,-1.6195737484213613,0.0,0.0
64.73333333333333,-0.65,-0.65,-61.66371621244865,-0.0,-1.6195737484262938,0.0,0.0
64.76666666666667,-0.65,-0.65,-61.66371621244865,-0.0,-1.6195737484307808,0.0,0.0
64.8,-0.65,-0.65,-61.66371621244865,-0.0,-1.6195737484348627,0.0,0.0
64.83333333333333,-0.65,-0.65,-61.66371621244865,-0.0,-1.619573748438576,0.0,0.0
64.86666666666666,-0.65,-0.65,-61.66371621244865,-0.0,-1.619573748441954,0.0,0.0
64.9,-0.65,-0.65,-61.66371621244865,-0.0,-1.6195737484450268,0.0,0.0
64.93333333333334,-0.65,-0.65,-61.66371621244865,-0.0,-1.619573748447822,0.0,0.0
64.96666666666667,-0.65,-0.65,-61.66371621244865,-0.0,-1.619573748450365,0.0,0.0
65.0,-0.65,-0.65,-61.66371621244865,-0.0,-1.6195737484526782,0.0,0.0
65.03333333333333,-0.65,-0.65,-61.66371621244865,-0.0,-1.6195737484547825,0.0,0.0
65.06666666666666,-0.65,-0.65,-61.66371621244865,-0.0,-1.6195737484566968,0.0,0.0
65.1,-0.65,-0.65,-61.66371621244865,-0.0,-1.619573748458438,0.0,0.0
65.13333333333333,-0.65,-0.65,-61.66371621244865,-0.0,-1.6195737484600221,0.0,0.0
65.16666666666667,-0.65,-0.65,-61.66371621244865,-0.0,-1.6195737484614632,0.0,0.0
65.2,-0.65,-0.65,-61.66371621244865,-0.0,-1.6195737484627741,0.0,0.0
65.23333333333333,-0.65,-0.65,-61.66371621244865,-0.0,-1.6195737484639667,0.0,0.0
65.26666666666667,-0.65,-0.65,-61.66371621244865,-0.0,-1.6195737484650516,0.0,0.0
65.3,-0.65,-0.65,-61.66371621244865,-0.0,-1.6195737484660384,0.0,0.0
65.33333333333333,-0.65,-0.65,-61.66371621244865,-0.0,-1.6195737484669361,0.0,0.0
65.36666666666666,-0.65,-0.65,-61.66371621244865,-0.0,-1.6195737484677528,0.0,0.0
65.4,-0.65,-0.65,-61.66371621244865,-0.0,-1.6195737484684958,0.0,0.0
65.43333333333334,-0.65,-0.65,-61.66371621244865,-0.0,-1.6195737484691715,0.0,0.0
65.46666666666667,-0.65,-0.65,-61.66371621244865,-0.0,-1.6195737484697863,0.0,0.0
65.5,-0.65,-0.65,-61.66371621244865,-0.0,-1.6195737484703456,0.0,0.0
65.53333333333333,-0.65,-0.65,-61.66371621244865,-0.0,-1.6195737484708543,0.0,0.0
65.56666666666666,-0.65,-0.65,-61.66371621244865,-0.0,-1.619573748471317,0.0,0.0
65.6,-0.65,-0.65,-61.66371621244865,-0.0,-1.619573748471738,0.0,0.0
65.63333333333333,-0.65,-0.65,-61.66371621244865,-0.0,-1.619573748472121,0.0,0.0
65.66666666666667,-0.65,-0.65,-61.66371621244865,-0.0,-1.6195737484724695,0.0,0.0
65.7,-0.65,-0.65,-61.66371621244865,-0.0,-1.6195737484727863,0.0,0.0
65.73333333333333,-0.65,-0.65,-61.66371621244865,-0.0,-1.6195737484730746,0.0,0.0
65.76666666666667,-0.65,-0.65,-61.66371621244865,-0.0,-1.6195737484733368,0.0,0.0
65.8,-0.65,-0.65,-61.66371621244865,-0.0,-1.6195737484735755,0.0,0.0
65.83333333333333,-0.65,-0.65,-61.66371621244865,-0.0,-1.6195737484737924,0.0,0.0
65.86666666666666,-0.65,-0.65,-61.66371621244865,-0.0,-1.6195737484739898,0.0,0.0
65.9,-0.65,-0.65,-61.66371621244865,-0.0,-1.6195737484741695,0.0,0.0
65.93333333333334,-0.65,-0.65,-61.66371621244865,-0.0,-1.6195737484743329,0.0,0.0
65.96666666666667,-0.65,-0.65,-61.66371621244865,-0.0,-1.6195737484744814,0.0,0.0
66.0,-0.65,-0.65,-61.66371621244865,-0.0,-1.6195737484746167,0.0,0.0
66.03333333333333,-0.65,-0.65,-61.66371621244865,-0.0,-1.6195737484747397,0.0,0.0
66.06666666666666,-0.65,-0.65,-61.66371621244865,-0.0,-1.6195737484748516,0.0,0.0
66.1,-0.65,-0.65,-61.66371621244865,-0.0,-1.6195737484749533,0.0,0.0
66.13333333333333,-0.65,-0.65,-61.66371621244865,-0.0,-1.6195737484750459,0.0,0.0
66.16666666666667,-0.65,-0.65,-61.66371621244865,-0.0,-1.61957374847513,0.0,0.0
66.2,-0.65,-0.65,-61.66371621244865,-0.0,-1.6195737484752066,0.0,0.0
66.23333333333333,-0.65,-0.65,-61.66371621244865,-0.0,-1.6195737484752764,0.0,0.0
66.26666666666667,-0.65,-0.65,-61.66371621244865,-0.0,-1.6195737484753399,0.0,0.0
66.3,-0.65,-0.65,-61.66371621244865,-0.0,-1.6195737484753976,0.0,0.0
66.33333333333333,-0.65,-0.65,-61.66371621244865,-0.0,-1.61957374847545,0.0,0.0
66.36666666666666,-0.65,-0.65,-61.66371621244865,-0.0,-1.6195737484754977,0.0,0.0
66.4,-0.65,-0.65,-61.66371621244865,-0.0,-1.6195737484755413,0.0,0.0
66.43333333333334,-0.65,-0.65,-61.66371621244865,-0.0,-1.6195737484755808,0.0,0.0
66.46666666666667,-0.65,-0.65,-61.66371621244865,-0.0,-1.6195737484756167,0.0,0.0
66.5,-0.65,-0.65,-61.66371621244865,-0.0,-1.6195737484756494,0.0,0.0
66.53333333333333,-0.65,-0.65,-61.66371621244865,-0.0,-1.6195737484756791,0.0,0.0
66.56666666666666,-0.65,-0.65,-61.66371621244865,-0.0,-1.6195737484757062,0.0,0.0
66.6,-0.65,-0.65,-61.66371621244865,-0.0,-1.6195737484757309,0.0,0.0
66.63333333333333,-0.65,-0.65,-61.66371621244865,-0.0,-1.6195737484757533,0.0,0.0
66.66666666666667,-0.65,-0.65,-61.66371621244865,-0.0,-1.6195737484757737,0.0,0.0
66.7,-0.65,-0.65,-61.66371621244865,-0.0,-1.6195737484757922,0.0,0.0
66.73333333333333,-0.65,-0.65,-61.66371621244865,-0.0,-1.619573748475809,0.0,0.0
66.76666666666667,-0.65,-0.65,-61.66371621244865,-0.0,-1.6195737484758244,0.0,0.0
66.8,-0.65,-0.65,-61.66371621244865,-0.0,-1.6195737484758383,0.0,0.0
66.83333333333333,-0.65,-0.65,-61.66371621244865,-0.0,-1.619573748475851,0.0,0.0
66.86666666666666,-0.65,-0.65,-61.66371621244865,-0.0,-1.6195737484758626,0.0,0.0
66.9,-0.65,-0.65,-61.66371621244865,-0.0,-1.619573748475873,0.0,0.0
66.93333333333334,-0.65,-0.65,-61.66371621244865,-0.0,-1.6195737484758825,0.0,0.0
66.96666666666667,-0.65,-0.65,-61.66371621244865,-0.0,-1.6195737484758912,0.0,0.0
67.0,-0.65,-0.65,-61.66371621244865,-0.0,-1.6195737484758992,0.0,0.0
67.03333333333333,-0.65,-0.65,-61.66371621244865,-0.0,-1.6195737484759063,0.0,0.0
67.06666666666666,-0.65,-0.65,-61.66371621244865,-0.0,-1.6195737484759127,0.0,0.0
67.1,-0.65,-0.65,-61.66371621244865,-0.0,-1.6195737484759187,0.0,0.0
67.13333333333333,-0.65,-0.65,-61.66371621244865,-0.0,-1.619573748475924,0.0,0.0
67.16666666666667,-0.65,-0.65,-61.66371621244865,-0.0,-1.619573748475929,0.0,0.0
67.2,-0.65,-0.65,-61.66371621244865,-0.0,-1.6195737484759334,0.0,0.0
67.23333333333333,-0.65,-0.65,-61.66371621244865,-0.0,-1.6195737484759374,0.0,0.0
67.26666666666667,-0.65,-0.65,-61.66371621244865,-0.0,-1.6195737484759412,0.0,0.0
67.3,-0.65,-0.65,-61.66371621244865,-0.0,-1.6195737484759445,0.0,0.0
67.33333333333333,-0.65,-0.65,-61.66371621244865,-0.0,-1.6195737484759476,0.0,0.0
67.36666666666666,-0.65,-0.65,-61.66371621244865,-0.0,-1.6195737484759505,0.0,0.0
67.4,-0.65,-0.65,-61.66371621244865,-0.0,-1.619573748475953,0.0,0.0
67.43333333333334,-0.65,-0.65,-61.66371621244865,-0.0,-1.6195737484759551,0.0,0.0
67.46666666666667,-0.65,-0.65,-61.66371621244865,-0.0,-1.6195737484759574,0.0,0.0
67.5,-0.65,-0.65,-61.66371621244865,-0.0,-1.6195737484759594,0.0,0.0
67.53333333333333,-0.65,-0.65,-61.66371621244865,-0.0,-1.6195737484759611,0.0,0.0
67.56666666666666,-0.65,-0.65,-61.66371621244865,-0.0,-1.6195737484759627,0.0,0.0
67.6,-0.65,-0.65,-61.66371621244865,-0.0,-1.6195737484759642,0.0,0.0
67.63333333333333,-0.65,-0.65,-61.66371621244865,-0.0,-1.6195737484759656,0.0,0.0
67.66666666666667,-0.65,-0.65,-61.66371621244865,-0.0,-1.6195737484759667,0.0,0.0
67.7,-0.65,-0.65,-61.66371621244865,-0.0,-1.6195737484759678,0.0,0.0
67.73333333333333,-0.65,-0.65,-61.66371621244865,-0.0,-1.6195737484759687,0.0,0.0
67.76666666666667,-0.65,-0.65,-61.66371621244865,-0.0,-1.6195737484759696,0.0,0.0
67.8,-0.65,-0.65,-61.66371621244865,-0.0,-1.6195737484759705,0.0,0.0
67.83333333333333,-0.65,-0.65,-61.66371621244865,-0.0,-1.6195737484759711,0.0,0.0
67.86666666666666,-0.65,-0.65,-61.66371621244865,-0.0,-1.6195737484759718,0.0,0.0
67.9,-0.65,-0.65,-61.66371621244865,-0.0,-1.6195737484759725,0.0,0.0
67.93333333333334,-0.65,-0.65,-61.66371621244865,-0.0,-1.6195737484759731,0.0,0.0
67.96666666666667,-0.65,-0.65,-61.66371621244865,-0.0,-1.6195737484759736,0.0,0.0
68.0,-0.65,-0.65,-61.66371621244865,-0.0,-1.619573748475974,0.0,0.0
68.03333333333333,-0.65,-0.65,-61.66371621244865,-0.0,-1.6195737484759745,0.0,0.0
68.06666666666666,-0.65,-0.65,-61.66371621244865,-0.0,-1.619573748475975,0.0,0.0
68.1,-0.65,-0.65,-61.66371621244865,-0.0,-1.6195737484759753,0.0,0.0
68.13333333333333,-0.65,-0.65,-61.66371621244865,-0.0,-1.6195737484759756,0.0,0.0
68.16666666666667,-0.65,-0.65,-61.66371621244865,-0.0,-1.6195737484759758,0.0,0.0
68.2,-0.65,-0.65,-61.66371621244865,-0.0,-1.619573748475976,0.0,0.0
68.23333333333333,-0.65,-0.65,-61.66371621244865,-0.0,-1.6195737484759762,0.0,0.0
68.26666666666667,-0.65,-0.65,-61.66371621244865,-0.0,-1.6195737484759765,0.0,0.0
68.3,-0.65,-0.65,-61.66371621244865,-0.0,-1.6195737484759767,0.0,0.0
68.33333333333333,-0.65,-0.65,-61.66371621244865,-0.0,-1.619573748475977,0.0,0.0
68.36666666666666,-0.65,-0.65,-61.66371621244865,-0.0,-1.6195737484759771,0.0,0.0
68.4,-0.65,-0.65,-61.66371621244865,-0.0,-1.6195737484759773,0.0,0.0
68.43333333333334,-0.65,-0.65,-61.66371621244865,-0.0,-1.6195737484759776,0.0,0.0
68.46666666666667,-0.65,-0.65,-61.66371621244865,-0.0,-1.6195737484759776,0.0,0.0
68.5,-0.65,-0.65,-61.66371621244865,-0.0,-1.6195737484759776,0.0,0.0
68.53333333333333,-0.65,-0.65,-61.66371621244865,-0.0,-1.6195737484759776,0.0,0.0
68.56666666666666,-0.65,-0.65,-61.66371621244865,-0.0,-1.6195737484759776,0.0,0.0
68.6,-0.65,-0.65,-61.66371621244865,-0.0,-1.6195737484759776,0.0,0.0
68.63333333333333,-0.65,-0.65,-61.66371621244865,-0.0,-1.6195737484759776,0.0,0.0
68.66666666666667,-0.65,-0.65,-61.66371621244865,-0.0,-1.6195737484759776,0.0,0.0
68.7,-0.65,-0.65,-61.66371621244865,-0.0,-1.6195737484759776,0.0,0.0
68.73333333333333,-0.65,-0.65,-61.66371621244865,-0.0,-1.6195737484759776,0.0,0.0
68.76666666666667,-0.65,-0.65,-61.66371621244865,-0.0,-1.6195737484759776,0.0,0.0
68.8,-0.65,-0.65,-61.66371621244865,-0.0,-1.6195737484759776,0.0,0.0
68.83333333333333,-0.65,-0.65,-61.66371621244865,-0.0,-1.6195737484759776,0.0,0.0
68.86666666666666,-0.65,-0.65,-61.66371621244865,-0.0,-1.6195737484759776,0.0,0.0
68.9,-0.65,-0.65,-61.66371621244865,-0.0,-1.6195737484759776,0.0,0.0
68.93333333333334,-0.65,-0.65,-61.66371621244865,-0.0,-1.6195737484759776,0.0,0.0
68.96666666666667,-0.65,-0.65,-61.66371621244865,-0.0,-1.6195737484759776,0.0,0.0
69.0,-0.65,-0.65,-61.66371621244865,-0.0,-1.6195737484759776,0.0,0.0
69.03333333333333,-0.65,-0.65,-61.66371621244865,-0.0,-1.6195737484759776,0.0,0.0
69.06666666666666,-0.65,-0.65,-61.66371621244865,-0.0,-1.6195737484759776,0.0,0.0
69.1,-0.65,-0.65,-61.66371621244865,-0.0,-1.6195737484759776,0.0,0.0
69.13333333333333,-0.65,-0.65,-61.66371621244865,-0.0,-1.6195737484759776,0.0,0.0
69.16666666666667,-0.65,-0.65,-61.66371621244865,-0.0,-1.6195737484759776,0.0,0.0
69.2,-0.65,-0.65,-61.66371621244865,-0.0,-1.6195737484759776,0.0,0.0
69.23333333333333,-0.65,-0.65,-61.66371621244865,-0.0,-1.6195737484759776,0.0,0.0
69.26666666666667,-0.65,-0.65,-61.66371621244865,-0.0,-1.6195737484759776,0.0,0.0
69.3,-0.65,-0.65,-61.66371621244865,-0.0,-1.6195737484759776,0.0,0.0
69.33333333333333,-0.65,-0.65,-61.66371621244865,-0.0,-1.6195737484759776,0.0,0.0
69.36666666666666,-0.65,-0.65,-61.66371621244865,-0.0,-1.6195737484759776,0.0,0.0
69.4,-0.65,-0.65,-61.66371621244865,-0.0,-1.6195737484759776,0.0,0.0
69.43333333333334,-0.65,-0.65,-61.66371621244865,-0.0,-1.6195737484759776,0.0,0.0
69.46666666666667,-0.65,-0.65,-61.66371621244865,-0.0,-1.6195737484759776,0.0,0.0
69.5,-0.65,-0.65,-61.66371621244865,-0.0,-1.6195737484759776,0.0,0.0
69.53333333333333,-0.65,-0.65,-61.66371621244865,-0.0,-1.6195737484759776,0.0,0.0
69.56666666666666,-0.65,-0.65,-61.66371621244865,-0.0,-1.6195737484759776,0.0,0.0
69.6,-0.65,-0.65,-61.66371621244865,-0.0,-1.6195737484759776,0.0,0.0
69.63333333333333,-0.65,-0.65,-61.66371621244865,-0.0,-1.6195737484759776,0.0,0.0
69.66666666666667,-0.65,-0.65,-61.66371621244865,-0.0,-1.6195737484759776,0.0,0.0
69.7,-0.65,-0.65,-61.66371621244865,-0.0,-1.6195737484759776,0.0,0.0
69.73333333333333,-0.65,-0.65,-61.66371621244865,-0.0,-1.6195737484759776,0.0,0.0
69.76666666666667,-0.65,-0.65,-61.66371621244865,-0.0,-1.6195737484759776,0.0,0.0
69.8,-0.65,-0.65,-61.66371621244865,-0.0,-1.6195737484759776,0.0,0.0
69.83333333333333,-0.65,-0.65,-61.66371621244865,-0.0,-1.6195737484759776,0.0,0.0
69.86666666666666,-0.65,-0.65,-61.66371621244865,-0.0,-1.6195737484759776,0.0,0.0
69.9,-0.65,-0.65,-61.66371621244865,-0.0,-1.6195737484759776,0.0,0.0
69.93333333333334,-0.65,-0.65,-61.66371621244865,-0.0,-1.6195737484759776,0.0,0.0
69.96666666666667,-0.65,-0.65,-61.66371621244865,-0.0,-1.6195737484759776,0.0,0.0
70.0,-0.65,-0.65,-61.66371621244865,-0.0,-1.6195737484759776,0.0,0.0
70.03333333333333,-0.6356,-0.6356,-59.36105447921382,-0.0,-1.6195737484759776,0.0,0.0
70.06666666666666,-0.6211,-0.6211,-57.05997460656026,-0.0,-1.6162323587180598,0.0,0.0
70.1,-0.6067,-0.6067,-54.79638911627772,-0.0,-1.6098527831434055,0.0,0.0
70.13333333333333,-0.5922,-0.5922,-52.54281479005333,-0.0,-1.6007611330966178,0.0,0.0
70.16666666666667,-0.5778,-0.5778,-50.33398602563264,-0.0,-1.5892116074070934,0.0,0.0
70.2,-0.5633,-0.5633,-48.142627525136874,-0.0,-1.5754828191292478,0.0,0.0
70.23333333333333,-0.5489,-0.5489,-46.002050662313906,-0.0,-1.5597853865398355,0.0,0.0
70.26666666666667,-0.5344,-0.5344,-43.88534741504398,-0.0,-1.542355953025424,0.0,0.0
70.3,-0.52,-0.52,-41.82422005988441,-0.0,-1.5233675353620706,0.0,0.0
70.33333333333333,-0.5056,-0.5056,-39.80614045153064,-0.0,-1.5030205070786504,0.0,0.0
70.36666666666666,-0.4911,-0.4911,-37.81949358736736,-0.0,-1.4814762415422358,0.0,0.0
70.4,-0.4767,-0.4767,-35.89334282375056,-0.0,-1.4588621444105125,0.0,0.0
70.43333333333334,-0.4622,-0.4622,-34.002343601097735,-0.0,-1.4353341084924016,0.0,0.0
70.46666666666667,-0.4478,-0.4478,-32.173717113918244,-0.0,-1.4109952987161765,0.0,0.0
70.5,-0.4333,-0.4333,-30.382968243608346,-0.0,-1.385977520332302,0.0,0.0
70.53333333333333,-0.4189,-0.4189,-28.655459810688782,-0.0,-1.3603638863878116,0.0,0.0
70.56666666666666,-0.4044,-0.4044,-26.96764797560182,-0.0,-1.3342658715487026,0.0,0.0
70.6,-0.39,-0.39,-25.343054715886993,-0.0,-1.3077500510095261,0.0,0.0
70.63333333333333,-0.3756,-0.3756,-23.769914603917655,-0.0,-1.2809107240475703,0.0,0.0
70.66666666666667,-0.3611,-0.3611,-22.237718598532638,-0.0,-1.2538165577032234,0.0,0.0
70.7,-0.3467,-0.3467,-20.767320392734717,-0.0,-1.2265147041148485,0.0,0.0
70.73333333333333,-0.3322,-0.3322,-19.337868766980208,-0.0,-1.199078574465198,0.0,0.0
70.76666666666667,-0.3178,-0.3178,-17.968524312507668,-0.0,-1.1715451145172353,0.0,0.0
70.8,-0.3033,-0.3033,-16.63958895983663,-0.0,-1.1439763246145511,0.0,0.0
70.83333333333333,-0.2889,-0.2889,-15.368615716390991,-0.0,-1.1164007347526426,0.0,0.0
70.86666666666666,-0.2744,-0.2744,-14.137075639171442,-0.0,-1.088870609213991,0.0,0.0
70.9,-0.26,-0.26,-12.961007625716633,-0.0,-1.0614075349745362,0.0,0.0
70.93333333333334,-0.2456,-0.2456,-11.83074343562636,-0.0,-1.034055446023322,0.0,0.0
70.96666666666667,-0.2311,-0.2311,-10.737831493570283,-0.0,-1.0068415131762887,0.0,0.0
71.0,-0.2167,-0.2167,-9.696225654269782,-0.0,-0.9797791765264526,0.0,0.0
71.03333333333333,-0.2022,-0.2022,-8.690289224607142,-0.0,-0.95290209728286,0.0,0.0
71.06666666666666,-0.1878,-0.1878,-7.732708050086785,-0.0,-0.9262194163374915,0.0,0.0
71.1,-0.1733,-0.1733,-6.8089598642937545,-0.0,-0.8997590945014629,0.0,0.0
71.13333333333333,-0.1589,-0.1589,-5.930559654515747,-0.0,-0.8735267359750416,0.0,0.0
71.16666666666667,-0.1444,-0.1444,-5.084060980559698,-0.0,-0.8475453984061169,0.0,0.0
71.2,-0.13,-0.13,-4.2799018845139045,-0.0,-0.8218177850894054,0.0,0.0
71.23333333333333,-0.1156,-0.1156,-3.510887009748302,-0.0,-0.7963627354980242,0.0,0.0
71.26666666666667,-0.1011,-0.1011,-2.7708060180828085,-0.0,-0.7711883025090452,0.0,0.0
71.3,-0.0867,-0.0867,-2.0686497051206487,-0.0,-0.7462938427382408,0.0,0.0
71.33333333333333,-0.0722,-0.0722,-1.3934523125773808,-0.0,-0.7216929852677731,0.0,0.0
71.36666666666666,-0.0578,-0.0578,-0.7533423968660742,-0.0,-0.6973833506680569,0.0,0.0
71.4,-0.0433,-0.0433,-0.13825489743925345,-0.0,-0.6733756745297732,0.0,0.0
71.43333333333334,-0.0289,-0.0289,0.4444670975707936,-0.0,-0.6496661843348418,0.0,0.0
71.46666666666667,-0.0144,-0.0144,1.0040432312880938,-0.0,-0.6262631354843708,0.0,0.0
71.5,0.0,0.0,0.0,-0.0,-0.6031616499028594,0.0,0.0
71.53333333333333,0.0,0.0,0.0,-0.0,-0.5826456141331122,0.0,0.0
71.56666666666666,0.0,0.0,0.0,-0.0,-0.5630833228567111,0.0,0.0
71.6,0.0,0.0,0.0,-0.0,-0.5444138633688322,0.0,0.0
71.63333333333333,0.0,0.0,0.0,-0.0,-0.5265813768372152,0.0,0.0
71.66666666666667,0.0,0.0,0.0,-0.0,-0.5095345444578738,0.0,0.0
71.7,0.0,0.0,0.0,-0.0,-0.4932261350636196,0.0,0.0
71.73333333333333,0.0,0.0,0.0,-0.0,-0.47761260577873144,0.0,0.0
71.76666666666667,0.0,0.0,0.0,-0.0,-0.46265374860221625,0.0,0.0
71.8,0.0,0.0,0.0,-0.0,-0.4483123768730131,0.0,0.0
71.83333333333333,0.0,0.0,0.0,-0.0,-0.43455404646347556,0.0,0.0
71.86666666666666,0.0,0.0,0.0,-0.0,-0.421346807294778,0.0,0.0
71.9,0.0,0.0,0.0,-0.0,-0.40866098139546225,0.0,0.0
71.93333333333334,0.0,0.0,0.0,-0.0,-0.39646896425311573,0.0,0.0
71.96666666666667,0.0,0.0,0.0,-0.0,-0.38474504665613934,0.0,0.0
72.0,0.0,0.0,0.0,-0.0,-0.3734652546015404,0.0,0.0
72.03333333333333,0.0,0.0,0.0,-0.0,-0.36260720516698175,0.0,0.0
72.06666666666666,0.0,0.0,0.0,-0.0,-0.3521499765201922,0.0,0.0
72.1,0.0,0.0,0.0,-0.0,-0.3420739904739257,0.0,0.0
72.13333333333333,0.0,0.0,0.0,-0.0,-0.33236090619624803,0.0,0.0
72.16666666666667,0.0,0.0,0.0,-0.0,-0.32299352385924524,0.0,0.0
72.2,0.0,0.0,0.0,-0.0,-0.31395569715863103,0.0,0.0
72.23333333333333,0.0,0.0,0.0,-0.0,-0.30523225376579294,0.0,0.0
72.26666666666667,0.0,0.0,0.0,-0.0,-0.2968089228855897,0.0,0.0
72.3,0.0,0.0,0.0,-0.0,-0.28867226919022543,0.0,0.0
72.33333333333333,0.0,0.0,0.0,-0.0,-0.28080963248391944,0.0,0.0
72.36666666666666,0.0,0.0,0.0,-0.0,-0.2732090725266571,0.0,0.0
72.4,0.0,0.0,0.0,-0.0,-0.2658593185095725,0.0,0.0
72.43333333333334,0.0,0.0,0.0,-0.0,-0.25874972273076435,0.0,0.0
72.46666666666667,0.0,0.0,0.0,-0.0,-0.2518702180696774,0.0,0.0
72.5,0.0,0.0,0.0,-0.0,-0.2452112789015281,0.0,0.0
72.53333333333333,0.0,0.0,0.0,-0.0,-0.2387638851314088,0.0,0.0
72.56666666666666,0.0,0.0,0.0,-0.0,-0.23251948906135278,0.0,0.0
72.6,0.0,0.0,0.0,-0.0,-0.2264699848333653,0.0,0.0
72.63333333333333,0.0,0.0,0.0,-0.0,-0.22060768021772784,0.0,0.0
72.66666666666667,0.0,0.0,0.0,-0.0,-0.2149252705391935,0.0,0.0
72.7,0.0,0.0,0.0,-0.0,-0.20941581455438674,0.0,0.0
72.73333333333333,0.0,0.0,0.0,-0.0,-0.20407271211211958,0.0,0.0
72.76666666666667,0.0,0.0,0.0,-0.0,-0.19888968344472208,0.0,0.0
72.8,0.0,0.0,0.0,-0.0,-0.19386074995309552,0.0,0.0
72.83333333333333,0.0,0.0,0.0,-0.0,-0.1889802163612469,0.0,0.0
72.86666666666666,0.0,0.0,0.0,-0.0,-0.1842426541277328,0.0,0.0
72.9,0.0,0.0,0.0,-0.0,-0.17964288601189285,0.0,0.0
72.93333333333334,0.0,0.0,0.0,-0.0,-0.17517597170212496,0.0,0.0
72.96666666666667,0.0,0.0,0.0,-0.0,-0.17083719442187037,0.0,0.0
73.0,0.0,0.0,0.0,-0.0,-0.1666220484365428,0.0,0.0
73.03333333333333,0.0,0.0,0.0,-0.0,-0.1625262273914471,0.0,0.0
73.06666666666666,0.0,0.0,0.0,-0.0,-0.15854561341687165,0.0,0.0
73.1,0.0,0.0,0.0,-0.0,-0.15467626694207787,0.0,0.0
73.13333333333333,0.0,0.0,0.0,-0.0,-0.1509144171649145,0.0,0.0
73.16666666666667,0.0,0.0,0.0,-0.0,-0.14725645312831065,0.0,0.0
73.2,0.0,0.0,0.0,-0.0,-0.14369891535899887,0.0,0.0
73.23333333333333,0.0,0.0,0.0,-0.0,-0.14023848802753475,0.0,0.0
73.26666666666667,0.0,0.0,0.0,-0.0,-0.13687199159204946,0.0,0.0
73.3,0.0,0.0,0.0,-0.0,-0.1335963758912332,0.0,0.0
73.33333333333333,0.0,0.0,0.0,-0.0,-0.13040871365483134,0.0,0.0
73.36666666666666,0.0,0.0,0.0,-0.0,-0.12730619440246843,0.0,0.0
73.4,0.0,0.0,0.0,-0.0,-0.12428611870392299,0.0,0.0
73.43333333333334,0.0,0.0,0.0,-0.0,-0.12134589277608168,0.0,0.0
73.46666666666667,0.0,0.0,0.0,-0.0,-0.11848302339372176,0.0,0.0
73.5,0.0,0.0,0.0,-0.0,-0.11569511309302646,0.0,0.0
73.53333333333333,0.0,0.0,0.0,-0.0,-0.11297985564834288,0.0,0.0
73.56666666666666,0.0,0.0,0.0,-0.0,-0.11033503180416064,0.0,0.0
73.6,0.0,0.0,0.0,-0.0,-0.1077585052456355,0.0,0.0
73.63333333333333,0.0,0.0,0.0,-0.0,-0.10524821879221566,0.0,0.0
73.66666666666667,0.0,0.0,0.0,-0.0,-0.10280219080006017,0.0,0.0
73.7,0.0,0.0,0.0,-0.0,-0.1004185117599787,0.0,0.0
73.73333333333333,0.0,0.0,0.0,-0.0,-0.09809534107857693,0.0,0.0
73.76666666666667,0.0,0.0,0.0,-0.0,-0.0958309040311705,0.0,0.0
73.8,0.0,0.0,0.0,-0.0,-0.09362348887583967,0.0,0.0
73.83333333333333,0.0,0.0,0.0,-0.0,-0.09147144411874093,0.0,0.0
73.86666666666666,0.0,0.0,0.0,-0.0,-0.08937317592147975,0.0,0.0
73.9,0.0,0.0,0.0,-0.0,-0.08732714564198114,0.0,0.0
73.93333333333334,0.0,0.0,0.0,-0.0,-0.08533186750088047,0.0,0.0
73.96666666666667,0.0,0.0,0.0,-0.0,-0.0833859063659968,0.0,0.0
74.0,0.0,0.0,0.0,-0.0,-0.08148787564795083,0.0,0.0
74.03333333333333,0.0,0.0,0.0,-0.0,-0.0796364353004515,0.0,0.0
74.06666666666666,0.0,0.0,0.0,-0.0,-0.07783028991920318,0.0,0.0
74.1,0.0,0.0,0.0,-0.0,-0.07606818693378176,0.0,0.0
74.13333333333333,0.0,0.0,0.0,-0.0,-0.07434891488719504,0.0,0.0
74.16666666666667,0.0,0.0,0.0,-0.0,-0.07267130179818374,0.0,0.0
74.2,0.0,0.0,0.0,-0.0,-0.07103421360163542,0.0,0.0
74.23333333333333,0.0,0.0,0.0,-0.0,-0.06943655266277757,0.0,0.0
74.26666666666667,0.0,0.0,0.0,-0.0,-0.0678772563610885,0.0,0.0
74.3,0.0,0.0,0.0,-0.0,-0.06635529574011886,0.0,0.0
74.33333333333333,0.0,0.0,0.0,-0.0,-0.06486967421965215,0.0,0.0
74.36666666666666,0.0,0.0,0.0,-0.0,-0.06341942636685267,0.0,0.0
74.4,0.0,0.0,0.0,-0.0,-0.06200361672325377,0.0,0.0
74.43333333333334,0.0,0.0,0.0,-0.0,-0.06062133868462968,0.0,0.0
74.46666666666667,0.0,0.0,0.0,-0.0,-0.05927171343097268,0.0,0.0
74.5,0.0,0.0,0.0,-0.0,-0.05795388890396234,0.0,0.0
74.53333333333333,0.0,0.0,0.0,-0.0,-0.0566670388294691,0.0,0.0
74.56666666666666,0.0,0.0,0.0,-0.0,-0.05541036178277858,0.0,0.0
74.6,0.0,0.0,0.0,-0.0,-0.05418308029435824,0.0,0.0
74.63333333333333,0.0,0.0,0.0,-0.0,-0.052984439994114285,0.0,0.0
74.66666666666667,0.0,0.0,0.0,-0.0,-0.05181370879220482,0.0,0.0
74.7,0.0,0.0,0.0,-0.0,-0.05067017609458571,0.0,0.0
74.73333333333333,0.0,0.0,0.0,-0.0,-0.049553152051569085,0.0,0.0
74.76666666666667,0.0,0.0,0.0,-0.0,-0.048461966837771445,0.0,0.0
74.8,0.0,0.0,0.0,-0.0,-0.04739596996191893,0.0,0.0
74.83333333333333,0.0,0.0,0.0,-0.0,-0.0463545296050627,0.0,0.0
74.86666666666666,0.0,0.0,0.0,-0.0,-0.045337031985836995,0.0,0.0
74.9,0.0,0.0,0.0,-0.0,-0.044342880751467556,0.0,0.0
74.93333333333334,0.0,0.0,0.0,-0.0,-0.04337149639330837,0.0,0.0
74.96666666666667,0.0,0.0,0.0,-0.0,-0.04242231568575076,0.0,0.0
75.0,0.0,0.0,0.0,-0.0,-0.04149479114741092,0.0,0.0
75.03333333333333,0.0122,-0.0122,1.9913120954901093,-0.2623578689417112,-0.040588390523560475,0.0,0.0
75.06666666666666,0.0244,-0.0244,1.9102445174400757,-0.37388184132743946,-0.03670861693053914,-8.21005830290918e-06,-0.008564373185802358
75.1,0.0367,-0.0367,1.8321209622750427,-0.49296632124425516,-0.03303827514006225,-3.080099296304294e-05,-0.019066755372045364
75.13333333333333,0.0489,-0.0489,1.7586817089201234,-0.6180065151024254,-0.029567607099779344,-6.595813054067432e-05,-0.031346234126917547
75.16666666666667,0.0611,-0.0611,1.6897509975799792,-0.7502786233635765,-0.02628453927030345,-0.00011116642943336029,-0.045210357841754215
75.2,0.0733,-0.0733,1.6258084174546332,-0.8901230613702256,-0.023177604628245717,-0.0001634844590980444,-0.06053523693507929
75.23333333333333,0.0856,-0.0856,1.5668800721251346,-1.0391289428305575,-0.020234935047632175,-0.00021977943465285768,-0.07722123353570073
75.26666666666667,0.0978,-0.0978,1.514407464956832,-1.1952227001530646,-0.017444945730804073,-0.00027688447109178665,-0.09522840360374903
75.3,0.11,-0.11,1.4683635521300848,-1.3599310368003024,-0.014794195446778052,-0.00033165368407179607,-0.11444524152612322
75.33333333333333,0.1222,-0.1222,1.4292149817469486,-1.5336019950629725,-0.0122696327183855,-0.00038100470951524067,-0.1348204840539675
75.36666666666666,0.1344,-0.1344,1.3974162184403074,-1.7165819542994498,-0.009857842380517247,-0.0004219678335610912,-0.15631222504468834
75.4,0.1467,-0.1467,1.3732423270210679,-1.9108338278633856,-0.007545070641614801,-0.0004516856828982262,-0.17888574257727846
75.43333333333334,0.1589,-0.1589,1.3575079344262022,-2.113539600793165,-0.005317501831726525,-0.0004674057614263656,-0.20256354189174433
75.46666666666667,0.1711,-0.1711,1.3503790639396627,-2.326570161206984,-0.003160449155428015,-0.000466431894053624,-0.22725876643628465
75.5,0.1833,-0.1833,1.3522235628166266,-2.550248835989311,-0.0010593513053347267,-0.0004460856641822962,-0.2529504730312655
75.53333333333333,0.1956,-0.1956,1.363509238770229,-2.786858298052208,0.0010005236647235476,-0.0004036754819223185,-0.27961895736408743
75.56666666666666,0.2078,-0.2078,1.384357330094402,-3.032854663416429,0.003034052056405251,-0.00033644128313814085,-0.3073073663330925
75.6,0.22,-0.22,1.4150860803200338,-3.29040390810649,0.005055723869660607,-0.00024150212823661373,-0.3359211121403511
75.63333333333333,0.2322,-0.2322,1.4559202170542438,-3.5597782910478286,0.007080111017696714,-0.00011581411929596343,-0.3654428977766442
75.66666666666667,0.2444,-0.2444,1.507041489581817,-3.8412329011899793,0.009121714328253,4.388516003322936e-05,-0.3958538622675212
75.7,0.2567,-0.2567,1.569134231196334,-4.137463392665479,0.011194879309075203,0.00024113066443971553,-0.42713341523153214
75.73333333333333,0.2689,-0.2689,1.6412786473454677,-4.443870006941051,0.013314531859938764,0.00047981499597886054,-0.4593358748471127
75.76666666666667,0.2811,-0.2811,1.7239772100508812,-4.763003540757807,0.015493726298519228,0.0007642026352518629,-0.492342180553035
75.8,0.2933,-0.2933,1.817221007698656,-5.095033407751174,0.017745798047420134,0.001098939090663765,-0.5261304872647115
75.83333333333333,0.3056,-0.3056,1.9218445704912561,-5.442986399094275,0.02008355724652836,0.0014891206679047788,-0.5606762057973307
75.86666666666666,0.3178,-0.3178,2.036037206852706,-5.8013228406145085,0.02252053223651315,0.0019403939995603816,-0.5960410116961643
75.9,0.33,-0.33,2.1604485882722493,-6.172907126788173,0.02506693805662335,0.002458900388196989,-0.6320838083329029
75.93333333333334,0.3422,-0.3422,2.2948727508427247,-6.557799110479236,0.027733412582814206,0.00305122885599352,-0.6687794563629081
75.96666666666667,0.3544,-0.3544,2.4390576102351726,-6.956028232809924,0.030529675574010283,0.0037244918218107166,-0.7060996910848765
76.0,0.3667,-0.3667,2.594004928339894,-7.371021005760703,0.03346443323446269,0.004486318120349428,-0.7440136990925094
76.03333333333333,0.3789,-0.3789,2.756856018849758,-7.7959948698155515,0.03654722939873567,0.005344966634020729,-0.7825921901500806
76.06666666666666,0.3911,-0.3911,2.928457757823237,-8.23420136911172,0.039782574765896736,0.0063091326514098664,-0.8216665628971347
76.1,0.4033,-0.4033,3.108402146418893,-8.685538928058623,0.043175588822468705,0.007387799938591389,-0.8612098340578236
76.13333333333333,0.4156,-0.4156,3.2978232732464825,-9.153730848242127,0.04673004013231818,0.008590331356662595,-0.9011916093121515
76.16666666666667,0.4278,-0.4278,3.4931765982986036,-9.630992184507935,0.05045062552621001,0.009926600743580108,-0.9416937424464865
76.2,0.44,-0.44,3.69548998316278,-10.120870177057238,0.05433587404308193,0.011406650877885083,-0.9825297702920891
76.23333333333333,0.4522,-0.4522,3.904269734497394,-10.623123387775493,0.05838512988779678,0.013040452550558045,-1.0236752533421716
76.26666666666667,0.4644,-0.4644,4.119014713544001,-11.137475047258661,0.06259618561358475,0.014838029756714067,-1.0651013835689085
76.3,0.4767,-0.4767,4.3410485974705075,-11.66797351215411,0.06696526370417141,0.01680934290502785,-1.1067763154129457
76.33333333333333,0.4889,-0.4889,4.5662601011352635,-12.205643228862684,0.07148972353167168,0.018964473535606787,-1.148793199541935
76.36666666666666,0.5011,-0.5011,4.795946381242867,-12.75436734281441,0.07615986610242716,0.02131306674072574,-1.1909445217479098
76.4,0.5133,-0.5133,5.029638675645124,-13.313729667999453,0.08096724182270355,0.023863989792519857,-1.2332098378422887
76.43333333333334,0.5256,-0.5256,5.268850219875965,-13.88798969971511,0.08590192275582771,0.026625556641135698,-1.2755630190742067
76.46666666666667,0.5378,-0.5378,5.509273487231692,-14.467323920334326,0.09095545562143442,0.029605788620081758,-1.3181091596302084
76.5,0.55,-0.55,5.752459987258835,-15.055845356871117,0.09611214653248303,0.03281167528471319,-1.3606294390647495
76.53333333333333,0.55,-0.55,5.752459987258835,-15.055845356871117,0.10135811528955788,0.0362487878024079,-1.4031092790939201
76.56666666666666,0.55,-0.55,5.752459987258835,-15.055845356871117,0.10631918493865096,0.03986197440450349,-1.4286152995467694
76.6,0.55,-0.55,5.752459987258835,-15.055845356871117,0.11100477784419639,0.043562333689906516,-1.443905060788606
76.63333333333333,0.55,-0.55,5.752459987258835,-15.055845356871117,0.11542433719865541,0.047288840436414924,-1.4531020655301283
76.66666666666667,0.55,-0.55,5.752459987258835,-15.055845356871117,0.11958728642323829,0.050999346172835976,-1.4586857048450923
76.7,0.55,-0.55,5.752459987258835,-15.055845356871117,0.12350301327847624,0.0546643783428529,-1.4621336561617255
76.73333333333333,0.55,-0.55,5.752459987258835,-15.055845356871117,0.12718087176090445,0.05826300303508726,-1.464321743514639
76.76666666666667,0.55,-0.55,5.752459987258835,-15.055845356871117,0.13063018709247656,0.06178011240968387,-1.4657671417617644
76.8,0.55,-0.55,5.752459987258835,-15.055845356871117,0.1338602551142945,0.06520465966391423,-1.4667743590180757
76.83333333333333,0.55,-0.55,5.752459987258835,-15.055845356871117,0.13688033340362965,0.06852851008514603,-1.4675221927797555
76.86666666666666,0.55,-0.55,5.752459987258835,-15.055845356871117,0.13969962488436624,0.07174568713179717,-1.468115293000137
76.9,0.55,-0.55,5.752459987258835,-15.055845356871117,0.1423272560787165,0.07485186976207091,-1.4686146551647437
76.93333333333334,0.55,-0.55,5.752459987258835,-15.055845356871117,0.14477225234298188,0.07784404902618222,-1.4690556227331992
76.96666666666667,0.55,-0.55,5.752459987258835,-15.055845356871117,0.14704351209520639,0.08072028573907024,-1.4694585032577903
77.0,0.55,-0.55,5.752459987258835,-15.055845356871117,0.14914978154905614,0.08347953272110412,-1.4698348230188094
77.03333333333333,0.55,-0.55,5.752459987258835,-15.055845356871117,0.15109963099294296,0.08612149881448662,-1.4701910085461214
77.06666666666666,0.55,-0.55,5.752459987258835,-15.055845356871117,0.15290143326268596,0.08864654048919711,-1.4705305509084046
77.1,0.55,-0.55,5.752459987258835,-15.055845356871117,0.1545633447617311,0.09105557221209713,-1.470855275677087
77.13333333333333,0.55,-0.55,5.752459987258835,-15.055845356871117,0.15609328917409626,0.09334999007217737,-1.4711660858758548
77.16666666666667,0.55,-0.55,5.752459987258835,-15.055845356871117,0.1574989438739062,0.0955316052017264,-1.4714633944599391
77.2,0.55,-0.55,5.752459987258835,-15.055845356871117,0.15878772894409915,0.09760258479131234,-1.4717473739789
77.23333333333333,0.55,-0.55,5.752459987258835,-15.055845356871117,0.15996679866106503,0.09956539926830706,-1.472018098680953
77.26666666666667,0.55,-0.55,5.752459987258835,-15.055845356871117,0.1610430352704944,0.10142277468201295,-1.4722756234357737
77.3,0.55,-0.55,5.752459987258835,-15.055845356871117,0.16202304486452318,0.10317764962921107,-1.4725200256512505
77.33333333333333,0.55,-0.55,5.752459987258835,-15.055845356871117,0.16291315516570828,0.1048331362333875,-1.472751425629674
77.36666666666666,0.55,-0.55,5.752459987258835,-15.055845356871117,0.16371941502561416,0.10639248480262872,-1.4729699944811578
77.4,0.55,-0.55,5.752459987258835,-15.055845356871117,0.16444759545224896,0.10785905186181179,-1.4731759549783556
77.43333333333334,0.55,-0.55,5.752459987258835,-15.055845356871117,0.1651031919895563,0.10923627130043542,-1.4733695785314838
77.46666666666667,0.55,-0.55,5.752459987258835,-15.055845356871117,0.16569142828253083,0.11052762840806299,-1.4735511801587735
77.5,0.55,-0.55,5.752459987258835,-15.055845356871117,0.16621726067256018,0.11173663659082281,-1.473721112555137
77.53333333333333,0.55,-0.55,5.752459987258835,-15.055845356871117,0.1666853836788388,0.11286681657833003,-1.4738797599032858
77.56666666666666,0.55,-0.55,5.752459987258835,-15.055845356871117,0.16710023623285297,0.1139216779429252,-1.4740275317985037
77.6,0.55,-0.55,5.752459987258835,-15.055845356871117,0.1674660085438135,0.11490470276357578,-1.4741648574951236
77.63333333333333,0.55,-0.55,5.752459987258835,-15.055845356871117,0.16778664948339603,0.11581933127594429,-1.4742921805848823
77.66666666666667,0.55,-0.55,5.752459987258835,-15.055845356871117,0.1680658743881657,0.11666894935846105,-1.474409954158406
77.7,0.55,-0.55,5.752459987258835,-15.055845356871117,0.1683071731875723,0.11745687771203371,-1.4745186364655172
77.73333333333333,0.55,-0.55,5.752459987258835,-15.055845356871117,0.16851381877438246,0.11818636259844374,-1.4746186870686309
77.76666666666667,0.55,-0.55,5.752459987258835,-15.055845356871117,0.1686888755428566,0.11886056800962001,-1.4747105634707138
77.8,0.55,-0.55,5.752459987258835,-15.055845356871117,0.16883520802788402,0.1194825691468945,-1.4747947181918268
77.83333333333333,0.55,-0.55,5.752459987258835,-15.055845356871117,0.1689554895856633,0.12005534709606336,-1.4748715962641703
77.86666666666666,0.55,-0.55,5.752459987258835,-15.055845356871117,0.16905221106337381,0.1205817845906114,-1.474941633113587
77.9,0.55,-0.55,5.752459987258835,-15.055845356871117,0.16912768941163642,0.12106466276181223,-1.475005252794903
77.93333333333334,0.55,-0.55,5.752459987258835,-15.055845356871117,0.1691840761994331,0.12150665878058892,-1.4750628665488168
77.96666666666667,0.55,-0.55,5.752459987258835,-15.055845356871117,0.16922336599655785,0.12191034430200605,-1.4751148716489844
78.0,0.55,-0.55,5.752459987258835,-15.055845356871117,0.16924740459363205,0.1222781846290569,-1.4751616505092753
78.03333333333333,0.55,-0.55,5.752459987258835,-15.055845356871117,0.16925789703425456,0.12261253851800377,-1.475203570022764
78.06666666666666,0.55,-0.55,5.752459987258835,-15.055845356871117,0.1692564154379932,0.12291565855291858,-1.475240981105761
78.1,0.55,-0.55,5.752459987258835,-15.055845356871117,0.1692444065966834,0.12318969202224941,-1.475274218422019
78.13333333333333,0.55,-0.55,5.752459987258835,-15.055845356871117,0.16922319932990296,0.1234366822352022,-1.4753036002640991
78.16666666666667,0.55,-0.55,5.752459987258835,-15.055845356871117,0.16919401158856093,0.12365857022047273,-1.4753294285707466
78.2,0.55,-0.55,5.752459987258835,-15.055845356871117,0.16915795729829822,0.12385719675438929,-1.475351989060923
78.23333333333333,0.55,-0.55,5.752459987258835,-15.055845356871117,0.1691160529368638,0.12403430466983055,-1.4753715514669128
78.26666666666667,0.55,-0.55,5.752459987258835,-15.055845356871117,0.16906922384183004,0.12419154140136739,-1.4753883698505859
78.3,0.55,-0.55,5.752459987258835,-15.055845356871117,0.1690183102469588,0.12433046172594105,-1.475402682988505
78.33333333333333,0.55,-0.55,5.752459987258835,-15.055845356871117,0.1689640730472479,0.12445253066203797,-1.475414714813058
78.36666666666666,0.55,-0.55,5.752459987258835,-15.055845356871117,0.16890719929419398,0.12455912649375583,-1.4754246748982025
78.4,0.55,-0.55,5.752459987258835,-15.055845356871117,0.16884830742411808,0.12465154388938025,-1.4754327589797083
78.43333333333334,0.55,-0.55,5.752459987258835,-15.055845356871117,0.168787952223533,0.1247309970871134,-1.4754391495009946
78.46666666666667,0.55,-0.55,5.752459987258835,-15.055845356871117,0.16872662953650147,0.12479862312341883,-1.4754440161767555
78.5,0.55,-0.55,5.752459987258835,-15.055845356871117,0.168664780719755,0.12485548508207871,-1.4754475165675836
78.53333333333333,0.55,-0.55,5.752459987258835,-15.055845356871117,0.1686027968520305,0.12490257534450616,-1.4754497966597184
78.56666666666666,0.55,-0.55,5.752459987258835,-15.055845356871117,0.168541022704647,0.12494081882412468,-1.4754509914448801
78.6,0.55,-0.55,5.752459987258835,-15.055845356871117,0.16847976048079985,0.1249710761697256,-1.4754512254958971
78.63333333333333,0.55,-0.55,5.752459987258835,-15.055845356871117,0.1684192733314074,0.12499414692465059,-1.4754506135345118
78.66666666666667,0.55,-0.55,5.752459987258835,-15.055845356871117,0.16835978865561294,0.12501077263042837,-1.4754492609883478
78.7,0.55,-0.55,5.752459987258835,-15.055845356871117,0.16830150119423506,0.12502163986512901,-1.475447264534559
78.73333333333333,0.55,-0.55,5.752459987258835,-15.055845356871117,0.16824457592457953,0.12502738320819576,-1.4754447126281538
78.76666666666667,0.55,-0.55,5.752459987258835,-15.055845356871117,0.16818915076508348,0.12502858812487802,-1.4754416860134039
78.8,0.55,-0.55,5.752459987258835,-15.055845356871117,0.16813533909826683,0.12502579376463085,-1.4754382582171188
78.83333333333333,0.55,-0.55,5.752459987258835,-15.055845356871117,0.1680832321204217,0.1250194956689713,-1.4754344960228791
78.86666666666666,0.55,-0.55,5.752459987258835,-15.055845356871117,0.16803290102638518,0.12501014838529775,-1.4754304599256083
78.9,0.55,-0.55,5.752459987258835,-15.055845356871117,0.16798439903762044,0.12499816798409388,-1.475426204566095
78.93333333333334,0.55,-0.55,5.752459987258835,-15.055845356871117,0.1679377632816789,0.12498393447775903,-1.4754217791452902
78.96666666666667,0.55,-0.55,5.752459987258835,-15.055845356871117,0.1678930165309393,0.1249677941400385,-1.4754172278183726
79.0,0.55,-0.55,5.752459987258835,-15.055845356871117,0.16785016880832057,0.12495006172567864,-1.4754125900687325
79.03333333333333,0.55,-0.55,5.752459987258835,-15.055845356871117,0.16780921886744812,0.12493102259050627,-1.4754079010621373
79.06666666666666,0.55,-0.55,5.752459987258835,-15.055845356871117,0.16777015555452277,0.1249109347126376,-1.4754031919814574
79.1,0.55,-0.55,5.752459987258835,-15.055845356871117,0.16773295905889826,0.12489003061596328,-1.475398490342405
79.13333333333333,0.55,-0.55,5.752459987258835,-15.055845356871117,0.16769760205912318,0.12486851919743822,-1.4753938202908132
79.16666666666667,0.55,-0.55,5.752459987258835,-15.055845356871117,0.16766405077094493,0.1248465874600336,-1.4753892028820323
79.2,0.55,-0.55,5.752459987258835,-15.055845356871117,0.16763226590351388,0.12482440215348743,-1.475384656343062
79.23333333333333,0.55,-0.55,5.752459987258835,-15.055845356871117,0.16760220352976143,0.12480211132522405,-1.4753801963180704
79.26666666666667,0.55,-0.55,5.752459987258835,-15.055845356871117,0.16757381587666348,0.12477984578400657,-1.475375836097968
79.3,0.55,-0.55,5.752459987258835,-15.055845356871117,0.16754705204083822,0.1247577204790425,-1.4753715868347212
79.33333333333333,0.55,-0.55,5.752459987258835,-15.055845356871117,0.16752185863466798,0.12473583579738583,-1.4753674577410916
79.36666666666666,0.55,-0.55,5.752459987258835,-15.055845356871117,0.16749818036787864,0.12471427878257174,-1.4753634562764926
79.4,0.55,-0.55,5.752459987258835,-15.055845356871117,0.16747596056925873,0.12469312427748658,-1.4753595883196446
79.43333333333334,0.55,-0.55,5.752459987258835,-15.055845356871117,0.16745514165295453,0.12467243599451718,-1.4753558583287054
79.46666666666667,0.55,-0.55,5.752459987258835,-15.055845356871117,0.1674356655335372,0.12465226751604493,-1.4753522694895378
79.5,0.55,-0.55,5.752459987258835,-15.055845356871117,0.16741747399380486,0.12463266322835136,-1.4753488238527623
79.53333333333333,0.55,-0.55,5.752459987258835,-15.055845356871117,0.1674005090090558,0.1246136591919874,-1.4753455224602259
79.56666666666666,0.55,-0.55,5.752459987258835,-15.055845356871117,0.16738471303135058,0.12459528395162915,-1.475342365461497
79.6,0.55,-0.55,5.752459987258835,-15.055845356871117,0.16737002923706928,0.12457755928840089,-1.4753393522209803
79.63333333333333,0.55,-0.55,5.752459987258835,-15.055845356871117,0.1673564017408666,0.12456050091759334,-1.4753364814162186
79.66666666666667,0.55,-0.55,5.752459987258835,-15.055845356871117,0.16734377577893284,0.12454411913464312,-1.4753337511279314
79.7,0.55,-0.55,5.752459987258835,-15.055845356871117,0.1673320978642809,0.12452841941216927,-1.475331158922316
79.73333333333333,0.55,-0.55,5.752459987258835,-15.055845356871117,0.1673213159166009,0.12451340295078644,-1.4753287019261125
79.76666666666667,0.55,-0.55,5.752459987258835,-15.055845356871117,0.16731137936905258,0.12449906718633268,-1.4753263768949147
79.8,0.55,-0.55,5.752459987258835,-15.055845356871117,0.167302239254203,0.12448540625606352,-1.4753241802751835
79.83333333333333,0.55,-0.55,5.752459987258835,-15.055845356871117,0.16729384827116192,0.1244724114262755,-1.4753221082603982
79.86666666666666,0.55,-0.55,5.752459987258835,-15.055845356871117,0.16728616083581957,0.1244600714837299,-1.4753201568417607
79.9,0.55,-0.55,5.752459987258835,-15.055845356871117,0.16727913311595288,0.12444837309315508,-1.4753183218538422
79.93333333333334,0.55,-0.55,5.752459987258835,-15.055845356871117,0.1672727230528329,0.12443730112301135,-1.4753165990155466
79.96666666666667,0.55,-0.55,5.752459987258835,-15.055845356871117,0.1672668903708418,0.12442683894160793,-1.475314983966738
80.0,0.55,-0.55,5.752459987258835,-15.055845356871117,0.1672615965764904,0.12441696868556773,-1.475313472300867
80.03333333333333,0.55,-0.55,5.752459987258835,-15.055845356871117,0.16725680494811485,0.12440767150254212,-1.475312059593903
80.06666666666666,0.55,-0.55,5.752459987258835,-15.055845356871117,0.16725248051742805,0.12439892776998548,-1.4753107414298725
80.1,0.55,-0.55,5.752459987258835,-15.055845356871117,0.16724859004400228,0.12439071729170911,-1.4753095134232712
80.13333333333333,0.55,-0.55,5.752459987258835,-15.055845356871117,0.16724510198366788,0.12438301947384425,-1.475308371238617
80.16666666666667,0.55,-0.55,5.752459987258835,-15.055845356871117,0.16724198645172653,0.12437581348175797,-1.4753073106073797
80.2,0.55,-0.55,5.752459987258835,-15.055845356871117,0.16723921518179727,0.12436907837938037,-1.475306327342518
80.23333333333333,0.55,-0.55,5.752459987258835,-15.055845356871117,0.16723676148103794,0.12436279325231969,-1.475305417350835
80.26666666666667,0.55,-0.55,5.752459987258835,-15.055845356871117,0.16723460018241487,0.12435693731606219,-1.4753045766433504
80.3,0.55,-0.55,5.752459987258835,-15.055845356871117,0.1672327075946283,0.12435149001047668,-1.4753038013438715
80.33333333333333,0.55,-0.55,5.752459987258835,-15.055845356871117,0.16723106145024028,0.12434643108176974,-1.4753030876959399
80.36666666666666,0.55,-0.55,5.752459987258835,-15.055845356871117,0.167229640852496,0.12434174065296591,-1.4753024320683057
80.4,0.55,-0.55,5.752459987258835,-15.055845356871117,0.16722842622127695,0.12433739928391932,-1.4753018309590855
80.43333333333334,0.55,-0.55,5.752459987258835,-15.055845356871117,0.16722739923857638,0.12433338802179703,-1.475301280998734
80.46666666666667,0.55,-0.55,5.752459987258835,-15.055845356871117,0.1672265427938434,0.12432968844291238,-1.47530077895196
80.5,0.55,-0.55,5.752459987258835,-15.055845356871117,0.16722584092950074,0.12432628268672653,-1.475300321718703
80.53333333333333,0.55,-0.55,5.752459987258835,-15.055845356871117,0.1672252787869038,0.12432315348277949,-1.475299906334278
80.56666666666666,0.55,-0.55,5.752459987258835,-15.055845356871117,0.1672248425529742,0.124320284171258,-1.4752995299687872
80.6,0.55,-0.55,5.752459987258835,-15.055845356871117,0.16722451940770927,0.12431765871785629,-1.4752991899258903
80.63333333333333,0.55,-0.55,5.752459987258835,-15.055845356871117,0.16722429747274017,0.12431526172353691,-1.475298883641018
80.66666666666667,0.55,-0.55,5.752459987258835,-15.055845356871117,0.16722416576108506,0.12431307842975307,-1.4752986086791025
80.7,0.55,-0.55,5.752459987258835,-15.055845356871117,0.16722411412821986,0.12431109471965042,-1.4752983627318978
80.73333333333333,0.55,-0.55,5.752459987258835,-15.055845356871117,0.16722413322456703,0.124309297115725,-1.4752981436149517
80.76666666666667,0.55,-0.55,5.752459987258835,-15.055845356871117,0.16722421444948402,0.12430767277437596,-1.4752979492642857
80.8,0.55,-0.55,5.752459987258835,-15.055845356871117,0.16722434990681448,0.12430620947775504,-1.4752977777328402
80.83333333333333,0.55,-0.55,5.752459987258835,-15.055845356871117,0.16722453236204995,0.12430489562328098,-1.4752976271867266
80.86666666666666,0.55,-0.55,5.752459987258835,-15.055845356871117,0.16722475520113533,0.12430372021115492,-1.4752974959013323
80.9,0.55,-0.55,5.752459987258835,-15.055845356871117,0.16722501239093868,0.1243026728301834,-1.4752973822573159
80.93333333333334,0.55,-0.55,5.752459987258835,-15.055845356871117,0.1672252984413948,0.12430174364218734,-1.4752972847365273
80.96666666666667,0.55,-0.55,5.752459987258835,-15.055845356871117,0.16722560836932196,0.12430092336524956,-1.475297201917883
81.0,0.55,-0.55,5.752459987258835,-15.055845356871117,0.167225937663902,0.12430020325602922,-1.475297132473223
81.03333333333333,0.55,-0.55,5.752459987258835,-15.055845356871117,0.16722628225380726,0.12429957509134892,-1.4752970751631749
81.06666666666666,0.55,-0.55,5.752459987258835,-15.055845356871117,0.16722663847595,0.12429903114923947,-1.4752970288330454
81.1,0.55,-0.55,5.752459987258835,-15.055845356871117,0.1672270030458253,0.12429856418960793,-1.4752969924087571
81.13333333333333,0.55,-0.55,5.752459987258835,-15.055845356871117,0.16722737302941254,0.12429816743467655,-1.4752969648928473
81.16666666666667,0.55,-0.55,5.752459987258835,-15.055845356871117,0.16722774581659747,0.12429783454932374,-1.4752969453605416
81.2,0.55,-0.55,5.752459987258835,-15.055845356871117,0.1672281190960725,0.12429755962144305,-1.475296932955916
81.23333333333333,0.55,-0.55,5.752459987258835,-15.055845356871117,0.1672284908316707,0.12429733714242196,-1.4752969268881546
81.26666666666667,0.55,-0.55,5.752459987258835,-15.055845356871117,0.1672288592400866,0.12429716198782942,-1.4752969264279137
81.3,0.55,-0.55,5.752459987258835,-15.055845356871117,0.16722922276993482,0.12429702939838953,-1.4752969309037953
81.33333333333333,0.55,-0.55,5.752459987258835,-15.055845356871117,0.16722958008209718,0.12429693496130763,-1.4752969396989408
81.36666666666666,0.55,-0.55,5.752459987258835,-15.055845356871117,0.167229930031307,0.12429687459200521,-1.4752969522477424
81.4,0.55,-0.55,5.752459987258835,-15.055845356871117,0.16723027164891996,0.12429684451631161,-1.4752969680326797
81.43333333333334,0.55,-0.55,5.752459987258835,-15.055845356871117,0.16723060412681967,0.12429684125315156,-1.4752969865812824
81.46666666666667,0.55,-0.55,5.752459987258835,-15.055845356871117,0.1672309268024073,0.12429686159776093,-1.4752970074632181
81.5,0.55,-0.55,5.752459987258835,-15.055845356871117,0.1672312391446242,0.12429690260545598,-1.4752970302875081
81.53333333333333,0.55,-0.55,5.752459987258835,-15.055845356871117,0.16723154074095742,0.12429696157597557,-1.475297054699869
81.56666666666666,0.55,-0.55,5.752459987258835,-15.055845356871117,0.16723183128537905,0.12429703603841047,-1.4752970803801786
81.6,0.55,-0.55,5.752459987258835,-15.055845356871117,0.16723211056717086,0.12429712373672896,-1.4752971070400676
81.63333333333333,0.55,-0.55,5.752459987258835,-15.055845356871117,0.16723237846058697,0.12429722261590379,-1.4752971344206303
81.66666666666667,0.55,-0.55,5.752459987258835,-15.055845356871117,0.16723263491530888,0.12429733080864162,-1.4752971622902553
81.7,0.55,-0.55,5.752459987258835,-15.055845356871117,0.16723287994764785,0.124297446622713,-1.4752971904425727
81.73333333333333,0.55,-0.55,5.752459987258835,-15.055845356871117,0.16723311363245177,0.12429756852887752,-1.4752972186945137
81.76666666666667,0.55,-0.55,5.752459987258835,-15.055845356871117,0.16723333609567437,0.12429769514939697,-1.4752972468844805
81.8,0.55,-0.55,5.752459987258835,-15.055845356871117,0.16723354750756678,0.12429782524712625,-1.4752972748706212
81.83333333333333,0.55,-0.55,5.752459987258835,-15.055845356871117,0.16723374807645272,0.1242979577151708,-1.4752973025292095
81.86666666666666,0.55,-0.55,5.752459987258835,-15.055845356871117,0.16723393804304995,0.12429809156709688,-1.4752973297531216
81.9,0.55,-0.55,5.752459987258835,-15.055845356871117,0.16723411767530258,0.12429822592768038,-1.4752973564504073
81.93333333333334,0.55,-0.55,5.752459987258835,-15.055845356871117,0.1672342872636902,0.12429836002417825,-1.4752973825429556
81.96666666666667,0.55,-0.55,5.752459987258835,-15.055845356871117,0.16723444711698127,0.1242984931781062,-1.4752974079652441
82.0,0.55,-0.55,5.752459987258835,-15.055845356871117,0.16723459755840014,0.12429862479750509,-1.475297432663174
82.03333333333333,0.55,-0.55,5.752459987258835,-15.055845356871117,0.1672347389221779,0.12429875436967847,-1.4752974565929833
82.06666666666666,0.55,-0.55,5.752459987258835,-15.055845356871117,0.16723487155045955,0.12429888145438309,-1.4752974797202372
82.1,0.55,-0.55,5.752459987258835,-15.055845356871117,0.1672349957905408,0.12429900567745389,-1.4752975020188888
82.13333333333333,0.55,-0.55,5.752459987258835,-15.055845356871117,0.16723511199240987,0.12429912672484515,-1.47529752347041
82.16666666666667,0.55,-0.55,5.752459987258835,-15.055845356871117,0.1672352205065701,0.12429924433706925,-1.4752975440629856
82.2,0.55,-0.55,5.752459987258835,-15.055845356871117,0.16723532168212185,0.1242993583040148,-1.4752975637907695
82.23333333333333,0.55,-0.55,5.752459987258835,-15.055845356871117,0.16723541586508195,0.12429946846012599,-1.475297582653198
82.26666666666667,0.55,-0.55,5.752459987258835,-15.055845356871117,0.16723550339692175,0.12429957467992515,-1.4752976006543583
82.3,0.55,-0.55,5.752459987258835,-15.055845356871117,0.16723558461330476,0.12429967687386123,-1.4752976178024082
82.33333333333333,0.55,-0.55,5.752459987258835,-15.055845356871117,0.1672356598430068,0.12429977498446676,-1.4752976341090434
82.36666666666666,0.55,-0.55,5.752459987258835,-15.055845356871117,0.1672357294070024,0.12429986898280676,-1.4752976495890102
82.4,0.55,-0.55,5.752459987258835,-15.055845356871117,0.16723579361770222,0.1242999588652033,-1.4752976642596618
82.43333333333334,0.55,-0.55,5.752459987258835,-15.055845356871117,0.16723585277832756,0.12430004465021981,-1.475297678140552
82.46666666666667,0.55,-0.55,5.752459987258835,-15.055845356871117,0.16723590718240872,0.12430012637589005,-1.4752976912530678
82.5,0.55,-0.55,5.752459987258835,-15.055845356871117,0.16723595711339487,0.12430020409717697,-1.4752977036200954
82.53333333333333,0.55,-0.55,5.752459987258835,-15.055845356871117,0.16723600284436427,0.12430027788364717,-1.4752977152657198
82.56666666666666,0.55,-0.55,5.752459987258835,-15.055845356871117,0.16723604463782424,0.12430034781734758,-1.475297726214952
82.6,0.55,-0.55,5.752459987258835,-15.055845356871117,0.16723608274559112,0.12430041399087116,-1.475297736493486
82.63333333333333,0.55,-0.55,5.752459987258835,-15.055845356871117,0.16723611740874128,0.1243004765055992,-1.4752977461274805
82.66666666666667,0.55,-0.55,5.752459987258835,-15.055845356871117,0.1672361488576249,0.12430053547010823,-1.4752977551433641
82.7,0.55,-0.55,5.752459987258835,-15.055845356871117,0.16723617731193496,0.12430059099873039,-1.4752977635676636
82.73333333333333,0.55,-0.55,5.752459987258835,-15.055845356871117,0.16723620298082437,0.12430064321025618,-1.4752977714268514
82.76666666666667,0.55,-0.55,5.752459987258835,-15.055845356871117,0.16723622606306468,0.12430069222676954,-1.4752977787472112
82.8,0.55,-0.55,5.752459987258835,-15.055845356871117,0.167236246747241,0.12430073817260556,-1.4752977855547227
82.83333333333333,0.55,-0.55,5.752459987258835,-15.055845356871117,0.1672362652119772,0.12430078117342137,-1.4752977918749595
82.86666666666666,0.55,-0.55,5.752459987258835,-15.055845356871117,0.16723628162618692,0.12430082135537177,-1.4752977977330026
82.9,0.55,-0.55,5.752459987258835,-15.055845356871117,0.16723629614934582,0.12430085884438125,-1.4752978031533677
82.93333333333334,0.55,-0.55,5.752459987258835,-15.055845356871117,0.16723630893178104,0.12430089376550477,-1.475297808159942
82.96666666666667,0.55,-0.55,5.752459987258835,-15.055845356871117,0.16723632011497452,0.12430092624236987,-1.475297812775934
83.0,0.55,-0.55,5.752459987258835,-15.055845356871117,0.16723632983187647,0.12430095639669346,-1.4752978170238318
83.03333333333333,0.55,-0.55,5.752459987258835,-15.055845356871117,0.1672363382072265,0.12430098434786675,-1.4752978209253707
83.06666666666666,0.55,-0.55,5.752459987258835,-15.055845356871117,0.16723634535787965,0.12430101021260241,-1.4752978245015085
83.1,0.55,-0.55,5.752459987258835,-15.055845356871117,0.16723635139313495,0.12430103410463827,-1.475297827772408
83.13333333333333,0.55,-0.55,5.752459987258835,-15.055845356871117,0.16723635641506454,0.12430105613449245,-1.4752978307574258
83.16666666666667,0.55,-0.55,5.752459987258835,-15.055845356871117,0.16723636051884153,0.12430107640926488,-1.4752978334751063
83.2,0.55,-0.55,5.752459987258835,-15.055845356871117,0.16723636379306495,0.12430109503248088,-1.4752978359431816
83.23333333333333,0.55,-0.55,5.752459987258835,-15.055845356871117,0.16723636632008052,0.12430111210397235,-1.475297838178575
83.26666666666667,0.55,-0.55,5.752459987258835,-15.055845356871117,0.16723636817629597,0.12430112771979293,-1.4752978401974082
83.3,0.55,-0.55,5.752459987258835,-15.055845356871117,0.16723636943248996,0.12430114197216326,-1.4752978420150127
83.33333333333333,0.55,-0.55,5.752459987258835,-15.055845356871117,0.1672363701541136,0.12430115494944315,-1.4752978436459434
83.36666666666666,0.55,-0.55,5.752459987258835,-15.055845356871117,0.16723637040158407,0.12430116673612758,-1.4752978451039949
83.4,0.55,-0.55,5.752459987258835,-15.055845356871117,0.16723637023056948,0.1243011774128636,-1.4752978464022195
83.43333333333334,0.55,-0.55,5.752459987258835,-15.055845356871117,0.16723636969226477,0.12430118705648562,-1.4752978475529477
83.46666666666667,0.55,-0.55,5.752459987258835,-15.055845356871117,0.1672363688336581,0.12430119574006658,-1.4752978485678097
83.5,0.55,-0.55,5.752459987258835,-15.055845356871117,0.16723636769778755,0.12430120353298302,-1.475297849457757
83.53333333333333,0.55,-0.55,5.752459987258835,-15.055845356871117,0.16723636632398775,0.12430121050099177,-1.4752978502330876
83.56666666666666,0.55,-0.55,5.752459987258835,-15.055845356871117,0.16723636474812673,0.1243012167063167,-1.475297850903468
83.6,0.55,-0.55,5.752459987258835,-15.055845356871117,0.1672363630028324,0.1243012222077437,-1.4752978514779598
83.63333333333333,0.55,-0.55,5.752459987258835,-15.055845356871117,0.1672363611177092,0.12430122706072244,-1.475297851965043
83.66666666666667,0.55,-0.55,5.752459987258835,-15.055845356871117,0.16723635911954457,0.12430123131747367,-1.4752978523726419
83.7,0.55,-0.55,5.752459987258835,-15.055845356871117,0.1672363570325056,0.1243012350271006,-1.475297852708149
83.73333333333333,0.55,-0.55,5.752459987258835,-15.055845356871117,0.16723635487832603,0.12430123823570347,-1.475297852978451
83.76666666666667,0.55,-0.55,5.752459987258835,-15.055845356871117,0.16723635267648337,0.1243012409864963,-1.4752978531899517
83.8,0.55,-0.55,5.752459987258835,-15.055845356871117,0.16723635044436702,0.1243012433199248,-1.475297853348597
83.83333333333333,0.55,-0.55,5.752459987258835,-15.055845356871117,0.167236348197437,0.12430124527378485,-1.4752978534598984
83.86666666666666,0.55,-0.55,5.752459987258835,-15.055845356871117,0.16723634594937398,0.12430124688334071,-1.4752978535289556
83.9,0.55,-0.55,5.752459987258835,-15.055845356871117,0.16723634371222065,0.12430124818144254,-1.4752978535604795
83.93333333333334,0.55,-0.55,5.752459987258835,-15.055845356871117,0.16723634149651476,0.12430124919864245,-1.4752978535588133
83.96666666666667,0.55,-0.55,5.752459987258835,-15.055845356871117,0.1672363393114141,0.1243012499633089,-1.4752978535279544
84.0,0.55,-0.55,5.752459987258835,-15.055845356871117,0.1672363371648139,0.12430125050173878,-1.4752978534715744
84.03333333333333,0.55,-0.55,5.752459987258835,-15.055845356871117,0.1672363350634567,0.12430125083826715,-1.4752978533930385
84.06666666666666,0.55,-0.55,5.752459987258835,-15.055845356871117,0.1672363330130352,0.12430125099537408,-1.4752978532954253
84.1,0.55,-0.55,5.752459987258835,-15.055845356871117,0.16723633101828822,0.12430125099378847,-1.4752978531815442
84.13333333333333,0.55,-0.55,5.752459987258835,-15.055845356871117,0.16723632908309025,0.12430125085258875,-1.4752978530539533
84.16666666666667,0.55,-0.55,5.752459987258835,-15.055845356871117,0.1672363272105348,0.12430125058930015,-1.475297852914976
84.2,0.55,-0.55,5.752459987258835,-15.055845356871117,0.16723632540301184,0.12430125021998852,-1.4752978527667167
84.23333333333333,0.55,-0.55,5.752459987258835,-15.055845356871117,0.16723632366227967,0.12430124975935058,-1.4752978526110758
84.26666666666667,0.55,-0.55,5.752459987258835,-15.055845356871117,0.16723632198953162,0.12430124922080071,-1.4752978524497646
84.3,0.55,-0.55,5.752459987258835,-15.055845356871117,0.16723632038545752,0.1243012486165539,-1.4752978522843192
84.33333333333333,0.55,-0.55,5.752459987258835,-15.055845356871117,0.16723631885030057,0.12430124795770521,-1.4752978521161126
84.36666666666666,0.55,-0.55,5.752459987258835,-15.055845356871117,0.16723631738390976,0.12430124725430564,-1.4752978519463673
84.4,0.55,-0.55,5.752459987258835,-15.055845356871117,0.16723631598578798,0.12430124651543428,-1.4752978517761675
84.43333333333334,0.55,-0.55,5.752459987258835,-15.055845356871117,0.1672363146551363,0.12430124574926711,-1.475297851606469
84.46666666666667,0.55,-0.55,5.752459987258835,-15.055845356871117,0.16723631339089448,0.12430124496314213,-1.4752978514381103
84.5,0.55,-0.55,5.752459987258835,-15.055845356871117,0.16723631219177792,0.12430124416362125,-1.4752978512718222
84.53333333333333,0.55,-0.55,5.752459987258835,-15.055845356871117,0.16723631105631148,0.12430124335654878,-1.4752978511082369
84.56666666666666,0.55,-0.55,5.752459987258835,-15.055845356871117,0.16723630998286018,0.12430124254710676,-1.4752978509478956
84.6,0.55,-0.55,5.752459987258835,-15.055845356871117,0.16723630896965705,0.124301241739867,-1.4752978507912577
84.63333333333333,0.55,-0.55,5.752459987258835,-15.055845356871117,0.16723630801482836,0.12430124093884028,-1.475297850638708
84.66666666666667,0.55,-0.55,5.752459987258835,-15.055845356871117,0.16723630711641638,0.1243012401475225,-1.4752978504905632
84.7,0.55,-0.55,5.752459987258835,-15.055845356871117,0.16723630627239983,0.12430123936893804,-1.4752978503470782
84.73333333333333,0.55,-0.55,5.752459987258835,-15.055845356871117,0.16723630548071225,0.12430123860568039,-1.4752978502084533
84.76666666666667,0.55,-0.55,5.752459987258835,-15.055845356871117,0.16723630473925832,0.1243012378599502,-1.4752978500748386
84.8,0.55,-0.55,5.752459987258835,-15.055845356871117,0.1672363040459285,0.12430123713359086,-1.4752978499463398
84.83333333333333,0.55,-0.55,5.752459987258835,-15.055845356871117,0.16723630339861187,0.12430123642812163,-1.4752978498230227
84.86666666666666,0.55,-0.55,5.752459987258835,-15.055845356871117,0.1672363027952074,0.12430123574476856,-1.4752978497049176
84.9,0.55,-0.55,5.752459987258835,-15.055845356871117,0.16723630223363406,0.12430123508449324,-1.4752978495920237
84.93333333333334,0.55,-0.55,5.752459987258835,-15.055845356871117,0.16723630171183929,0.12430123444801947,-1.4752978494843128
84.96666666666667,0.55,-0.55,5.752459987258835,-15.055845356871117,0.1672363012278065,0.124301233835858,-1.4752978493817324
85.0,0.55,-0.55,5.752459987258835,-15.055845356871117,0.16723630077956148,0.12430123324832948,-1.4752978492842093
85.03333333333333,0.55,-0.55,5.752459987258835,-15.055845356871117,0.16723630036517767,0.1243012326855855,-1.4752978491916524
85.06666666666666,0.55,-0.55,5.752459987258835,-15.055845356871117,0.16723629998278072,0.12430123214762823,-1.475297849103955
85.1,0.55,-0.55,5.752459987258835,-15.055845356871117,0.1672362996305521,0.12430123163432824,-1.4752978490209978
85.13333333333333,0.55,-0.55,5.752459987258835,-15.055845356871117,0.16723629930673198,0.1243012311454411,-1.4752978489426505
85.16666666666667,0.55,-0.55,5.752459987258835,-15.055845356871117,0.16723629900962161,0.12430123068062245,-1.4752978488687738
85.2,0.55,-0.55,5.752459987258835,-15.055845356871117,0.1672362987375849,0.12430123023944181,-1.475297848799222
85.23333333333333,0.55,-0.55,5.752459987258835,-15.055845356871117,0.1672362984890495,0.12430122982139527,-1.4752978487338437
85.26666666666667,0.55,-0.55,5.752459987258835,-15.055845356871117,0.16723629826250766,0.12430122942591693,-1.4752978486724837
85.3,0.55,-0.55,5.752459987258835,-15.055845356871117,0.16723629805651624,0.12430122905238936,-1.475297848614984
85.33333333333333,0.55,-0.55,5.752459987258835,-15.055845356871117,0.1672362978696967,0.12430122870015309,-1.4752978485611854
85.36666666666666,0.55,-0.55,5.752459987258835,-15.055845356871117,0.16723629770073464,0.12430122836851511,-1.4752978485109278
85.4,0.55,-0.55,5.752459987258835,-15.055845356871117,0.16723629754837901,0.1243012280567566,-1.4752978484640522
85.43333333333334,0.55,-0.55,5.752459987258835,-15.055845356871117,0.16723629741144114,0.12430122776413983,-1.4752978484204002
85.46666666666667,0.55,-0.55,5.752459987258835,-15.055845356871117,0.16723629728879355,0.12430122748991436,-1.4752978483798156
85.5,0.55,-0.55,5.752459987258835,-15.055845356871117,0.16723629717936858,0.12430122723332249,-1.4752978483421448
85.53333333333333,0.55,-0.55,5.752459987258835,-15.055845356871117,0.16723629708215682,0.1243012269936042,-1.4752978483072374
85.56666666666666,0.55,-0.55,5.752459987258835,-15.055845356871117,0.16723629699620549,0.12430122677000142,-1.475297848274946
85.6,0.55,-0.55,5.752459987258835,-15.055845356871117,0.16723629692061664,0.12430122656176186,-1.4752978482451273
85.63333333333333,0.55,-0.55,5.752459987258835,-15.055845356871117,0.16723629685454539,0.12430122636814221,-1.475297848217642
85.66666666666667,0.55,-0.55,5.752459987258835,-15.055845356871117,0.1672362967971979,0.12430122618841109,-1.4752978481923553
85.7,0.55,-0.55,5.752459987258835,-15.055845356871117,0.1672362967478296,0.12430122602185144,-1.475297848169137
85.73333333333333,0.55,-0.55,5.752459987258835,-15.055845356871117,0.1672362967057431,0.1243012258677626,-1.4752978481478614
85.76666666666667,0.55,-0.55,5.752459987258835,-15.055845356871117,0.16723629667028628,0.12430122572546208,-1.4752978481284078
85.8,0.55,-0.55,5.752459987258835,-15.055845356871117,0.1672362966408502,0.12430122559428694,-1.4752978481106604
85.83333333333333,0.55,-0.55,5.752459987258835,-15.055845356871117,0.16723629661686729,0.124301225473595,-1.475297848094508
85.86666666666666,0.55,-0.55,5.752459987258835,-15.055845356871117,0.16723629659780923,0.12430122536276572,-1.4752978480798447
85.9,0.55,-0.55,5.752459987258835,-15.055845356871117,0.16723629658318517,0.12430122526120091,-1.4752978480665688
85.93333333333334,0.55,-0.55,5.752459987258835,-15.055845356871117,0.16723629657253972,0.12430122516832517,-1.4752978480545842
85.96666666666667,0.55,-0.55,5.752459987258835,-15.055845356871117,0.16723629656545116,0.12430122508358625,-1.475297848043799
86.0,0.55,-0.55,5.752459987258835,-15.055845356871117,0.1672362965615296,0.12430122500645516,-1.4752978480341266
86.03333333333333,0.55,-0.55,5.752459987258835,-15.055845356871117,0.16723629656041525,0.12430122493642617,-1.475297848025484
86.06666666666666,0.55,-0.55,5.752459987258835,-15.055845356871117,0.16723629656177663,0.12430122487301673,-1.4752978480177934
86.1,0.55,-0.55,5.752459987258835,-15.055845356871117,0.16723629656530906,0.1243012248157672,-1.4752978480109813
86.13333333333333,0.55,-0.55,5.752459987258835,-15.055845356871117,0.1672362965707329,0.12430122476424058,-1.475297848004978
86.16666666666667,0.55,-0.55,5.752459987258835,-15.055845356871117,0.16723629657779218,0.12430122471802203,-1.4752978479997183
86.2,0.55,-0.55,5.752459987258835,-15.055845356871117,0.16723629658625297,0.12430122467671849,-1.4752978479951406
86.23333333333333,0.55,-0.55,5.752459987258835,-15.055845356871117,0.167236296595902,0.12430122463995807,-1.4752978479911871
86.26666666666667,0.55,-0.55,5.752459987258835,-15.055845356871117,0.16723629660654543,0.12430122460738953,-1.4752978479878038
86.3,0.55,-0.55,5.752459987258835,-15.055845356871117,0.16723629661800735,0.12430122457868162,-1.4752978479849401
86.33333333333333,0.55,-0.55,5.752459987258835,-15.055845356871117,0.1672362966301287,0.12430122455352245,-1.4752978479825487
86.36666666666666,0.55,-0.55,5.752459987258835,-15.055845356871117,0.16723629664276607,0.12430122453161883,-1.4752978479805856
86.4,0.55,-0.55,5.752459987258835,-15.055845356871117,0.16723629665579048,0.12430122451269555,-1.4752978479790098
86.43333333333334,0.55,-0.55,5.752459987258835,-15.055845356871117,0.16723629666908646,0.1243012244964947,-1.4752978479777827
86.46666666666667,0.55,-0.55,5.752459987258835,-15.055845356871117,0.16723629668255094,0.1243012244827749,-1.4752978479768695
86.5,0.55,-0.55,5.752459987258835,-15.055845356871117,0.16723629669609238,0.1243012244713107,-1.4752978479762369
86.53333333333333,0.55,-0.55,5.752459987258835,-15.055845356871117,0.1672362967096298,0.12430122446189175,-1.4752978479758545
86.56666666666666,0.55,-0.55,5.752459987258835,-15.055845356871117,0.16723629672309198,0.12430122445432217,-1.4752978479756944
86.6,0.55,-0.55,5.752459987258835,-15.055845356871117,0.16723629673641668,0.12430122444841979,-1.4752978479757308
86.63333333333333,0.55,-0.55,5.752459987258835,-15.055845356871117,0.16723629674954982,0.12430122444401555,-1.4752978479759398
86.66666666666667,0.55,-0.55,5.752459987258835,-15.055845356871117,0.1672362967624449,0.12430122444095273,-1.4752978479762995
86.7,0.55,-0.55,5.752459987258835,-15.055845356871117,0.1672362967750622,0.12430122443908637,-1.47529784797679
86.73333333333333,0.55,-0.55,5.752459987258835,-15.055845356871117,0.16723629678736826,0.12430122443828255,-1.4752978479773928
86.76666666666667,0.55,-0.55,5.752459987258835,-15.055845356871117,0.16723629679933533,0.12430122443841786,-1.4752978479780914
86.8,0.55,-0.55,5.752459987258835,-15.055845356871117,0.16723629681094077,0.12430122443937873,-1.4752978479788705
86.83333333333333,0.55,-0.55,5.752459987258835,-15.055845356871117,0.16723629682216656,0.12430122444106086,-1.4752978479797163
86.86666666666666,0.55,-0.55,5.752459987258835,-15.055845356871117,0.16723629683299887,0.12430122444336865,-1.4752978479806165
86.9,0.55,-0.55,5.752459987258835,-15.055845356871117,0.1672362968434276,0.12430122444621472,-1.4752978479815595
86.93333333333334,0.55,-0.55,5.752459987258835,-15.055845356871117,0.16723629685344604,0.1243012244495193,-1.4752978479825354
86.96666666666667,0.55,-0.55,5.752459987258835,-15.055845356871117,0.16723629686305042,0.12430122445320979,-1.4752978479835348
87.0,0.55,-0.55,5.752459987258835,-15.055845356871117,0.16723629687223962,0.12430122445722026,-1.4752978479845498
87.03333333333333,0.55,-0.55,5.752459987258835,-15.055845356871117,0.16723629688101488,0.12430122446149103,-1.4752978479855732
87.06666666666666,0.55,-0.55,5.752459987258835,-15.055845356871117,0.16723629688937944,0.12430122446596818,-1.4752978479865984
87.1,0.55,-0.55,5.752459987258835,-15.055845356871117,0.16723629689733838,0.12430122447060322,-1.4752978479876198
87.13333333333333,0.55,-0.55,5.752459987258835,-15.055845356871117,0.16723629690489827,0.12430122447535262,-1.4752978479886325
87.16666666666667,0.55,-0.55,5.752459987258835,-15.055845356871117,0.16723629691206704,0.12430122448017748,-1.4752978479896321
87.2,0.55,-0.55,5.752459987258835,-15.055845356871117,0.16723629691885372,0.12430122448504319,-1.475297847990615
87.23333333333333,0.55,-0.55,5.752459987258835,-15.055845356871117,0.16723629692526829,0.12430122448991905,-1.475297847991578
87.26666666666667,0.55,-0.55,5.752459987258835,-15.055845356871117,0.16723629693132147,0.12430122449477804,-1.4752978479925183
87.3,0.55,-0.55,5.752459987258835,-15.055845356871117,0.16723629693702463,0.12430122449959644,-1.4752978479934336
87.33333333333333,0.55,-0.55,5.752459987258835,-15.055845356871117,0.16723629694238965,0.12430122450435359,-1.4752978479943222
87.36666666666666,0.55,-0.55,5.752459987258835,-15.055845356871117,0.16723629694742873,0.12430122450903168,-1.4752978479951824
87.4,0.55,-0.55,5.752459987258835,-15.055845356871117,0.16723629695215433,0.12430122451361543,-1.4752978479960133
87.43333333333334,0.55,-0.55,5.752459987258835,-15.055845356871117,0.16723629695657913,0.12430122451809189,-1.4752978479968137
87.46666666666667,0.55,-0.55,5.752459987258835,-15.055845356871117,0.16723629696071582,0.12430122452245025,-1.4752978479975836
87.5,0.55,-0.55,5.752459987258835,-15.055845356871117,0.16723629696457712,0.12430122452668162,-1.4752978479983219
87.53333333333333,0.55,-0.55,5.752459987258835,-15.055845356871117,0.16723629696817566,0.12430122453077884,-1.4752978479990289
87.56666666666666,0.55,-0.55,5.752459987258835,-15.055845356871117,0.16723629697152398,0.12430122453473634,-1.4752978479997045
87.6,0.55,-0.55,5.752459987258835,-15.055845356871117,0.1672362969746344,0.12430122453854996,-1.4752978480003491
87.63333333333333,0.55,-0.55,5.752459987258835,-15.055845356871117,0.16723629697751904,0.12430122454221677,-1.4752978480009626
87.66666666666667,0.55,-0.55,5.752459987258835,-15.055845356871117,0.16723629698018974,0.124301224545735,-1.475297848001546
87.7,0.55,-0.55,5.752459987258835,-15.055845356871117,0.16723629698265807,0.12430122454910388,-1.4752978480020993
87.73333333333333,0.55,-0.55,5.752459987258835,-15.055845356871117,0.1672362969849353,0.1243012245523235,-1.4752978480026235
87.76666666666667,0.55,-0.55,5.752459987258835,-15.055845356871117,0.16723629698703232,0.12430122455539475,-1.4752978480031194
87.8,0.55,-0.55,5.752459987258835,-15.055845356871117,0.16723629698895967,0.1243012245583192,-1.4752978480035874
87.83333333333333,0.55,-0.55,5.752459987258835,-15.055845356871117,0.16723629699072753,0.12430122456109899,-1.4752978480040286
87.86666666666666,0.55,-0.55,5.752459987258835,-15.055845356871117,0.1672362969923457,0.1243012245637368,-1.475297848004444
87.9,0.55,-0.55,5.752459987258835,-15.055845356871117,0.1672362969938236,0.1243012245662357,-1.4752978480048344
87.93333333333334,0.55,-0.55,5.752459987258835,-15.055845356871117,0.16723629699517029,0.12430122456859916,-1.4752978480052008
87.96666666666667,0.55,-0.55,5.752459987258835,-15.055845356871117,0.16723629699639436,0.12430122457083093,-1.4752978480055439
88.0,0.55,-0.55,5.752459987258835,-15.055845356871117,0.16723629699750409,0.12430122457293502,-1.475297848005865
88.03333333333333,0.55,-0.55,5.752459987258835,-15.055845356871117,0.1672362969985073,0.12430122457491563,-1.4752978480061647
88.06666666666666,0.55,-0.55,5.752459987258835,-15.055845356871117,0.16723629699941153,0.1243012245767771,-1.4752978480064443
88.1,0.55,-0.55,5.752459987258835,-15.055845356871117,0.16723629700022388,0.1243012245785239,-1.4752978480067045
88.13333333333333,0.55,-0.55,5.752459987258835,-15.055845356871117,0.16723629700095108,0.12430122458016055,-1.4752978480069465
88.16666666666667,0.55,-0.55,5.752459987258835,-15.055845356871117,0.1672362970015995,0.12430122458169163,-1.475297848007171
88.2,0.55,-0.55,5.752459987258835,-15.055845356871117,0.16723629700217518,0.1243012245831217,-1.475297848007379
88.23333333333333,0.55,-0.55,5.752459987258835,-15.055845356871117,0.1672362970026838,0.12430122458445533,-1.4752978480075714
88.26666666666667,0.55,-0.55,5.752459987258835,-15.055845356871117,0.16723629700313075,0.12430122458569705,-1.475297848007749
88.3,0.55,-0.55,5.752459987258835,-15.055845356871117,0.16723629700352105,0.12430122458685133,-1.4752978480079126
88.33333333333333,0.55,-0.55,5.752459987258835,-15.055845356871117,0.16723629700385945,0.12430122458792256,-1.4752978480080632
88.36666666666666,0.55,-0.55,5.752459987258835,-15.055845356871117,0.16723629700415038,0.12430122458891504,-1.4752978480082013
88.4,0.55,-0.55,5.752459987258835,-15.055845356871117,0.16723629700439802,0.12430122458983299,-1.4752978480083279
88.43333333333334,0.55,-0.55,5.752459987258835,-15.055845356871117,0.16723629700460627,0.12430122459068049,-1.4752978480084435
88.46666666666667,0.55,-0.55,5.752459987258835,-15.055845356871117,0.16723629700477874,0.12430122459146153,-1.475297848008549
88.5,0.55,-0.55,5.752459987258835,-15.055845356871117,0.16723629700491882,0.12430122459217996,-1.475297848008645
88.53333333333333,0.55,-0.55,5.752459987258835,-15.055845356871117,0.16723629700502968,0.12430122459283949,-1.4752978480087322
88.56666666666666,0.55,-0.55,5.752459987258835,-15.055845356871117,0.16723629700511422,0.12430122459344371,-1.475297848008811
88.6,0.55,-0.55,5.752459987258835,-15.055845356871117,0.16723629700517517,0.12430122459399608,-1.475297848008882
88.63333333333333,0.55,-0.55,5.752459987258835,-15.055845356871117,0.16723629700521503,0.12430122459449988,-1.475297848008946
88.66666666666667,0.55,-0.55,5.752459987258835,-15.055845356871117,0.16723629700523612,0.12430122459495829,-1.4752978480090035
88.7,0.55,-0.55,5.752459987258835,-15.055845356871117,0.16723629700524062,0.12430122459537433,-1.4752978480090548
88.73333333333333,0.55,-0.55,5.752459987258835,-15.055845356871117,0.16723629700523046,0.12430122459575091,-1.4752978480091004
88.76666666666667,0.55,-0.55,5.752459987258835,-15.055845356871117,0.16723629700520748,0.12430122459609075,-1.4752978480091408
88.8,0.55,-0.55,5.752459987258835,-15.055845356871117,0.1672362970051733,0.12430122459639648,-1.4752978480091763
88.83333333333333,0.55,-0.55,5.752459987258835,-15.055845356871117,0.16723629700512951,0.12430122459667058,-1.4752978480092074
88.86666666666666,0.55,-0.55,5.752459987258835,-15.055845356871117,0.16723629700507744,0.1243012245969154,-1.4752978480092342
88.9,0.55,-0.55,5.752459987258835,-15.055845356871117,0.1672362970050184,0.12430122459713314,-1.4752978480092576
88.93333333333334,0.55,-0.55,5.752459987258835,-15.055845356871117,0.16723629700495354,0.12430122459732593,-1.4752978480092775
88.96666666666667,0.55,-0.55,5.752459987258835,-15.055845356871117,0.16723629700488388,0.12430122459749574,-1.4752978480092944
89.0,0.55,-0.55,5.752459987258835,-15.055845356871117,0.16723629700481035,0.12430122459764442,-1.4752978480093084
89.03333333333333,0.55,-0.55,5.752459987258835,-15.055845356871117,0.16723629700473386,0.12430122459777374,-1.47529784800932
89.06666666666666,0.55,-0.55,5.752459987258835,-15.055845356871117,0.16723629700465512,0.12430122459788531,-1.475297848009329
89.1,0.55,-0.55,5.752459987258835,-15.055845356871117,0.16723629700457485,0.12430122459798071,-1.4752978480093362
89.13333333333333,0.55,-0.55,5.752459987258835,-15.055845356871117,0.16723629700449363,0.12430122459806135,-1.4752978480093413
89.16666666666667,0.55,-0.55,5.752459987258835,-15.055845356871117,0.16723629700441203,0.12430122459812859,-1.4752978480093448
89.2,0.55,-0.55,5.752459987258835,-15.055845356871117,0.16723629700433051,0.12430122459818368,-1.475297848009347
89.23333333333333,0.55,-0.55,5.752459987258835,-15.055845356871117,0.16723629700424952,0.1243012245982278,-1.475297848009348
89.26666666666667,0.55,-0.55,5.752459987258835,-15.055845356871117,0.1672362970041694,0.12430122459826203,-1.4752978480093475
89.3,0.55,-0.55,5.752459987258835,-15.055845356871117,0.16723629700409046,0.12430122459828735,-1.4752978480093462
89.33333333333333,0.55,-0.55,5.752459987258835,-15.055845356871117,0.167236297004013,0.12430122459830473,-1.4752978480093437
89.36666666666666,0.55,-0.55,5.752459987258835,-15.055845356871117,0.16723629700393725,0.12430122459831501,-1.4752978480093406
89.4,0.55,-0.55,5.752459987258835,-15.055845356871117,0.1672362970038634,0.12430122459831901,-1.4752978480093368
89.43333333333334,0.55,-0.55,5.752459987258835,-15.055845356871117,0.16723629700379158,0.12430122459831744,-1.4752978480093326
89.46666666666667,0.55,-0.55,5.752459987258835,-15.055845356871117,0.167236297003722,0.124301224598311,-1.475297848009328
89.5,0.55,-0.55,5.752459987258835,-15.055845356871117,0.1672362970036547,0.1243012245983003,-1.4752978480093228
89.53333333333333,0.55,-0.55,5.752459987258835,-15.055845356871117,0.16723629700358977,0.12430122459828591,-1.4752978480093173
89.56666666666666,0.55,-0.55,5.752459987258835,-15.055845356871117,0.1672362970035273,0.12430122459826834,-1.4752978480093115
89.6,0.55,-0.55,5.752459987258835,-15.055845356871117,0.1672362970034673,0.12430122459824808,-1.4752978480093057
89.63333333333333,0.55,-0.55,5.752459987258835,-15.055845356871117,0.16723629700340978,0.12430122459822554,-1.4752978480092998
89.66666666666667,0.55,-0.55,5.752459987258835,-15.055845356871117,0.16723629700335477,0.12430122459820114,-1.4752978480092935
89.7,0.55,-0.55,5.752459987258835,-15.055845356871117,0.16723629700330225,0.12430122459817522,-1.4752978480092873
89.73333333333333,0.55,-0.55,5.752459987258835,-15.055845356871117,0.1672362970032522,0.12430122459814809,-1.475297848009281
89.76666666666667,0.55,-0.55,5.752459987258835,-15.055845356871117,0.1672362970032046,0.12430122459812006,-1.475297848009275
89.8,0.55,-0.55,5.752459987258835,-15.055845356871117,0.1672362970031594,0.12430122459809137,-1.475297848009269
89.83333333333333,0.55,-0.55,5.752459987258835,-15.055845356871117,0.16723629700311654,0.12430122459806225,-1.4752978480092631
89.86666666666666,0.55,-0.55,5.752459987258835,-15.055845356871117,0.167236297003076,0.12430122459803292,-1.4752978480092571
89.9,0.55,-0.55,5.752459987258835,-15.055845356871117,0.16723629700303766,0.12430122459800355,-1.4752978480092513
89.93333333333334,0.55,-0.55,5.752459987258835,-15.055845356871117,0.1672362970030015,0.12430122459797431,-1.4752978480092456
89.96666666666667,0.55,-0.55,5.752459987258835,-15.055845356871117,0.16723629700296744,0.12430122459794533,-1.4752978480092402
90.0,0.55,-0.55,5.752459987258835,-15.055845356871117,0.1672362970029354,0.12430122459791673,-1.475297848009235
90.03333333333333,0.5317,-0.5317,5.3886936438647055,-14.17647550777199,0.16723629700290532,0.12430122459788863,-1.4752978480092298
90.06666666666666,0.5133,-0.5133,5.029638675645124,-13.313729667999453,0.1667341315340437,0.12417265648217182,-1.4504795811134035
90.1,0.495,-0.495,4.6805736763609715,-12.478648703334901,0.16581703235211115,0.12374565014541954,-1.4113575479829057
90.13333333333333,0.4767,-0.4767,4.3410485974705075,-11.66797351215411,0.16455590148721022,0.12294043170763884,-1.3642500557674413
90.16666666666667,0.4583,-0.4583,4.010928017198658,-10.878805588214725,0.16300463240683316,0.12173003930502618,-1.3126636849388744
90.2,0.44,-0.44,3.69548998316278,-10.120870177057238,0.1612059637538059,0.12011681103994704,-1.2585179344726884
90.23333333333333,0.4217,-0.4217,3.394599525709122,-9.390770724219955,0.1592022472377174,0.11812060673613692,-1.203196376970845
90.26666666666667,0.4033,-0.4033,3.108402146418893,-8.685538928058623,0.1570288870693727,0.11577150478336921,-1.147421977687816
90.3,0.385,-0.385,2.841587821822147,-8.013449588750163,0.15471647049622944,0.11310405122359679,-1.0915481675386183
90.33333333333333,0.3667,-0.3667,2.594004928339894,-7.371021005760703,0.15229822461725429,0.11015546455465776,-1.0360408673042008
90.36666666666666,0.3483,-0.3483,2.3657625901260104,-6.755245905923699,0.14980318209121538,0.1069641620288629,-0.9811075010867707
90.4,0.33,-0.33,2.1604485882722493,-6.172907126788173,0.1472575254369067,0.10356761244553825,-0.9268115581025921
90.43333333333334,0.3117,-0.3117,1.9776525268390746,-5.620503537846795,0.14469008332062952,0.10000237211201213,-0.8734176479002469
90.46666666666667,0.2933,-0.2933,1.817221007698656,-5.095033407751174,0.14212655598261,0.0963037885837718,-0.8210228944477145
90.5,0.275,-0.275,1.6813080510237253,-4.601834744906535,0.13959060107395713,0.09250480320693585,-0.7696312865400287
90.53333333333333,0.2567,-0.2567,1.569134231196334,-4.137463392665479,0.1371074882311327,0.08863630746877546,-0.7194366455420094
90.56666666666666,0.2383,-0.2383,1.4801853451493692,-3.698980342816911,0.1346998716832722,0.08472714259333877,-0.6704999126648062
90.6,0.22,-0.22,1.4150860803200338,-3.29040390810649,0.13238871859782442,0.08080332137097347,-0.6228075279279413
90.63333333333333,0.2017,-0.2017,1.3727138571781863,-2.9084300098362608,0.13019516068647657,0.07688842276559299,-0.5765068289808922
90.66666666666667,0.1833,-0.1833,1.3522235628166266,-2.550248835989311,0.1281380164669606,0.07300370671101111,-0.5316352286765107
90.7,0.165,-0.165,1.3528441376975477,-2.2187438593965254,0.12623458744766308,0.06916761621921262,-0.4881677594210227
90.73333333333333,0.1467,-0.1467,1.3732423270210679,-1.9108338278633856,0.12450086085731665,0.06539616415335381,-0.44621032988644294
90.76666666666667,0.1283,-0.1283,1.4123690487384821,-1.623906808475747,0.1229507808838831,0.061703117274259395,-0.4057783592918261
90.8,0.11,-0.11,1.4683635521300848,-1.3599310368003024,0.12159692262724399,0.05809970973653409,-0.36683532203555774
90.83333333333333,0.0917,-0.0917,1.539869721420707,-1.11612077497211,0.12044931541563876,0.05459501584671235,-0.3294486361090875
90.86666666666666,0.0733,-0.0733,1.6258084174546332,-0.8901230613702256,0.11951628824697133,0.05119617771064543,-0.29361255605592396
90.9,0.055,-0.055,1.7236228921711962,-0.6832174087283598,0.11880502555367527,0.04790826959253978,-0.25927899548468203
90.93333333333334,0.0367,-0.0367,1.8321209622750427,-0.49296632124425516,0.11831934889746296,0.04473464867077959,-0.22648123048649021
90.96666666666667,0.0183,-0.0183,1.9503616868967542,-0.3173196023404154,0.1180618323288887,0.04167719878404898,-0.19519472307392066
91.0,0.0,0.0,0.0,-0.0,0.11803424036018534,0.03873628692733988,-0.1653613911622973
91.03333333333333,0.0,0.0,0.0,-0.0,0.11512202276792921,0.03588508610364482,-0.1319154622323501
91.06666666666666,0.0,0.0,0.0,-0.0,0.11232109449005445,0.03312311453173081,-0.10568645471028687
91.1,0.0,0.0,0.0,-0.0,0.1096189121605963,0.030483984134824248,-0.08498532714145977
91.13333333333333,0.0,0.0,0.0,-0.0,0.107005741350199,0.02798768934100298,-0.06856099835093506
91.16666666666667,0.0,0.0,0.0,-0.0,0.10447393326320141,0.025644704858681984,-0.05547252533849643
91.2,0.0,0.0,0.0,-0.0,0.10201739126946031,0.023458862820825696,-0.04500332292419402
91.23333333333333,0.0,0.0,0.0,-0.0,0.0996311776254403,0.021429398547135933,-0.03660204447763839
91.26666666666667,0.0,0.0,0.0,-0.0,0.09731122345484765,0.019552418127165017,-0.029840884974810022
91.3,0.0,0.0,0.0,-0.0,0.09505411471645216,0.017821956985296362,-0.02438557712005143
91.33333333333333,0.0,0.0,0.0,-0.0,0.09285693408141169,0.016230745078791974,-0.019973424598474288
91.36666666666666,0.0,0.0,0.0,-0.0,0.09071714395621333,0.014770759379544963,-0.016396978378156533
91.4,0.0,0.0,0.0,-0.0,0.08863249979755496,0.013433620839403911,-0.013491750875462977
91.43333333333334,0.0,0.0,0.0,-0.0,0.08660098573905736,0.01221087698734457,-0.011126868262598089
91.46666666666667,0.0,0.0,0.0,-0.0,0.08462076666093483,0.011094200110514978,-0.009197892485750526
91.5,0.0,0.0,0.0,-0.0,0.08269015238520494,0.010075523031583235,-0.007621266316760843
91.53333333333333,0.0,0.0,0.0,-0.0,0.08080757081947908,0.009147128783519306,-0.006329986143523147
91.56666666666666,0.0,0.0,0.0,-0.0,0.07897154771097704,0.00830170632398126,-0.005270212459504461
91.6,0.0,0.0,0.0,-0.0,0.07718069128919676,0.007532381371486836,-0.0043986024549250045
91.63333333333333,0.0,0.0,0.0,-0.0,0.0754336805293914,0.006832729174734422,-0.0036802025978572937
91.66666666666667,0.0,0.0,0.0,-0.0,0.07372925610281,0.006196774329432291,-0.0030867780809512536
91.7,0.0,0.0,0.0,-0.0,0.07206621332525828,0.005618981481728146,-0.0025954848031019464
91.73333333333333,0.0,0.0,0.0,-0.0,0.07044339659625523,0.005094239794893508,-0.002187811071687173
91.76666666666667,0.0,0.0,0.0,-0.0,0.06885969495405332,0.004617843327326643,-0.0018487324578099018
91.8,0.0,0.0,0.0,-0.0,0.06731403846967526,0.004185468917277163,-0.0015660356177935061
91.83333333333333,0.0,0.0,0.0,-0.0,0.0658053952751839,0.0037931527500860546,-0.0013297764045673748
91.86666666666666,0.0,0.0,0.0,-0.0,0.06433276907447337,0.0034372664651678574,-0.0011318449486372902
91.9,0.0,0.0,0.0,-0.0,0.06289519702397241,0.00311449341837441,-0.0009656161118931836
91.93333333333334,0.0,0.0,0.0,-0.0,0.061491747899479636,0.002821805532576571,-0.0008256681934713599
91.96666666666667,0.0,0.0,0.0,-0.0,0.06012152048662053,0.00255644103145583,-0.0007075562823284656
92.0,0.0,0.0,0.0,-0.0,0.05878364214812537,0.002315883248064418,-0.0006076294223575597
92.03333333333333,0.0,0.0,0.0,-0.0,0.057477267532742835,0.002097840622618949,-0.0005228829471591787
92.06666666666666,0.0,0.0,0.0,-0.0,0.05620157739920585,0.0019002279470467945,-0.0004508390789058021
92.1,0.0,0.0,0.0,-0.0,0.054955777535046574,0.0017211488722476942,-0.00038945026625728576
92.13333333333333,0.0,0.0,0.0,-0.0,0.05373909775480096,0.001558879664204126,-0.000337020835394833
92.16666666666667,0.0,0.0,0.0,-0.0,0.05255079096567787,0.0014118541741535101,-0.0002921434047597569
92.2,0.0,0.0,0.0,-0.0,0.05139013229140974,0.0012786499738526404,-0.0002536472140985066
92.23333333333333,0.0,0.0,0.0,-0.0,0.0502564182469832,0.0011579755978487697,-0.00022055607817698727
92.26666666666667,0.0,0.0,0.0,-0.0,0.049148965958440614,0.0010486588293375672,-0.00019205412363881358
92.3,0.0,0.0,0.0,-0.0,0.048067112423072496,0.0009496359636489655,-0.00016745782657607194
92.33333333333333,0.0,0.0,0.0,-0.0,0.0470102138061802,0.0008599419829017349,-0.0001461931564066101
92.36666666666666,0.0,0.0,0.0,-0.0,0.04597764477124628,0.000778701576328862,-0.00012777686287221806
92.4,0.0,0.0,0.0,-0.0,0.04496879784085756,0.0007051209427588827,-0.0001118011287410074
92.43333333333334,0.0,0.0,0.0,-0.0,0.04398308278612097,0.000638480314410257,-9.792096016557117e-05
92.46666666666667,0.0,0.0,0.0,-0.0,0.043019926042622184,0.0005781271442660656,-8.584380684009194e-05
92.5,0.0,0.0,0.0,-0.0,0.04207877015122327,0.000523469902657607,-7.532100088670711e-05
92.53333333333333,0.0,0.0,0.0,-0.0,0.041159073222192775,0.00047397243215959014,-6.614068140082861e-05
92.56666666666666,0.0,0.0,0.0,-0.0,0.040260308421322034,0.000429148813385742,-5.8121934492383725e-05
92.6,0.0,0.0,0.0,-0.0,0.03938196347681323,0.0003885586976996682,-5.110992943570026e-05
92.63333333333333,0.0,0.0,0.0,-0.0,0.03852354020583436,0.00035180306617143165,-4.497187255844981e-05
92.66666666666667,0.0,0.0,0.0,-0.0,0.037684554059728995,0.0003185203772818575,-3.959363366365347e-05
92.7,0.0,0.0,0.0,-0.0,0.036864533686947545,0.00028838306888278817,-3.487692661654463e-05
92.73333333333333,0.0,0.0,0.0,-0.0,0.036063020512835296,0.0002610943827504817,-3.073694746754384e-05
92.76666666666667,0.0,0.0,0.0,-0.0,0.03527956833547222,0.00023638548271603073,-2.710039111015451e-05
92.8,0.0,0.0,0.0,-0.0,0.034513742936812364,0.00021401283982104894,-2.3903781781397497e-05
92.83333333333333,0.0,0.0,0.0,-0.0,0.03376512170841791,0.00019375586023247558,-2.109206434058923e-05
92.86666666666666,0.0,0.0,0.0,-0.0,0.03303329329112527,0.000175414733763223,-1.8617412723521054e-05
92.9,0.0,0.0,0.0,-0.0,0.03231785722801935,0.00015880848279323709,-1.6438219677174537e-05
92.93333333333334,0.0,0.0,0.0,-0.0,0.03161842363012708,0.00014377319317708583,-1.4518238168484755e-05
92.96666666666667,0.0,0.0,0.0,-0.0,0.030934612854273652,0.000130160410368742,-1.2825849998280157e-05
93.0,0.0,0.0,0.0,-0.0,0.030266055192574786,0.00011783568550131398,-1.1333441355422956e-05
93.03333333333333,0.0,0.0,0.0,-0.0,0.02961239057306593,0.00010667725753860865,-1.001686849162688e-05
93.06666666666666,0.0,0.0,0.0,-0.0,0.028973268270994924,9.6574858875891e-05,-8.85499952609919e-06
93.1,0.0,0.0,0.0,-0.0,0.02834834663032878,8.742863291801287e-05,-7.829320715621574e-06
93.13333333333333,0.0,0.0,0.0,-0.0,0.02773729279504751,7.914815321279389e-05,-6.923597442706801e-06
93.16666666666667,0.0,0.0,0.0,-0.0,0.02713978244981913,7.165153467426186e-05,-6.123581757202595e-06
93.2,0.0,0.0,0.0,-0.0,0.02655549956966954,6.48646283017275e-05,-5.4167596161187375e-06
93.23333333333333,0.0,0.0,0.0,-0.0,0.025984136178279726,5.872029159380742e-05,-4.792132052019421e-06
93.26666666666667,0.0,0.0,0.0,-0.0,0.0254253921145602,5.315772757805912e-05,-4.240025402277084e-06
93.3,0.0,0.0,0.0,-0.0,0.02487897480716907,4.812188603300263e-05,-3.751926482561685e-06
93.33333333333333,0.0,0.0,0.0,-0.0,0.02434459905665582,4.356292107566514e-05,-3.320339214813076e-06
93.36666666666666,0.0,0.0,0.0,-0.0,0.02382198682492759,3.943569982963815e-05,-2.9386597443755744e-06
93.4,0.0,0.0,0.0,-0.0,0.023310867031748717,3.5699357380805184e-05,-2.601067520743703e-06
93.43333333333334,0.0,0.0,0.0,-0.0,0.022810975357997528,3.231689367480811e-05,-2.3024301860260274e-06
93.46666666666667,0.0,0.0,0.0,-0.0,0.02232205405541689,2.925480841602975e-05,-2.0382204267051448e-06
93.5,0.0,0.0,0.0,-0.0,0.021843851762606902,2.648277039609312e-05,-1.8044432073464458e-06
93.53333333333333,0.0,0.0,0.0,-0.0,0.02137612332701935,2.397331801400923e-05,-1.5975720276382745e-06
93.56666666666666,0.0,0.0,0.0,-0.0,0.02091862963272429,2.1701588053245504e-05,-1.4144930331661851e-06
93.6,0.0,0.0,0.0,-0.0,0.020471137433729213,1.9645070055965036e-05,-1.2524559711115753e-06
93.63333333333333,0.0,0.0,0.0,-0.0,0.0200334191926409,1.778338388408198e-05,-1.1090311191512437e-06
93.66666666666667,0.0,0.0,0.0,-0.0,0.01960525292446927,1.6098078282939735e-05,-9.820714329756678e-07
93.7,0.0,0.0,0.0,-0.0,0.019186422045381166,1.4572448468485711e-05,-8.696792581606712e-07
93.73333333333333,0.0,0.0,0.0,-0.0,0.018776715226220365,1.3191370944735972e-05,-7.701770382179886e-07
93.76666666666667,0.0,0.0,0.0,-0.0,0.01837592625061791,1.1941153926865748e-05,-6.820815246834603e-07
93.8,0.0,0.0,0.0,-0.0,0.01798385387752442,1.080940189803742e-05,-6.040810588909706e-07
93.83333333333333,0.0,0.0,0.0,-0.0,0.017600301708003113,9.784892966549442e-06,-5.350155501465851e-07
93.86666666666666,0.0,0.0,0.0,-0.0,0.0172250780561291,8.857467815387103e-06,-4.7385882263874744e-07
93.9,0.0,0.0,0.0,-0.0,0.01685799582384695,8.017929149986468e-06,-4.1970304467363705e-07
93.93333333333334,0.0,0.0,0.0,-0.0,0.01649887237964473,7.2579506530827384e-06,-3.717449896191726e-07
93.96666666666667,0.0,0.0,0.0,-0.0,0.01614752944090854,6.569994548899093e-06,-3.292739090463878e-07
94.0,0.0,0.0,0.0,-0.0,0.015803792959827187,5.9472369635450944e-06,-2.9166082562612774e-07
94.03333333333333,-0.0122,0.0122,1.9913120954901093,0.2623578689417112,0.015467493012722034,5.383500345155064e-06,-2.583490769276645e-07
94.06666666666666,-0.0244,0.0244,1.9102445174400757,0.37388184132743946,0.018133982734190313,1.145269557123562e-06,0.008564117920412393
94.1,-0.0367,0.0367,1.8321209622750427,0.4929663212442551,0.020620568161719033,-1.2169810178958975e-05,0.019066401266251806
94.13333333333333,-0.0489,0.0489,1.7586817089201234,0.6180065151024255,0.022935308504768923,-3.779835399292832e-05,0.03134569095235188
94.16666666666667,-0.0611,0.0611,1.6897509975799792,0.7502786233635765,0.0250887454239107,-7.883363332715055e-05,0.045209635947500895
94.2,-0.0733,0.0733,1.6258084174546332,0.8901230613702257,0.027090952365768226,-0.00013813184211203787,0.06053451280727814
94.23333333333333,-0.0856,0.0856,1.5668800721251346,1.0391289428305575,0.028952516258565045,-0.0002182895387819771,0.0772208912551336
94.26666666666667,-0.0978,0.0978,1.514407464956832,1.1952227001530646,0.030683830248941092,-0.0003216591264278302,0.09522905418560364
94.3,-0.11,0.11,1.4683635521300848,1.3599310368003024,0.032297213322297735,-0.0004503182392581077,0.11444772374703892
94.33333333333333,-0.1222,0.1222,1.4292149817469486,1.5336019950629725,0.03380464649547772,-0.0006060664872401231,0.13482585048273
94.36666666666666,-0.1344,0.1344,1.3974162184403074,1.7165819542994498,0.03521851059729582,-0.0007904889392896978,0.1563217172909641
94.4,-0.1467,0.1467,1.3732423270210679,1.9108338278633856,0.03655154753529565,-0.0010049952143580132,0.17890075976877637
94.43333333333334,-0.1589,0.1589,1.3575079344262022,2.113539600793165,0.037816570598818974,-0.0012509122691428047,0.20258560588365085
94.46666666666667,-0.1711,0.1711,1.3503790639396627,2.326570161206984,0.039027263811225406,-0.001529469992282192,0.22728948722655345
94.5,-0.1833,0.1833,1.3522235628166266,2.550248835989311,0.04019717760431976,-0.0018418169717047544,0.25299151567855754
94.53333333333333,-0.1956,0.1956,1.363509238770229,2.786858298052208,0.04134002416555143,-0.002189128527653313,0.2796720123357499
94.56666666666666,-0.2078,0.2078,1.384357330094402,3.032854663416429,0.042469811064995804,-0.0025727290352241276,0.3073741247315483
94.6,-0.22,0.22,1.4150860803200338,3.29040390810649,0.04360030332300019,-0.0029940549257825473,0.33600324744543447
94.63333333333333,-0.2322,0.2322,1.4559202170542438,3.5597782910478286,0.0447453153907568,-0.0034546593965237007,0.36554205243189963
94.66666666666667,-0.2444,0.2444,1.507041489581817,3.8412329011899793,0.04591855436614341,-0.003956343288390294,0.39597163924148393
94.7,-0.2567,0.2567,1.569134231196334,4.137463392665479,0.047133542930887624,-0.0045012044781161135,0.42727137463833
94.73333333333333,-0.2689,0.2689,1.6412786473454677,4.443870006941051,0.048404357096750075,-0.00509178801805735,0.45949553453095954
94.76666666666667,-0.2811,0.2811,1.7239772100508812,4.763003540757807,0.04974318720066591,-0.005730990360857718,0.4925250217854735
94.8,-0.2933,0.2933,1.817221007698656,5.095033407751174,0.05116250409438811,-0.006422025982150945,0.5263379609608048
94.83333333333333,-0.3056,0.3056,1.9218445704912561,5.442986399094275,0.05267425580184077,-0.007168579989675929,0.5609097385827819
94.86666666666666,-0.3178,0.3178,2.036037206852706,5.8013228406145085,0.05429111116165088,-0.007974974874103652,0.5963020114442584
94.9,-0.33,0.33,2.1604485882722493,6.172907126788173,0.05602244563126313,-0.008845996424456519,0.6323736718077554
94.93333333333334,-0.3422,0.3422,2.2948727508427247,6.557799110479237,0.057878093914095985,-0.009786806299216364,0.6690995724709198
94.96666666666667,-0.3544,0.3544,2.4390576102351726,6.956028232809924,0.05986700941896044,-0.010803107852908498,0.7064514394216413
95.0,-0.3667,0.3667,2.594004928339894,7.371021005760703,0.061997177511457814,-0.01190113434789564,0.7443984453858099
95.03333333333333,-0.3789,0.3789,2.756856018849758,7.795994869815551,0.06427746318178733,-0.01308783493141101,0.7830112765278398
95.06666666666666,-0.3911,0.3911,2.928457757823237,8.23420136911172,0.06671176301516647,-0.014370559070216886,0.8221212997701759
95.1,-0.4033,0.4033,3.108402146418893,8.685538928058623,0.06930466598393566,-0.015756876058535967,0.8617014841278583
95.13333333333333,-0.4156,0.4156,3.2978232732464825,9.153730848242127,0.07205948865694503,-0.017254764006183046,0.9017213642038928
95.16666666666667,-0.4278,0.4278,3.4931765982986036,9.630992184507935,0.07498054657060481,-0.01887281373641653,0.942262693780876
95.2,-0.44,0.44,3.69548998316278,10.120870177057238,0.07806608442043976,-0.020619764450906526,0.9831388867898978
95.23333333333333,-0.4522,0.4522,3.904269734497394,10.623123387775493,0.08131527781145012,-0.02250423742209597,1.02432535049078
95.26666666666667,-0.4644,0.4644,4.119014713544001,11.137475047258661,0.08472585500204147,-0.024534961977029278,1.065793086571377
95.3,-0.4767,0.4767,4.3410485974705075,11.66797351215411,0.08829408349823922,-0.026720658207820054,1.1075100226804828
95.33333333333333,-0.4889,0.4889,4.5662601011352635,12.205643228862684,0.0920174620556004,-0.029070293410455937,1.1495690421476166
95.36666666666666,-0.5011,0.5011,4.795946381242867,12.754367342814408,0.09588655387714283,-0.03159240997362299,1.1917623386361986
95.4,-0.5133,0.5133,5.029638675645124,13.313729667999453,0.09989330974300469,-0.034294770583754734,1.2340691459799114
95.43333333333334,-0.5256,0.5256,5.268850219875965,13.88798969971511,0.10402831883106718,-0.03718468193748394,1.2764629789847284
95.46666666666667,-0.5378,0.5378,5.509273487231692,14.467323920334326,0.10828374037840524,-0.04026931879941959,1.3190485406921097
95.5,-0.55,0.55,5.752459987258835,15.055845356871117,0.11264461661018466,-0.04355487752698022,1.3616066111915424
95.53333333333333,-0.55,0.55,5.752459987258835,15.055845356871117,0.1170979372431539,-0.04704618282641686,1.4041222016812107
95.56666666666666,-0.55,0.55,5.752459987258835,15.055845356871117,0.12127317303200345,-0.050680704733015336,1.4296625764101565
95.6,-0.55,0.55,5.752459987258835,15.055845356871117,0.12518489173668507,-0.054361546287200774,1.4449852460180979
95.63333333333333,-0.55,0.55,5.752459987258835,15.055845356871117,0.1288463156975661,-0.05802578281619979,1.4542125356429352
95.66666666666667,-0.55,0.55,5.752459987258835,15.055845356871117,0.1322696759288149,-0.06163268173688372,1.4598225139497203
95.7,-0.55,0.55,5.752459987258835,15.055845356871117,0.13546646248743566,-0.0651558802712527,1.4632917888503423
95.73333333333333,-0.55,0.55,5.752459987258835,15.055845356871117,0.13844760553740276,-0.06857832436746437,1.4654954779984866
95.76666666666667,-0.55,0.55,5.752459987258835,15.055845356871117,0.14122360152340577,-0.07188904054674117,1.4669503976381972
95.8,-0.55,0.55,5.752459987258835,15.055845356871117,0.143804595819763,-0.07508109000475896,1.4679609845204948
95.83333333333333,-0.55,0.55,5.752459987258835,15.055845356871117,0.14620043259657928,-0.07815027211362455,1.4687061831730617
95.86666666666666,-0.55,0.55,5.752459987258835,15.055845356871117,0.14842068142630307,-0.08109429792122037,1.4692909467149988
95.9,-0.55,0.55,5.752459987258835,15.055845356871117,0.15047464836695382,-0.08391225663594401,1.4697766788730944
95.93333333333334,-0.55,0.55,5.752459987258835,15.055845356871117,0.15237137737584708,-0.08660426431836159,1.47019919669177
95.96666666666667,-0.55,0.55,5.752459987258835,15.055845356871117,0.1541196462428339,-0.08917122602693614,1.4705793167038193
96.0,-0.55,0.55,5.752459987258835,15.055845356871117,0.15572795990387675,-0.09161466899079719,1.4709290874742849
96.03333333333333,-0.55,0.55,5.752459987258835,15.055845356871117,0.15720454300480322,-0.093936620725288,1.4712554551002024
96.06666666666666,-0.55,0.55,5.752459987258835,15.055845356871117,0.15855733287983487,-0.09613951608386721,1.4715624160723144
96.1,-0.55,0.55,5.752459987258835,15.055845356871117,0.15979397362538053,-0.09822612342271637,1.4718522792562168
96.13333333333333,-0.55,0.55,5.752459987258835,15.055845356871117,0.16092181162711772,-0.10019948383240651,1.472126403435591
96.16666666666667,-0.55,0.55,5.752459987258835,15.055845356871117,0.16194789268951737,-0.10206285969243355,1.4723856263159187
96.2,-0.55,0.55,5.752459987258835,15.055845356871117,0.16287896078564865,-0.10381969020332694,1.4726305121641061
96.23333333333333,-0.55,0.55,5.752459987258835,15.055845356871117,0.1637214583655369,-0.10547355240028868,1.4728614929865262
96.26666666666667,-0.55,0.55,5.752459987258835,15.055845356871117,0.16448152811567593,-0.10702812666791645,1.4730789473555668
96.3,-0.55,0.55,5.752459987258835,15.055845356871117,0.1651650160384458,-0.10848716608917372,1.4732832428571485
96.33333333333333,-0.55,0.55,5.752459987258835,15.055845356871117,0.16577747571014784,-0.1098544691533855,1.4734747574479132
96.36666666666666,-0.55,0.55,5.752459987258835,15.055845356871117,0.16632417357490534,-0.11113385546612341,1.4736538887169424
96.4,-0.55,0.55,5.752459987258835,15.055845356871117,0.16681009513540565,-0.11232914417767835,1.4738210563384373
96.43333333333334,-0.55,0.55,5.752459987258835,15.055845356871117,0.1672399519082148,-0.11344413489405501,1.4739767008160491
96.46666666666667,-0.55,0.55,5.752459987258835,15.055845356871117,0.16761818901980446,-0.1144825908656798,1.4741212803307893
96.5,-0.55,0.55,5.752459987258835,15.055845356871117,0.16794899332863142,-0.11544822427066852,1.4742552667442097
96.53333333333333,-0.55,0.55,5.752459987258835,15.055845356871117,0.16823630196806183,-0.11634468342537327,1.474379141359896
96.56666666666666,-0.55,0.55,5.752459987258835,15.055845356871117,0.1684838112143056,-0.1171755417673051,1.4744933907814761
96.6,-0.55,0.55,5.752459987258835,15.055845356871117,0.16869498559261759,-0.1179442884657724,1.4745985030490865
96.63333333333333,-0.55,0.55,5.752459987258835,15.055845356871117,0.16887306714371422,-0.11865432052449593,1.474694964144164
96.66666666666667,-0.55,0.55,5.752459987258835,15.055845356871117,0.16902108478057992,-0.11930893624853801,1.474783254898439
96.7,-0.55,0.55,5.752459987258835,15.055845356871117,0.1691418636735616,-0.1199113299553973,1.4748638483115948
96.73333333333333,-0.55,0.55,5.752459987258835,15.055845356871117,0.16923803460886191,-0.12046458781723343,1.4749372072641487
96.76666666666667,-0.55,0.55,5.752459987258835,15.055845356871117,0.16931204327224159,-0.1209716847279911,1.4750037826022449
96.8,-0.55,0.55,5.752459987258835,15.055845356871117,0.16936615941593774,-0.12143548209573916,1.4750640115660414
96.83333333333333,-0.55,0.55,5.752459987258835,15.055845356871117,0.1694024858725151,-0.12185872646685442,1.4751183165312693
96.86666666666666,-0.55,0.55,5.752459987258835,15.055845356871117,0.16942296738460738,-0.12224404889477196,1.4751671040332015
96.9,-0.55,0.55,5.752459987258835,15.055845356871117,0.16942939922429992,-0.12259396497189859,1.4752107640429841
96.93333333333334,-0.55,0.55,5.752459987258835,15.055845356871117,0.16942343558027229,-0.12291087544894154,1.475249669467618
96.96666666666667,-0.55,0.55,5.752459987258835,15.055845356871117,0.1694065976947862,-0.1231970673713393,1.4752841758465662
97.0,-0.55,0.55,5.752459987258835,15.055845356871117,0.169380281736192,-0.12345471566769137,1.4753146212198447
97.03333333333333,-0.55,0.55,5.752459987258835,15.055845356871117,0.16934576639586038,-0.12368588513006629,1.4753413261444013
97.06666666666666,-0.55,0.55,5.752459987258835,15.055845356871117,0.16930422020134742,-0.12389253273082076,1.475364593837554
97.1,-0.55,0.55,5.752459987258835,15.055845356871117,0.16925670854019426,-0.12407651022508484,1.4753847104281745
97.13333333333333,-0.55,0.55,5.752459987258835,15.055845356871117,0.16920420039106893,-0.12423956699236055,1.4754019452981617
97.16666666666667,-0.55,0.55,5.752459987258835,15.055845356871117,0.16914757476099834,-0.12438335307474377,1.4754165514985025
97.2,-0.55,0.55,5.752459987258835,15.055845356871117,0.16908762682923492,-0.12450942237311442,1.475428766225891
97.23333333333333,-0.55,0.55,5.752459987258835,15.055845356871117,0.16902507379987253,-0.12461923596625207,1.475438811347419
97.26666666666667,-0.55,0.55,5.752459987258835,15.055845356871117,0.16896056046669064,-0.12471416552122554,1.475446893962301
97.3,-0.55,0.55,5.752459987258835,15.055845356871117,0.1688946644948801,-0.12479549676658316,1.4754532069909212
97.33333333333333,-0.55,0.55,5.752459987258835,15.055845356871117,0.1688279014253071,-0.12486443300283932,1.4754579297827166
97.36666666666666,-0.55,0.55,5.752459987258835,15.055845356871117,0.1687607294078166,-0.12492209862751973,1.4754612287355204
97.4,-0.55,0.55,5.752459987258835,15.055845356871117,0.16869355367078143,-0.12496954265460032,1.4754632579200022
97.43333333333334,-0.55,0.55,5.752459987258835,15.055845356871117,0.16862673073467696,-0.12500774221055916,1.475464159703758
97.46666666666667,-0.55,0.55,5.752459987258835,15.055845356871117,0.1685605723779228,-0.12503760599146568,1.4754640653704245
97.5,-0.55,0.55,5.752459987258835,15.055845356871117,0.168495349363587,-0.12505997766756485,1.4754630957299275
97.53333333333333,-0.55,0.55,5.752459987258835,15.055845356871117,0.1684312949358133,-0.12507563922368425,1.4754613617166363
97.56666666666666,-0.55,0.55,5.752459987258835,15.055845356871117,0.16836860809501103,-0.12508531422550598,1.475458964972775
97.6,-0.55,0.55,5.752459987258835,15.055845356871117,0.1683074566609561,-0.12508967100331433,1.475455998414958
97.63333333333333,-0.55,0.55,5.752459987258835,15.055845356871117,0.16824798013299344,-0.12508932574625858,1.4754525467821737
97.66666666666667,-0.55,0.55,5.752459987258835,15.055845356871117,0.1681902923565179,-0.12508484550146953,1.475448687163934
97.7,-0.55,0.55,5.752459987258835,15.055845356871117,0.16813448400484696,-0.12507675107354482,1.4754444895076535
97.73333333333333,-0.55,0.55,5.752459987258835,15.055845356871117,0.168080624885493,-0.12506551982097924,1.4754400171046258
97.76666666666667,-0.55,0.55,5.752459987258835,15.055845356871117,0.16802876607969897,-0.12505158834707128,1.4754353270542169
97.8,-0.55,0.55,5.752459987258835,15.055845356871117,0.16797894192392746,-0.1250353550836912,1.475430470706119
97.83333333333333,-0.55,0.55,5.752459987258835,15.055845356871117,0.16793117184179182,-0.12501718276705812,1.4754254940806972
97.86666666666666,-0.55,0.55,5.752459987258835,15.055845356871117,0.16788546203469493,-0.12499740080534903,1.475420438267617
97.9,-0.55,0.55,5.752459987258835,15.055845356871117,0.16784180703920004,-0.12497630753855973,1.4754153398030712
97.93333333333334,-0.55,0.55,5.752459987258835,15.055845356871117,0.167800191158903,-0.12495417239155918,1.4754102310260389
97.96666666666667,-0.55,0.55,5.752459987258835,15.055845356871117,0.16776058977830782,-0.12493123792173556,1.4754051404140922
98.0,-0.55,0.55,5.752459987258835,15.055845356871117,0.1677229705659331,-0.12490772176302481,1.4754000928993383
98.03333333333333,-0.55,0.55,5.752459987258835,15.055845356871117,0.1676872945735957,-0.1248838184684493,1.4753951101651424
98.06666666666666,-0.55,0.55,5.752459987258835,15.055845356871117,0.1676535172385341,-0.12485970125357954,1.475390210924315
98.1,-0.55,0.55,5.752459987258835,15.055845356871117,0.16762158929474807,-0.12483552364356905,1.4753854111794809
98.13333333333333,-0.55,0.55,5.752459987258835,15.055845356871117,0.1675914575996459,-0.12481142102660815,1.475380724466362
98.16666666666667,-0.55,0.55,5.752459987258835,15.055845356871117,0.16756306588180686,-0.12478751211679812,1.4753761620807264
98.2,-0.55,0.55,5.752459987258835,15.055845356871117,0.16753635541538645,-0.12476390032956919,1.475371733289751
98.23333333333333,-0.55,0.55,5.752459987258835,15.055845356871117,0.16751126562641533,-0.1247406750728556,1.475367445528549
98.26666666666667,-0.55,0.55,5.752459987258835,15.055845356871117,0.16748773463597288,-0.12471791295730306,1.4753633045826067
98.3,-0.55,0.55,5.752459987258835,15.055845356871117,0.16746569974495068,-0.1246956789288208,1.4753593147568596
98.33333333333333,-0.55,0.55,5.752459987258835,15.055845356871117,0.16744509786486422,-0.12467402732680573,1.4753554790321268
98.36666666666666,-0.55,0.55,5.752459987258835,15.055845356871117,0.16742586589892008,-0.12465300287136061,1.4753517992096032
98.4,-0.55,0.55,5.752459987258835,15.055845356871117,0.16740794107730325,-0.12463264158280707,1.47534827604409
98.43333333333334,-0.55,0.55,5.752459987258835,15.055845356871117,0.16739126125041495,-0.12461297163675651,1.4753449093666222
98.46666666666667,-0.55,0.55,5.752459987258835,15.055845356871117,0.1673757651435652,-0.12459401415795252,1.47534169819713
98.5,-0.55,0.55,5.752459987258835,15.055845356871117,0.16736139257640642,-0.12457578395603688,1.4753386408477454
98.53333333333333,-0.55,0.55,5.752459987258835,15.055845356871117,0.16734808465018686,-0.12455829020632106,1.475335735017345
98.56666666666666,-0.55,0.55,5.752459987258835,15.055845356871117,0.16733578390570136,-0.12454153707856594,1.475332977877889
98.6,-0.55,0.55,5.752459987258835,15.055845356871117,0.16732443445462708,-0.1245255243166881,1.4753303661530957
98.63333333333333,-0.55,0.55,5.752459987258835,15.055845356871117,0.16731398208674883,-0.12451024777222001,1.4753278961899694
98.66666666666667,-0.55,0.55,5.752459987258835,15.055845356871117,0.16730437435540524,-0.12449569989425696,1.4753255640236658
98.7,-0.55,0.55,5.752459987258835,15.055845356871117,0.1672955606433221,-0.12448187017852616,1.4753233654361617
98.73333333333333,-0.55,0.55,5.752459987258835,15.055845356871117,0.16728749221084213,-0.12446874557811281,1.475321296009172
98.76666666666667,-0.55,0.55,5.752459987258835,15.055845356871117,0.1672801222284124,-0.12445631087827698,1.4753193511717289
98.8,-0.55,0.55,5.752459987258835,15.055845356871117,0.16727340579504987,-0.12444454903769253,1.4753175262428209
98.83333333333333,-0.55,0.55,5.752459987258835,15.055845356871117,0.16726729994437292,-0.1244334414983373,1.4753158164694637
98.86666666666666,-0.55,0.55,5.752459987258835,15.055845356871117,0.16726176363966183,-0.12442296846616162,1.4753142170605558
98.9,-0.55,0.55,5.752459987258835,15.055845356871117,0.16725675775929308,-0.12441310916456169,1.475312723216848
98.93333333333334,-0.55,0.55,5.752459987258835,15.055845356871117,0.16725224507378175,-0.12440384206258447,1.4753113301573424
98.96666666666667,-0.55,0.55,5.752459987258835,15.055845356871117,0.1672481902155624,-0.12439514507969315,1.4753100331424094
99.0,-0.55,0.55,5.752459987258835,15.055845356871117,0.16724455964254104,-0.12438699576882677,1.4753088274938992
99.03333333333333,-0.55,0.55,5.752459987258835,15.055845356871117,0.16724132159636024,-0.1243793714793934,1.475307708612505
99.06666666666666,-0.55,0.55,5.752459987258835,15.055845356871117,0.1672384460562335,-0.12437224950174654,1.4753066719926167
99.1,-0.55,0.55,5.752459987258835,15.055845356871117,0.1672359046891259,-0.12436560719460517,1.4753057132348908
99.13333333333333,-0.55,0.55,5.752459987258835,15.055845356871117,0.16723367079698423,-0.12435942209679333,1.4753048280567451
99.16666666666667,-0.55,0.55,5.752459987258835,15.055845356871117,0.16723171926165,-0.12435367202459242,1.4753040123009724
99.2,-0.55,0.55,5.752459987258835,15.055845356871117,0.16723002648802643,-0.12434833515592014,1.475303261942656
99.23333333333333,-0.55,0.55,5.752459987258835,15.055845356871117,0.1672285703460091,-0.12434339010247408,1.4753025730945544
99.26666666666667,-0.55,0.55,5.752459987258835,15.055845356871117,0.16722733011163732,-0.12433881597090457,1.475301942011109
99.3,-0.55,0.55,5.752459987258835,15.055845356871117,0.16722628640787066,-0.12433459241401164,1.4753013650912241
99.33333333333333,-0.55,0.55,5.752459987258835,15.055845356871117,0.16722542114534977,-0.1243306996728943,1.4753008388799476
99.36666666666666,-0.55,0.55,5.752459987258835,15.055845356871117,0.16722471746345693,-0.12432711861091643,1.475300360069178
99.4,-0.55,0.55,5.752459987258835,15.055845356871117,0.16722415967195223,-0.12432383074029324,1.4752999254975119
99.43333333333334,-0.55,0.55,5.752459987258835,15.055845356871117,0.16722373319342543,-0.12432081824204451,1.4752995321493332
99.46666666666667,-0.55,0.55,5.752459987258835,15.055845356871117,0.1672234245067702,-0.12431806398000636,1.475299177153243
99.5,-0.55,0.55,5.752459987258835,15.055845356871117,0.16722322109185692,-0.12431555150954152,1.4752988577799169
99.53333333333333,-0.55,0.55,5.752459987258835,15.055845356871117,0.16722311137555346,-0.12431326508153924,1.4752985714394666
99.56666666666666,-0.55,0.55,5.752459987258835,15.055845356871117,0.1672230846792172,-0.12431118964225,1.475298315678386
99.6,-0.55,0.55,5.752459987258835,15.055845356871117,0.16722313116776008,-0.1243093108294564,1.4752980881761402
99.63333333333333,-0.55,0.55,5.752459987258835,15.055845356871117,0.16722324180036693,-0.12430761496544104,1.4752978867414632
99.66666666666667,-0.55,0.55,5.752459987258835,15.055845356871117,0.16722340828292961,-0.12430608904717362,1.475297709308419
99.7,-0.55,0.55,5.752459987258835,15.055845356871117,0.1672236230222427,-0.12430472073410347,1.47529755393227
99.73333333333333,-0.55,0.55,5.752459987258835,15.055845356871117,0.1672238790819913,-0.12430349833391005,1.4752974187852048
99.76666666666667,-0.55,0.55,5.752459987258835,15.055845356871117,0.16722417014054902,-0.12430241078653229,1.47529730215196
99.8,-0.55,0.55,5.752459987258835,15.055845356871117,0.1672244904505919,-0.12430144764676826,1.4752972024253714
99.83333333333333,-0.55,0.55,5.752459987258835,15.055845356871117,0.1672248348005239,-0.12430059906570921,1.475297118101892
99.86666666666666,-0.55,0.55,5.752459987258835,15.055845356871117,0.1672251984777008,-0.12429985577124637,1.4752970477770968
99.9,-0.55,0.55,5.752459987258835,15.055845356871117,0.16722557723343062,-0.12429920904786526,1.4752969901412063
99.93333333333334,-0.55,0.55,5.752459987258835,15.055845356871117,0.16722596724972313,-0.12429865071592011,1.475296943974646
99.96666666666667,-0.55,0.55,5.752459987258835,15.055845356871117,0.16722636510775374,-0.12429817311056074,1.4752969081436622
100.0,-0.55,0.55,5.752459987258835,15.055845356871117,0.1672267677580031,-0.12429776906046519,1.475296881596012
100.03333333333333,-0.55,0.55,5.752459987258835,15.055845356871117,0.16722717249202912,-0.12429743186651418,1.475296863356738
100.06666666666666,-0.55,0.55,5.752459987258835,15.055845356871117,0.16722757691582463,-0.12429715528052725,1.4752968525240442
100.1,-0.55,0.55,5.752459987258835,15.055845356871117,0.16722797892471136,-0.12429693348416594,1.4752968482652775
100.13333333333333,-0.55,0.55,5.752459987258835,15.055845356871117,0.1672283766797186,-0.12429676106809553,1.4752968498130286
100.16666666666667,-0.55,0.55,5.752459987258835,15.055845356871117,0.167228768585393,-0.1242966330114847,1.4752968564613549
100.2,-0.55,0.55,5.752459987258835,15.055845356871117,0.16722915326898544,-0.1242965446619111,1.475296867562133
100.23333333333333,-0.55,0.55,5.752459987258835,15.055845356871117,0.16722952956095918,-0.12429649171573047,1.4752968825215411
100.26666666666667,-0.55,0.55,5.752459987258835,15.055845356871117,0.16722989647676445,-0.12429647019895752,1.47529690079668
100.3,-0.55,0.55,5.752459987258835,15.055845356871117,0.16723025319982313,-0.12429647644869843,1.475296921892328
100.33333333333333,-0.55,0.55,5.752459987258835,15.055845356871117,0.1672305990656686,-0.12429650709516693,1.475296945357834
100.36666666666666,-0.55,0.55,5.752459987258835,15.055845356871117,0.1672309335471859,-0.12429655904430917,1.4752969707841488
100.4,-0.55,0.55,5.752459987258835,15.055845356871117,0.16723125624089813,-0.12429662946105613,1.475296997800992
100.43333333333334,-0.55,0.55,5.752459987258835,15.055845356871117,0.16723156685424584,-0.12429671575321698,1.4752970260741536
100.46666666666667,-0.55,0.55,5.752459987258835,15.055845356871117,0.16723186519380773,-0.12429681555602157,1.4752970553029305
100.5,-0.55,0.55,5.752459987258835,15.055845356871117,0.1672321511544117,-0.124296926717316,1.4752970852176923
100.53333333333333,-0.55,0.55,5.752459987258835,15.055845356871117,0.16723242470908714,-0.12429704728341112,1.4752971155775754
100.56666666666666,-0.55,0.55,5.752459987258835,15.055845356871117,0.16723268589981027,-0.1242971754855805,1.4752971461683018
100.6,-0.55,0.55,5.752459987258835,15.055845356871117,0.16723293482899662,-0.12429730972720128,1.4752971768001195
100.63333333333333,-0.55,0.55,5.752459987258835,15.055845356871117,0.16723317165169566,-0.12429744857152886,1.4752972073058603
100.66666666666667,-0.55,0.55,5.752459987258835,15.055845356871117,0.16723339656844458,-0.12429759073009383,1.4752972375391111
100.7,-0.55,0.55,5.752459987258835,15.055845356871117,0.16723360981874003,-0.12429773505170805,1.475297267372496
100.73333333333333,-0.55,0.55,5.752459987258835,15.055845356871117,0.1672338116750879,-0.12429788051206463,1.4752972966960622
100.76666666666667,-0.55,0.55,5.752459987258835,15.055845356871117,0.1672340024375934,-0.12429802620391583,1.47529732541577
100.8,-0.55,0.55,5.752459987258835,15.055845356871117,0.16723418242905494,-0.1242981713278112,1.4752973534520777
100.83333333333333,-0.55,0.55,5.752459987258835,15.055845356871117,0.16723435199052752,-0.12429831518337772,1.4752973807386212
100.86666666666666,-0.55,0.55,5.752459987258835,15.055845356871117,0.16723451147732252,-0.1242984571611233,1.4752974072209817
100.9,-0.55,0.55,5.752459987258835,15.055845356871117,0.1672346612554126,-0.12429859673474357,1.4752974328555393
100.93333333333334,-0.55,0.55,5.752459987258835,15.055845356871117,0.16723480169821225,-0.12429873345391287,1.4752974576084052
100.96666666666667,-0.55,0.55,5.752459987258835,15.055845356871117,0.1672349331837059,-0.12429886693753898,1.475297481454433
101.0,-0.55,0.55,5.752459987258835,15.055845356871117,0.16723505609189668,-0.12429899686746178,1.4752975043763004
101.03333333333333,-0.55,0.55,5.752459987258835,15.055845356871117,0.16723517080255124,-0.12429912298257578,1.4752975263636612
101.06666666666666,-0.55,0.55,5.752459987258835,15.055845356871117,0.16723527769321683,-0.12429924507335688,1.4752975474123622
101.1,-0.55,0.55,5.752459987258835,15.055845356871117,0.1672353771374884,-0.12429936297677352,1.4752975675237203
101.13333333333333,-0.55,0.55,5.752459987258835,15.055845356871117,0.1672354695035048,-0.12429947657156322,1.475297586703859
101.16666666666667,-0.55,0.55,5.752459987258835,15.055845356871117,0.16723555515265467,-0.12429958577385541,1.4752976049630973
101.2,-0.55,0.55,5.752459987258835,15.055845356871117,0.1672356344384736,-0.12429969053312236,1.475297622315392
101.23333333333333,-0.55,0.55,5.752459987258835,15.055845356871117,0.1672357077057154,-0.1242997908284399,1.475297638777826
101.26666666666667,-0.55,0.55,5.752459987258835,15.055845356871117,0.1672357752895813,-0.12429988666504087,1.4752976543701426
101.3,-0.55,0.55,5.752459987258835,15.055845356871117,0.1672358375150928,-0.12429997807114417,1.4752976691143205
101.33333333333333,-0.55,0.55,5.752459987258835,15.055845356871117,0.16723589469659336,-0.12430006509504297,1.4752976830341895
101.36666666666666,-0.55,0.55,5.752459987258835,15.055845356871117,0.16723594713736673,-0.12430014780243676,1.4752976961550817
101.4,-0.55,0.55,5.752459987258835,15.055845356871117,0.16723599512935972,-0.12430022627399154,1.4752977085035166
101.43333333333334,-0.55,0.55,5.752459987258835,15.055845356871117,0.1672360389529983,-0.12430030060311419,1.4752977201069184
101.46666666666667,-0.55,0.55,5.752459987258835,15.055845356871117,0.1672360788770868,-0.12430037089392662,1.4752977309933613
101.5,-0.55,0.55,5.752459987258835,15.055845356871117,0.16723611515878087,-0.12430043725942673,1.475297741191343
101.53333333333333,-0.55,0.55,5.752459987258835,15.055845356871117,0.16723614804362516,-0.12430049981982327,1.475297750729584
101.56666666666666,-0.55,0.55,5.752459987258835,15.055845356871117,0.1672361777656483,-0.1243005587010327,1.4752977596368462
101.6,-0.55,0.55,5.752459987258835,15.055845356871117,0.16723620454750715,-0.12430061403332635,1.4752977679417782
101.63333333333333,-0.55,0.55,5.752459987258835,15.055845356871117,0.1672362286006741,-0.12430066595011717,1.475297775672776
101.66666666666667,-0.55,0.55,5.752459987258835,15.055845356871117,0.16723625012566112,-0.12430071458687562,1.4752977828578626
101.7,-0.55,0.55,5.752459987258835,15.055845356871117,0.16723626931227484,-0.1243007600801649,1.475297789524585
101.73333333333333,-0.55,0.55,5.752459987258835,15.055845356871117,0.1672362863398977,-0.12430080256678633,1.4752977956999254
101.76666666666667,-0.55,0.55,5.752459987258835,15.055845356871117,0.16723630137779066,-0.12430084218302623,1.4752978014102263
101.8,-0.55,0.55,5.752459987258835,15.055845356871117,0.1672363145854129,-0.12430087906399598,1.475297806681127
101.83333333333333,-0.55,0.55,5.752459987258835,15.055845356871117,0.16723632611275524,-0.1243009133430576,1.475297811537514
101.86666666666666,-0.55,0.55,5.752459987258835,15.055845356871117,0.16723633610068345,-0.12430094515132764,1.4752978160034775
101.9,-0.55,0.55,5.752459987258835,15.055845356871117,0.16723634468128884,-0.1243009746172526,1.4752978201022815
101.93333333333334,-0.55,0.55,5.752459987258835,15.055845356871117,0.16723635197824302,-0.12430100186624948,1.4752978238563386
101.96666666666667,-0.55,0.55,5.752459987258835,15.055845356871117,0.16723635810715468,-0.12430102702040559,1.475297827287194
102.0,-0.55,0.55,5.752459987258835,15.055845356871117,0.1672363631759262,-0.12430105019823202,1.4752978304155158
102.03333333333333,-0.55,0.55,5.752459987258835,15.055845356871117,0.16723636728510824,-0.1243010715144658,1.4752978332610904
102.06666666666666,-0.55,0.55,5.752459987258835,15.055845356871117,0.1672363705282507,-0.12430109107991567,1.4752978358428244
102.1,-0.55,0.55,5.752459987258835,15.055845356871117,0.1672363729922484,-0.12430110900134728,1.4752978381787496
102.13333333333333,-0.55,0.55,5.752459987258835,15.055845356871117,0.16723637475768072,-0.12430112538140357,1.4752978402860328
102.16666666666667,-0.55,0.55,5.752459987258835,15.055845356871117,0.16723637589914364,-0.12430114031855662,1.4752978421809888
102.2,-0.55,0.55,5.752459987258835,15.055845356871117,0.16723637648557377,-0.1243011539070872,1.4752978438790967
102.23333333333333,-0.55,0.55,5.752459987258835,15.055845356871117,0.16723637658056326,-0.12430116623708923,1.4752978453950178
102.26666666666667,-0.55,0.55,5.752459987258835,15.055845356871117,0.16723637624266524,-0.12430117739449564,1.4752978467426168
102.3,-0.55,0.55,5.752459987258835,15.055845356871117,0.1672363755256893,-0.12430118746112334,1.4752978479349832
102.33333333333333,-0.55,0.55,5.752459987258835,15.055845356871117,0.1672363744789864,-0.12430119651473445,1.4752978489844562
102.36666666666666,-0.55,0.55,5.752459987258835,15.055845356871117,0.16723637314772347,-0.12430120462911175,1.4752978499026486
102.4,-0.55,0.55,5.752459987258835,15.055845356871117,0.16723637157314677,-0.12430121187414604,1.4752978507004737
102.43333333333334,-0.55,0.55,5.752459987258835,15.055845356871117,0.16723636979283477,-0.12430121831593376,1.4752978513881703
102.46666666666667,-0.55,0.55,5.752459987258835,15.055845356871117,0.16723636784093973,-0.12430122401688279,1.4752978519753301
102.5,-0.55,0.55,5.752459987258835,15.055845356871117,0.16723636574841863,-0.12430122903582526,1.4752978524709248
102.53333333333333,-0.55,0.55,5.752459987258835,15.055845356871117,0.1672363635432532,-0.12430123342813558,1.475297852883333
102.56666666666666,-0.55,0.55,5.752459987258835,15.055845356871117,0.16723636125065916,-0.12430123724585271,1.4752978532203667
102.6,-0.55,0.55,5.752459987258835,15.055845356871117,0.16723635889328517,-0.12430124053780535,1.4752978534892989
102.63333333333333,-0.55,0.55,5.752459987258835,15.055845356871117,0.16723635649140128,-0.1243012433497391,1.4752978536968886
102.66666666666667,-0.55,0.55,5.752459987258835,15.055845356871117,0.16723635406307744,-0.12430124572444469,1.4752978538494081
102.7,-0.55,0.55,5.752459987258835,15.055845356871117,0.1672363516243522,-0.12430124770188639,1.4752978539526675
102.73333333333333,-0.55,0.55,5.752459987258835,15.055845356871117,0.16723634918939176,-0.12430124931933004,1.4752978540120392
102.76666666666667,-0.55,0.55,5.752459987258835,15.055845356871117,0.16723634677064017,-0.12430125061146993,1.4752978540324828
102.8,-0.55,0.55,5.752459987258835,15.055845356871117,0.16723634437896015,-0.1243012516105541,1.4752978540185682
102.83333333333333,-0.55,0.55,5.752459987258835,15.055845356871117,0.16723634202376567,-0.12430125234650742,1.4752978539744974
102.86666666666666,-0.55,0.55,5.752459987258835,15.055845356871117,0.1672363397131462,-0.12430125284705239,1.4752978539041282
102.89999999999999,-0.55,0.55,5.752459987258835,15.055845356871117,0.16723633745398303,-0.12430125313782686,1.4752978538109933
102.93333333333334,-0.55,0.55,5.752459987258835,15.055845356871117,0.167236335252058,-0.12430125324249885,1.475297853698322
102.96666666666667,-0.55,0.55,5.752459987258835,15.055845356871117,0.16723633311215497,-0.12430125318287785,1.4752978535690582
103.0,-0.55,0.55,5.752459987258835,15.055845356871117,0.16723633103815444,-0.12430125297902266,1.475297853425881
103.03333333333333,-0.55,0.55,5.752459987258835,15.055845356871117,0.16723632903312158,-0.12430125264934552,1.4752978532712202
103.06666666666666,-0.55,0.55,5.752459987258835,15.055845356871117,0.1672363270993879,-0.12430125221071252,1.4752978531072753
103.1,-0.55,0.55,5.752459987258835,15.055845356871117,0.16723632523862714,-0.12430125167853999,1.47529785293603
103.13333333333333,-0.55,0.55,5.752459987258835,15.055845356871117,0.1672363234519254,-0.12430125106688711,1.4752978527592688
103.16666666666667,-0.55,0.55,5.752459987258835,15.055845356871117,0.16723632173984604,-0.12430125038854453,1.4752978525785907
103.2,-0.55,0.55,5.752459987258835,15.055845356871117,0.16723632010248946,-0.12430124965511906,1.4752978523954232
103.23333333333333,-0.55,0.55,5.752459987258835,15.055845356871117,0.1672363185395483,-0.12430124887711447,1.4752978522110356
103.26666666666667,-0.55,0.55,5.752459987258835,15.055845356871117,0.1672363170503579,-0.12430124806400841,1.4752978520265512
103.3,-0.55,0.55,5.752459987258835,15.055845356871117,0.16723631563394298,-0.12430124722432549,1.4752978518429585
103.33333333333333,-0.55,0.55,5.752459987258835,15.055845356871117,0.16723631428905994,-0.1243012463657067,1.475297851661123
103.36666666666666,-0.55,0.55,5.752459987258835,15.055845356871117,0.1672363130142358,-0.12430124549497511,1.4752978514817965
103.39999999999999,-0.55,0.55,5.752459987258835,15.055845356871117,0.16723631180780352,-0.12430124461819798,1.4752978513056272
103.43333333333334,-0.55,0.55,5.752459987258835,15.055845356871117,0.16723631066793415,-0.12430124374074554,1.4752978511331687
103.46666666666667,-0.55,0.55,5.752459987258835,15.055845356871117,0.167236309592666,-0.12430124286734623,1.4752978509648886
103.5,-0.55,0.55,5.752459987258835,15.055845356871117,0.16723630857993094,-0.12430124200213881,1.475297850801176
103.53333333333333,-0.55,0.55,5.752459987258835,15.055845356871117,0.1672363076275782,-0.1243012411487213,1.4752978506423493
103.56666666666666,-0.55,0.55,5.752459987258835,15.055845356871117,0.16723630673339568,-0.12430124031019692,1.4752978504886622
103.6,-0.55,0.55,5.752459987258835,15.055845356871117,0.16723630589512894,-0.12430123948921706,1.4752978503403114
103.63333333333333,-0.55,0.55,5.752459987258835,15.055845356871117,0.16723630511049836,-0.12430123868802162,1.475297850197441
103.66666666666667,-0.55,0.55,5.752459987258835,15.055845356871117,0.16723630437721418,-0.12430123790847651,1.4752978500601495
103.7,-0.55,0.55,5.752459987258835,15.055845356871117,0.16723630369298986,-0.12430123715210877,1.4752978499284934
103.73333333333333,-0.55,0.55,5.752459987258835,15.055845356871117,0.1672363030555538,-0.12430123642013914,1.475297849802493
103.76666666666667,-0.55,0.55,5.752459987258835,15.055845356871117,0.1672363024626595,-0.12430123571351251,1.4752978496821356
103.8,-0.55,0.55,5.752459987258835,15.055845356871117,0.16723630191209463,-0.12430123503292594,1.4752978495673807
103.83333333333333,-0.55,0.55,5.752459987258835,15.055845356871117,0.1672363014016884,-0.12430123437885483,1.475297849458163
103.86666666666666,-0.55,0.55,5.752459987258835,15.055845356871117,0.16723630092931832,-0.12430123375157702,1.4752978493543956
103.89999999999999,-0.55,0.55,5.752459987258835,15.055845356871117,0.16723630049291538,-0.12430123315119505,1.4752978492559727
103.93333333333334,-0.55,0.55,5.752459987258835,15.055845356871117,0.16723630009046878,-0.12430123257765668,1.475297849162774
103.96666666666667,-0.55,0.55,5.752459987258835,15.055845356871117,0.16723629972002949,-0.1243012320307738,1.4752978490746647
104.0,-0.55,0.55,5.752459987258835,15.055845356871117,0.16723629937971318,-0.1243012315102397,1.4752978489915
104.03333333333333,-0.55,0.55,5.752459987258835,15.055845356871117,0.16723629906770243,-0.12430123101564497,1.4752978489131265
104.06666666666666,-0.55,0.55,5.752459987258835,15.055845356871117,0.16723629878224827,-0.12430123054649206,1.4752978488393833
104.1,-0.55,0.55,5.752459987258835,15.055845356871117,0.1672362985216713,-0.12430123010220841,1.4752978487701045
104.13333333333333,-0.55,0.55,5.752459987258835,15.055845356871117,0.1672362982843621,-0.12430122968215858,1.4752978487051205
104.16666666666667,-0.55,0.55,5.752459987258835,15.055845356871117,0.16723629806878149,-0.12430122928565512,1.4752978486442596
104.2,-0.55,0.55,5.752459987258835,15.055845356871117,0.16723629787346014,-0.12430122891196851,1.4752978485873485
104.23333333333333,-0.55,0.55,5.752459987258835,15.055845356871117,0.167236297696998,-0.12430122856033603,1.475297848534214
104.26666666666667,-0.55,0.55,5.752459987258835,15.055845356871117,0.16723629753806335,-0.12430122822996979,1.475297848484684
104.3,-0.55,0.55,5.752459987258835,15.055845356871117,0.1672362973953917,-0.124301227920064,1.4752978484385872
104.33333333333333,-0.55,0.55,5.752459987258835,15.055845356871117,0.16723629726778436,-0.12430122762980127,1.4752978483957553
104.36666666666666,-0.55,0.55,5.752459987258835,15.055845356871117,0.16723629715410693,-0.12430122735835845,1.4752978483560228
104.39999999999999,-0.55,0.55,5.752459987258835,15.055845356871117,0.16723629705328752,-0.12430122710491162,1.475297848319228
104.43333333333334,-0.55,0.55,5.752459987258835,15.055845356871117,0.16723629696431497,-0.12430122686864054,1.4752978482852124
104.46666666666667,-0.55,0.55,5.752459987258835,15.055845356871117,0.16723629688623687,-0.12430122664873258,1.4752978482538224
104.5,-0.55,0.55,5.752459987258835,15.055845356871117,0.16723629681815755,-0.1243012264443861,1.4752978482249086
104.53333333333333,-0.55,0.55,5.752459987258835,15.055845356871117,0.16723629675923604,-0.12430122625481338,1.4752978481983265
104.56666666666666,-0.55,0.55,5.752459987258835,15.055845356871117,0.16723629670868395,-0.1243012260792431,1.475297848173937
104.6,-0.55,0.55,5.752459987258835,15.055845356871117,0.16723629666576323,-0.12430122591692247,1.4752978481516053
104.63333333333333,-0.55,0.55,5.752459987258835,15.055845356871117,0.16723629662978418,-0.12430122576711898,1.475297848131203
104.66666666666667,-0.55,0.55,5.752459987258835,15.055845356871117,0.16723629660010314,-0.12430122562912188,1.4752978481126058
104.7,-0.55,0.55,5.752459987258835,15.055845356871117,0.16723629657612052,-0.12430122550224328,1.4752978480956953
104.73333333333333,-0.55,0.55,5.752459987258835,15.055845356871117,0.16723629655727854,-0.12430122538581906,1.4752978480803587
104.76666666666667,-0.55,0.55,5.752459987258835,15.055845356871117,0.16723629654305924,-0.12430122527920955,1.475297848066488
104.8,-0.55,0.55,5.752459987258835,15.055845356871117,0.16723629653298244,-0.12430122518179995,1.4752978480539805
104.83333333333333,-0.55,0.55,5.752459987258835,15.055845356871117,0.1672362965266037,-0.12430122509300064,1.4752978480427383
104.86666666666666,-0.55,0.55,5.752459987258835,15.055845356871117,0.16723629652351243,-0.12430122501224722,1.4752978480326693
104.89999999999999,-0.55,0.55,5.752459987258835,15.055845356871117,0.1672362965233299,-0.12430122493900053,1.4752978480236856
104.93333333333334,-0.55,0.55,5.752459987258835,15.055845356871117,0.1672362965257076,-0.12430122487274642,1.4752978480157046
104.96666666666667,-0.55,0.55,5.752459987258835,15.055845356871117,0.1672362965303252,-0.1243012248129955,1.4752978480086478
105.0,-0.55,0.55,5.752459987258835,15.055845356871117,0.16723629653688915,-0.12430122475928276,1.475297848002442
105.03333333333333,-0.55,0.55,5.752459987258835,15.055845356871117,0.16723629654513075,-0.12430122471116706,1.4752978479970171
105.06666666666666,-0.55,0.55,5.752459987258835,15.055845356871117,0.16723629655480476,-0.12430122466823064,1.4752978479923085
105.1,-0.55,0.55,5.752459987258835,15.055845356871117,0.1672362965656878,-0.12430122463007852,1.4752978479882548
105.13333333333333,-0.55,0.55,5.752459987258835,15.055845356871117,0.16723629657757696,-0.12430122459633784,1.475297847984799
105.16666666666667,-0.55,0.55,5.752459987258835,15.055845356871117,0.16723629659028835,-0.1243012245666572,1.4752978479818872
105.2,-0.55,0.55,5.752459987258835,15.055845356871117,0.16723629660365583,-0.12430122454070587,1.4752978479794698
105.23333333333333,-0.55,0.55,5.752459987258835,15.055845356871117,0.16723629661752978,-0.12430122451817317,1.4752978479775003
105.26666666666667,-0.55,0.55,5.752459987258835,15.055845356871117,0.16723629663177586,-0.12430122449876763,1.4752978479759349
105.3,-0.55,0.55,5.752459987258835,15.055845356871117,0.16723629664627387,-0.12430122448221621,1.4752978479747334
105.33333333333333,-0.55,0.55,5.752459987258835,15.055845356871117,0.16723629666091677,-0.12430122446826362,1.4752978479738588
105.36666666666666,-0.55,0.55,5.752459987258835,15.055845356871117,0.1672362966756096,-0.12430122445667145,1.4752978479732761
105.39999999999999,-0.55,0.55,5.752459987258835,15.055845356871117,0.16723629669026852,-0.12430122444721745,1.4752978479729533
105.43333333333334,-0.55,0.55,5.752459987258835,15.055845356871117,0.16723629670482,-0.12430122443969474,1.4752978479728611
105.46666666666667,-0.55,0.55,5.752459987258835,15.055845356871117,0.16723629671919982,-0.12430122443391109,1.4752978479729721
105.5,-0.55,0.55,5.752459987258835,15.055845356871117,0.1672362967333525,-0.12430122442968813,1.4752978479732615
105.53333333333333,-0.55,0.55,5.752459987258835,15.055845356871117,0.16723629674723037,-0.1243012244268607,1.475297847973706
105.56666666666666,-0.55,0.55,5.752459987258835,15.055845356871117,0.16723629676079294,-0.12430122442527607,1.4752978479742849
105.6,-0.55,0.55,5.752459987258835,15.055845356871117,0.16723629677400628,-0.12430122442479327,1.4752978479749788
105.63333333333333,-0.55,0.55,5.752459987258835,15.055845356871117,0.16723629678684238,-0.12430122442528248,1.4752978479757701
105.66666666666667,-0.55,0.55,5.752459987258835,15.055845356871117,0.16723629679927857,-0.12430122442662428,1.4752978479766432
105.7,-0.55,0.55,5.752459987258835,15.055845356871117,0.16723629681129704,-0.12430122442870911,1.4752978479775836
105.73333333333333,-0.55,0.55,5.752459987258835,15.055845356871117,0.16723629682288435,-0.12430122443143665,1.475297847978578
105.76666666666667,-0.55,0.55,5.752459987258835,15.055845356871117,0.16723629683403093,-0.12430122443471521,1.475297847979615
105.8,-0.55,0.55,5.752459987258835,15.055845356871117,0.1672362968447307,-0.12430122443846121,1.4752978479806838
105.83333333333333,-0.55,0.55,5.752459987258835,15.055845356871117,0.1672362968549807,-0.12430122444259864,1.4752978479817749
105.86666666666666,-0.55,0.55,5.752459987258835,15.055845356871117,0.1672362968647807,-0.12430122444705854,1.4752978479828798
105.89999999999999,-0.55,0.55,5.752459987258835,15.055845356871117,0.16723629687413286,-0.12430122445177856,1.475297847983991
105.93333333333334,-0.55,0.55,5.752459987258835,15.055845356871117,0.16723629688304145,-0.12430122445670243,1.475297847985102
105.96666666666667,-0.55,0.55,5.752459987258835,15.055845356871117,0.1672362968915126,-0.12430122446177957,1.475297847986207
106.0,-0.55,0.55,5.752459987258835,15.055845356871117,0.167236296899554,-0.12430122446696469,1.4752978479873005
106.03333333333333,-0.55,0.55,5.752459987258835,15.055845356871117,0.16723629690717473,-0.12430122447221732,1.4752978479883783
106.06666666666666,-0.55,0.55,5.752459987258835,15.055845356871117,0.16723629691438496,-0.12430122447750155,1.4752978479894365
106.1,-0.55,0.55,5.752459987258835,15.055845356871117,0.16723629692119585,-0.12430122448278559,1.475297847990472
106.13333333333333,-0.55,0.55,5.752459987258835,15.055845356871117,0.1672362969276193,-0.12430122448804148,1.475297847991482
106.16666666666667,-0.55,0.55,5.752459987258835,15.055845356871117,0.16723629693366784,-0.12430122449324477,1.475297847992464
106.2,-0.55,0.55,5.752459987258835,15.055845356871117,0.1672362969393545,-0.1243012244983742,1.4752978479934167
106.23333333333333,-0.55,0.55,5.752459987258835,15.055845356871117,0.16723629694469264,-0.12430122450341151,1.475297847994338
106.26666666666667,-0.55,0.55,5.752459987258835,15.055845356871117,0.16723629694969588,-0.12430122450834107,1.475297847995227
106.3,-0.55,0.55,5.752459987258835,15.055845356871117,0.16723629695437797,-0.12430122451314972,1.475297847996083
106.33333333333333,-0.55,0.55,5.752459987258835,15.055845356871117,0.1672362969587527,-0.12430122451782653,1.4752978479969052
106.36666666666666,-0.55,0.55,5.752459987258835,15.055845356871117,0.16723629696283382,-0.12430122452236257,1.4752978479976935
106.39999999999999,-0.55,0.55,5.752459987258835,15.055845356871117,0.167236296966635,-0.12430122452675073,1.4752978479984478
106.43333333333334,-0.55,0.55,5.752459987258835,15.055845356871117,0.16723629697016976,-0.12430122453098554,1.475297847999168
106.46666666666667,-0.55,0.55,5.752459987258835,15.055845356871117,0.16723629697345138,-0.124301224535063,1.4752978479998544
106.5,-0.55,0.55,5.752459987258835,15.055845356871117,0.16723629697649292,-0.12430122453898042,1.4752978480005077
106.53333333333333,-0.55,0.55,5.752459987258835,15.055845356871117,0.16723629697930711,-0.12430122454273629,1.4752978480011283
106.56666666666666,-0.55,0.55,5.752459987258835,15.055845356871117,0.16723629698190637,-0.12430122454633012,1.4752978480017167
106.6,-0.55,0.55,5.752459987258835,15.055845356871117,0.16723629698430276,-0.12430122454976236,1.4752978480022738
106.63333333333333,-0.55,0.55,5.752459987258835,15.055845356871117,0.16723629698650797,-0.12430122455303425,1.4752978480028003
106.66666666666667,-0.55,0.55,5.752459987258835,15.055845356871117,0.1672362969885333,-0.12430122455614771,1.475297848003297
106.7,-0.55,0.55,5.752459987258835,15.055845356871117,0.1672362969903896,-0.12430122455910532,1.475297848003765
106.73333333333333,-0.55,0.55,5.752459987258835,15.055845356871117,0.1672362969920874,-0.12430122456191012,1.4752978480042054
106.76666666666667,-0.55,0.55,5.752459987258835,15.055845356871117,0.1672362969936367,-0.12430122456456562,1.475297848004619
106.8,-0.55,0.55,5.752459987258835,15.055845356871117,0.1672362969950472,-0.12430122456707571,1.475297848005007
106.83333333333333,-0.55,0.55,5.752459987258835,15.055845356871117,0.16723629699632808,-0.12430122456944456,1.4752978480053702
106.86666666666666,-0.55,0.55,5.752459987258835,15.055845356871117,0.16723629699748813,-0.1243012245716766,1.4752978480057097
106.89999999999999,-0.55,0.55,5.752459987258835,15.055845356871117,0.16723629699853573,-0.12430122457377644,1.4752978480060268
106.93333333333334,-0.55,0.55,5.752459987258835,15.055845356871117,0.16723629699947884,-0.12430122457574887,1.4752978480063221
106.96666666666667,-0.55,0.55,5.752459987258835,15.055845356871117,0.16723629700032502,-0.12430122457759872,1.475297848006597
107.0,-0.55,0.55,5.752459987258835,15.055845356871117,0.16723629700108147,-0.12430122457933095,1.4752978480068524
107.03333333333333,-0.55,0.55,5.752459987258835,15.055845356871117,0.16723629700175494,-0.1243012245809505,1.475297848007089
107.06666666666666,-0.55,0.55,5.752459987258835,15.055845356871117,0.16723629700235182,-0.12430122458246234,1.4752978480073082
107.1,-0.55,0.55,5.752459987258835,15.055845356871117,0.16723629700287818,-0.12430122458387141,1.475297848007511
107.13333333333333,-0.55,0.55,5.752459987258835,15.055845356871117,0.1672362970033397,-0.1243012245851826,1.475297848007698
107.16666666666667,-0.55,0.55,5.752459987258835,15.055845356871117,0.1672362970037417,-0.12430122458640072,1.47529784800787
107.2,-0.55,0.55,5.752459987258835,15.055845356871117,0.16723629700408923,-0.12430122458753051,1.475297848008028
107.23333333333333,-0.55,0.55,5.752459987258835,15.055845356871117,0.167236297004387,-0.12430122458857659,1.4752978480081733
107.26666666666667,-0.55,0.55,5.752459987258835,15.055845356871117,0.16723629700463938,-0.12430122458954349,1.475297848008306
107.3,-0.55,0.55,5.752459987258835,15.055845356871117,0.16723629700485051,-0.12430122459043559,1.4752978480084276
107.33333333333333,-0.55,0.55,5.752459987258835,15.055845356871117,0.16723629700502424,-0.12430122459125717,1.4752978480085381
107.36666666666666,-0.55,0.55,5.752459987258835,15.055845356871117,0.16723629700516413,-0.12430122459201234,1.4752978480086385
107.39999999999999,-0.55,0.55,5.752459987258835,15.055845356871117,0.1672362970052735,-0.1243012245927051,1.4752978480087295
107.43333333333334,-0.55,0.55,5.752459987258835,15.055845356871117,0.16723629700535547,-0.12430122459333925,1.475297848008812
107.46666666666667,-0.55,0.55,5.752459987258835,15.055845356871117,0.16723629700541287,-0.12430122459391851,1.475297848008886
107.5,-0.55,0.55,5.752459987258835,15.055845356871117,0.16723629700544834,-0.12430122459444638,1.475297848008953
107.53333333333333,-0.55,0.55,5.752459987258835,15.055845356871117,0.16723629700546436,-0.12430122459492626,1.4752978480090126
107.56666666666666,-0.55,0.55,5.752459987258835,15.055845356871117,0.16723629700546316,-0.12430122459536136,1.475297848009066
107.6,-0.55,0.55,5.752459987258835,15.055845356871117,0.16723629700544682,-0.12430122459575477,1.4752978480091132
107.63333333333333,-0.55,0.55,5.752459987258835,15.055845356871117,0.16723629700541723,-0.1243012245961094,1.475297848009155
107.66666666666667,-0.55,0.55,5.752459987258835,15.055845356871117,0.16723629700537615,-0.12430122459642805,1.4752978480091916
107.7,-0.55,0.55,5.752459987258835,15.055845356871117,0.1672362970053252,-0.12430122459671333,1.4752978480092236
107.73333333333333,-0.55,0.55,5.752459987258835,15.055845356871117,0.1672362970052658,-0.12430122459696777,1.4752978480092513
107.76666666666667,-0.55,0.55,5.752459987258835,15.055845356871117,0.16723629700519932,-0.1243012245971937,1.4752978480092753
107.8,-0.55,0.55,5.752459987258835,15.055845356871117,0.16723629700512693,-0.12430122459739337,1.4752978480092958
107.83333333333333,-0.55,0.55,5.752459987258835,15.055845356871117,0.16723629700504974,-0.12430122459756887,1.4752978480093129
107.86666666666666,-0.55,0.55,5.752459987258835,15.055845356871117,0.16723629700496873,-0.12430122459772218,1.475297848009327
107.89999999999999,-0.55,0.55,5.752459987258835,15.055845356871117,0.1672362970048848,-0.12430122459785514,1.4752978480093384
107.93333333333334,-0.55,0.55,5.752459987258835,15.055845356871117,0.16723629700479872,-0.12430122459796951,1.4752978480093475
107.96666666666667,-0.55,0.55,5.752459987258835,15.055845356871117,0.16723629700471124,-0.12430122459806692,1.4752978480093544
108.0,-0.55,0.55,5.752459987258835,15.055845356871117,0.16723629700462295,-0.12430122459814888,1.4752978480093595
108.03333333333333,-0.55,0.55,5.752459987258835,15.055845356871117,0.16723629700453443,-0.12430122459821681,1.4752978480093628
108.06666666666666,-0.55,0.55,5.752459987258835,15.055845356871117,0.1672362970044462,-0.12430122459827204,1.4752978480093646
108.1,-0.55,0.55,5.752459987258835,15.055845356871117,0.16723629700435866,-0.12430122459831582,1.475297848009365
108.13333333333333,-0.55,0.55,5.752459987258835,15.055845356871117,0.1672362970042722,-0.12430122459834926,1.4752978480093641
108.16666666666667,-0.55,0.55,5.752459987258835,15.055845356871117,0.16723629700418716,-0.12430122459837345,1.4752978480093621
108.2,-0.55,0.55,5.752459987258835,15.055845356871117,0.1672362970041038,-0.12430122459838937,1.4752978480093593
108.23333333333333,-0.55,0.55,5.752459987258835,15.055845356871117,0.1672362970040224,-0.12430122459839792,1.4752978480093557
108.26666666666667,-0.55,0.55,5.752459987258835,15.055845356871117,0.1672362970039431,-0.12430122459839996,1.4752978480093515
108.3,-0.55,0.55,5.752459987258835,15.055845356871117,0.1672362970038661,-0.12430122459839624,1.4752978480093466
108.33333333333333,-0.55,0.55,5.752459987258835,15.055845356871117,0.16723629700379153,-0.12430122459838748,1.4752978480093413
108.36666666666666,-0.55,0.55,5.752459987258835,15.055845356871117,0.1672362970037195,-0.12430122459837434,1.4752978480093355
108.39999999999999,-0.55,0.55,5.752459987258835,15.055845356871117,0.1672362970036501,-0.12430122459835741,1.4752978480093295
108.43333333333334,-0.55,0.55,5.752459987258835,15.055845356871117,0.1672362970035833,-0.12430122459833723,1.4752978480093233
108.46666666666667,-0.55,0.55,5.752459987258835,15.055845356871117,0.16723629700351925,-0.1243012245983143,1.4752978480093168
108.5,-0.55,0.55,5.752459987258835,15.055845356871117,0.16723629700345788,-0.12430122459828907,1.4752978480093102
108.53333333333333,-0.55,0.55,5.752459987258835,15.055845356871117,0.16723629700339923,-0.12430122459826197,1.4752978480093035
108.56666666666666,-0.55,0.55,5.752459987258835,15.055845356871117,0.16723629700334328,-0.12430122459823334,1.4752978480092969
108.6,-0.55,0.55,5.752459987258835,15.055845356871117,0.16723629700328999,-0.12430122459820353,1.4752978480092902
108.63333333333333,-0.55,0.55,5.752459987258835,15.055845356871117,0.16723629700323933,-0.12430122459817283,1.4752978480092835
108.66666666666667,-0.55,0.55,5.752459987258835,15.055845356871117,0.16723629700319126,-0.12430122459814152,1.4752978480092769
108.7,-0.55,0.55,5.752459987258835,15.055845356871117,0.1672362970031457,-0.12430122459810984,1.4752978480092704
108.73333333333333,-0.55,0.55,5.752459987258835,15.055845356871117,0.16723629700310264,-0.124301224598078,1.475297848009264
108.76666666666667,-0.55,0.55,5.752459987258835,15.055845356871117,0.16723629700306195,-0.1243012245980462,1.4752978480092578
108.8,-0.55,0.55,5.752459987258835,15.055845356871117,0.1672362970030236,-0.12430122459801457,1.4752978480092518
108.83333333333333,-0.55,0.55,5.752459987258835,15.055845356871117,0.16723629700298745,-0.12430122459798329,1.475297848009246
108.86666666666666,-0.55,0.55,5.752459987258835,15.055845356871117,0.1672362970029535,-0.12430122459795247,1.4752978480092402
108.89999999999999,-0.55,0.55,5.752459987258835,15.055845356871117,0.16723629700292164,-0.12430122459792221,1.4752978480092347
108.93333333333334,-0.55,0.55,5.752459987258835,15.055845356871117,0.16723629700289178,-0.12430122459789261,1.4752978480092294
108.96666666666667,-0.55,0.55,5.752459987258835,15.055845356871117,0.16723629700286383,-0.12430122459786376,1.4752978480092243
109.0,-0.55,0.55,5.752459987258835,15.055845356871117,0.16723629700283774,-0.1243012245978357,1.4752978480092194
109.03333333333333,-0.5317,0.5317,5.3886936438647055,14.176475507771992,0.1672362970028134,-0.1243012245978085,1.4752978480092147
109.06666666666666,-0.5133,0.5133,5.029638675645124,13.313729667999453,0.1667341315339573,-0.12417265648209297,1.450479581113389
109.1,-0.495,0.495,4.6805736763609715,12.478648703334901,0.16581703235202996,-0.12374565014534235,1.4113575479828917
109.13333333333333,-0.4767,0.4767,4.3410485974705075,11.66797351215411,0.16455590148713398,-0.12294043170756368,1.3642500557674277
109.16666666666667,-0.4583,0.4583,4.010928017198658,10.878805588214725,0.16300463240676155,-0.12173003930495335,1.3126636849388613
109.2,-0.44,0.44,3.69548998316278,10.120870177057238,0.16120596375373858,-0.12011681103987679,1.2585179344726756
109.23333333333333,-0.4217,0.4217,3.394599525709122,9.390770724219955,0.15920224723765408,-0.11812060673606943,1.2031963769708325
109.26666666666667,-0.4033,0.4033,3.108402146418893,8.685538928058623,0.1570288870693131,-0.11577150478330461,1.147421977687804
109.3,-0.385,0.385,2.841587821822147,8.013449588750163,0.15471647049617324,-0.11310405122353516,1.0915481675386067
109.33333333333333,-0.3667,0.3667,2.594004928339894,7.371021005760703,0.15229822461720124,-0.11015546455459914,1.0360408673041896
109.36666666666666,-0.3483,0.3483,2.3657625901260104,6.755245905923699,0.14980318209116525,-0.10696416202880729,0.98110750108676
109.39999999999999,-0.33,0.33,2.1604485882722493,6.172907126788173,0.14725752543685924,-0.10356761244548564,0.9268115581025819
109.43333333333334,-0.3117,0.3117,1.9776525268390746,5.620503537846795,0.1446900833205845,-0.10000237211196246,0.8734176479002371
109.46666666666667,-0.2933,0.2933,1.817221007698656,5.095033407751174,0.14212655598256727,-0.09630378858372501,0.821022894447705
109.5,-0.275,0.275,1.6813080510237253,4.601834744906535,0.13959060107391646,-0.09250480320689189,0.7696312865400197
109.53333333333333,-0.2567,0.2567,1.569134231196334,4.137463392665479,0.13710748823109395,-0.08863630746873422,0.7194366455420008
109.56666666666666,-0.2383,0.2383,1.4801853451493692,3.6989803428169106,0.1346998716832352,-0.08472714259330014,0.6704999126647981
109.6,-0.22,0.22,1.4150860803200338,3.29040390810649,0.13238871859778903,-0.08080332137093733,0.6228075279279335
109.63333333333333,-0.2017,0.2017,1.3727138571781863,2.908430009836261,0.13019516068644266,-0.07688842276555924,0.5765068289808849
109.66666666666667,-0.1833,0.1833,1.3522235628166266,2.550248835989311,0.12813801646692805,-0.07300370671097964,0.5316352286765037
109.7,-0.165,0.165,1.3528441376975477,2.2187438593965254,0.12623458744763177,-0.06916761621918333,0.4881677594210161
109.73333333333333,-0.1467,0.1467,1.3732423270210679,1.9108338278633856,0.12450086085728651,-0.06539616415332658,0.44621032988643666
109.76666666666667,-0.1283,0.1283,1.4123690487384821,1.623906808475747,0.12295078088385404,-0.061703117274234116,0.40577835929182016
109.8,-0.11,0.11,1.4683635521300848,1.3599310368003024,0.12159692262721593,-0.05809970973651066,0.36683532203555214
109.83333333333333,-0.0917,0.0917,1.539869721420707,1.11612077497211,0.12044931541561164,-0.05459501584669066,0.32944863610908215
109.86666666666666,-0.0733,0.0733,1.6258084174546332,0.8901230613702257,0.1195162882469451,-0.051196177710625373,0.2936125560559189
109.89999999999999,-0.055,0.055,1.7236228921711962,0.6832174087283598,0.11880502555364986,-0.047908269592521265,0.25927899548467725
109.93333333333334,-0.0367,0.0367,1.8321209622750427,0.4929663212442551,0.11831934889743832,-0.04473464867076252,0.2264812304864857
109.96666666666667,-0.0183,0.0183,1.9503616868967542,0.3173196023404154,0.11806183232886479,-0.041677198784033254,0.1951947230739164
110.0,0.0,0.0,0.0,-0.0,0.11803424036016212,-0.03873628692732542,0.1653613911622933
110.03333333333333,0.0,0.0,0.0,-0.0,0.11512202276790666,-0.035885086103631544,0.1319154622323463
110.06666666666666,0.0,0.0,0.0,-0.0,0.11232109449003252,-0.03312311453171865,0.1056864547102833
110.1,0.0,0.0,0.0,-0.0,0.10961891216057497,-0.030483984134813128,0.08498532714145643
110.13333333333333,0.0,0.0,0.0,-0.0,0.10700574135017824,-0.02798768934099282,0.06856099835093193
110.16666666666667,0.0,0.0,0.0,-0.0,0.10447393326318119,-0.025644704858672714,0.05547252533849352
110.2,0.0,0.0,0.0,-0.0,0.10201739126944062,-0.023458862820817244,0.04500332292419133
110.23333333333333,0.0,0.0,0.0,-0.0,0.0996311776254211,-0.021429398547128234,0.03660204447763591
110.26666666666667,0.0,0.0,0.0,-0.0,0.09731122345482895,-0.019552418127158005,0.029840884974807746
110.3,0.0,0.0,0.0,-0.0,0.09505411471643394,-0.01782195698528998,0.024385577120049344
110.33333333333333,0.0,0.0,0.0,-0.0,0.09285693408139394,-0.016230745078786173,0.019973424598472383
110.36666666666666,0.0,0.0,0.0,-0.0,0.09071714395619603,-0.01477075937953969,0.0163969783781548
110.39999999999999,0.0,0.0,0.0,-0.0,0.0886324997975381,-0.01343362083939912,0.0134917508754614
110.43333333333334,0.0,0.0,0.0,-0.0,0.08660098573904092,-0.012210876987340217,0.011126868262596658
110.46666666666667,0.0,0.0,0.0,-0.0,0.08462076666091879,-0.011094200110511024,0.009197892485749232
110.5,0.0,0.0,0.0,-0.0,0.08269015238518929,-0.010075523031579645,0.007621266316759674
110.53333333333333,0.0,0.0,0.0,-0.0,0.08080757081946381,-0.009147128783516046,0.006329986143522093
110.56666666666666,0.0,0.0,0.0,-0.0,0.07897154771096215,-0.0083017063239783,0.005270212459503512
110.6,0.0,0.0,0.0,-0.0,0.07718069128918223,-0.007532381371484151,0.004398602454924152
110.63333333333333,0.0,0.0,0.0,-0.0,0.07543368052937723,-0.006832729174731986,0.0036802025978565286
110.66666666666667,0.0,0.0,0.0,-0.0,0.07372925610279618,-0.006196774329430081,0.0030867780809505675
110.7,0.0,0.0,0.0,-0.0,0.0720662133252448,-0.005618981481726142,0.0025954848031013323
110.73333333333333,0.0,0.0,0.0,-0.0,0.07044339659624207,-0.00509423979489169,0.002187811071686624
110.76666666666667,0.0,0.0,0.0,-0.0,0.06885969495404048,-0.004617843327324995,0.001848732457809411
110.8,0.0,0.0,0.0,-0.0,0.06731403846966273,-0.00418546891727567,0.001566035617793068
110.83333333333333,0.0,0.0,0.0,-0.0,0.06580539527517167,-0.0037931527500847007,0.0013297764045669836
110.86666666666666,0.0,0.0,0.0,-0.0,0.06433276907446142,-0.00343726646516663,0.0011318449486369413
110.89999999999999,0.0,0.0,0.0,-0.0,0.06289519702396075,-0.0031144934183732972,0.0009656161118928727
110.93333333333334,0.0,0.0,0.0,-0.0,0.061491747899468256,-0.002821805532575563,0.000825668193471083
110.96666666666667,0.0,0.0,0.0,-0.0,0.060121520486609424,-0.0025564410314549164,0.0007075562823282191
111.0,0.0,0.0,0.0,-0.0,0.05878364214811452,-0.0023158832480635896,0.0006076294223573403
111.03333333333333,0.0,0.0,0.0,-0.0,0.05747726753273224,-0.0020978406226181984,0.0005228829471589836
111.06666666666666,0.0,0.0,0.0,-0.0,0.0562015773991955,-0.0019002279470461143,0.00045083907890562875
111.1,0.0,0.0,0.0,-0.0,0.05495577753503646,-0.001721148872247078,0.0003894502662571317
111.13333333333333,0.0,0.0,0.0,-0.0,0.053739097754791076,-0.0015588796642035676,0.0003370208353946961
111.16666666666667,0.0,0.0,0.0,-0.0,0.052550790965668226,-0.0014118541741530042,0.00029214340475963534
111.2,0.0,0.0,0.0,-0.0,0.05139013229140032,-0.0012786499738521822,0.0002536472140983987
111.23333333333333,0.0,0.0,0.0,-0.0,0.050256418246974,-0.0011579755978483547,0.0002205560781768915
111.26666666666667,0.0,0.0,0.0,-0.0,0.04914896595843163,-0.0010486588293371912,0.00019205412363872858
111.3,0.0,0.0,0.0,-0.0,0.04806711242306372,-0.0009496359636486249,0.0001674578265759965
111.33333333333333,0.0,0.0,0.0,-0.0,0.047010213806171625,-0.0008599419829014263,0.00014619315640654318
111.36666666666666,0.0,0.0,0.0,-0.0,0.0459776447712379,-0.0007787015763285825,0.00012777686287215873
111.39999999999999,0.0,0.0,0.0,-0.0,0.044968797840849374,-0.0007051209427586296,0.0001118011287409548
111.43333333333334,0.0,0.0,0.0,-0.0,0.043983082786112966,-0.0006384803144100277,9.792096016552452e-05
111.46666666666667,0.0,0.0,0.0,-0.0,0.04301992604261436,-0.0005781271442658578,8.584380684005059e-05
111.5,0.0,0.0,0.0,-0.0,0.04207877015121563,-0.0005234699026574189,7.532100088667045e-05
111.53333333333333,0.0,0.0,0.0,-0.0,0.04115907322218531,-0.0004739724321594198,6.614068140079611e-05
111.56666666666666,0.0,0.0,0.0,-0.0,0.04026030842131474,-0.00042914881338558774,5.812193449235492e-05
111.6,0.0,0.0,0.0,-0.0,0.0393819634768061,-0.0003885586976995285,5.110992943567473e-05
111.63333333333333,0.0,0.0,0.0,-0.0,0.03852354020582739,-0.0003518030661713051,4.497187255842719e-05
111.66666666666667,0.0,0.0,0.0,-0.0,0.03768455405972219,-0.0003185203772817429,3.9593633663633424e-05
111.7,0.0,0.0,0.0,-0.0,0.03686453368694089,-0.0002883830688826844,3.487692661652687e-05
111.73333333333333,0.0,0.0,0.0,-0.0,0.036063020512828795,-0.00026109438275038777,3.07369474675281e-05
111.76666666666667,0.0,0.0,0.0,-0.0,0.03527956833546586,-0.00023638548271594565,2.7100391110140566e-05
111.8,0.0,0.0,0.0,-0.0,0.034513742936806154,-0.0002140128398209719,2.3903781781385144e-05
111.83333333333333,0.0,0.0,0.0,-0.0,0.03376512170841184,-0.0001937558602324058,2.1092064340578286e-05
111.86666666666666,0.0,0.0,0.0,-0.0,0.033033293291119335,-0.0001754147337631598,1.861741272351136e-05
111.89999999999999,0.0,0.0,0.0,-0.0,0.03231785722801355,-0.00015880848279317987,1.643821967716595e-05
111.93333333333334,0.0,0.0,0.0,-0.0,0.03161842363012141,-0.00014377319317703403,1.451823816847715e-05
111.96666666666667,0.0,0.0,0.0,-0.0,0.030934612854268108,-0.00013016041036869512,1.2825849998273422e-05
112.0,0.0,0.0,0.0,-0.0,0.030266055192569367,-0.00011783568550127154,1.1333441355416988e-05
112.03333333333333,0.0,0.0,0.0,-0.0,0.02961239057306063,-0.00010667725753857022,1.0016868491621593e-05
112.06666666666666,0.0,0.0,0.0,-0.0,0.02897326827098974,-9.657485887585619e-05,8.854999526094506e-06
112.1,0.0,0.0,0.0,-0.0,0.02834834663032371,-8.742863291798136e-05,7.829320715617425e-06
112.13333333333333,0.0,0.0,0.0,-0.0,0.027737292795042556,-7.914815321276536e-05,6.923597442703126e-06
112.16666666666667,0.0,0.0,0.0,-0.0,0.027139782449814288,-7.165153467423603e-05,6.12358175719934e-06
112.2,0.0,0.0,0.0,-0.0,0.026555499569664805,-6.486462830170412e-05,5.416759616115854e-06
112.23333333333333,0.0,0.0,0.0,-0.0,0.025984136178275094,-5.8720291593786254e-05,4.792132052016867e-06
112.26666666666667,0.0,0.0,0.0,-0.0,0.02542539211455567,-5.315772757803996e-05,4.240025402274822e-06
112.3,0.0,0.0,0.0,-0.0,0.02487897480716464,-4.812188603298528e-05,3.7519264825596823e-06
112.33333333333333,0.0,0.0,0.0,-0.0,0.024344599056651487,-4.3562921075649434e-05,3.3203392148113025e-06
112.36666666666666,0.0,0.0,0.0,-0.0,0.023821986824923355,-3.943569982962393e-05,2.938659744374003e-06
112.39999999999999,0.0,0.0,0.0,-0.0,0.023310867031744575,-3.569935738079231e-05,2.601067520742311e-06
112.43333333333334,0.0,0.0,0.0,-0.0,0.022810975357993476,-3.231689367479646e-05,2.3024301860247946e-06
112.46666666666667,0.0,0.0,0.0,-0.0,0.02232205405541293,-2.92548084160192e-05,2.038220426704053e-06
112.5,0.0,0.0,0.0,-0.0,0.021843851762603027,-2.6482770396083565e-05,1.8044432073454787e-06
112.53333333333333,0.0,0.0,0.0,-0.0,0.02137612332701556,-2.397331801400058e-05,1.597572027637418e-06
112.56666666666666,0.0,0.0,0.0,-0.0,0.020918629632720585,-2.1701588053237674e-05,1.4144930331654266e-06
112.6,0.0,0.0,0.0,-0.0,0.020471137433725587,-1.9645070055957948e-05,1.2524559711109034e-06
112.63333333333333,0.0,0.0,0.0,-0.0,0.02003341919263735,-1.7783383884075565e-05,1.1090311191506486e-06
112.66666666666667,0.0,0.0,0.0,-0.0,0.019605252924465796,-1.6098078282933928e-05,9.820714329751408e-07
112.7,0.0,0.0,0.0,-0.0,0.01918642204537777,-1.4572448468480455e-05,8.696792581602044e-07
112.73333333333333,0.0,0.0,0.0,-0.0,0.01877671522621704,-1.3191370944731213e-05,7.701770382175751e-07
112.76666666666667,0.0,0.0,0.0,-0.0,0.018375926250614658,-1.194115392686144e-05,6.820815246830941e-07
112.8,0.0,0.0,0.0,-0.0,0.017983853877521237,-1.080940189803352e-05,6.040810588906462e-07
112.83333333333333,0.0,0.0,0.0,-0.0,0.017600301707999998,-9.784892966545911e-06,5.350155501462978e-07
112.86666666666666,0.0,0.0,0.0,-0.0,0.01722507805612605,-8.857467815383908e-06,4.738588226384929e-07
112.89999999999999,0.0,0.0,0.0,-0.0,0.016857995823843966,-8.017929149983574e-06,4.1970304467341164e-07
112.93333333333334,0.0,0.0,0.0,-0.0,0.016498872379641812,-7.257950653080119e-06,3.7174498961897294e-07
112.96666666666667,0.0,0.0,0.0,-0.0,0.016147529440905684,-6.569994548896722e-06,3.292739090462109e-07
113.0,0.0,0.0,0.0,-0.0,0.015803792959824394,-5.947236963542948e-06,2.916608256259711e-07
113.03333333333333,0.0133,0.0,1.4611627623396415,-0.423737201078496,0.0154674930127193,-5.383500345153121e-06,2.583490769275257e-07
113.06666666666666,0.0267,0.0,1.6297980847804205,-0.4726414445863219,0.01733649561839283,9.610811067136175e-07,-0.013829567958748765
113.1,0.04,0.0133,3.2741412108239247,-0.10202654898194619,0.0194185948961814,1.9046956864859486e-05,-0.026498265329656615
113.13333333333333,0.0533,0.0178,3.5290245876140096,-0.14409282592693806,0.02392857694749115,4.370274554093188e-05,-0.02455086286608997
113.16666666666667,0.0667,0.0222,3.8039134786238264,-0.19170176373324788,0.028722676722779263,7.044467407100471e-05,-0.02436552356945408
113.2,0.08,0.0267,4.099168802557302,-0.24347606356897372,0.03382366173724042,0.00010145952461789367,-0.025768444748036873
113.23333333333333,0.0933,0.0311,4.414888407058687,-0.30092654428252863,0.039254126765447685,0.0001396580392433767,-0.02857542866252812
113.26666666666667,0.1067,0.0356,4.757044030631823,-0.36421180241956164,0.04503606610948058,0.0001886546987489449,-0.032686940331427494
113.3,0.12,0.04,5.119827094592386,-0.4332223573109075,0.05119967649242925,0.0002528254446385462,-0.038026222754703416
113.33333333333333,0.1333,0.0444,5.5077138588197085,-0.5084473020227989,0.05776541039057892,0.0003373299648722882,-0.04452534607781801
113.36666666666666,0.1467,0.0489,5.926031574808201,-0.5905249460051171,0.06475960683418643,0.00044816143795853205,-0.05214238732509319
113.39999999999999,0.16,0.0533,6.367613344455258,-0.679097913557024,0.07221556939412657,0.0005922659230625895,-0.06086050987758718
113.43333333333334,0.1733,0.0578,6.839113550299091,-0.7742776304989092,0.08015455261239186,0.0007776074356146617,-0.07065001556975427
113.46666666666667,0.1867,0.0622,7.341659929113397,-0.8782151004856423,0.08860673758873805,0.0010132121138098098,-0.08148583712971719
113.5,0.2,0.0667,7.873057354208324,-0.9883499601862566,0.0976026205951997,0.0013094205895581084,-0.093412265849713
113.53333333333333,0.2133,0.0711,8.433937243953022,-1.106796455174957,0.10716791072497574,0.0016778967430741269,-0.10637530851842956
113.56666666666666,0.2267,0.0756,9.032579251235637,-1.2339223294187867,0.1173277830414596,0.002131674560053337,-0.12039442849868728
113.6,0.24,0.08,9.658448562414257,-1.3687150667895431,0.12811824618014303,0.0026854763706527277,-0.1354900119270157
113.63333333333333,0.2533,0.0844,10.317742974862885,-1.511930330136285,0.13955747973608737,0.0033556850421793743,-0.15163822793225856
113.66666666666667,0.2667,0.0889,11.017718871260096,-1.6645145754323791,0.15167126586116922,0.004160357366970543,-0.16883748236860274
113.7,0.28,0.0933,11.745883131375848,-1.825061925769448,0.16449420339664156,0.005119550872321412,-0.18710946502035158
113.73333333333333,0.2933,0.0978,12.511083387886778,-1.993813317496619,0.17803965994384408,0.006255241491650244,-0.20641828160965375
113.76666666666667,0.3067,0.1022,13.315011611126192,-2.1735987225874807,0.1923321770446027,0.007591175601453901,-0.22673655063053885
113.8,0.32,0.1067,14.151452821183835,-2.3601667468405214,0.20739620892497113,0.009153466531234066,-0.24812644478393123
113.83333333333333,0.3333,0.1111,15.021428212275538,-2.5562793103141126,0.2232440549852001,0.010970226191240804,-0.2704929508483481
113.86666666666666,0.3467,0.1156,15.935547859233012,-2.7624359501542157,0.23988684338375035,0.01307133881169697,-0.29384524088444297
113.89999999999999,0.36,0.12,16.87707826797218,-2.9763804829692333,0.2573486694080693,0.015489161419755908,-0.31820042956414996
113.93333333333334,0.3733,0.1244,17.85398974936064,-3.1991085199276084,0.275625012385605,0.018257996667279786,-0.34349492820153993
113.96666666666667,0.3867,0.1289,18.875365188873666,-3.4318034139360076,0.29472038136184064,0.021413741136826085,-0.36970853314811847
114.0,0.4,0.1333,19.922312719794824,-3.6717863676599847,0.3146494094505347,0.02499458982994144,-0.39686068799644747
114.03333333333333,0.4133,0.1378,21.005985613372413,-3.919376400470755,0.33539443306120154,0.029040376886234048,-0.4248800161286867
114.06666666666666,0.4267,0.1422,22.128283776859412,-4.178065611716461,0.35695128973325446,0.03359188455971618,-0.4537238500189767
114.1,0.44,0.1467,23.278683404955068,-4.441744084737474,0.3793147234422172,0.03869219651330512,-0.4834715397135403
114.13333333333333,0.4533,0.1511,24.45840889694373,-4.713853427130908,0.4024596626101774,0.0443854212727362,-0.5139934251200466
114.16666666666667,0.4667,0.1556,25.680318248668176,-4.994917916953724,0.42635932325522957,0.05071595208677207,-0.5453071870291456
114.2,0.48,0.16,26.92144108451356,-5.281512131059883,0.4510023449720918,0.05773004863440041,-0.577448215795861
114.23333333333333,0.4933,0.1644,28.19154539167289,-5.574838100931476,0.4763386298594931,0.0654743571998746,-0.6103438049817822
114.26666666666667,0.5067,0.1689,29.501372385403727,-5.876227444437988,0.50232959127047,0.07399503115542024,-0.6439886754582187
114.3,0.52,0.1733,30.826148242321402,-6.181962430187561,0.5289489139364163,0.08333931575988969,-0.6784310092037357
114.33333333333333,0.5333,0.1778,32.179409392012225,-6.492381967989543,0.5561291163519114,0.09355396995208398,-0.7136030074984498
114.36666666666666,0.5467,0.1822,33.56287318523258,-6.81160990576806,0.583820386661245,0.10468386694517942,-0.7494812664225391
114.39999999999999,0.56,0.1867,34.96302599708952,-7.1319810592274315,0.6119719826438065,0.11677482056464118,-0.786189277310025
114.43333333333334,0.5733,0.1911,36.38106240389831,-7.457630492461533,0.6405097763526231,0.12987087659138064,-0.8235945441866078
114.46666666666667,0.5867,0.1956,37.83195820633582,-7.788991902541813,0.6693593871497492,0.14401302347987732,-0.8617467247606863
114.5,0.6,0.2,39.288003112390996,-8.121984309686718,0.6984664480968814,0.15924219051807084,-0.9007077967636318
114.53333333333333,0.6,0.2,39.288003112390996,-8.121984309686718,0.7277326055566791,0.17559636645952972,-0.9404117144636627
114.56666666666666,0.6,0.2,39.288003112390996,-8.121984309686718,0.7549235629759267,0.1928630347743285,-0.9708408269765766
114.6,0.6,0.2,39.288003112390996,-8.121984309686718,0.7801083239956568,0.21067584805571532,-0.9952873115509293
114.63333333333333,0.6,0.2,39.288003112390996,-8.121984309686718,0.8033605212349113,0.22877246530354464,-1.0159236315223759
114.66666666666667,0.6,0.2,39.288003112390996,-8.121984309686718,0.8247569630684981,0.24696454776944468,-1.034150443257225
114.7,0.6,0.2,39.288003112390996,-8.121984309686718,0.844376521872745,0.2651152822219584,-1.0508498373128896
114.73333333333333,0.6,0.2,39.288003112390996,-8.121984309686718,0.8622993231889027,0.2831231822709448,-1.066562033736453
114.76666666666667,0.6,0.2,39.288003112390996,-8.121984309686718,0.8786061492990949,0.3009107525051332,-1.0816054332828478
114.8,0.6,0.2,39.288003112390996,-8.121984309686718,0.8933779811069087,0.31841675110813467,-1.0961567448814737
114.83333333333333,0.6,0.2,39.288003112390996,-8.121984309686718,0.906695625133578,0.3355910326313526,-1.1103037901283754
114.86666666666666,0.6,0.2,39.288003112390996,-8.121984309686718,0.9186393927207636,0.3523911965625976,-1.1240799602760185
114.89999999999999,0.6,0.2,39.288003112390996,-8.121984309686718,0.9292888127793149,0.36878047380066625,-1.137486511300422
114.93333333333334,0.6,0.2,39.288003112390996,-8.121984309686718,0.9387223682953226,0.38472644481228213,-1.150506871482197
114.96666666666667,0.6,0.2,39.288003112390996,-8.121984309686718,0.9470172518775708,0.40020030417285407,-1.1631157387577775
115.0,0.6,0.2,39.288003112390996,-8.121984309686718,0.9542491383276765,0.4151764739886808,-1.1752847965098598
115.03333333333333,0.6,0.2,39.288003112390996,-8.121984309686718,0.9604919735522848,0.4296324311418386,-1.18698624237323
115.06666666666666,0.6,0.2,39.288003112390996,-8.121984309686718,0.9658177797571332,0.44354865706826485,-1.1981949055741419
115.1,0.6,0.2,39.288003112390996,-8.121984309686718,0.9702964771339989,0.4569086491508748,-1.208889453877991
115.13333333333333,0.6,0.2,39.288003112390996,-8.121984309686718,0.9739957223656627,0.4696989537497672,-1.2190530128720596
115.16666666666667,0.6,0.2,39.288003112390996,-8.121984309686718,0.9769807643194867,0.4819091952840733,-1.228673405209981
115.2,0.6,0.2,39.288003112390996,-8.121984309686718,0.9793143173097432,0.4935320856687395,-1.23774314362801
115.23333333333333,0.6,0.2,39.288003112390996,-8.121984309686718,0.9810564522891033,0.5045634052150858,-1.2462592644636543
115.26666666666667,0.6,0.2,39.288003112390996,-8.121984309686718,0.9822645062779726,0.5150019507981183,-1.2542230585093064
115.3,0.6,0.2,39.288003112390996,-8.121984309686718,0.9829930102531703,0.5248494503328708,-1.2616397370877304
115.33333333333333,0.6,0.2,39.288003112390996,-8.121984309686718,0.9832936355942794,0.5341104448264082,-1.268518059211972
115.36666666666666,0.6,0.2,39.288003112390996,-8.121984309686718,0.983215159030216,0.542792140775381,-1.2748699380023474
115.39999999999999,0.6,0.2,39.288003112390996,-8.121984309686718,0.9828034458470151,0.5509042366583237,-1.2807100395318236
115.43333333333334,0.6,0.2,39.288003112390996,-8.121984309686718,0.9821014509196561,0.5584587278614742,-1.2860553839223086
115.46666666666667,0.6,0.2,39.288003112390996,-8.121984309686718,0.981149236926282,0.5654696946706161,-1.2909249561742238
115.5,0.6,0.2,39.288003112390996,-8.121984309686718,0.9799840089027319,0.571953078027607,-1.295339332486454
115.53333333333333,0.6,0.2,39.288003112390996,-8.121984309686718,0.9786401641083746,0.5779264476408809,-1.2993203264774988
115.56666666666666,0.6,0.2,39.288003112390996,-8.121984309686718,0.9771493560087925,0.5834087667958703,-1.3028906586139206
115.6,0.6,0.2,39.288003112390996,-8.121984309686718,0.9755405710430259,0.5884201578685062,-1.3060736512117104
115.63333333333333,0.6,0.2,39.288003112390996,-8.121984309686718,0.9738402167369657,0.5929816721321052,-1.3088929505585987
115.66666666666667,0.6,0.2,39.288003112390996,-8.121984309686718,0.9720722196521857,0.5971150669903335,-1.3113722769897511
115.7,0.6,0.2,39.288003112390996,-8.121984309686718,0.9702581316213535,0.6008425932882536,-1.3135352031258531
115.73333333333333,0.6,0.2,39.288003112390996,-8.121984309686718,0.9684172427160924,0.6041867948680967,-1.3154049599466795
115.76666666666667,0.6,0.2,39.288003112390996,-8.121984309686718,0.9665666994182754,0.6071703220615713,-1.3170042699220808
115.8,0.6,0.2,39.288003112390996,-8.121984309686718,0.9647216265178014,0.6098157603584133,-1.3183552060531145
115.83333333333333,0.6,0.2,39.288003112390996,-8.121984309686718,0.9628952513348655,0.6121454750708115,-1.319479075385116
115.86666666666666,0.6,0.2,39.288003112390996,-8.121984309686718,0.9610990289582536,0.6141814724319962,-1.3203963253369932
115.89999999999999,0.6,0.2,39.288003112390996,-8.121984309686718,0.9593427672988104,0.6159452772289365,-1.3211264710409134
115.93333333333334,0.6,0.2,39.288003112390996,-8.121984309686718,0.95763475087468,0.6174578267759541,-1.3216880417968875
115.96666666666667,0.6,0.2,39.288003112390996,-8.121984309686718,0.9559818623681744,0.6187393807885403,-1.3220985447100362
116.0,0.6,0.2,39.288003112390996,-8.121984309686718,0.9543897011196112,0.6198094465137363,-1.322374443586693
116.03333333333333,0.6,0.2,39.288003112390996,-8.121984309686718,0.9528626978480498,0.6206867183129048,-1.3225311512111944
116.06666666666666,0.6,0.2,39.288003112390996,-8.121984309686718,0.9514042250099357,0.6213890307715848,-1.3225830332007087
116.1,0.6,0.2,39.288003112390996,-8.121984309686718,0.9500167023221355,0.6219333243257474,-1.3225434217337544
116.13333333333333,0.6,0.2,39.288003112390996,-8.121984309686718,0.9487016970841092,0.6223356223402308,-1.3224246375627615
116.16666666666667,0.6,0.2,39.288003112390996,-8.121984309686718,0.9474600190338652,0.6226110185492998,-1.322238018846502
116.2,0.6,0.2,39.288003112390996,-8.121984309686718,0.9462918095631405,0.6227736737670735,-1.3219939554695674
116.23333333333333,0.6,0.2,39.288003112390996,-8.121984309686718,0.9451966251985565,0.6228368207930199,-1.3217019276492172
116.26666666666667,0.6,0.2,39.288003112390996,-8.121984309686718,0.9441735153272318,0.6228127764711181,-1.3213705477615096
116.3,0.6,0.2,39.288003112390996,-8.121984309686718,0.9432210942076444,0.622712959907191,-1.3210076044460402
116.33333333333333,0.6,0.2,39.288003112390996,-8.121984309686718,0.9423376073597751,0.6225479159042336,-1.3206201081698397
116.36666666666666,0.6,0.2,39.288003112390996,-8.121984309686718,0.9415209924732209,0.622327342737556,-1.3202143375446256
116.39999999999999,0.6,0.2,39.288003112390996,-8.121984309686718,0.9407689350086372,0.6220601234578639,-1.3197958857966927
116.43333333333334,0.6,0.2,39.288003112390996,-8.121984309686718,0.9400789186972092,0.6217543599789844,-1.3193697068847856
116.46666666666667,0.6,0.2,39.288003112390996,-8.121984309686718,0.9394482711655486,0.6214174092761228,-1.3189401608481068
116.5,0.6,0.2,39.288003112390996,-8.121984309686718,0.9388742049301863,0.6210559210889396,-1.3185110580442716
116.53333333333333,0.6,0.2,39.288003112390996,-8.121984309686718,0.9383538540173426,0.6206758765902649,-1.3180857020058268
116.56666666666666,0.6,0.2,39.288003112390996,-8.121984309686718,0.9378843064706129,0.6202826275450756,-1.3176669307043276
116.6,0.6,0.2,39.288003112390996,-8.121984309686718,0.9374626330121986,0.6198809355448326,-1.3172571560634823
116.63333333333333,0.6,0.2,39.288003112390996,-8.121984309686718,0.9370859121229633,0.6194750109589696,-1.316858401608116
116.66666666666667,0.6,0.2,39.288003112390996,-8.121984309686718,0.9367512518034262,0.6190685512979666,-1.3164723381743475
116.7,0.6,0.2,39.288003112390996,-8.121984309686718,0.9364558082723071,0.6186647787308944,-1.3161003176390362
116.73333333333333,0.6,0.2,39.288003112390996,-8.121984309686718,0.9361968018518723,0.6182664765445433,-1.31574340465391
116.76666666666667,0.6,0.2,39.288003112390996,-8.121984309686718,0.9359715302804634,0.6178760243712946,-1.315402406392429
116.8,0.6,0.2,39.288003112390996,-8.121984309686718,0.9357773796825911,0.617495432048901,-1.3150779003359534
116.83333333333333,0.6,0.2,39.288003112390996,-8.121984309686718,0.9356118334161252,0.6171263720074449,-1.3147702601407134
116.86666666666666,0.6,0.2,39.288003112390996,-8.121984309686718,0.9354724790046894,0.6167702101071892,-1.3144796796389044
116.89999999999999,0.6,0.2,39.288003112390996,-8.121984309686718,0.9353570133515775,0.6164280348760167,-1.3142061950364023
116.93333333333334,0.6,0.2,39.288003112390996,-8.121984309686718,0.9352632464195513,0.6161006851169433,-1.3139497053765026
116.96666666666667,0.6,0.2,39.288003112390996,-8.121984309686718,0.9351891035489074,0.6157887758750222,-1.3137099913440866
117.0,0.6,0.2,39.288003112390996,-8.121984309686718,0.9351326265743438,0.6154927227690932,-1.3134867324880128
117.03333333333333,0.6,0.2,39.288003112390996,-8.121984309686718,0.9350919738895255,0.615212764707506,-1.3132795229415941
117.06666666666666,0.6,0.2,39.288003112390996,-8.121984309686718,0.9350654195969217,0.6149489850184182,-1.3130878857219719
117.1,0.6,0.2,39.288003112390996,-8.121984309686718,0.9350513518695402,0.6147013310347388,-1.312911285689253
117.13333333333333,0.6,0.2,39.288003112390996,-8.121984309686718,0.9350482706406578,0.6144696321814925,-1.312749141245582
117.16666666666667,0.6,0.2,39.288003112390996,-8.121984309686718,0.9350547847275875,0.6142536166195097,-1.3126008348530376
117.2,0.6,0.2,39.288003112390996,-8.121984309686718,0.9350696084859559,0.6140529265040785,-1.3124657224474936
117.23333333333333,0.6,0.2,39.288003112390996,-8.121984309686718,0.9350915580818966,0.613867131920721,-1.312343141823449
117.26666666666667,0.6,0.2,39.288003112390996,-8.121984309686718,0.9351195474610228,0.6136957435627058,-1.3122324200624225
117.3,0.6,0.2,39.288003112390996,-8.121984309686718,0.9351525840850078,0.6135382242164447,-1.312132880074875
117.33333333333333,0.6,0.2,39.288003112390996,-8.121984309686718,0.9351897644990868,0.6133939991216584,-1.312043846322839
117.36666666666666,0.6,0.2,39.288003112390996,-8.121984309686718,0.9352302697867791,0.6132624652732593,-1.3119646497875328
117.39999999999999,0.6,0.2,39.288003112390996,-8.121984309686718,0.9352733609616121,0.6131429997313781,-1.3118946322432765
117.43333333333334,0.6,0.2,39.288003112390996,-8.121984309686718,0.9353183743395844,0.6130349670049638,-1.3118331498960256
117.46666666666667,0.6,0.2,39.288003112390996,-8.121984309686718,0.9353647169305301,0.6129377255729831,-1.3117795764418236
117.5,0.6,0.2,39.288003112390996,-8.121984309686718,0.9354118618814053,0.6128506336055092,-1.3117333055974854
117.53333333333333,0.6,0.2,39.288003112390996,-8.121984309686718,0.9354593439998103,0.6127730539449919,-1.3116937531528559
117.56666666666666,0.6,0.2,39.288003112390996,-8.121984309686718,0.9355067553817491,0.6127043584057899,-1.3116603585910722
117.6,0.6,0.2,39.288003112390996,-8.121984309686718,0.9355537411637027,0.6126439314476702,-1.3116325863203997
117.63333333333333,0.6,0.2,39.288003112390996,-8.121984309686718,0.935599995415529,0.6125911732764948,-1.3116099265584253
117.66666666666667,0.6,0.2,39.288003112390996,-8.121984309686718,0.9356452571874769,0.6125455024227348,-1.3115918959066823
117.7,0.6,0.2,39.288003112390996,-8.121984309686718,0.9356893067217021,0.6125063578458345,-1.3115780376511554
117.73333333333333,0.6,0.2,39.288003112390996,-8.121984309686718,0.9357319618360638,0.6124732006098039,-1.3115679218215763
117.76666666666667,0.6,0.2,39.288003112390996,-8.121984309686718,0.9357730744856638,0.6124455151727725,-1.3115611450399853
117.8,0.6,0.2,39.288003112390996,-8.121984309686718,0.9358125275055231,0.6124228103306236,-1.311557330186684
117.83333333333333,0.6,0.2,39.288003112390996,-8.121984309686718,0.9358502315359698,0.6124046198522438,-1.311556125909466
117.86666666666666,0.6,0.2,39.288003112390996,-8.121984309686718,0.9358861221307193,0.6123905028413973,-1.3115572059998652
117.89999999999999,0.6,0.2,39.288003112390996,-8.121984309686718,0.9359201570462348,0.6123800438577758,-1.3115602686581285
117.93333333333334,0.6,0.2,39.288003112390996,-8.121984309686718,0.9359523137097566,0.6123728528273884,-1.3115650356666722
117.96666666666667,0.6,0.2,39.288003112390996,-8.121984309686718,0.935982586862367,0.6123685647701533,-1.3115712514899611
118.0,0.6,0.2,39.288003112390996,-8.121984309686718,0.9360109863725878,0.6123668393703424,-1.3115786823170068
118.03333333333333,0.6,0.2,39.288003112390996,-8.121984309686718,0.936037535215292,0.6123673604134103,-1.3115871150610536
118.06666666666666,0.6,0.2,39.288003112390996,-8.121984309686718,0.9360622676101205,0.6123698351107192,-1.3115963563294946
118.1,0.6,0.2,39.288003112390996,-8.121984309686718,0.9360852273131287,0.6123739933317482,-1.311606231375619
118.13333333333333,0.6,0.2,39.288003112390996,-8.121984309686718,0.9361064660550255,0.6123795867615573,-1.3116165830424613
118.16666666666667,0.6,0.2,39.288003112390996,-8.121984309686718,0.9361260421191043,0.612386387999554,-1.3116272707077719
118.2,0.6,0.2,39.288003112390996,-8.121984309686718,0.9361440190517885,0.6123941896139952,-1.3116381692379788
118.23333333333333,0.6,0.2,39.288003112390996,-8.121984309686718,0.9361604644986087,0.6124028031651347,-1.3116491679579398
118.26666666666667,0.6,0.2,39.288003112390996,-8.121984309686718,0.9361754491584008,0.6124120582085096,-1.3116601696423011
118.3,0.6,0.2,39.288003112390996,-8.121984309686718,0.9361890458485328,0.6124218012885285,-1.3116710895333785
118.33333333333333,0.6,0.2,39.288003112390996,-8.121984309686718,0.936201328674048,0.6124318949312993,-1.311681854389647
118.36666666666666,0.6,0.2,39.288003112390996,-8.121984309686718,0.9362123722937324,0.6124422166444886,-1.3116924015681755
118.39999999999999,0.6,0.2,39.288003112390996,-8.121984309686718,0.9362222512762699,0.6124526579309527,-1.3117026781436638
118.43333333333334,0.6,0.2,39.288003112390996,-8.121984309686718,0.9362310395398408,0.6124631233219114,-1.311712640066116
118.46666666666667,0.6,0.2,39.288003112390996,-8.121984309686718,0.9362388098687344,0.6124735294345458,-1.311722251358637
118.5,0.6,0.2,39.288003112390996,-8.121984309686718,0.9362456335007824,0.6124838040580894,-1.3117314833563447
118.53333333333333,0.6,0.2,39.288003112390996,-8.121984309686718,0.9362515797796739,0.6124938852717444,-1.3117403139869446
118.56666666666666,0.6,0.2,39.288003112390996,-8.121984309686718,0.9362567158664814,0.6125037205970819,-1.3117487270931363
118.6,0.6,0.2,39.288003112390996,-8.121984309686718,0.9362611065049987,0.612513266186985,-1.3117567117966686
118.63333333333333,0.6,0.2,39.288003112390996,-8.121984309686718,0.9362648138357762,0.6125224860526476,-1.3117642619035779
118.66666666666667,0.6,0.2,39.288003112390996,-8.121984309686718,0.9362678972540217,0.6125313513296602,-1.311771375349878
118.7,0.6,0.2,39.288003112390996,-8.121984309686718,0.9362704133068204,0.6125398395837799,-1.3117780536867645
118.73333333333333,0.6,0.2,39.288003112390996,-8.121984309686718,0.9362724156254093,0.6125479341566062,-1.3117843016042048
118.76666666666667,0.6,0.2,39.288003112390996,-8.121984309686718,0.9362739548885215,0.612555623551048,-1.311790126491644
118.8,0.6,0.2,39.288003112390996,-8.121984309686718,0.9362750788130896,0.6125629008561784,-1.3117955380344297
118.83333333333333,0.6,0.2,39.288003112390996,-8.121984309686718,0.9362758321688628,0.6125697632108259,-1.3118005478444648
118.86666666666666,0.6,0.2,39.288003112390996,-8.121984309686718,0.936276256813755,0.6125762113050363,-1.3118051691235304
118.89999999999999,0.6,0.2,39.288003112390996,-8.121984309686718,0.9362763917469866,0.6125822489183612,-1.3118094163576641
118.93333333333334,0.6,0.2,39.288003112390996,-8.121984309686718,0.936276273177327,0.6125878824937832,-1.3118133050409524
118.96666666666667,0.6,0.2,39.288003112390996,-8.121984309686718,0.9362759346039744,0.6125931207459636,-1.311816851427078
119.0,0.6,0.2,39.288003112390996,-8.121984309686718,0.9362754069078275,0.6125979743024103,-1.3118200723069655
119.03333333333333,0.6,0.2,39.288003112390996,-8.121984309686718,0.9362747184511139,0.612602455376084,-1.3118229848108776
119.06666666666666,0.6,0.2,39.288003112390996,-8.121984309686718,0.9362738951835371,0.6126065774679189,-1.3118256062333409
119.1,0.6,0.2,39.288003112390996,-8.121984309686718,0.9362729607532899,0.6126103550976914,-1.3118279538793127
119.13333333333333,0.6,0.2,39.288003112390996,-8.121984309686718,0.9362719366214576,0.6126138035616618,-1.3118300449300386
119.16666666666667,0.6,0.2,39.288003112390996,-8.121984309686718,0.9362708421784959,0.6126169387154075,-1.3118318963271014
119.2,0.6,0.2,39.288003112390996,-8.121984309686718,0.9362696948616258,0.6126197767802741,-1.3118335246732142
119.23333333333333,0.6,0.2,39.288003112390996,-8.121984309686718,0.9362685102721249,0.612622334171899,-1.3118349461483667
119.26666666666667,0.6,0.2,39.288003112390996,-8.121984309686718,0.9362673022916286,0.6126246273492815,-1.3118361764399944
119.3,0.6,0.2,39.288003112390996,-8.121984309686718,0.9362660831966773,0.6126266726829201,-1.3118372306859067
119.33333333333333,0.6,0.2,39.288003112390996,-8.121984309686718,0.9362648637708549,0.6126284863405786,-1.3118381234287693
119.36666666666666,0.6,0.2,39.288003112390996,-8.121984309686718,0.9362636534139683,0.6126300841892897,-1.311838868581007
119.39999999999999,0.6,0.2,39.288003112390996,-8.121984309686718,0.9362624602478099,0.6126314817122626,-1.311839479399056
119.43333333333334,0.6,0.2,39.288003112390996,-8.121984309686718,0.9362612912181315,0.6126326939394173,-1.3118399684659614
119.46666666666667,0.6,0.2,39.288003112390996,-8.121984309686718,0.9362601521925339,0.6126337353903256,-1.3118403476813814
119.5,0.6,0.2,39.288003112390996,-8.121984309686718,0.9362590480540451,0.6126346200284032,-1.3118406282581208
119.53333333333333,0.6,0.2,39.288003112390996,-8.121984309686718,0.9362579827902248,0.612635361225258,-1.3118408207243835
119.56666666666666,0.6,0.2,39.288003112390996,-8.121984309686718,0.9362569595776846,0.6126359717341623,-1.3118409349309894
119.6,0.6,0.2,39.288003112390996,-8.121984309686718,0.936255980861967,0.6126364636716807,-1.3118409800628623
119.63333333333333,0.6,0.2,39.288003112390996,-8.121984309686718,0.9362550484327642,0.612636848506545,-1.3118409646541533
119.66666666666667,0.6,0.2,39.288003112390996,-8.121984309686718,0.9362541634945005,0.6126371370549312,-1.311840896606413
119.7,0.6,0.2,39.288003112390996,-8.121984309686718,0.9362533267323319,0.6126373394813507,-1.3118407832092833
119.73333333333333,0.6,0.2,39.288003112390996,-8.121984309686718,0.9362525383736454,0.6126374653044284,-1.311840631163226
119.76666666666667,0.6,0.2,39.288003112390996,-8.121984309686718,0.9362517982451655,0.6126375234068941,-1.3118404466038496
119.8,0.6,0.2,39.288003112390996,-8.121984309686718,0.9362511058257926,0.6126375220491691,-1.3118402351274452
119.83333333333333,0.6,0.2,39.288003112390996,-8.121984309686718,0.9362504602953191,0.6126374688859818,-1.311840001817378
119.86666666666666,0.6,0.2,39.288003112390996,-8.121984309686718,0.9362498605791764,0.612637370985496,-1.3118397512710207
119.89999999999999,0.6,0.2,39.288003112390996,-8.121984309686718,0.9362493053893819,0.61263723485048,-1.3118394876269566
119.93333333333334,0.6,0.2,39.288003112390996,-8.121984309686718,0.9362487932618597,0.6126370664410946,-1.3118392145922035
119.96666666666667,0.6,0.2,39.288003112390996,-8.121984309686718,0.9362483225903142,0.6126368711989139,-1.3118389354692521
120.0,0.6,0.2,39.288003112390996,-8.121984309686718,0.9362478916568397,0.6126366540718388,-1.31183865318273
120.03333333333333,0.6,0.2,39.288003112390996,-8.121984309686718,0.9362474986594529,0.6126364195395954,-1.3118383703055387
120.06666666666666,0.6,0.2,39.288003112390996,-8.121984309686718,0.9362471417367288,0.6126361716395481,-1.3118380890843304
120.1,0.6,0.2,39.288003112390996,-8.121984309686718,0.9362468189897277,0.612635913992589,-1.3118378114642109
120.13333333333333,0.6,0.2,39.288003112390996,-8.121984309686718,0.936246528501389,0.6126356498288947,-1.3118375391125816
120.16666666666667,0.6,0.2,39.288003112390996,-8.121984309686718,0.9362462683535725,0.61263538201337,-1.3118372734420478
120.2,0.6,0.2,39.288003112390996,-8.121984309686718,0.936246036641916,0.6126351130706237,-1.3118370156323362
120.23333333333333,0.6,0.2,39.288003112390996,-8.121984309686718,0.9362458314886775,0.6126348452093446,-1.3118367666511819
120.26666666666667,0.6,0.2,39.288003112390996,-8.121984309686718,0.9362456510537219,0.6126345803459686,-1.3118365272741574
120.3,0.6,0.2,39.288003112390996,-8.121984309686718,0.936245493543807,0.6126343201275448,-1.3118362981034257
120.33333333333333,0.6,0.2,39.288003112390996,-8.121984309686718,0.9362453572203153,0.6126340659537299,-1.3118360795854143
120.36666666666666,0.6,0.2,39.288003112390996,-8.121984309686718,0.9362452404055729,0.6126338189978532,-1.3118358720274108
120.39999999999999,0.6,0.2,39.288003112390996,-8.121984309686718,0.9362451414878884,0.6126335802270098,-1.311835675613094
120.43333333333334,0.6,0.2,39.288003112390996,-8.121984309686718,0.9362450589254376,0.6126333504211537,-1.3118354904170157
120.46666666666667,0.6,0.2,39.288003112390996,-8.121984309686718,0.9362449912491126,0.6126331301911722,-1.3118353164180585
120.5,0.6,0.2,39.288003112390996,-8.121984309686718,0.9362449370644464,0.6126329199959331,-1.311835153511897
120.53333333333333,0.6,0.2,39.288003112390996,-8.121984309686718,0.936244895052718,0.6126327201583084,-1.3118350015224967
120.56666666666666,0.6,0.2,39.288003112390996,-8.121984309686718,0.9362448639713331,0.6126325308801804,-1.311834860212683
120.6,0.6,0.2,39.288003112390996,-8.121984309686718,0.9362448426535729,0.6126323522564471,-1.3118347292938222
120.63333333333333,0.6,0.2,39.288003112390996,-8.121984309686718,0.9362448300077918,0.6126321842880481,-1.3118346084346517
120.66666666666667,0.6,0.2,39.288003112390996,-8.121984309686718,0.936244825016143,0.6126320268940375,-1.311834497269303
120.7,0.6,0.2,39.288003112390996,-8.121984309686718,0.9362448267329014,0.6126318799227317,-1.311834395404558
120.73333333333333,0.6,0.2,39.288003112390996,-8.121984309686718,0.9362448342824484,0.6126317431619683,-1.3118343024263823
120.76666666666667,0.6,0.2,39.288003112390996,-8.121984309686718,0.936244846856978,0.6126316163485089,-1.3118342179057787
120.8,0.6,0.2,39.288003112390996,-8.121984309686718,0.9362448637139775,0.6126314991766258,-1.3118341414040027
120.83333333333333,0.6,0.2,39.288003112390996,-8.121984309686718,0.9362448841735315,0.6126313913059107,-1.3118340724771826
120.86666666666666,0.6,0.2,39.288003112390996,-8.121984309686718,0.9362449076154907,0.6126312923683451,-1.311834010680385
120.89999999999999,0.6,0.2,39.288003112390996,-8.121984309686718,0.9362449334765479,0.6126312019746745,-1.3118339555711644
120.93333333333334,0.6,0.2,39.288003112390996,-8.121984309686718,0.9362449612472524,0.6126311197201249,-1.3118339067126399
120.96666666666667,0.6,0.2,39.288003112390996,-8.121984309686718,0.9362449904689956,0.6126310451895046,-1.3118338636761313
121.0,0.6,0.2,39.288003112390996,-8.121984309686718,0.9362450207309936,0.6126309779617295,-1.3118338260433946
121.03333333333333,0.6,0.2,39.288003112390996,-8.121984309686718,0.9362450516672913,0.6126309176138115,-1.3118337934084896
121.06666666666666,0.6,0.2,39.288003112390996,-8.121984309686718,0.9362450829538072,0.6126308637243496,-1.3118337653793135
121.1,0.6,0.2,39.288003112390996,-8.121984309686718,0.9362451143054364,0.6126308158765592,-1.3118337415788301
121.13333333333333,0.6,0.2,39.288003112390996,-8.121984309686718,0.9362451454732287,0.6126307736608769,-1.311833721646027
121.16666666666667,0.6,0.2,39.288003112390996,-8.121984309686718,0.9362451762416494,0.6126307366771752,-1.3118337052366245
121.2,0.6,0.2,39.288003112390996,-8.121984309686718,0.9362452064259382,0.6126307045366193,-1.3118336920235676
121.23333333333333,0.6,0.2,39.288003112390996,-8.121984309686718,0.9362452358695703,0.6126306768631996,-1.3118336816973202
121.26666666666667,0.6,0.2,39.288003112390996,-8.121984309686718,0.9362452644418274,0.612630653294968,-1.3118336739659888
121.3,0.6,0.2,39.288003112390996,-8.121984309686718,0.9362452920354832,0.6126306334850075,-1.3118336685552938
121.33333333333333,0.6,0.2,39.288003112390996,-8.121984309686718,0.936245318564606,0.6126306171021618,-1.3118336652084097
121.36666666666666,0.6,0.2,39.288003112390996,-8.121984309686718,0.9362453439624805,0.6126306038315507,-1.3118336636856924
121.39999999999999,0.6,0.2,39.288003112390996,-8.121984309686718,0.9362453681796489,0.612630593374893,-1.3118336637643087
121.43333333333334,0.6,0.2,39.288003112390996,-8.121984309686718,0.9362453911820722,0.6126305854506624,-1.3118336652377853
121.46666666666667,0.6,0.2,39.288003112390996,-8.121984309686718,0.9362454129494089,0.6126305797940931,-1.3118336679154898
121.5,0.6,0.2,39.288003112390996,-8.121984309686718,0.9362454334734103,0.6126305761570568,-1.3118336716220573
121.53333333333333,0.6,0.2,39.288003112390996,-8.121984309686718,0.9362454527564289,0.6126305743078284,-1.3118336761967726
121.56666666666666,0.6,0.2,39.288003112390996,-8.121984309686718,0.9362454708100376,0.6126305740307544,-1.311833681492921
121.6,0.6,0.2,39.288003112390996,-8.121984309686718,0.9362454876537555,0.6126305751258421,-1.3118336873771133
121.63333333333333,0.6,0.2,39.288003112390996,-8.121984309686718,0.9362455033138763,0.612630577408281,-1.3118336937285968
121.66666666666667,0.6,0.2,39.288003112390996,-8.121984309686718,0.9362455178223961,0.6126305807079087,-1.3118337004385572
121.7,0.6,0.2,39.288003112390996,-8.121984309686718,0.936245531216034,0.6126305848686338,-1.3118337074094186
121.73333333333333,0.6,0.2,39.288003112390996,-8.121984309686718,0.9362455435353441,0.6126305897478245,-1.3118337145541479
121.76666666666667,0.6,0.2,39.288003112390996,-8.121984309686718,0.9362455548239101,0.6126305952156728,-1.3118337217955665
121.8,0.6,0.2,39.288003112390996,-8.121984309686718,0.9362455651276227,0.6126306011545418,-1.311833729065676
121.83333333333333,0.6,0.2,39.288003112390996,-8.121984309686718,0.9362455744940297,0.612630607458304,-1.3118337363050006
121.86666666666666,0.6,0.2,39.288003112390996,-8.121984309686718,0.9362455829717586,0.6126306140316756,-1.311833743461946
121.89999999999999,0.6,0.2,39.288003112390996,-8.121984309686718,0.936245590610005,0.612630620789554,-1.3118337504921838
121.93333333333334,0.6,0.2,39.288003112390996,-8.121984309686718,0.9362455974580812,0.6126306276563613,-1.3118337573580565
121.96666666666667,0.6,0.2,39.288003112390996,-8.121984309686718,0.9362456035650236,0.6126306345654006,-1.3118337640280096
122.0,0.6,0.2,39.288003112390996,-8.121984309686718,0.9362456089792514,0.6126306414582252,-1.3118337704760479
122.03333333333333,0.6,0.2,39.288003112390996,-8.121984309686718,0.9362456137482745,0.6126306482840271,-1.3118337766812218
122.06666666666666,0.6,0.2,39.288003112390996,-8.121984309686718,0.9362456179184461,0.6126306549990445,-1.3118337826271385
122.1,0.6,0.2,39.288003112390996,-8.121984309686718,0.9362456215347552,0.6126306615659916,-1.3118337883015017
122.13333333333333,0.6,0.2,39.288003112390996,-8.121984309686718,0.9362456246406574,0.6126306679535126,-1.3118337936956803
122.16666666666667,0.6,0.2,39.288003112390996,-8.121984309686718,0.936245627277938,0.6126306741356597,-1.3118337988043025
122.2,0.6,0.2,39.288003112390996,-8.121984309686718,0.9362456294866063,0.6126306800913969,-1.3118338036248784
122.23333333333333,0.6,0.2,39.288003112390996,-8.121984309686718,0.936245631304817,0.6126306858041298,-1.311833808157449
122.26666666666667,0.6,0.2,39.288003112390996,-8.121984309686718,0.9362456327688158,0.6126306912612625,-1.3118338124042592
122.3,0.6,0.2,39.288003112390996,-8.121984309686718,0.9362456339129066,0.6126306964537793,-1.3118338163694587
122.33333333333333,0.6,0.2,39.288003112390996,-8.121984309686718,0.9362456347694381,0.6126307013758547,-1.3118338200588244
122.36666666666666,0.6,0.2,39.288003112390996,-8.121984309686718,0.9362456353688068,0.612630706024487,-1.3118338234795075
122.39999999999999,0.6,0.2,39.288003112390996,-8.121984309686718,0.9362456357394745,0.6126307103991588,-1.3118338266398013
122.43333333333334,0.6,0.2,39.288003112390996,-8.121984309686718,0.9362456359079991,0.6126307145015216,-1.3118338295489311
122.46666666666667,0.6,0.2,39.288003112390996,-8.121984309686718,0.9362456358990753,0.612630718335104,-1.3118338322168634
122.5,0.6,0.2,39.288003112390996,-8.121984309686718,0.9362456357355845,0.6126307219050434,-1.3118338346541345
122.53333333333333,0.6,0.2,39.288003112390996,-8.121984309686718,0.9362456354386528,0.6126307252178401,-1.311833836871696
122.56666666666666,0.6,0.2,39.288003112390996,-8.121984309686718,0.9362456350277141,0.6126307282811317,-1.311833838880777
122.6,0.6,0.2,39.288003112390996,-8.121984309686718,0.9362456345205786,0.6126307311034885,-1.3118338406927639
122.63333333333333,0.6,0.2,39.288003112390996,-8.121984309686718,0.9362456339335051,0.6126307336942279,-1.3118338423190907
122.66666666666667,0.6,0.2,39.288003112390996,-8.121984309686718,0.9362456332812756,0.6126307360632469,-1.3118338437711463
122.7,0.6,0.2,39.288003112390996,-8.121984309686718,0.9362456325772716,0.6126307382208712,-1.311833845060193
122.73333333333333,0.6,0.2,39.288003112390996,-8.121984309686718,0.9362456318335514,0.6126307401777213,-1.3118338461972958
122.76666666666667,0.6,0.2,39.288003112390996,-8.121984309686718,0.9362456310609281,0.6126307419445932,-1.3118338471932631
122.8,0.6,0.2,39.288003112390996,-8.121984309686718,0.9362456302690463,0.6126307435323524,-1.3118338480585972
122.83333333333333,0.6,0.2,39.288003112390996,-8.121984309686718,0.9362456294664585,0.6126307449518421,-1.3118338488034518
122.86666666666666,0.6,0.2,39.288003112390996,-8.121984309686718,0.9362456286606998,0.6126307462138029,-1.3118338494376007
122.89999999999999,0.6,0.2,39.288003112390996,-8.121984309686718,0.936245627858361,0.612630747328803,-1.31183384997041
122.93333333333334,0.6,0.2,39.288003112390996,-8.121984309686718,0.9362456270651591,0.6126307483071799,-1.3118338504108196
122.96666666666667,0.6,0.2,39.288003112390996,-8.121984309686718,0.9362456262860063,0.6126307491589906,-1.3118338507673288
123.0,0.6,0.2,39.288003112390996,-8.121984309686718,0.9362456255250752,0.6126307498939702,-1.3118338510479886
123.03333333333333,0.6,0.2,39.288003112390996,-8.121984309686718,0.9362456247858623,0.6126307505214985,-1.3118338512603966
123.06666666666666,0.6,0.2,39.288003112390996,-8.121984309686718,0.9362456240712478,0.6126307510505745,-1.3118338514116974
123.1,0.6,0.2,39.288003112390996,-8.121984309686718,0.9362456233835531,0.6126307514897954,-1.311833851508586
123.13333333333333,0.6,0.2,39.288003112390996,-8.121984309686718,0.9362456227245943,0.6126307518473427,-1.311833851557314
123.16666666666667,0.6,0.2,39.288003112390996,-8.121984309686718,0.9362456220957338,0.6126307521309728,-1.3118338515636994
123.2,0.6,0.2,39.288003112390996,-8.121984309686718,0.9362456214979276,0.6126307523480122,-1.3118338515331367
123.23333333333333,0.6,0.2,39.288003112390996,-8.121984309686718,0.9362456209317707,0.6126307525053565,-1.3118338514706107
123.26666666666667,0.6,0.2,39.288003112390996,-8.121984309686718,0.9362456203975386,0.6126307526094728,-1.3118338513807102
123.3,0.6,0.2,39.288003112390996,-8.121984309686718,0.9362456198952265,0.612630752666405,-1.3118338512676446
123.33333333333333,0.6,0.2,39.288003112390996,-8.121984309686718,0.9362456194245852,0.6126307526817826,-1.3118338511352596
123.36666666666666,0.6,0.2,39.288003112390996,-8.121984309686718,0.9362456189851546,0.6126307526608297,-1.3118338509870549
123.39999999999999,0.6,0.2,39.288003112390996,-8.121984309686718,0.9362456185762942,0.612630752608378,-1.3118338508262013
123.43333333333334,0.6,0.2,39.288003112390996,-8.121984309686718,0.9362456181972113,0.6126307525288793,-1.3118338506555594
123.46666666666667,0.6,0.2,39.288003112390996,-8.121984309686718,0.9362456178469866,0.6126307524264211,-1.311833850477697
123.5,0.6,0.2,39.288003112390996,-8.121984309686718,0.9362456175245975,0.6126307523047411,-1.3118338502949074
123.53333333333333,0.6,0.2,39.288003112390996,-8.121984309686718,0.9362456172289392,0.6126307521672443,-1.3118338501092266
123.56666666666666,0.6,0.2,39.288003112390996,-8.121984309686718,0.936245616958844,0.6126307520170192,-1.311833849922451
123.6,0.6,0.2,39.288003112390996,-8.121984309686718,0.9362456167130981,0.612630751856855,-1.3118338497361546
123.63333333333333,0.6,0.2,39.288003112390996,-8.121984309686718,0.9362456164904568,0.6126307516892585,-1.3118338495517057
123.66666666666667,0.6,0.2,39.288003112390996,-8.121984309686718,0.9362456162896582,0.6126307515164713,-1.311833849370282
123.7,0.6,0.2,39.288003112390996,-8.121984309686718,0.936245616109435,0.6126307513404865,-1.3118338491928865
123.73333333333333,0.6,0.2,39.288003112390996,-8.121984309686718,0.936245615948525,0.6126307511630658,-1.3118338490203627
123.76666666666667,0.6,0.2,39.288003112390996,-8.121984309686718,0.9362456158056799,0.6126307509857551,-1.3118338488534083
123.8,0.6,0.2,39.288003112390996,-8.121984309686718,0.9362456156796736,0.612630750809901,-1.3118338486925882
123.83333333333333,0.6,0.2,39.288003112390996,-8.121984309686718,0.936245615569308,0.6126307506366656,-1.3118338485383483
123.86666666666666,0.6,0.2,39.288003112390996,-8.121984309686718,0.9362456154734192,0.6126307504670416,-1.3118338483910257
123.89999999999999,0.6,0.2,39.288003112390996,-8.121984309686718,0.936245615390882,0.6126307503018663,-1.3118338482508618
123.93333333333334,0.6,0.2,39.288003112390996,-8.121984309686718,0.9362456153206132,0.6126307501418352,-1.3118338481180118
123.96666666666667,0.6,0.2,39.288003112390996,-8.121984309686718,0.9362456152615748,0.6126307499875151,-1.311833847992555
124.0,0.6,0.2,39.288003112390996,-8.121984309686718,0.9362456152127759,0.612630749839356,-1.3118338478745035
124.03333333333333,0.6,0.2,39.288003112390996,-8.121984309686718,0.9362456151732746,0.6126307496977025,-1.3118338477638112
124.06666666666666,0.6,0.2,39.288003112390996,-8.121984309686718,0.9362456151421789,0.6126307495628054,-1.3118338476603812
124.1,0.6,0.2,39.288003112390996,-8.121984309686718,0.9362456151186465,0.6126307494348312,-1.3118338475640736
124.13333333333333,0.6,0.2,39.288003112390996,-8.121984309686718,0.9362456151018856,0.612630749313872,-1.3118338474747118
124.16666666666667,0.6,0.2,39.288003112390996,-8.121984309686718,0.9362456150911546,0.612630749199954,-1.3118338473920885
124.2,0.6,0.2,39.288003112390996,-8.121984309686718,0.9362456150857603,0.6126307490930462,-1.3118338473159716
124.23333333333333,0.6,0.2,39.288003112390996,-8.121984309686718,0.9362456150850582,0.6126307489930676,-1.3118338472461086
124.26666666666667,0.6,0.2,39.288003112390996,-8.121984309686718,0.9362456150884504,0.6126307488998947,-1.3118338471822315
124.3,0.6,0.2,39.288003112390996,-8.121984309686718,0.9362456150953844,0.6126307488133674,-1.3118338471240611
124.33333333333333,0.6,0.2,39.288003112390996,-8.121984309686718,0.9362456151053518,0.6126307487332955,-1.31183384707131
124.36666666666666,0.6,0.2,39.288003112390996,-8.121984309686718,0.9362456151178861,0.6126307486594633,-1.311833847023686
124.39999999999999,0.6,0.2,39.288003112390996,-8.121984309686718,0.936245615132561,0.6126307485916354,-1.3118338469808961
124.43333333333334,0.6,0.2,39.288003112390996,-8.121984309686718,0.9362456151489889,0.6126307485295601,-1.3118338469426465
124.46666666666667,0.6,0.2,39.288003112390996,-8.121984309686718,0.9362456151668181,0.6126307484729744,-1.3118338469086472
124.5,0.6,0.2,39.288003112390996,-8.121984309686718,0.9362456151857319,0.6126307484216066,-1.3118338468786128
124.53333333333333,0.6,0.2,39.288003112390996,-8.121984309686718,0.9362456152054456,0.6126307483751802,-1.3118338468522641
124.56666666666666,0.6,0.2,39.288003112390996,-8.121984309686718,0.936245615225705,0.612630748333416,-1.3118338468293291
124.6,0.6,0.2,39.288003112390996,-8.121984309686718,0.9362456152462847,0.6126307482960353,-1.3118338468095454
124.63333333333333,0.6,0.2,39.288003112390996,-8.121984309686718,0.9362456152669854,0.6126307482627613,-1.3118338467926594
124.66666666666667,0.6,0.2,39.288003112390996,-8.121984309686718,0.9362456152876327,0.6126307482333214,-1.3118338467784278
124.7,0.6,0.2,39.288003112390996,-8.121984309686718,0.9362456153080752,0.6126307482074486,-1.311833846766619
124.73333333333333,0.6,0.2,39.288003112390996,-8.121984309686718,0.9362456153281822,0.6126307481848827,-1.3118338467570123
124.76666666666667,0.6,0.2,39.288003112390996,-8.121984309686718,0.9362456153478426,0.6126307481653719,-1.311833846749398
124.8,0.6,0.2,39.288003112390996,-8.121984309686718,0.9362456153669629,0.612630748148673,-1.3118338467435784
124.83333333333333,0.6,0.2,39.288003112390996,-8.121984309686718,0.9362456153854659,0.6126307481345528,-1.3118338467393673
124.86666666666666,0.6,0.2,39.288003112390996,-8.121984309686718,0.936245615403289,0.612630748122788,-1.3118338467365904
124.89999999999999,0.6,0.2,39.288003112390996,-8.121984309686718,0.9362456154203828,0.6126307481131661,-1.3118338467350847
124.93333333333334,0.6,0.2,39.288003112390996,-8.121984309686718,0.9362456154367098,0.6126307481054855,-1.3118338467346982
124.96666666666667,0.6,0.2,39.288003112390996,-8.121984309686718,0.9362456154522434,0.6126307480995554,-1.3118338467352901
125.0,0.6,0.2,39.288003112390996,-8.121984309686718,0.9362456154669663,0.6126307480951965,-1.31183384673673
125.03333333333333,0.6,0.2,39.288003112390996,-8.121984309686718,0.9362456154808698,0.61263074809224,-1.3118338467388977
125.06666666666666,0.6,0.2,39.288003112390996,-8.121984309686718,0.9362456154939526,0.6126307480905285,-1.3118338467416832
125.1,0.6,0.2,39.288003112390996,-8.121984309686718,0.9362456155062198,0.612630748089915,-1.3118338467449857
125.13333333333333,0.6,0.2,39.288003112390996,-8.121984309686718,0.936245615517682,0.6126307480902631,-1.3118338467487132
125.16666666666667,0.6,0.2,39.288003112390996,-8.121984309686718,0.936245615528355,0.6126307480914464,-1.3118338467527826
125.2,0.6,0.2,39.288003112390996,-8.121984309686718,0.9362456155382581,0.6126307480933484,-1.3118338467571187
125.23333333333333,0.6,0.2,39.288003112390996,-8.121984309686718,0.9362456155474145,0.6126307480958623,-1.311833846761654
125.26666666666667,0.6,0.2,39.288003112390996,-8.121984309686718,0.9362456155558497,0.61263074809889,-1.3118338467663277
125.3,0.6,0.2,39.288003112390996,-8.121984309686718,0.9362456155635919,0.6126307481023422,-1.3118338467710868
125.33333333333333,0.6,0.2,39.288003112390996,-8.121984309686718,0.9362456155706707,0.6126307481061379,-1.3118338467758834
125.36666666666666,0.6,0.2,39.288003112390996,-8.121984309686718,0.936245615577117,0.6126307481102038,-1.3118338467806758
125.39999999999999,0.6,0.2,39.288003112390996,-8.121984309686718,0.9362456155829628,0.6126307481144739,-1.311833846785428
125.43333333333334,0.6,0.2,39.288003112390996,-8.121984309686718,0.9362456155882404,0.6126307481188893,-1.3118338467901085
125.46666666666667,0.6,0.2,39.288003112390996,-8.121984309686718,0.9362456155929822,0.6126307481233974,-1.3118338467946908
125.5,0.6,0.2,39.288003112390996,-8.121984309686718,0.9362456155972209,0.6126307481279516,-1.3118338467991524
125.53333333333333,0.6,0.2,39.288003112390996,-8.121984309686718,0.9362456156009885,0.6126307481325111,-1.3118338468034743
125.56666666666666,0.6,0.2,39.288003112390996,-8.121984309686718,0.9362456156043167,0.6126307481370402,-1.3118338468076414
125.6,0.6,0.2,39.288003112390996,-8.121984309686718,0.9362456156072365,0.6126307481415081,-1.3118338468116417
125.63333333333333,0.6,0.2,39.288003112390996,-8.121984309686718,0.9362456156097779,0.6126307481458884,-1.3118338468154658
125.66666666666667,0.6,0.2,39.288003112390996,-8.121984309686718,0.9362456156119702,0.6126307481501586,-1.3118338468191073
125.7,0.6,0.2,39.288003112390996,-8.121984309686718,0.9362456156138413,0.6126307481543003,-1.3118338468225614
125.73333333333333,0.6,0.2,39.288003112390996,-8.121984309686718,0.9362456156154183,0.6126307481582981,-1.311833846825826
125.76666666666667,0.6,0.2,39.288003112390996,-8.121984309686718,0.9362456156167267,0.6126307481621398,-1.3118338468289001
125.8,0.6,0.2,39.288003112390996,-8.121984309686718,0.9362456156177912,0.6126307481658161,-1.311833846831785
125.83333333333333,0.6,0.2,39.288003112390996,-8.121984309686718,0.9362456156186348,0.61263074816932,-1.3118338468344823
125.86666666666666,0.6,0.2,39.288003112390996,-8.121984309686718,0.9362456156192795,0.6126307481726467,-1.3118338468369959
125.89999999999999,0.6,0.2,39.288003112390996,-8.121984309686718,0.9362456156197461,0.6126307481757937,-1.31183384683933
125.93333333333334,0.6,0.2,39.288003112390996,-8.121984309686718,0.9362456156200536,0.6126307481787596,-1.3118338468414896
125.96666666666667,0.6,0.2,39.288003112390996,-8.121984309686718,0.9362456156202204,0.6126307481815452,-1.311833846843481
126.0,0.6,0.2,39.288003112390996,-8.121984309686718,0.936245615620263,0.6126307481841522,-1.3118338468453101
126.03333333333333,0.6,0.2,39.288003112390996,-8.121984309686718,0.9362456156201973,0.6126307481865836,-1.311833846846984
126.06666666666666,0.6,0.2,39.288003112390996,-8.121984309686718,0.9362456156200376,0.6126307481888432,-1.3118338468485096
126.1,0.6,0.2,39.288003112390996,-8.121984309686718,0.9362456156197972,0.6126307481909359,-1.3118338468498945
126.13333333333333,0.6,0.2,39.288003112390996,-8.121984309686718,0.9362456156194884,0.612630748192867,-1.311833846851146
126.16666666666667,0.6,0.2,39.288003112390996,-8.121984309686718,0.9362456156191223,0.6126307481946425,-1.3118338468522714
126.2,0.6,0.2,39.288003112390996,-8.121984309686718,0.9362456156187091,0.6126307481962687,-1.3118338468532786
126.23333333333333,0.6,0.2,39.288003112390996,-8.121984309686718,0.936245615618258,0.6126307481977524,-1.311833846854175
126.26666666666667,0.6,0.2,39.288003112390996,-8.121984309686718,0.9362456156177774,0.6126307481991006,-1.3118338468549682
126.3,0.6,0.2,39.288003112390996,-8.121984309686718,0.9362456156172747,0.6126307482003203,-1.311833846855665
126.33333333333333,0.6,0.2,39.288003112390996,-8.121984309686718,0.9362456156167567,0.6126307482014186,-1.3118338468562725
126.36666666666666,0.6,0.2,39.288003112390996,-8.121984309686718,0.9362456156162292,0.6126307482024027,-1.3118338468567978
126.39999999999999,0.6,0.2,39.288003112390996,-8.121984309686718,0.9362456156156976,0.6126307482032798,-1.3118338468572472
126.43333333333334,0.6,0.2,39.288003112390996,-8.121984309686718,0.9362456156151665,0.6126307482040568,-1.3118338468576272
126.46666666666667,0.6,0.2,39.288003112390996,-8.121984309686718,0.9362456156146398,0.6126307482047408,-1.3118338468579434
126.5,0.6,0.2,39.288003112390996,-8.121984309686718,0.9362456156141211,0.6126307482053384,-1.3118338468582018
126.53333333333333,0.6,0.2,39.288003112390996,-8.121984309686718,0.9362456156136133,0.6126307482058561,-1.311833846858408
126.56666666666666,0.6,0.2,39.288003112390996,-8.121984309686718,0.9362456156131188,0.6126307482063001,-1.311833846858567
126.6,0.6,0.2,39.288003112390996,-8.121984309686718,0.9362456156126399,0.6126307482066767,-1.3118338468586839
126.63333333333333,0.6,0.2,39.288003112390996,-8.121984309686718,0.936245615612178,0.6126307482069916,-1.3118338468587627
126.66666666666667,0.6,0.2,39.288003112390996,-8.121984309686718,0.9362456156117347,0.6126307482072503,-1.3118338468588082
126.7,0.6,0.2,39.288003112390996,-8.121984309686718,0.9362456156113109,0.612630748207458,-1.311833846858824
126.73333333333333,0.6,0.2,39.288003112390996,-8.121984309686718,0.9362456156109074,0.6126307482076196,-1.311833846858814
126.76666666666667,0.6,0.2,39.288003112390996,-8.121984309686718,0.9362456156105246,0.61263074820774,-1.3118338468587813
126.8,0.6,0.2,39.288003112390996,-8.121984309686718,0.9362456156101627,0.6126307482078234,-1.3118338468587294
126.83333333333333,0.6,0.2,39.288003112390996,-8.121984309686718,0.936245615609822,0.6126307482078739,-1.311833846858661
126.86666666666666,0.6,0.2,39.288003112390996,-8.121984309686718,0.9362456156095023,0.6126307482078954,-1.3118338468585788
126.89999999999999,0.6,0.2,39.288003112390996,-8.121984309686718,0.9362456156092033,0.6126307482078915,-1.3118338468584851
126.93333333333334,0.6,0.2,39.288003112390996,-8.121984309686718,0.9362456156089247,0.6126307482078654,-1.3118338468583823
126.96666666666667,0.6,0.2,39.288003112390996,-8.121984309686718,0.936245615608666,0.6126307482078203,-1.3118338468582722
127.0,0.6,0.2,39.288003112390996,-8.121984309686718,0.9362456156084267,0.6126307482077589,-1.3118338468581567
127.03333333333333,0.6,0.2,39.288003112390996,-8.121984309686718,0.936245615608206,0.6126307482076837,-1.3118338468580373
127.06666666666666,0.6,0.2,39.288003112390996,-8.121984309686718,0.9362456156080032,0.6126307482075971,-1.3118338468579154
127.1,0.6,0.2,39.288003112390996,-8.121984309686718,0.9362456156078177,0.6126307482075013,-1.3118338468577921
127.13333333333333,0.6,0.2,39.288003112390996,-8.121984309686718,0.9362456156076486,0.6126307482073982,-1.311833846857669
127.16666666666667,0.6,0.2,39.288003112390996,-8.121984309686718,0.9362456156074952,0.6126307482072895,-1.3118338468575466
127.2,0.6,0.2,39.288003112390996,-8.121984309686718,0.9362456156073565,0.6126307482071767,-1.3118338468574258
127.23333333333333,0.6,0.2,39.288003112390996,-8.121984309686718,0.9362456156072319,0.6126307482070612,-1.3118338468573074
127.26666666666667,0.6,0.2,39.288003112390996,-8.121984309686718,0.9362456156071203,0.6126307482069443,-1.311833846857192
127.3,0.6,0.2,39.288003112390996,-8.121984309686718,0.9362456156070209,0.6126307482068271,-1.3118338468570803
127.33333333333333,0.6,0.2,39.288003112390996,-8.121984309686718,0.9362456156069331,0.6126307482067105,-1.3118338468569724
127.36666666666666,0.6,0.2,39.288003112390996,-8.121984309686718,0.9362456156068559,0.6126307482065954,-1.3118338468568687
127.39999999999999,0.6,0.2,39.288003112390996,-8.121984309686718,0.9362456156067887,0.6126307482064822,-1.3118338468567694
127.43333333333334,0.6,0.2,39.288003112390996,-8.121984309686718,0.9362456156067305,0.6126307482063719,-1.3118338468566748
127.46666666666667,0.6,0.2,39.288003112390996,-8.121984309686718,0.9362456156066806,0.6126307482062647,-1.311833846856585
127.5,0.6,0.2,39.288003112390996,-8.121984309686718,0.9362456156066385,0.6126307482061611,-1.3118338468565
127.53333333333333,0.6,0.2,39.288003112390996,-8.121984309686718,0.9362456156066035,0.6126307482060616,-1.3118338468564201
127.56666666666666,0.6,0.2,39.288003112390996,-8.121984309686718,0.9362456156065748,0.6126307482059662,-1.3118338468563449
127.6,0.6,0.2,39.288003112390996,-8.121984309686718,0.936245615606552,0.6126307482058753,-1.3118338468562745
127.63333333333333,0.6,0.2,39.288003112390996,-8.121984309686718,0.9362456156065343,0.6126307482057888,-1.311833846856209
127.66666666666667,0.6,0.2,39.288003112390996,-8.121984309686718,0.9362456156065214,0.612630748205707,-1.311833846856148
127.7,0.6,0.2,39.288003112390996,-8.121984309686718,0.9362456156065126,0.6126307482056298,-1.3118338468560915
127.73333333333333,0.6,0.2,39.288003112390996,-8.121984309686718,0.9362456156065077,0.6126307482055572,-1.3118338468560395
127.76666666666667,0.6,0.2,39.288003112390996,-8.121984309686718,0.9362456156065059,0.6126307482054892,-1.3118338468559916
127.8,0.6,0.2,39.288003112390996,-8.121984309686718,0.936245615606507,0.6126307482054258,-1.3118338468559478
127.83333333333333,0.6,0.2,39.288003112390996,-8.121984309686718,0.9362456156065107,0.6126307482053669,-1.3118338468559079
127.86666666666666,0.6,0.2,39.288003112390996,-8.121984309686718,0.9362456156065164,0.6126307482053122,-1.3118338468558715
127.89999999999999,0.6,0.2,39.288003112390996,-8.121984309686718,0.936245615606524,0.6126307482052616,-1.3118338468558386
127.93333333333334,0.6,0.2,39.288003112390996,-8.121984309686718,0.9362456156065331,0.6126307482052151,-1.311833846855809
127.96666666666667,0.6,0.2,39.288003112390996,-8.121984309686718,0.9362456156065434,0.6126307482051725,-1.3118338468557824
128.0,0.6,0.2,39.288003112390996,-8.121984309686718,0.9362456156065548,0.6126307482051336,-1.3118338468557587
128.03333333333333,0.5911,0.2089,38.73610833077268,-7.775724619489383,0.936245615606567,0.6126307482050982,-1.3118338468557378
128.06666666666666,0.5822,0.2178,38.20396360021381,-7.427501925885657,0.9355163659120134,0.6123601311384176,-1.3018297584733525
128.1,0.5733,0.2267,37.69225672736063,-7.077384138657461,0.9342652347045398,0.6114495920491697,-1.2854541051103145
128.13333333333333,0.5644,0.2356,37.20165679691577,-6.725442008087937,0.9326538251680748,0.6097044943305163,-1.2648522513298266
128.16666666666666,0.5556,0.2444,36.73795709864956,-6.375732625439666,0.9308129160860245,0.6070339169435639,-1.2412931417412707
128.2,0.5467,0.2533,36.29123952126213,-6.020383668319495,0.9288580533633376,0.6034113288677349,-1.215648711257198
128.23333333333332,0.5378,0.2622,35.86749923268296,-5.663438454153459,0.9268728686686571,0.5988443351912006,-1.1882183995692497
128.26666666666665,0.5289,0.2711,35.46731296782053,-5.3049786952615925,0.9249375306758093,0.5933583205325366,-1.1592988989712667
128.3,0.52,0.28,35.09123009367106,-4.945088693296161,0.9231214040380428,0.5869910320264901,-1.129075863700247
128.33333333333334,0.5111,0.2889,34.739771032028266,-4.583855248532732,0.9214847040878394,0.5797865016514937,-1.0976681145034797
128.36666666666667,0.5022,0.2978,34.41342575139994,-4.22136755580258,0.9200797118228624,0.5717911967490805,-1.0651531264281227
128.4,0.4933,0.3067,34.112652335052914,-3.857717087351269,0.9189517215979192,0.5630515149938065,-1.0315816809713336
128.43333333333334,0.4844,0.3156,33.83787563180415,-3.4929974630251603,0.9181398193760504,0.5536121050776726,-0.9969862396827284
128.46666666666667,0.4756,0.3244,33.592128974360435,-3.131418270653728,0.9176775464087931,0.5435147059104782,-0.9613856695078303
128.5,0.4667,0.3333,33.37017879472675,-2.7648583585967375,0.9175964908991235,0.532800323277031,-0.9249106105360576
128.53333333333333,0.4578,0.3422,33.17528498104136,-2.3975204362783664,0.9179157422650558,0.5215038492515299,-0.8873973575599542
128.56666666666666,0.4489,0.3511,33.007728246839754,-2.029505166799006,0.9186559264968132,0.5096522957772105,-0.8488497702749638
128.6,0.44,0.36,32.867750780785535,-1.660914545746639,0.9198339090785999,0.49726823234079637,-0.8092570336866596
128.63333333333333,0.4311,0.3689,32.75555550984833,-1.291851710039202,0.9214631984557707,0.4843692188499775,-0.768595612149156
128.66666666666666,0.4222,0.3778,32.671305479944245,-0.9224207398557098,0.9235542755475521,0.4709673832238545,-0.7268300659151382
128.7,0.4133,0.3867,32.61512335699677,-0.552726454819692,0.9261148586966825,0.45706908065115964,-0.6839131083418428
128.73333333333332,0.4044,0.3956,32.58709105080509,-0.18287420565435575,0.9291501092855206,0.44267459060932945,-0.6397851089075357
128.76666666666665,0.3956,0.4044,32.58709105080509,0.18287420565435575,0.9326627805447393,0.42777781871270293,-0.5943731404958921
128.8,0.3867,0.4133,32.61512335699677,0.552726454819692,0.9366523706294316,0.4123690509088112,-0.5477180537364825
128.83333333333334,0.3778,0.4222,32.671305479944245,0.9224207398557098,0.9411164503038629,0.3964299681612842,-0.4995529791812296
128.86666666666667,0.3689,0.4311,32.75555550984833,1.291851710039202,0.9460512857409518,0.37993155733372275,-0.4497670788758678
128.9,0.36,0.44,32.867750780785535,1.660914545746639,0.9514506326136183,0.36283738322386,-0.39822360362737075
128.93333333333334,0.3511,0.4489,33.007728246839754,2.029505166799006,0.9573056117600512,0.3451027194442007,-0.3447577015707941
128.96666666666667,0.3422,0.4578,33.17528498104136,2.397520436278366,0.9636044864187413,0.32667359162596793,-0.28917273017949674
129.0,0.3333,0.4667,33.37017879472675,2.764858358596738,0.9703323304317686,0.3074856623728135,-0.2312350022104381
129.03333333333333,0.3244,0.4756,33.592128974360435,3.1314182706537275,0.9774705683392203,0.2874628852765727,-0.17066671753842605
129.06666666666666,0.3156,0.4844,33.83787563180415,3.492997463025161,0.9849963580412288,0.2665158446584689,-0.10713664101347797
129.1,0.3067,0.4933,34.112652335052914,3.8577170873512685,0.9928770173767951,0.24454300282049232,-0.04038116457757489
129.13333333333333,0.2978,0.5022,34.41342575139994,4.22136755580258,1.0010824493070563,0.22142353961828812,0.030203489489401422
129.16666666666666,0.2889,0.5111,34.739771032028266,4.583855248532732,1.0095694518266745,0.19703002750656023,0.10424970050568182
129.2,0.28,0.52,35.09123009367106,4.945088693296162,1.0182793436120996,0.17128544648340027,0.18047422205934005
129.23333333333332,0.2711,0.5289,35.46731296782053,5.3049786952615925,1.0271390967469618,0.14417445635175535,0.25775609262036725
129.26666666666665,0.2622,0.5378,35.86749923268296,5.663438454153459,1.0360658295424678,0.11572964553960846,0.335193717159685
129.3,0.2533,0.5467,36.29123952126213,6.020383668319495,1.0449710243398402,0.08601929735595346,0.4120913715457935
129.33333333333334,0.2444,0.5556,36.73795709864956,6.375732625439666,1.0537642581853066,0.05513689872381976,0.48793678422712305
129.36666666666667,0.2356,0.5644,37.20165679691576,6.725442008087937,1.0623563174118698,0.023192508506767066,0.5623728678139719
129.4,0.2267,0.5733,37.69225672736062,7.077384138657461,1.0706537478781346,-0.009690477661721243,0.6350450777559511
129.43333333333334,0.2178,0.5822,38.20396360021381,7.427501925885657,1.0785848281551398,-0.043382654997663986,0.7059739163963552
129.46666666666667,0.2089,0.5911,38.73610833077268,7.775724619489384,1.0860766369907187,-0.07775184988010825,0.7750772272378916
129.5,0.2,0.6,39.288003112390996,8.121984309686718,1.093064011674923,-0.1126660207704773,0.8423190111759618
129.53333333333333,0.2,0.6,39.288003112390996,8.121984309686718,1.0994901384160793,-0.14799529718280363,0.9076919439991193
129.56666666666666,0.2,0.6,39.288003112390996,8.121984309686718,1.1044942406507545,-0.1832987439150371,0.9609355504536529
129.6,0.2,0.6,39.288003112390996,8.121984309686718,1.108129852799124,-0.2179995252790003,1.0056180094668747
129.63333333333333,0.2,0.6,39.288003112390996,8.121984309686718,1.1104695744190707,-0.25171937578547726,1.0441394060075528
129.66666666666666,0.2,0.6,39.288003112390996,8.121984309686718,1.1115970863011702,-0.2842136294245449,1.0780800421985168
129.7,0.2,0.6,39.288003112390996,8.121984309686718,1.1116021190169152,-0.31532631447077636,1.1084659016731033
129.73333333333332,0.2,0.6,39.288003112390996,8.121984309686718,1.110577360759011,-0.3449601280986724,1.1359587138363951
129.76666666666665,0.2,0.6,39.288003112390996,8.121984309686718,1.1086165319457946,-0.3730568864586256,1.1609866339016037
129.8,0.2,0.6,39.288003112390996,8.121984309686718,1.105813117632424,-0.3995850732398204,1.1838315319887323
129.83333333333334,0.2,0.6,39.288003112390996,8.121984309686718,1.1022594533411734,-0.42453204907680475,1.204685982592677
129.86666666666667,0.2,0.6,39.288003112390996,8.121984309686718,1.0980459971015935,-0.4478992326488205,1.2236897260388007
129.9,0.2,0.6,39.288003112390996,8.121984309686718,1.0932607044859746,-0.46969911889949184,1.2409525219668023
129.93333333333334,0.2,0.6,39.288003112390996,8.121984309686718,1.0879884711584435,-0.4899533925216615,1.2565681333204342
129.96666666666667,0.2,0.6,39.288003112390996,8.121984309686718,1.0823106324606067,-0.5086916643351037,1.2706226110859002
130.0,0.2,0.6,39.288003112390996,8.121984309686718,1.0763045211588935,-0.5259505387041912,1.283198965499879
130.03333333333333,0.2,0.6,39.288003112390996,8.121984309686718,1.0700430886029138,-0.5417728386228936,1.2943795789749724
130.06666666666666,0.2,0.6,39.288003112390996,8.121984309686718,1.0635945947563232,-0.5562068913469816,1.3042472332484834
130.1,0.2,0.6,39.288003112390996,8.121984309686718,1.0570223709228725,-0.5693058254705261,1.3128853086486447
130.13333333333333,0.2,0.6,39.288003112390996,8.121984309686718,1.0503846566503918,-0.581126859739153,1.3203775103472473
130.16666666666666,0.2,0.6,39.288003112390996,8.121984309686718,1.0437345098730089,-0.5917305811456394,1.3268073462502654
130.2,0.2,0.6,39.288003112390996,8.121984309686718,1.0371197871633238,-0.6011802192758643,1.3322574978529018
130.23333333333332,0.2,0.6,39.288003112390996,8.121984309686718,1.0305831891586745,-0.6095409283117585,1.3368091719829671
130.26666666666665,0.2,0.6,39.288003112390996,8.121984309686718,1.024162364851529,-0.6168790894260654,1.3405414869491892
130.3,0.2,0.6,39.288003112390996,8.121984309686718,1.0178900674926636,-0.623261645753873,1.3435309242576714
130.33333333333334,0.2,0.6,39.288003112390996,8.121984309686718,1.0117943543162782,-0.6287554805096891,1.3458508623976735
130.36666666666667,0.2,0.6,39.288003112390996,8.121984309686718,1.00589882211089,-0.6334268466707448,1.3475711995037707
130.4,0.2,0.6,39.288003112390996,8.121984309686718,1.0002228707726248,-0.637340854317121,1.3487580652777227
130.43333333333334,0.2,0.6,39.288003112390996,8.121984309686718,0.9947819873292854,-0.6405610194323988,1.349473618335865
130.46666666666667,0.2,0.6,39.288003112390996,8.121984309686718,0.989588043456214,-0.6431488758644482,1.3497759224589454
130.5,0.2,0.6,39.288003112390996,8.121984309686718,0.9846496001641316,-0.6451636503046944,1.3497188936179207
130.53333333333333,0.2,0.6,39.288003112390996,8.121984309686718,0.9799722140761415,-0.6466619986040291,1.34935230883043
130.56666666666666,0.2,0.6,39.288003112390996,8.121984309686718,0.9755587404841385,-0.6476978005136227,1.34872186765494
130.6,0.2,0.6,39.288003112390996,8.121984309686718,0.9714096291494845,-0.6483220090085939,1.3478692972947883
130.63333333333333,0.2,0.6,39.288003112390996,8.121984309686718,0.9675232095619384,-0.6485825496982087,1.3468324927411157
130.66666666666666,0.2,0.6,39.288003112390996,8.121984309686718,0.9638959630743308,-0.6485242654167145,1.3456456840367992
130.7,0.2,0.6,39.288003112390996,8.121984309686718,0.9605227799745345,-0.6481889008889691,1.3443396235176175
130.73333333333332,0.2,0.6,39.288003112390996,8.121984309686718,0.9573972001324799,-0.6476151223387152,1.3429417867226845
130.76666666666665,0.2,0.6,39.288003112390996,8.121984309686718,0.9545116363644133,-0.6468385670198378,1.3414765815177496
130.8,0.2,0.6,39.288003112390996,8.121984309686718,0.9518575800889585,-0.6458919178699214,1.3399655608076657
130.83333333333334,0.2,0.6,39.288003112390996,8.121984309686718,0.9494257892121997,-0.6448049987819982,1.338427635003208
130.86666666666667,0.2,0.6,39.288003112390996,8.121984309686718,0.9472064584762677,-0.6436048863394286,1.3368792811355625
130.9,0.2,0.6,39.288003112390996,8.121984309686718,0.9451893727433445,-0.642316034239231,1.3353347461689202
130.93333333333334,0.2,0.6,39.288003112390996,8.121984309686718,0.9433640438708838,-0.6409604070235119,1.3338062426427064
130.96666666666667,0.2,0.6,39.288003112390996,8.121984309686718,0.9417198319707484,-0.6395576201331564,1.332304135279212
131.0,0.2,0.6,39.288003112390996,8.121984309686718,0.9402460519413818,-0.6381250836820114,1.3308371176219596
131.03333333333333,0.2,0.6,39.288003112390996,8.121984309686718,0.9389320662243044,-0.6366781477156335,1.3294123781294254
131.06666666666666,0.2,0.6,39.288003112390996,8.121984309686718,0.9377673647699262,-0.6352302470608542,1.3280357554435478
131.1,0.2,0.6,39.288003112390996,8.121984309686718,0.9367416332081469,-0.6337930441874802,1.3267118827893785
131.13333333333333,0.2,0.6,39.288003112390996,8.121984309686718,0.935844810211131,-0.6323765687895514,1.3254443216482454
131.16666666666666,0.2,0.6,39.288003112390996,8.121984309686718,0.935067135013073,-0.6309893530501248,1.3242356849887917
131.2,0.2,0.6,39.288003112390996,8.121984309686718,0.9343991860181943,-0.629638561780908,1.323087750444873
131.23333333333332,0.2,0.6,39.288003112390996,8.121984309686718,0.9338319113866042,-0.6283301168273194,1.322001563902718
131.26666666666665,0.2,0.6,39.288003112390996,8.121984309686718,0.9333566524404731,-0.6270688153022632,1.320977534007574
131.3,0.2,0.6,39.288003112390996,8.121984309686718,0.9329651606822238,-0.6258584413599969,1.3200155181272513
131.33333333333334,0.2,0.6,39.288003112390996,8.121984309686718,0.9326496091637971,-0.6247018713470074,1.3191149003209073
131.36666666666667,0.2,0.6,39.288003112390996,8.121984309686718,0.932402598892776,-0.6236011722719748,1.3182746618597705
131.4,0.2,0.6,39.288003112390996,8.121984309686718,0.9322171609082851,-0.6225576936238534,1.3174934448354583
131.43333333333334,0.2,0.6,39.288003112390996,8.121984309686718,0.93208675460789,-0.6215721526379263,1.316769609373669
131.46666666666667,0.2,0.6,39.288003112390996,8.121984309686718,0.932005262856775,-0.620644713166402,1.3161012849484708
131.5,0.2,0.6,39.288003112390996,8.121984309686718,0.9319669843626976,-0.6197750583545631,1.3154864162668447
131.53333333333333,0.2,0.6,39.288003112390996,8.121984309686718,0.9319666237548743,-0.6189624573573672,1.314922804165918
131.56666666666666,0.2,0.6,39.288003112390996,8.121984309686718,0.9319992797622138,-0.6182058263562866,1.314408141937457
131.6,0.2,0.6,39.288003112390996,8.121984309686718,0.9320604318462826,-0.6175037841534501,1.3139400474664558
131.63333333333333,0.2,0.6,39.288003112390996,8.121984309686718,0.9321459256070616,-0.6168547026310499,1.3135160915436037
131.66666666666666,0.2,0.6,39.288003112390996,8.121984309686718,0.932251957244926,-0.616256752369599,1.3131338226854254
131.7,0.2,0.6,39.288003112390996,8.121984309686718,0.9323750573302781,-0.6157079437199062,1.3127907887712162
131.73333333333332,0.2,0.6,39.288003112390996,8.121984309686718,0.9325120741027859,-0.6152061636214179,1.312484555782677
131.76666666666665,0.2,0.6,39.288003112390996,8.121984309686718,0.932660156495136,-0.6147492084545468,1.3122127239104489
131.8,0.2,0.6,39.288003112390996,8.121984309686718,0.9328167370514581,-0.6143348132073907,1.3119729412715664
131.83333333333334,0.2,0.6,39.288003112390996,8.121984309686718,0.9329795148879977,-0.6139606772283327,1.31176291546314
131.86666666666667,0.2,0.6,39.288003112390996,8.121984309686718,0.9331464388230756,-0.6136244868258515,1.311580423160281
131.9,0.2,0.6,39.288003112390996,8.121984309686718,0.933315690784734,-0.613323934965802,1.311423317950306
131.93333333333334,0.2,0.6,39.288003112390996,8.121984309686718,0.9334856695876096,-0.6130567383047566,1.3112895365805053
131.96666666666667,0.2,0.6,39.288003112390996,8.121984309686718,0.9336549751553636,-0.6128206517859655,1.311177103783129
132.0,0.2,0.6,39.288003112390996,8.121984309686718,0.9338223932513117,-0.6126134810122922,1.3110841358286438
132.03333333333333,0.2,0.6,39.288003112390996,8.121984309686718,0.9339868807676281,-0.6124330925982785,1.3110088429466369
132.06666666666666,0.2,0.6,39.288003112390996,8.121984309686718,0.9341475516125255,-0.6122774226913987,1.3109495307429146
132.1,0.2,0.6,39.288003112390996,8.121984309686718,0.9343036632250405,-0.6121444838406925,1.3109046007312686
132.13333333333333,0.2,0.6,39.288003112390996,8.121984309686718,0.9344546037383904,-0.6120323703793831,1.310872550089002
132.16666666666666,0.2,0.6,39.288003112390996,8.121984309686718,0.9345998798052007,-0.6119392624768527,1.3108519707365502
132.2,0.2,0.6,39.288003112390996,8.121984309686718,0.9347391050911783,-0.6118634290045063,1.3108415478333364
132.23333333333332,0.2,0.6,39.288003112390996,8.121984309686718,0.9348719894379158,-0.611803229349629,1.3108400577743324
132.26666666666665,0.2,0.6,39.288003112390996,8.121984309686718,0.9349983286904023,-0.6117571143013611,1.3108463657645986
132.3,0.2,0.6,39.288003112390996,8.121984309686718,0.9351179951804125,-0.6117236261233823,1.3108594230423267
132.33333333333334,0.2,0.6,39.288003112390996,8.121984309686718,0.9352309288531778,-0.6117013979188192,1.3108782638145615
132.36666666666667,0.2,0.6,39.288003112390996,8.121984309686718,0.9353371290215673,-0.6116891523842771,1.310902001963824
132.4,0.2,0.6,39.288003112390996,8.121984309686718,0.935436646729348,-0.6116857000417262,1.3109298275782661
132.43333333333334,0.2,0.6,39.288003112390996,8.121984309686718,0.9355295777029246,-0.611689937029261,1.310961003352733
132.46666666666667,0.2,0.6,39.288003112390996,8.121984309686718,0.9356160558692088,-0.6117008425244724,1.3109948609031947
132.5,0.2,0.6,39.288003112390996,8.121984309686718,0.9356962474159166,-0.6117174758673223,1.3110307970324016
132.53333333333333,0.2,0.6,39.288003112390996,8.121984309686718,0.935770345369575,-0.6117389734429783,1.3110682699803131
132.56666666666666,0.2,0.6,39.288003112390996,8.121984309686718,0.9358385646658247,-0.6117645453790421,1.3111067956888385
132.6,0.2,0.6,39.288003112390996,8.121984309686718,0.9359011376861737,-0.6117934721059638,1.3111459441066955
132.63333333333333,0.2,0.6,39.288003112390996,8.121984309686718,0.9359583102351775,-0.6118251008241817,1.3111853355567287
132.66666666666666,0.2,0.6,39.288003112390996,8.121984309686718,0.9360103379320501,-0.61185884191663,1.3112246371848268
132.7,0.2,0.6,39.288003112390996,8.121984309686718,0.9360574829909261,-0.6118941653407116,1.3112635595066253
132.73333333333332,0.2,0.6,39.288003112390996,8.121984309686718,0.9361000113643755,-0.6119305970296268,1.3113018530654654
132.76666666666665,0.2,0.6,39.288003112390996,8.121984309686718,0.936138190225288,-0.6119677153290554,1.3113393052126023
132.8,0.2,0.6,39.288003112390996,8.121984309686718,0.9361722857628775,-0.6120051474916128,1.3113757370183896
132.83333333333334,0.2,0.6,39.288003112390996,8.121984309686718,0.9362025612692929,-0.6120425662482069,1.3114110003211155
132.86666666666667,0.2,0.6,39.288003112390996,8.121984309686718,0.9362292754941337,-0.6120796864724104,1.3114449749183177
132.9,0.2,0.6,39.288003112390996,8.121984309686718,0.9362526812450483,-0.6121162619512195,1.3114775659037379
132.93333333333334,0.2,0.6,39.288003112390996,8.121984309686718,0.9362730242135221,-0.6121520822730638,1.3115087011515978
132.96666666666667,0.2,0.6,39.288003112390996,8.121984309686718,0.9362905420059296,-0.6121869698416775,1.3115383289485607
133.0,0.2,0.6,39.288003112390996,8.121984309686718,0.936305463360919,-0.6122207770223955,1.3115664157725921
133.03333333333333,0.2,0.6,39.288003112390996,8.121984309686718,0.9363180075352016,-0.6122533834256114,1.311592944216922
133.06666666666666,0.2,0.6,39.288003112390996,8.121984309686718,0.9363283838408386,-0.6122846933304975,1.311617911056442
133.1,0.2,0.6,39.288003112390996,8.121984309686718,0.9363367913181266,-0.6123146332506351,1.3116413254531296
133.13333333333333,0.2,0.6,39.288003112390996,8.121984309686718,0.936343418529185,-0.6123431496419247,1.3116632072964676
133.16666666666666,0.2,0.6,39.288003112390996,8.121984309686718,0.9363484434583397,-0.6123702067520219,1.311683585674311
133.2,0.2,0.6,39.288003112390996,8.121984309686718,0.9363520335063624,-0.6123957846095719,1.3117024974692326
133.23333333333332,0.2,0.6,39.288003112390996,8.121984309686718,0.9363543455665657,-0.6124198771506771,1.31171998607506
133.26666666666665,0.2,0.6,39.288003112390996,8.121984309686718,0.9363555261716664,-0.6124424904793183,1.31173610022806
133.3,0.2,0.6,39.288003112390996,8.121984309686718,0.9363557117012118,-0.6124636412578527,1.3117508929470652
133.33333333333334,0.2,0.6,39.288003112390996,8.121984309686718,0.9363550286402055,-0.6124833552232183,1.3117644205767183
133.36666666666667,0.2,0.6,39.288003112390996,8.121984309686718,0.9363535938803802,-0.6125016658240763,1.3117767419279758
133.4,0.2,0.6,39.288003112390996,8.121984309686718,0.9363515150563336,-0.6125186129738109,1.3117879175099982
133.43333333333334,0.2,0.6,39.288003112390996,8.121984309686718,0.9363488909094759,-0.6125342419140744,1.3117980088476162
133.46666666666667,0.2,0.6,39.288003112390996,8.121984309686718,0.9363458116734282,-0.6125486021833983,1.3118070778786366
133.5,0.2,0.6,39.288003112390996,8.121984309686718,0.9363423594751619,-0.6125617466852956,1.3118151864253815
133.53333333333333,0.2,0.6,39.288003112390996,8.121984309686718,0.9363386087467823,-0.612573730850225,1.311822395734991
133.56666666666666,0.2,0.6,39.288003112390996,8.121984309686718,0.9363346266434321,-0.612584611885799,1.3118287660831998
133.6,0.2,0.6,39.288003112390996,8.121984309686718,0.9363304734633223,-0.6125944481096575,1.3118343564364803
133.63333333333333,0.2,0.6,39.288003112390996,8.121984309686718,0.9363262030663952,-0.6126032983595107,1.311839224167658
133.66666666666666,0.2,0.6,39.288003112390996,8.121984309686718,0.9363218632885857,-0.6126112214749717,1.3118434248203124
133.7,0.2,0.6,39.288003112390996,8.121984309686718,0.9363174963490644,-0.6126182758459352,1.3118470119175096
133.73333333333332,0.2,0.6,39.288003112390996,8.121984309686718,0.9363131392482429,-0.6126245190224222,1.31185003681064
133.76666666666665,0.2,0.6,39.288003112390996,8.121984309686718,0.9363088241546726,-0.6126300073809926,1.3118525485643686
133.8,0.2,0.6,39.288003112390996,8.121984309686718,0.9363045787792945,-0.61263479584302,1.3118545938739399
133.83333333333334,0.2,0.6,39.288003112390996,8.121984309686718,0.9363004267357947,-0.6126389376403294,1.3118562170113144
133.86666666666667,0.2,0.6,39.288003112390996,8.121984309686718,0.9362963878860847,-0.612642484123913,1.3118574597968446
133.9,0.2,0.6,39.288003112390996,8.121984309686718,0.9362924786701667,-0.6126454846116589,1.3118583615934234
133.93333333333334,0.2,0.6,39.288003112390996,8.121984309686718,0.9362887124198592,-0.6126479862712488,1.311858959320258
133.96666666666667,0.2,0.6,39.288003112390996,8.121984309686718,0.936285099656049,-0.6126500340346056,1.3118592874836443
134.0,0.2,0.6,39.288003112390996,8.121984309686718,0.9362816483693053,-0.6126516705404935,1.3118593782223138
134.03333333333333,0.2,0.6,39.288003112390996,8.121984309686718,0.9362783642838413,-0.6126529361020938,1.3118592613651328
134.06666666666666,0.2,0.6,39.288003112390996,8.121984309686718,0.9362752511049364,-0.6126538686965959,1.3118589644991212
134.1,0.2,0.6,39.288003112390996,8.121984309686718,0.9362723107500469,-0.6126545039740541,1.3118585130459404
134.13333333333333,0.2,0.6,39.288003112390996,8.121984309686718,0.9362695435639277,-0.612654875282966,1.3118579303451725
134.16666666666666,0.2,0.6,39.288003112390996,8.121984309686718,0.9362669485181686,-0.6126550137102271,1.3118572377428792
134.2,0.2,0.6,39.288003112390996,8.121984309686718,0.9362645233956182,-0.6126549481333067,1.311856454684078
134.23333333333332,0.2,0.6,39.288003112390996,8.121984309686718,0.9362622649602208,-0.6126547052826744,1.3118555988079244
134.26666666666665,0.2,0.6,39.288003112390996,8.121984309686718,0.9362601691128406,-0.6126543098126794,1.3118546860445168
134.3,0.2,0.6,39.288003112390996,8.121984309686718,0.9362582310336754,-0.6126537843792526,1.3118537307123774
134.33333333333334,0.2,0.6,39.288003112390996,8.121984309686718,0.9362564453118933,-0.6126531497229566,1.311852745615767
134.36666666666667,0.2,0.6,39.288003112390996,8.121984309686718,0.9362548060631385,-0.6126524247560609,1.311851742141111
134.4,0.2,0.6,39.288003112390996,8.121984309686718,0.9362533070355645,-0.6126516266524531,1.3118507303519127
134.43333333333334,0.2,0.6,39.288003112390996,8.121984309686718,0.936251941705056,-0.6126507709393347,1.3118497190816123
134.46666666666667,0.2,0.6,39.288003112390996,8.121984309686718,0.9362507033602975,-0.6126498715897654,1.3118487160239516
134.5,0.2,0.6,39.288003112390996,8.121984309686718,0.9362495851783428,-0.612648941115237,1.311847727820464
134.53333333333333,0.2,0.6,39.288003112390996,8.121984309686718,0.9362485802913245,-0.6126479906575646,1.311846760144792
134.56666666666666,0.2,0.6,39.288003112390996,8.121984309686718,0.9362476818449331,-0.6126470300794737,1.3118458177835912
134.6,0.2,0.6,39.288003112390996,8.121984309686718,0.9362468830492725,-0.6126460680533593,1.3118449047138394
134.63333333333333,0.2,0.6,39.288003112390996,8.121984309686718,0.9362461772226834,-0.6126451121477672,1.3118440241764195
134.66666666666666,0.2,0.6,39.288003112390996,8.121984309686718,0.9362455578291023,-0.6126441689112299,1.311843178745889
134.7,0.2,0.6,39.288003112390996,8.121984309686718,0.9362450185094997,-0.6126432439531507,1.3118423703963944
134.73333333333332,0.2,0.6,39.288003112390996,8.121984309686718,0.9362445531079175,-0.6126423420214976,1.3118416005637163
134.76666666666665,0.2,0.6,39.288003112390996,8.121984309686718,0.9362441556926017,-0.6126414670771172,1.3118408702034703
134.8,0.2,0.6,39.288003112390996,8.121984309686718,0.9362438205726961,-0.612640622364537,1.311840179845507
134.83333333333334,0.2,0.6,39.288003112390996,8.121984309686718,0.9362435423109424,-0.6126398104791606,1.311839529644588
134.86666666666667,0.2,0.6,39.288003112390996,8.121984309686718,0.9362433157328008,-0.6126390334308061,1.3118389194274218
134.9,0.2,0.6,39.288003112390996,8.121984309686718,0.9362431359323821,-0.6126382927035686,1.311838348736172
134.93333333333334,0.2,0.6,39.288003112390996,8.121984309686718,0.936242998275555,-0.612637589312022,1.3118378168685527
134.96666666666667,0.2,0.6,39.288003112390996,8.121984309686718,0.9362428984005697,-0.6126369238537968,1.3118373229146467
135.0,0.2,0.6,39.288003112390996,8.121984309686718,0.9362428322165098,-0.6126362965585987,1.3118368657905823
135.03333333333333,0.2,0.6,39.288003112390996,8.121984309686718,0.9362427958998658,-0.6126357073337487,1.3118364442692152
135.06666666666666,0.2,0.6,39.288003112390996,8.121984309686718,0.9362427858894967,-0.6126351558063408,1.3118360570079646
135.1,0.2,0.6,39.288003112390996,8.121984309686718,0.9362427988802261,-0.6126346413621315,1.3118357025739578
135.13333333333333,0.2,0.6,39.288003112390996,8.121984309686718,0.9362428318152972,-0.612634163181281,1.3118353794666326
135.16666666666666,0.2,0.6,39.288003112390996,8.121984309686718,0.9362428818778923,-0.6126337202710767,1.3118350861379562
135.2,0.2,0.6,39.288003112390996,8.121984309686718,0.9362429464818999,-0.6126333114957759,1.3118348210104052
135.23333333333332,0.2,0.6,39.288003112390996,8.121984309686718,0.9362430232621002,-0.6126329356037107,1.3118345824928639
135.26666666666665,0.2,0.6,39.288003112390996,8.121984309686718,0.936243110063916,-0.6126325912517957,1.31183436899458
135.3,0.2,0.6,39.288003112390996,8.121984309686718,0.9362432049328654,-0.6126322770275884,1.3118341789373253
135.33333333333334,0.2,0.6,39.288003112390996,8.121984309686718,0.936243306103835,-0.6126319914690439,1.3118340107658963
135.36666666666667,0.2,0.6,39.288003112390996,8.121984309686718,0.936243411990279,-0.6126317330821117,1.3118338629570871
135.4,0.2,0.6,39.288003112390996,8.121984309686718,0.9362435211734367,-0.6126315003563152,1.311833734027265
135.43333333333334,0.2,0.6,39.288003112390996,8.121984309686718,0.9362436323916484,-0.6126312917784541,1.3118336225386666
135.46666666666667,0.2,0.6,39.288003112390996,8.121984309686718,0.93624374452984,-0.6126311058445667,1.3118335271045345
135.5,0.2,0.6,39.288003112390996,8.121984309686718,0.936243856609234,-0.6126309410702829,1.3118334463932002
135.53333333333333,0.2,0.6,39.288003112390996,8.121984309686718,0.9362439677773376,-0.6126307959996959,1.3118333791312207
135.56666666666666,0.2,0.6,39.288003112390996,8.121984309686718,0.9362440772982491,-0.6126306692128751,1.311833324105665
135.6,0.2,0.6,39.288003112390996,8.121984309686718,0.9362441845433155,-0.6126305593321365,1.3118332801656414
135.63333333333333,0.2,0.6,39.288003112390996,8.121984309686718,0.9362442889821685,-0.6126304650271838,1.3118332462231532
135.66666666666666,0.2,0.6,39.288003112390996,8.121984309686718,0.936244390174159,-0.6126303850192236,1.311833221253362
135.7,0.2,0.6,39.288003112390996,8.121984309686718,0.9362444877602032,-0.6126303180841578,1.3118332042943317
135.73333333333332,0.2,0.6,39.288003112390996,8.121984309686718,0.9362445814550526,-0.6126302630549443,1.3118331944463228
135.76666666666665,0.2,0.6,39.288003112390996,8.121984309686718,0.9362446710399902,-0.6126302188232177,1.3118331908707013
135.8,0.2,0.6,39.288003112390996,8.121984309686718,0.9362447563559553,-0.6126301843402505,1.3118331927885172
135.83333333333334,0.2,0.6,39.288003112390996,8.121984309686718,0.9362448372970947,-0.6126301586173337,1.3118331994788095
135.86666666666667,0.2,0.6,39.288003112390996,8.121984309686718,0.9362449138047345,-0.6126301407256474,1.3118332102766832
135.9,0.2,0.6,39.288003112390996,8.121984309686718,0.9362449858617649,-0.6126301297956888,1.3118332245712034
135.93333333333334,0.2,0.6,39.288003112390996,8.121984309686718,0.9362450534874276,-0.6126301250163186,1.3118332418031458
135.96666666666667,0.2,0.6,39.288003112390996,8.121984309686718,0.9362451167324954,-0.612630125633482,1.3118332614626405
136.0,0.2,0.6,39.288003112390996,8.121984309686718,0.9362451756748285,-0.6126301309486557,1.3118332830867392
136.03333333333333,0.2,0.6,39.288003112390996,8.121984309686718,0.9362452304152944,-0.6126301403170696,1.3118333062569356
136.06666666666666,0.2,0.6,39.288003112390996,8.121984309686718,0.9362452810740365,-0.6126301531457432,1.3118333305966625
136.1,0.2,0.6,39.288003112390996,8.121984309686718,0.9362453277870737,-0.6126301688913779,1.311833355768791
136.13333333333333,0.2,0.6,39.288003112390996,8.121984309686718,0.9362453707032158,-0.612630187058139,1.3118333814731455
136.16666666666666,0.2,0.6,39.288003112390996,8.121984309686718,0.9362454099812773,-0.6126302071953585,1.3118334074440583
136.2,0.2,0.6,39.288003112390996,8.121984309686718,0.9362454457875721,-0.6126302288951866,1.3118334334479704
136.23333333333332,0.2,0.6,39.288003112390996,8.121984309686718,0.9362454782936737,-0.6126302517902162,1.3118334592810963
136.26666666666665,0.2,0.6,39.288003112390996,8.121984309686718,0.9362455076744219,-0.6126302755511035,1.31183348476716
136.3,0.2,0.6,39.288003112390996,8.121984309686718,0.9362455341061617,-0.6126302998842013,1.311833509755211
136.33333333333334,0.2,0.6,39.288003112390996,8.121984309686718,0.9362455577651961,-0.6126303245292232,1.3118335341175267
136.36666666666667,0.2,0.6,39.288003112390996,8.121984309686718,0.9362455788264391,-0.6126303492569523,1.3118335577476066
136.4,0.2,0.6,39.288003112390996,8.121984309686718,0.9362455974622517,-0.6126303738670051,1.3118335805582604
136.43333333333334,0.2,0.6,39.288003112390996,8.121984309686718,0.9362456138414477,-0.6126303981856632,1.3118336024797956
136.46666666666667,0.2,0.6,39.288003112390996,8.121984309686718,0.9362456281284542,-0.6126304220637775,1.3118336234583021
136.5,0.2,0.6,39.288003112390996,8.121984309686718,0.9362456404826142,-0.6126304453747542,1.3118336434540367
136.53333333333333,0.2,0.6,39.288003112390996,8.121984309686718,0.9362456510576166,-0.6126304680126268,1.3118336624399074
136.56666666666666,0.2,0.6,39.288003112390996,8.121984309686718,0.9362456600010448,-0.6126304898902171,1.311833680400054
136.6,0.2,0.6,39.288003112390996,8.121984309686718,0.9362456674540285,-0.6126305109373885,1.3118336973285267
136.63333333333333,0.2,0.6,39.288003112390996,8.121984309686718,0.9362456735509904,-0.6126305310993939,1.3118337132280569
136.66666666666666,0.2,0.6,39.288003112390996,8.121984309686718,0.9362456784194775,-0.6126305503353169,1.3118337281089207
136.7,0.2,0.6,39.288003112390996,8.121984309686718,0.9362456821800657,-0.6126305686166075,1.3118337419878903
136.73333333333332,0.2,0.6,39.288003112390996,8.121984309686718,0.9362456849463311,-0.6126305859257118,1.311833754887269
136.76666666666665,0.2,0.6,39.288003112390996,8.121984309686718,0.9362456868248783,-0.6126306022547929,1.31183376683401
136.8,0.2,0.6,39.288003112390996,8.121984309686718,0.9362456879154186,-0.6126306176045415,1.311833777858912
136.83333333333334,0.2,0.6,39.288003112390996,8.121984309686718,0.9362456883108913,-0.6126306319830745,1.3118337879958872
136.86666666666667,0.2,0.6,39.288003112390996,8.121984309686718,0.9362456880976204,-0.6126306454049183,1.3118337972813023
136.9,0.2,0.6,39.288003112390996,8.121984309686718,0.9362456873555038,-0.6126306578900725,1.3118338057533827
136.93333333333334,0.2,0.6,39.288003112390996,8.121984309686718,0.9362456861582255,-0.6126306694631537,1.3118338134516807
136.96666666666667,0.2,0.6,39.288003112390996,8.121984309686718,0.936245684573489,-0.6126306801526124,1.3118338204166016
137.0,0.2,0.6,39.288003112390996,8.121984309686718,0.9362456826632674,-0.612630689990022,1.3118338266889835
137.03333333333333,0.2,0.6,39.288003112390996,8.121984309686718,0.9362456804840636,-0.6126306990094353,1.311833832309729
137.06666666666666,0.2,0.6,39.288003112390996,8.121984309686718,0.9362456780871811,-0.6126307072468039,1.3118338373194818
137.1,0.2,0.6,39.288003112390996,8.121984309686718,0.9362456755189974,-0.6126307147394586,1.3118338417583497
137.13333333333333,0.2,0.6,39.288003112390996,8.121984309686718,0.9362456728212426,-0.6126307215256456,1.3118338456656644
137.16666666666666,0.2,0.6,39.288003112390996,8.121984309686718,0.9362456700312759,-0.612630727644115,1.3118338490797803
137.2,0.2,0.6,39.288003112390996,8.121984309686718,0.9362456671823614,-0.612630733133759,1.3118338520379051
137.23333333333332,0.2,0.6,39.288003112390996,8.121984309686718,0.9362456643039389,-0.6126307380332955,1.3118338545759625
137.26666666666665,0.2,0.6,39.288003112390996,8.121984309686718,0.9362456614218897,-0.6126307423809924,1.311833856728481
137.3,0.2,0.6,39.288003112390996,8.121984309686718,0.9362456585587958,-0.6126307462144327,1.3118338585285085
137.33333333333334,0.2,0.6,39.288003112390996,8.121984309686718,0.9362456557341906,-0.6126307495703139,1.3118338600075494
137.36666666666667,0.2,0.6,39.288003112390996,8.121984309686718,0.9362456529648007,-0.6126307524842802,1.3118338611955205
137.4,0.2,0.6,39.288003112390996,8.121984309686718,0.9362456502647786,-0.6126307549907843,1.3118338621207264
137.43333333333334,0.2,0.6,39.288003112390996,8.121984309686718,0.9362456476459251,-0.6126307571229763,1.311833862809849
137.46666666666667,0.2,0.6,39.288003112390996,8.121984309686718,0.9362456451179011,-0.6126307589126169,1.3118338632879512
137.5,0.2,0.6,39.288003112390996,8.121984309686718,0.9362456426884285,-0.612630760390012,1.3118338635784936
137.53333333333333,0.2,0.6,39.288003112390996,8.121984309686718,0.93624564036348,-0.6126307615839675,1.3118338637033597
137.56666666666666,0.2,0.6,39.288003112390996,8.121984309686718,0.9362456381474586,-0.6126307625217609,1.311833863682891
137.6,0.2,0.6,39.288003112390996,8.121984309686718,0.9362456360433653,-0.6126307632291287,1.3118338635359288
137.63333333333333,0.2,0.6,39.288003112390996,8.121984309686718,0.9362456340529562,-0.6126307637302667,1.3118338632798632
137.66666666666666,0.2,0.6,39.288003112390996,8.121984309686718,0.9362456321768897,-0.6126307640478427,1.3118338629306856
137.7,0.2,0.6,39.288003112390996,8.121984309686718,0.9362456304148618,-0.6126307642030185,1.3118338625030463
137.73333333333332,0.2,0.6,39.288003112390996,8.121984309686718,0.9362456287657325,-0.6126307642154821,1.3118338620103138
137.76666666666665,0.2,0.6,39.288003112390996,8.121984309686718,0.9362456272276422,-0.612630764103485,1.3118338614646377
137.8,0.2,0.6,39.288003112390996,8.121984309686718,0.9362456257981181,-0.6126307638838877,1.3118338608770117
137.83333333333334,0.2,0.6,39.288003112390996,8.121984309686718,0.9362456244741725,-0.6126307635722084,1.3118338602573383
137.86666666666667,0.2,0.6,39.288003112390996,8.121984309686718,0.9362456232523914,-0.612630763182677,1.3118338596144925
137.9,0.2,0.6,39.288003112390996,8.121984309686718,0.9362456221290156,-0.6126307627282914,1.3118338589563865
137.93333333333334,0.2,0.6,39.288003112390996,8.121984309686718,0.9362456211000146,-0.6126307622208762,1.3118338582900322
137.96666666666667,0.2,0.6,39.288003112390996,8.121984309686718,0.9362456201611514,-0.6126307616711426,1.3118338576216033
138.0,0.2,0.6,39.288003112390996,8.121984309686718,0.9362456193080422,-0.6126307610887496,1.3118338569564956
138.03333333333333,0.2,0.6,39.288003112390996,8.121984309686718,0.9362456185362087,-0.612630760482365,1.311833856299386
138.06666666666666,0.2,0.6,39.288003112390996,8.121984309686718,0.9362456178411247,-0.6126307598597263,1.3118338556542888
138.1,0.2,0.6,39.288003112390996,8.121984309686718,0.9362456172182569,-0.612630759227701,1.3118338550246096
138.13333333333333,0.2,0.6,39.288003112390996,8.121984309686718,0.9362456166631008,-0.612630758592346,1.3118338544131982
138.16666666666666,0.2,0.6,39.288003112390996,8.121984309686718,0.9362456161712113,-0.6126307579589644,1.3118338538223981
138.2,0.2,0.6,39.288003112390996,8.121984309686718,0.9362456157382292,-0.6126307573321631,1.3118338532540927
138.23333333333332,0.2,0.6,39.288003112390996,8.121984309686718,0.9362456153599038,-0.6126307567159059,1.311833852709751
138.26666666666665,0.2,0.6,39.288003112390996,8.121984309686718,0.9362456150321116,-0.6126307561135661,1.3118338521904693
138.3,0.2,0.6,39.288003112390996,8.121984309686718,0.9362456147508712,-0.6126307555279766,1.3118338516970107
138.33333333333334,0.2,0.6,39.288003112390996,8.121984309686718,0.936245614512356,-0.6126307549614776,1.3118338512298418
138.36666666666667,0.2,0.6,39.288003112390996,8.121984309686718,0.9362456143129033,-0.6126307544159616,1.3118338507891676
138.4,0.2,0.6,39.288003112390996,8.121984309686718,0.9362456141490219,-0.6126307538929173,1.3118338503749636
138.43333333333334,0.2,0.6,39.288003112390996,8.121984309686718,0.936245614017396,-0.6126307533934693,1.311833849987005
138.46666666666667,0.2,0.6,39.288003112390996,8.121984309686718,0.936245613914889,-0.6126307529184165,1.311833849624895
138.5,0.2,0.6,39.288003112390996,8.121984309686718,0.936245613838544,-0.612630752468268,1.3118338492880888
138.53333333333333,0.2,0.6,39.288003112390996,8.121984309686718,0.9362456137855832,-0.6126307520432763,1.3118338489759178
138.56666666666666,0.2,0.6,39.288003112390996,8.121984309686718,0.9362456137534069,-0.6126307516434685,1.3118338486876104
138.6,0.2,0.6,39.288003112390996,8.121984309686718,0.9362456137395897,-0.6126307512686747,1.311833848422311
138.63333333333333,0.2,0.6,39.288003112390996,8.121984309686718,0.9362456137418774,-0.6126307509185552,1.3118338481790979
138.66666666666666,0.2,0.6,39.288003112390996,8.121984309686718,0.9362456137581822,-0.6126307505926246,1.3118338479569973
138.7,0.2,0.6,39.288003112390996,8.121984309686718,0.9362456137865766,-0.612630750290274,1.3118338477549996
138.73333333333332,0.2,0.6,39.288003112390996,8.121984309686718,0.9362456138252886,-0.6126307500107921,1.3118338475720703
138.76666666666665,0.2,0.6,39.288003112390996,8.121984309686718,0.9362456138726947,-0.6126307497533836,1.3118338474071618
138.8,0.2,0.6,39.288003112390996,8.121984309686718,0.9362456139273134,-0.6126307495171858,1.3118338472592226
138.83333333333334,0.2,0.6,39.288003112390996,8.121984309686718,0.9362456139877984,-0.6126307493012844,1.3118338471272062
138.86666666666667,0.2,0.6,39.288003112390996,8.121984309686718,0.9362456140529312,-0.6126307491047267,1.3118338470100788
138.9,0.2,0.6,39.288003112390996,8.121984309686718,0.9362456141216146,-0.6126307489265342,1.311833846906825
138.93333333333334,0.2,0.6,39.288003112390996,8.121984309686718,0.936245614192865,-0.6126307487657132,1.3118338468164534
138.96666666666667,0.2,0.6,39.288003112390996,8.121984309686718,0.9362456142658057,-0.6126307486212645,1.3118338467380015
139.0,0.2,0.6,39.288003112390996,8.121984309686718,0.9362456143396596,-0.6126307484921917,1.3118338466705388
139.03333333333333,0.2,0.6,39.288003112390996,8.121984309686718,0.9362456144137427,-0.6126307483775084,1.31183384661317
139.06666666666666,0.2,0.6,39.288003112390996,8.121984309686718,0.9362456144874569,-0.6126307482762449,1.311833846565038
139.1,0.2,0.6,39.288003112390996,8.121984309686718,0.9362456145602841,-0.6126307481874528,1.3118338465253245
139.13333333333333,0.2,0.6,39.288003112390996,8.121984309686718,0.9362456146317794,-0.6126307481102101,1.3118338464932517
139.16666666666666,0.2,0.6,39.288003112390996,8.121984309686718,0.9362456147015654,-0.6126307480436248,1.3118338464680839
139.2,0.2,0.6,39.288003112390996,8.121984309686718,0.9362456147693264,-0.6126307479868377,1.3118338464491262
139.23333333333332,0.2,0.6,39.288003112390996,8.121984309686718,0.9362456148348028,-0.6126307479390248,1.3118338464357255
139.26666666666665,0.2,0.6,39.288003112390996,8.121984309686718,0.9362456148977858,-0.6126307478993994,1.3118338464272705
139.3,0.2,0.6,39.288003112390996,8.121984309686718,0.9362456149581126,-0.6126307478672129,1.3118338464231902
139.33333333333334,0.2,0.6,39.288003112390996,8.121984309686718,0.936245615015662,-0.612630747841756,1.3118338464229535
139.36666666666667,0.2,0.6,39.288003112390996,8.121984309686718,0.9362456150703491,-0.6126307478223587,1.3118338464260682
139.4,0.2,0.6,39.288003112390996,8.121984309686718,0.9362456151221225,-0.612630747808391,1.3118338464320791
139.43333333333334,0.2,0.6,39.288003112390996,8.121984309686718,0.9362456151709594,-0.612630747799262,1.3118338464405683
139.46666666666667,0.2,0.6,39.288003112390996,8.121984309686718,0.9362456152168627,-0.6126307477944196,1.3118338464511516
139.5,0.2,0.6,39.288003112390996,8.121984309686718,0.9362456152598571,-0.6126307477933499,1.311833846463479
139.53333333333333,0.2,0.6,39.288003112390996,8.121984309686718,0.9362456152999867,-0.6126307477955761,1.311833846477231
139.56666666666666,0.2,0.6,39.288003112390996,8.121984309686718,0.936245615337312,-0.6126307478006574,1.3118338464921195
139.6,0.2,0.6,39.288003112390996,8.121984309686718,0.936245615371907,-0.6126307478081877,1.311833846507884
139.63333333333333,0.2,0.6,39.288003112390996,8.121984309686718,0.9362456154038573,-0.6126307478177945,1.311833846524291
139.66666666666666,0.2,0.6,39.288003112390996,8.121984309686718,0.9362456154332577,-0.612630747829137,1.3118338465411319
139.7,0.2,0.6,39.288003112390996,8.121984309686718,0.9362456154602103,-0.6126307478419051,1.3118338465582216
139.73333333333332,0.2,0.6,39.288003112390996,8.121984309686718,0.9362456154848232,-0.6126307478558174,1.3118338465753971
139.76666666666665,0.2,0.6,39.288003112390996,8.121984309686718,0.9362456155072082,-0.6126307478706202,1.3118338465925155
139.8,0.2,0.6,39.288003112390996,8.121984309686718,0.93624561552748,-0.6126307478860854,1.3118338466094528
139.83333333333334,0.2,0.6,39.288003112390996,8.121984309686718,0.9362456155457546,-0.6126307479020091,1.3118338466261024
139.86666666666667,0.2,0.6,39.288003112390996,8.121984309686718,0.9362456155621487,-0.6126307479182103,1.3118338466423733
139.9,0.2,0.6,39.288003112390996,8.121984309686718,0.9362456155767781,-0.6126307479345288,1.3118338466581896
139.93333333333334,0.2,0.6,39.288003112390996,8.121984309686718,0.9362456155897575,-0.6126307479508244,1.3118338466734882
139.96666666666667,0.2,0.6,39.288003112390996,8.121984309686718,0.9362456156011995,-0.612630747966975,1.3118338466882185
140.0,0.2,0.6,39.288003112390996,8.121984309686718,0.9362456156112138,-0.6126307479828753,1.3118338467023403
140.03333333333333,0.2,0.6,39.288003112390996,8.121984309686718,0.9362456156199072,-0.6126307479984355,1.3118338467158233
140.06666666666666,0.2,0.6,39.288003112390996,8.121984309686718,0.9362456156273827,-0.6126307480135799,1.3118338467286466
140.1,0.2,0.6,39.288003112390996,8.121984309686718,0.9362456156337396,-0.6126307480282457,1.3118338467407962
140.13333333333333,0.2,0.6,39.288003112390996,8.121984309686718,0.9362456156390729,-0.6126307480423819,1.3118338467522657
140.16666666666666,0.2,0.6,39.288003112390996,8.121984309686718,0.9362456156434733,-0.6126307480559482,1.3118338467630546
140.2,0.2,0.6,39.288003112390996,8.121984309686718,0.9362456156470269,-0.6126307480689137,1.3118338467731674
140.23333333333332,0.2,0.6,39.288003112390996,8.121984309686718,0.9362456156498153,-0.6126307480812562,1.3118338467826134
140.26666666666665,0.2,0.6,39.288003112390996,8.121984309686718,0.9362456156519157,-0.6126307480929609,1.3118338467914061
140.3,0.2,0.6,39.288003112390996,8.121984309686718,0.9362456156534001,-0.6126307481040202,1.3118338467995618
140.33333333333334,0.2,0.6,39.288003112390996,8.121984309686718,0.9362456156543366,-0.6126307481144321,1.3118338468071
140.36666666666667,0.2,0.6,39.288003112390996,8.121984309686718,0.9362456156547883,-0.6126307481241999,1.311833846814042
140.4,0.2,0.6,39.288003112390996,8.121984309686718,0.936245615654814,-0.6126307481333316,1.3118338468204114
140.43333333333334,0.2,0.6,39.288003112390996,8.121984309686718,0.9362456156544684,-0.6126307481418388,1.3118338468262327
140.46666666666667,0.2,0.6,39.288003112390996,8.121984309686718,0.9362456156538018,-0.6126307481497365,1.311833846831532
140.5,0.2,0.6,39.288003112390996,8.121984309686718,0.9362456156528607,-0.6126307481570425,1.3118338468363355
140.53333333333333,0.2,0.6,39.288003112390996,8.121984309686718,0.9362456156516874,-0.6126307481637768,1.3118338468406703
140.56666666666666,0.2,0.6,39.288003112390996,8.121984309686718,0.9362456156503209,-0.6126307481699612,1.3118338468445632
140.6,0.2,0.6,39.288003112390996,8.121984309686718,0.9362456156487966,-0.6126307481756189,1.311833846848041
140.63333333333333,0.2,0.6,39.288003112390996,8.121984309686718,0.9362456156471464,-0.6126307481807742,1.3118338468511308
140.66666666666666,0.2,0.6,39.288003112390996,8.121984309686718,0.936245615645399,-0.6126307481854523,1.3118338468538584
140.7,0.2,0.6,39.288003112390996,8.121984309686718,0.9362456156435804,-0.6126307481896784,1.3118338468562496
140.73333333333332,0.2,0.6,39.288003112390996,8.121984309686718,0.9362456156417139,-0.6126307481934784,1.3118338468583293
140.76666666666665,0.2,0.6,39.288003112390996,8.121984309686718,0.9362456156398198,-0.6126307481968778,1.3118338468601216
140.8,0.2,0.6,39.288003112390996,8.121984309686718,0.9362456156379162,-0.612630748199902,1.3118338468616497
140.83333333333334,0.2,0.6,39.288003112390996,8.121984309686718,0.9362456156360189,-0.6126307482025761,1.3118338468629358
140.86666666666667,0.2,0.6,39.288003112390996,8.121984309686718,0.9362456156341418,-0.6126307482049246,1.311833846864001
140.9,0.2,0.6,39.288003112390996,8.121984309686718,0.9362456156322965,-0.6126307482069713,1.3118338468648656
140.93333333333334,0.2,0.6,39.288003112390996,8.121984309686718,0.9362456156304931,-0.6126307482087392,1.311833846865549
140.96666666666667,0.2,0.6,39.288003112390996,8.121984309686718,0.9362456156287403,-0.6126307482102508,1.311833846866069
141.0,0.2,0.6,39.288003112390996,8.121984309686718,0.9362456156270448,-0.6126307482115272,1.3118338468664428
141.03333333333333,0.2,0.6,39.288003112390996,8.121984309686718,0.9362456156254123,-0.612630748212589,1.3118338468666861
141.06666666666666,0.2,0.6,39.288003112390996,8.121984309686718,0.9362456156238472,-0.6126307482134556,1.311833846866814
141.1,0.2,0.6,39.288003112390996,8.121984309686718,0.936245615622353,-0.6126307482141455,1.3118338468668402
141.13333333333333,0.2,0.6,39.288003112390996,8.121984309686718,0.9362456156209319,-0.6126307482146761,1.3118338468667778
141.16666666666666,0.2,0.6,39.288003112390996,8.121984309686718,0.9362456156195854,-0.6126307482150637,1.3118338468666386
141.2,0.2,0.6,39.288003112390996,8.121984309686718,0.9362456156183143,-0.6126307482153238,1.3118338468664332
141.23333333333332,0.2,0.6,39.288003112390996,8.121984309686718,0.9362456156171187,-0.6126307482154708,1.311833846866172
141.26666666666665,0.2,0.6,39.288003112390996,8.121984309686718,0.936245615615998,-0.6126307482155181,1.3118338468658644
141.3,0.2,0.6,39.288003112390996,8.121984309686718,0.9362456156149511,-0.6126307482154781,1.3118338468655182
141.33333333333334,0.2,0.6,39.288003112390996,8.121984309686718,0.9362456156139767,-0.6126307482153625,1.3118338468651414
141.36666666666667,0.2,0.6,39.288003112390996,8.121984309686718,0.9362456156130728,-0.6126307482151817,1.3118338468647406
141.4,0.2,0.6,39.288003112390996,8.121984309686718,0.9362456156122375,-0.6126307482149456,1.311833846864322
141.43333333333334,0.2,0.6,39.288003112390996,8.121984309686718,0.9362456156114682,-0.612630748214663,1.3118338468638913
141.46666666666667,0.2,0.6,39.288003112390996,8.121984309686718,0.9362456156107624,-0.6126307482143423,1.3118338468634532
141.5,0.2,0.6,39.288003112390996,8.121984309686718,0.9362456156101172,-0.6126307482139906,1.311833846863012
141.53333333333333,0.2,0.6,39.288003112390996,8.121984309686718,0.93624561560953,-0.6126307482136146,1.3118338468625717
141.56666666666666,0.2,0.6,39.288003112390996,8.121984309686718,0.9362456156089977,-0.6126307482132205,1.3118338468621351
141.6,0.2,0.6,39.288003112390996,8.121984309686718,0.9362456156085173,-0.6126307482128135,1.3118338468617055
141.63333333333333,0.2,0.6,39.288003112390996,8.121984309686718,0.9362456156080858,-0.6126307482123984,1.3118338468612851
141.66666666666666,0.2,0.6,39.288003112390996,8.121984309686718,0.9362456156077005,-0.6126307482119794,1.3118338468608761
141.7,0.2,0.6,39.288003112390996,8.121984309686718,0.9362456156073581,-0.6126307482115603,1.31183384686048
141.73333333333332,0.2,0.6,39.288003112390996,8.121984309686718,0.9362456156070559,-0.6126307482111443,1.3118338468600983
141.76666666666665,0.2,0.6,39.288003112390996,8.121984309686718,0.9362456156067909,-0.6126307482107342,1.311833846859732
141.8,0.2,0.6,39.288003112390996,8.121984309686718,0.9362456156065604,-0.6126307482103323,1.311833846859382
141.83333333333334,0.2,0.6,39.288003112390996,8.121984309686718,0.9362456156063618,-0.6126307482099407,1.311833846859049
141.86666666666667,0.2,0.6,39.288003112390996,8.121984309686718,0.9362456156061925,-0.6126307482095611,1.311833846858733
141.9,0.2,0.6,39.288003112390996,8.121984309686718,0.93624561560605,-0.6126307482091948,1.3118338468584345
141.93333333333334,0.2,0.6,39.288003112390996,8.121984309686718,0.936245615605932,-0.612630748208843,1.3118338468581536
141.96666666666667,0.2,0.6,39.288003112390996,8.121984309686718,0.9362456156058362,-0.6126307482085065,1.31183384685789
142.0,0.2,0.6,39.288003112390996,8.121984309686718,0.9362456156057605,-0.6126307482081859,1.3118338468576436
142.03333333333333,0.2,0.6,39.288003112390996,8.121984309686718,0.9362456156057029,-0.6126307482078815,1.311833846857414
142.06666666666666,0.2,0.6,39.288003112390996,8.121984309686718,0.9362456156056614,-0.6126307482075938,1.311833846857201
142.1,0.2,0.6,39.288003112390996,8.121984309686718,0.9362456156056345,-0.6126307482073227,1.311833846857004
142.13333333333333,0.2,0.6,39.288003112390996,8.121984309686718,0.9362456156056204,-0.6126307482070682,1.3118338468568225
142.16666666666666,0.2,0.6,39.288003112390996,8.121984309686718,0.9362456156056175,-0.6126307482068301,1.3118338468566557
142.2,0.2,0.6,39.288003112390996,8.121984309686718,0.9362456156056245,-0.612630748206608,1.3118338468565032
142.23333333333332,0.2,0.6,39.288003112390996,8.121984309686718,0.9362456156056399,-0.6126307482064017,1.3118338468563642
142.26666666666665,0.2,0.6,39.288003112390996,8.121984309686718,0.9362456156056627,-0.6126307482062108,1.311833846856238
142.3,0.2,0.6,39.288003112390996,8.121984309686718,0.9362456156056916,-0.6126307482060347,1.3118338468561241
142.33333333333334,0.2,0.6,39.288003112390996,8.121984309686718,0.9362456156057257,-0.6126307482058728,1.3118338468560218
142.36666666666667,0.2,0.6,39.288003112390996,8.121984309686718,0.9362456156057641,-0.6126307482057246,1.31183384685593
142.4,0.2,0.6,39.288003112390996,8.121984309686718,0.9362456156058059,-0.6126307482055894,1.3118338468558486
142.43333333333334,0.2,0.6,39.288003112390996,8.121984309686718,0.9362456156058503,-0.6126307482054666,1.3118338468557766
142.46666666666667,0.2,0.6,39.288003112390996,8.121984309686718,0.9362456156058967,-0.6126307482053556,1.3118338468557134
142.5,0.2,0.6,39.288003112390996,8.121984309686718,0.9362456156059444,-0.6126307482052556,1.3118338468556583
142.53333333333333,0.2,0.6,39.288003112390996,8.121984309686718,0.936245615605993,-0.6126307482051662,1.3118338468556108
142.56666666666666,0.2,0.6,39.288003112390996,8.121984309686718,0.9362456156060418,-0.6126307482050865,1.31183384685557
142.6,0.2,0.6,39.288003112390996,8.121984309686718,0.9362456156060907,-0.6126307482050158,1.3118338468555355
142.63333333333333,0.2,0.6,39.288003112390996,8.121984309686718,0.9362456156061391,-0.6126307482049538,1.311833846855507
142.66666666666666,0.2,0.6,39.288003112390996,8.121984309686718,0.9362456156061867,-0.6126307482048996,1.3118338468554838
142.7,0.2,0.6,39.288003112390996,8.121984309686718,0.9362456156062333,-0.6126307482048526,1.3118338468554653
142.73333333333332,0.2,0.6,39.288003112390996,8.121984309686718,0.9362456156062786,-0.6126307482048124,1.3118338468554511
142.76666666666665,0.2,0.6,39.288003112390996,8.121984309686718,0.9362456156063225,-0.6126307482047784,1.3118338468554407
142.8,0.2,0.6,39.288003112390996,8.121984309686718,0.9362456156063648,-0.6126307482047499,1.3118338468554338
142.83333333333334,0.2,0.6,39.288003112390996,8.121984309686718,0.9362456156064054,-0.6126307482047266,1.3118338468554298
142.86666666666667,0.2,0.6,39.288003112390996,8.121984309686718,0.9362456156064441,-0.612630748204708,1.3118338468554287
142.9,0.2,0.6,39.288003112390996,8.121984309686718,0.9362456156064811,-0.6126307482046935,1.3118338468554298
142.93333333333334,0.2,0.6,39.288003112390996,8.121984309686718,0.9362456156065161,-0.6126307482046829,1.311833846855433
142.96666666666667,0.2,0.6,39.288003112390996,8.121984309686718,0.9362456156065492,-0.6126307482046756,1.3118338468554378
143.0,0.2,0.6,39.288003112390996,8.121984309686718,0.9362456156065803,-0.6126307482046712,1.3118338468554442
143.03333333333333,0.1933,0.58,37.10238588632148,7.623346152455356,0.9362456156066095,-0.6126307482046695,1.311833846855452
143.06666666666666,0.1867,0.56,34.96302599708952,7.1319810592274315,0.933147651689547,-0.6121729140962989,1.2972544375177042
143.1,0.18,0.54,32.868193867415265,6.6513615593307165,0.9274083671950023,-0.6106069807920903,1.2733487954294571
143.13333333333333,0.1733,0.52,30.826148242321402,6.181962430187561,0.9194047470345331,-0.6075672204555773,1.2432971384286104
143.16666666666666,0.1667,0.5,28.844496486462162,5.724314528043734,0.9094688114402173,-0.6028686142982936,1.208987601019084
143.2,0.16,0.48,26.92144108451356,5.281512131059883,0.8978982499937572,-0.5964418865801125,1.171568747243498
143.23333333333332,0.1533,0.46,25.06406888377908,4.853879050355554,0.8849489627464315,-0.5882950129833162,1.1318434027222517
143.26666666666665,0.1467,0.44,23.278683404955068,4.441744084737475,0.8708532743778287,-0.5784883800004053,1.0903453231200468
143.3,0.14,0.42,21.56293048046391,4.047698912213955,0.8558223623873751,-0.5671174509392427,1.0474578282296918
143.33333333333334,0.1333,0.4,19.922312719794824,3.671786367659985,0.8400358027691346,-0.5543024468601201,1.003546600213066
143.36666666666667,0.1267,0.38,18.36145739970384,3.3140139699941793,0.8236561643100695,-0.5401804399284812,0.9588996196297179
143.4,0.12,0.36,16.87707826797218,2.9763804829692333,0.8068303341317841,-0.5248984432644064,0.9137595487685767
143.43333333333334,0.1133,0.34,15.472826660322898,2.6585592761695724,0.789679840957954,-0.5086094408095505,0.8684015662440722
143.46666666666667,0.1067,0.32,14.151452821183835,2.3601667468405214,0.7723138943029048,-0.4914687607512058,0.8230555879473324
143.5,0.1,0.3,12.908555857571335,2.082575246640927,0.7548305415671125,-0.473630280588924,0.7779214585339155
143.53333333333333,0.0933,0.28,11.745883131375848,1.8250619257694478,0.7373080476375419,-0.4552445794067165,0.733231734109911
143.56666666666666,0.0867,0.26,10.664335095358513,1.58684814951267,0.7198165233235843,-0.43645708529722155,0.6891782130075391
143.6,0.08,0.24,9.658448562414257,1.3687150667895431,0.7024188398147658,-0.417405855189507,0.6459230166374005
143.63333333333333,0.0733,0.22,8.728252368674775,1.1695856844836152,0.6851628570203588,-0.39822086963817704,0.6036540244761404
143.66666666666666,0.0667,0.2,7.873057354208324,0.9883499601862566,0.6680916067849482,-0.3790232544085037,0.5625192609454358
143.7,0.06,0.18,7.086611249948056,0.8252973997347732,0.6512438766140869,-0.35992409625836463,0.5226364010844506
143.73333333333332,0.0533,0.16,6.3676133444552585,0.6790979135570241,0.6346471442001964,-0.3410244634950058,0.4841425276096319
143.76666666666665,0.0467,0.14,5.714224425334436,0.5484258437735916,0.6183263838051818,-0.32241532806545586,0.4471364722253894
143.8,0.04,0.12,5.119827094592386,0.4332223573109075,0.6023043411854808,-0.30417707981469905,0.4116873419886474
143.83333333333334,0.0333,0.1,4.582297835661523,0.33203957971291853,0.5865951312758544,-0.2863799938667016,0.37787918232659734
143.86666666666667,0.0267,0.08,4.099168802557302,0.24347606356897375,0.5712118184279588,-0.26908458687496534,0.34576075336172085
143.9,0.02,0.06,3.6639271594883294,0.16728098649854709,0.5561664675416073,-0.25234158188029215,0.3153533164837277
143.93333333333334,0.0133,0.04,3.2741412108239247,0.10202654898194619,0.5414644059840836,-0.23619262153785225,0.2866905909976592
143.96666666666667,0.0,0.02,1.5435480857811525,0.4476289448765342,0.5271107510190305,-0.22067086508285771,0.25977531604221477
144.0,0.0,0.0,0.0,-0.0,0.5110174534038733,-0.20595613954894468,0.24731069067010616
144.03333333333333,0.0,0.0,0.0,-0.0,0.49351054650077975,-0.19196419951175675,0.22067164251966845
144.06666666666666,0.0,0.0,0.0,-0.0,0.47694023042376954,-0.17854326365416698,0.197579588878211
144.1,0.0,0.0,0.0,-0.0,0.46122196689829975,-0.16575786466252487,0.17735438304914736
144.13333333333333,0.0,0.0,0.0,-0.0,0.44628270703878603,-0.15364297217293166,0.15949261080321625
144.16666666666666,0.0,0.0,0.0,-0.0,0.4320587926009062,-0.14221268331092118,0.1436142095849604
144.2,0.0,0.0,0.0,-0.0,0.4184943458241043,-0.1314663367353162,0.12942648205571544
144.23333333333332,0.0,0.0,0.0,-0.0,0.4055400113319134,-0.12139287217594347,0.11669948881485435
144.26666666666665,0.0,0.0,0.0,-0.0,0.3931519560905704,-0.11197397561497724,0.1052490117209107
144.3,0.0,0.0,0.0,-0.0,0.38129106200582114,-0.10318637127783287,0.09492462691855172
144.33333333333334,0.0,0.0,0.0,-0.0,0.36992226502702896,-0.09500350577334393,0.08560126960120792
144.36666666666667,0.0,0.0,0.0,-0.0,0.3590140077350827,-0.08739679349975844,0.07717321067559656
144.4,0.0,0.0,0.0,-0.0,0.3485377813756411,-0.08033654150461864,0.06954971520477492
144.43333333333334,0.0,0.0,0.0,-0.0,0.33846773952422515,-0.07379263748087668,0.06265188331247067
144.46666666666667,0.0,0.0,0.0,-0.0,0.3287803699364899,-0.06773506089694283,0.0564103286462913
144.5,0.0,0.0,0.0,-0.0,0.3194542142442933,-0.06213426080037613,0.05076345405447984
144.53333333333333,0.0,0.0,0.0,-0.0,0.31046962740466305,-0.056961432263529344,0.045656155690871766
144.56666666666666,0.0,0.0,0.0,-0.0,0.3018085704612452,-0.05218871521091803,0.04103883621132621
144.6,0.0,0.0,0.0,-0.0,0.29345443141574834,-0.04778933345158312,0.0368666421900821
144.63333333333333,0.0,0.0,0.0,-0.0,0.2853918699517199,-0.04373768743913306,0.0330988650928293
144.66666666666666,0.0,0.0,0.0,-0.0,0.2776066824874902,-0.04000941112239931,0.029698462264918034
144.7,0.0,0.0,0.0,-0.0,0.2700856846161792,-0.036581400903236236,0.026631666576439773
144.73333333333332,0.0,0.0,0.0,-0.0,0.26281660845776944,-0.0334318229570609,0.0238676620808223
144.76666666666665,0.0,0.0,0.0,-0.0,0.2557880128291212,-0.030540103836243913,0.021378309304798473
144.8,0.0,0.0,0.0,-0.0,0.24898920445215944,-0.027886908253087594,0.019137908301473765
144.83333333333334,0.0,0.0,0.0,-0.0,0.24241016868253942,-0.025454107146899836,0.01712299086031831
144.86666666666667,0.0,0.0,0.0,-0.0,0.23604150846137256,-0.023224738520283766,0.015312135628574957
144.9,0.0,0.0,0.0,-0.0,0.22987439037889482,-0.021182963040881575,0.013685801607218535
144.93333333333334,0.0,0.0,0.0,-0.0,0.22390049689728633,-0.019314016015452993,0.012226176719976849
144.96666666666667,0.0,0.0,0.0,-0.0,0.2181119839148607,-0.01760415703047611,0.01091703904493863
145.0,0.0,0.0,0.0,-0.0,0.21250144296924903,-0.016040618300426523,0.009743628938411285
145.03333333333333,0.0,0.0,0.0,-0.0,0.20706186747600458,-0.01461155255876348,0.008692530738077714
145.06666666666666,0.0,0.0,0.0,-0.0,0.2017866224837168,-0.013305981157774689,0.0077515630569853465
145.1,0.0,0.0,0.0,-0.0,0.19666941749930134,-0.01211374290443052,0.006909676908066315
145.13333333333333,0.0,0.0,0.0,-0.0,0.19170428199935885,-0.011025444044586602,0.006156861057635612
145.16666666666666,0.0,0.0,0.0,-0.0,0.18688554329683582,-0.010032409712820992,0.005484054115431958
145.2,0.0,0.0,0.0,-0.0,0.1822078064779365,-0.00912663708641077,0.00488306294279379
145.23333333333332,0.0,0.0,0.0,-0.0,0.17766593616340087,-0.008300750416668261,0.00434648701015203
145.26666666666665,0.0,0.0,0.0,-0.0,0.17325503988180949,-0.007547958056837543,0.003867648367935168
145.3,0.0,0.0,0.0,-0.0,0.1689704528713012,-0.006862011561183764,0.0034405269168348695
145.33333333333334,0.0,0.0,0.0,-0.0,0.16480772415068445,-0.006237166893301579,0.0030597006781870476
145.36666666666667,0.0,0.0,0.0,-0.0,0.16076260372198078,-0.005668147751790311,0.002720290775812381
145.4,0.0,0.0,0.0,-0.0,0.15683103078447225,-0.005150110997259712,0.0024179108489817505
145.43333333333334,0.0,0.0,0.0,-0.0,0.15300912285577423,-0.004678614145271536,0.0021486206235308523
145.46666666666667,0.0,0.0,0.0,-0.0,0.14929316570869852,-0.0042495848745505525,0.0019088833753791324
145.5,0.0,0.0,0.0,-0.0,0.1456796040440326,-0.0038592924879848403,0.0016955270283081291
145.53333333333333,0.0,0.0,0.0,-0.0,0.14216503282911958,-0.003504321255040169,0.0015057086360815465
145.56666666666666,0.0,0.0,0.0,-0.0,0.13874618924051388,-0.003181545557773983,0.0013368820079377002
145.6,0.0,0.0,0.0,-0.0,0.1354199451562148,-0.002888106758252375,0.0011867682461388065
145.63333333333333,0.0,0.0,0.0,-0.0,0.13218330014921523,-0.0026213917025050036,0.0010533289745364835
145.66666666666666,0.0,0.0,0.0,-0.0,0.1290333749394937,-0.0023790127749022307,0.0009347420478849043
145.7,0.0,0.0,0.0,-0.0,0.1259674052662485,-0.0021587894167510034,0.0008293795427598172
145.73333333333332,0.0,0.0,0.0,-0.0,0.12298273614622858,-0.0019587310237620644,0.0007357878422766127
145.76666666666665,0.0,0.0,0.0,-0.0,0.12007681648754964,-0.0017770211386530922,0.0006526696382029113
145.8,0.0,0.0,0.0,-0.0,0.11724719403146738,-0.0016120028573596127,0.0005788676854016934
145.83333333333334,0.0,0.0,0.0,-0.0,0.11449151059728177,-0.0014621653699911261,0.0005133501547060041
145.86666666666667,0.0,0.0,0.0,-0.0,0.11180749760791897,-0.0013261315606777446,0.00045519744121889997
145.9,0.0,0.0,0.0,-0.0,0.10919297187582797,-0.0012026465937047817,0.00040359029557292963
145.93333333333334,0.0,0.0,0.0,-0.0,0.10664583163067706,-0.0010905674167470398,0.0003577991558091072
145.96666666666667,0.0,0.0,0.0,-0.0,0.1041640527719736,-0.0009888531155226384,0.0003171745671985644
146.0,0.0,0.0,0.0,-0.0,0.10174568533118727,-0.0008965560577316501,0.00028113858649738094
146.03333333333333,0.0,0.0,0.0,-0.0,0.09938885012925787,-0.0008128137676814718,0.00024917707577535404
146.06666666666666,0.0,0.0,0.0,-0.0,0.09709173561653146,-0.0007368414764914861,0.00022083279908215417
146.1,0.0,0.0,0.0,-0.0,0.0948525948832134,-0.0006679252961845994,0.00019569924280787363
146.13333333333333,0.0,0.0,0.0,-0.0,0.09266974282936669,-0.0006054159692895654,0.00017341508766524622
146.16666666666666,0.0,0.0,0.0,-0.0,0.09054155348433274,-0.0005487231487780991,0.0001536592667795945
146.2,0.0,0.0,0.0,-0.0,0.08846645746621964,-0.0004973101662317785,0.0001361465504363072
146.23333333333332,0.0,0.0,0.0,-0.0,0.08644293957279987,-0.00045068924906671294,0.00012062360362435868
146.26666666666665,0.0,0.0,0.0,-0.0,0.08446953649579308,-0.0004084171504332728,0.00010686546765059437
146.3,0.0,0.0,0.0,-0.0,0.08254483465108772,-0.0003700911580509001,9.467242180747587e-05
146.33333333333334,0.0,0.0,0.0,-0.0,0.08066746811798259,-0.0003353454507334464,8.386718538197185e-05
146.36666666666667,0.0,0.0,0.0,-0.0,0.07883611668101302,-0.0003038477737097042,7.429242422099026e-05
146.4,0.0,0.0,0.0,-0.0,0.07704950396836904,-0.00027529640604934114,6.5808529644834e-05
146.43333333333334,0.0,0.0,0.0,-0.0,0.0753063956813202,-0.00024941739556997477,5.8291640749872006e-05
146.46666666666667,0.0,0.0,0.0,-0.0,0.07360559790943604,-0.00022596203853115962,5.1631884089502515e-05
146.5,0.0,0.0,0.0,-0.0,0.07194595552673641,-0.00020470458322076899,4.573180739217445e-05
146.53333333333333,0.0,0.0,0.0,-0.0,0.07032635066422459,-0.00018544013821426863,4.050498638928649e-05
146.56666666666666,0.0,0.0,0.0,-0.0,0.0687457012545499,-0.0001679827676436247,3.5874786005577894e-05
146.6,0.0,0.0,0.0,-0.0,0.06720295964481957,-0.00015216375725617064,3.177325913029223e-05
146.63333333333333,0.0,0.0,0.0,-0.0,0.06569711127383128,-0.00013783003638084915,2.8140167957788528e-05
146.66666666666666,0.0,0.0,0.0,-0.0,0.06422717341023221,-0.00012484274215600422,2.4922114478966094e-05
146.7,0.0,0.0,0.0,-0.0,0.06279219394832698,-0.0001130759135153987,2.207176813616579e-05
146.73333333333332,0.0,0.0,0.0,-0.0,0.06139125025845932,-0.00010241530348331237,1.9547179939185806e-05
146.76666666666665,0.0,0.0,0.0,-0.0,0.06002344808907919,-9.275729930119156e-05,1.731117349259075e-05
146.8,0.0,0.0,0.0,-0.0,0.058687920517782356,-8.400794080292361e-05,1.533080441735179e-05
146.83333333333334,0.0,0.0,0.0,-0.0,0.05738382694877154,-7.608202827871495e-05,1.3576880574710815e-05
146.86666666666667,0.0,0.0,0.0,-0.0,0.056110352154340244,-6.89023118238289e-05,1.2023536327680904e-05
146.9,0.0,0.0,0.0,-0.0,0.054866705358121645,-6.239875486290467e-05,1.0647854815498987e-05
146.93333333333334,0.0,0.0,0.0,-0.0,0.05365211935797698,-5.650786517778307e-05,9.429532877474182e-06
146.96666666666667,0.0,0.0,0.0,-0.0,0.052465849686521286,-5.117208735100163e-05,8.35058385304915e-06
147.0,0.0,0.0,0.0,-0.0,0.05130717380739957,-4.63392510724256e-05,7.395074011779292e-06
147.03333333333333,0.0222,0.0,1.5714364570132098,-0.4557165725338308,0.050175390345534275,-4.1962070246633227e-05,6.548888836908889e-06
147.06666666666666,0.0444,0.0,1.877223650060201,-0.5443948585174583,0.05143191155212396,-1.8850732580122992e-05,-0.014867262144157319
147.1,0.0667,0.0,2.2324770216106162,-0.6474183362670787,0.05311886925073569,3.9810328846694246e-05,-0.02966524331852642
147.13333333333333,0.0889,0.0111,4.073938469946135,-0.3491817409486691,0.05530040874205151,0.00013399458901762462,-0.04482821534731724
147.16666666666666,0.1111,0.0139,4.5717223610699955,-0.4741353865354948,0.06019830171610606,0.0002489055144850599,-0.04720455155192837
147.2,0.1333,0.0167,5.13298555942559,-0.6171185088470934,0.06572843249124297,0.000377394517265323,-0.0531558689716152
147.23333333333332,0.1556,0.0194,5.764246356742726,-0.7807429317046561,0.07196970751534502,0.0005336145192845061,-0.06252663344918397
147.26666666666665,0.1778,0.0222,6.467379139244246,-0.9641068053131696,0.07900830362212292,0.0007339986197341223,-0.07526353914868167
147.3,0.2,0.025,7.248121000768391,-1.1695815026838376,0.0869303076858388,0.0009979290561354735,-0.09127462197395506
147.33333333333334,0.2222,0.0278,8.11052676235376,-1.3983373692112848,0.09582725876785692,0.0013484710206493184,-0.11053809789574046
147.36666666666667,0.2444,0.0306,9.05817081330473,-1.6514053973103344,0.10579315837620012,0.0018132976766916142,-0.13304345887989813
147.4,0.2667,0.0333,10.097379035735742,-1.9314131277344417,0.11692328188165341,0.0024255651288899497,-0.15877938412456655
147.43333333333334,0.2889,0.0361,11.224257913233405,-2.235643555917778,0.12931777908440625,0.0032249919276492837,-0.18778023231078622
147.46666666666667,0.3111,0.0389,12.443396583209317,-2.5662056865452976,0.14306561421622388,0.004258494476196218,-0.21993956248435112
147.5,0.3333,0.0417,13.755672785385014,-2.9233483841123644,0.15825689599656662,0.005580781966141304,-0.2551937290434578
147.53333333333333,0.3556,0.0444,15.166030953052292,-3.3093592593502477,0.17497646786788945,0.007255214301710288,-0.293450827107463
147.56666666666666,0.3778,0.0472,16.664353259940953,-3.719595403945244,0.19330920911935096,0.009354693639122388,-0.3346613547510041
147.6,0.4,0.05,18.253530523133605,-4.155733204691738,0.21331640790320988,0.011961498590975958,-0.37858916415328187
147.63333333333333,0.4222,0.0528,19.93114762808797,-4.617066516894028,0.23505481224987412,0.015166954829819407,-0.4250619884150712
147.66666666666666,0.4444,0.0556,21.693995130386988,-5.102658822686854,0.25856758932105545,0.019071589635042133,-0.4738866190450169
147.7,0.4667,0.0583,23.54477064387374,-5.61422672234411,0.2838822654022602,0.023784574339112855,-0.5248552188100393
147.73333333333332,0.4889,0.0611,25.46580184629945,-6.14477612276507,0.3110186979713717,0.029423690759130233,-0.5778411155456937
147.76666666666665,0.5111,0.0639,27.45813784711608,-6.695528872157265,0.33995755884256906,0.03611318488291117,-0.6325173141305543
147.8,0.5333,0.0667,29.515943731391804,-7.264787009569465,0.37066845058115705,0.043981670036618084,-0.6886812238016614
147.83333333333334,0.5556,0.0694,31.640622376700826,-7.853959694804799,0.40309884851449795,0.05316139159398453,-0.7461429358181443
147.86666666666667,0.5778,0.0722,33.81028123329098,-8.454693581645582,0.43718460369488504,0.06378771194800528,-0.8048287648693336
147.9,0.6,0.075,36.02544587152609,-9.068125909537542,0.472814853326915,0.075995468130139,-0.8644617044425318
147.93333333333334,0.6222,0.0778,38.27896616134121,-9.692177269959947,0.5098668039921723,0.08991594058593513,-0.924926064607308
147.96666666666667,0.6444,0.0806,40.56359069565907,-10.324738878735035,0.5481944124912533,0.10567624975371175,-0.9861299057803333
148.0,0.6667,0.0833,42.880362278051834,-10.967205338386613,0.5876291834342035,0.12339722461898663,-1.0480047524738185
148.03333333333333,0.6889,0.0861,45.205483598083546,-11.610492142672587,0.6279935328048075,0.14319324912592477,-1.1106067085289577
148.06666666666666,0.7111,0.0889,47.54014864674484,-12.256019210322954,0.6690650376927791,0.1651673148321367,-1.173767397714941
148.1,0.7333,0.0917,49.87750391631033,-12.90179314154588,0.7106168136748494,0.18940757494701674,-1.2374847895757852
148.13333333333333,0.7556,0.0944,52.21917525882293,-13.549453127901181,0.7524068824506612,0.2159875546416893,-1.301761606929112
148.16666666666666,0.7778,0.0972,54.54236468197163,-14.190054292777294,0.7941926983606741,0.2449663670610556,-1.366702623549028
148.2,0.8,0.1,56.84944167162823,-14.825432132717424,0.8356972435082386,0.2763826480735093,-1.4321629901217554
148.23333333333332,0.8,0.1,56.84944167162823,-14.825432132717424,0.8766507137654023,0.3102508187007582,-1.498144715107623
148.26666666666665,0.8,0.1,56.84944167162823,-14.825432132717424,0.9134969387915572,0.3460104103817334,-1.54683618504493
148.3,0.8,0.1,56.84944167162823,-14.825432132717424,0.946388370470437,0.38279397812719773,-1.5856516845643258
148.33333333333334,0.8,0.1,56.84944167162823,-14.825432132717424,0.9754892702789655,0.42000017910109444,-1.618895933993187
148.36666666666667,0.8,0.1,56.84944167162823,-14.825432132717424,1.0009731121180154,0.4571987868834857,-1.6489615036325136
148.4,0.8,0.1,56.84944167162823,-14.825432132717424,1.0230210741894203,0.49406703722224593,-1.6771053724637615
148.43333333333334,0.8,0.1,56.84944167162823,-14.825432132717424,1.0418210979242217,0.5303492542507237,-1.7039289080277593
148.46666666666667,0.8,0.1,56.84944167162823,-14.825432132717424,1.057567093822728,0.5658324685235046,-1.729666377130484
148.5,0.8,0.1,56.84944167162823,-14.825432132717424,1.0704580646863697,0.6003324934310809,-1.7543553206193216
148.53333333333333,0.8,0.1,56.84944167162823,-14.825432132717424,1.0806970550026473,0.6336865850757548,-1.7779358772146567
148.56666666666666,0.8,0.1,56.84944167162823,-14.825432132717424,1.0884899130932313,0.665750088829412,-1.800308006584726
148.6,0.8,0.1,56.84944167162823,-14.825432132717424,1.0940438904795,0.6963953770870788,-1.821363965624766
148.63333333333333,0.8,0.1,56.84944167162823,-14.825432132717424,1.097566119299444,0.7255119895479335,-1.8410062736735817
148.66666666666666,0.8,0.1,56.84944167162823,-14.825432132717424,1.0992620148866825,0.7530072862421786,-1.8591571409460677
148.7,0.8,0.1,56.84944167162823,-14.825432132717424,1.0993336524298443,0.7788071835320949,-1.875762828272671
148.73333333333332,0.8,0.1,56.84944167162823,-14.825432132717424,1.097978166206083,0.8028567135702094,-1.8907949535610398
148.76666666666665,0.8,0.1,56.84944167162823,-14.825432132717424,1.0953862178234075,0.8251202608651221,-1.9042499290286639
148.8,0.8,0.1,56.84944167162823,-14.825432132717424,1.0917405762261014,0.8455814063921294,-1.9161472424817343
148.83333333333334,0.8,0.1,56.84944167162823,-14.825432132717424,1.0872148468842655,0.864242362730648,-1.926527030860842
148.86666666666667,0.8,0.1,56.84944167162823,-14.825432132717424,1.0819723807422892,0.8811230205250247,-1.9354472442295878
148.9,0.8,0.1,56.84944167162823,-14.825432132717424,1.0761653854888171,0.896259651583267,-1.9429806110614036
148.93333333333334,0.8,0.1,56.84944167162823,-14.825432132717424,1.0699342530335625,0.909703329852276,-1.949211561570359
148.96666666666667,0.8,0.1,56.84944167162823,-14.825432132717424,1.0634071083041994,0.9215181401427746,-1.9542332287747206
149.0,0.8,0.1,56.84944167162823,-14.825432132717424,1.056699576163798,0.9317792472055241,-1.9581446185377136
149.03333333333333,0.8,0.1,56.84944167162823,-14.825432132717424,1.0499147558670716,0.9405708957873843,-1.961048015921401
149.06666666666666,0.8,0.1,56.84944167162823,-14.825432132717424,1.0431433863675363,0.947984406746082,-1.9630466741135548
149.1,0.8,0.1,56.84944167162823,-14.825432132717424,1.0364641811593678,0.954116226237916,-1.9642428134446075
149.13333333333333,0.8,0.1,56.84944167162823,-14.825432132717424,1.0299443082489121,0.9590660753903849,-1.9647359416319
149.16666666666666,0.8,0.1,56.84944167162823,-14.825432132717424,1.023639989241881,0.962935237592427,-1.9646214925548962
149.2,0.8,0.1,56.84944167162823,-14.825432132717424,1.0175971912505715,0.9658250102947156,-1.9639897697223108
149.23333333333332,0.8,0.1,56.84944167162823,-14.825432132717424,1.0118523861569564,0.967835338567402,-1.9629251721636953
149.26666666666665,0.8,0.1,56.84944167162823,-14.825432132717424,1.0064333534671661,0.9690636390075175,-1.9615056746489026
149.3,0.8,0.1,56.84944167162823,-14.825432132717424,1.0013600053109923,0.9696038151668296,-1.9598025306732305
149.33333333333334,0.8,0.1,56.84944167162823,-14.825432132717424,0.9966452148421758,0.9695454595962846,-1.9578801652216113
149.36666666666667,0.8,0.1,56.84944167162823,-14.825432132717424,0.9922956321760602,0.968973232882132,-1.9557962245713327
149.4,0.8,0.1,56.84944167162823,-14.825432132717424,0.9883124748919313,0.9679664066088657,-1.9536017519259254
149.43333333333334,0.8,0.1,56.84944167162823,-14.825432132717424,0.9846922828983705,0.9665985548986228,-1.9513414601251893
149.46666666666667,0.8,0.1,56.84944167162823,-14.825432132717424,0.9814276300192586,0.9649373778875031,-1.9490540757161905
149.5,0.8,0.1,56.84944167162823,-14.825432132717424,0.9785077869475152,0.9630446400351239,-1.9467727320144161
149.53333333333333,0.8,0.1,56.84944167162823,-14.825432132717424,0.9759193322034279,0.9609762063542658,-1.9445253922043033
149.56666666666666,0.8,0.1,56.84944167162823,-14.825432132717424,0.9736467094171604,0.9587821603332215,-1.9423352868494967
149.6,0.8,0.1,56.84944167162823,-14.825432132717424,0.9716727306400139,0.9565069883620326,-1.9402213532813315
149.63333333333333,0.8,0.1,56.84944167162823,-14.825432132717424,0.9699790264969568,0.954189816743152,-1.93819866712932
149.66666666666666,0.8,0.1,56.84944167162823,-14.825432132717424,0.9685464448515358,0.9518646887664292,-1.936278858706679
149.7,0.8,0.1,56.84944167162823,-14.825432132717424,0.9673554002947126,0.9495608707775531,-1.934470509053079
149.73333333333332,0.8,0.1,56.84944167162823,-14.825432132717424,0.9663861772234011,0.9473031776069291,-1.9327795221733324
149.76666666666665,0.8,0.1,56.84944167162823,-14.825432132717424,0.965619189573422,0.9451123091077424,-1.9312094714172983
149.8,0.8,0.1,56.84944167162823,-14.825432132717424,0.9650352004438121,0.943005190846977,-1.9297619190549833
149.83333333333334,0.8,0.1,56.84944167162823,-14.825432132717424,0.9646155049205442,0.9409953131821869,-1.9284367089488892
149.86666666666667,0.8,0.1,56.84944167162823,-14.825432132717424,0.9643420793999633,0.9390930640296792,-1.9272322328518847
149.9,0.8,0.1,56.84944167162823,-14.825432132717424,0.9641977006446028,0.9373060515832069,-1.926145671301215
149.93333333333334,0.8,0.1,56.84944167162823,-14.825432132717424,0.9641660376922504,0.9356394140781058,-1.9251732103730723
149.96666666666667,0.8,0.1,56.84944167162823,-14.825432132717424,0.9642317195960993,0.9340961144194369,-1.924310235739198
150.0,0.8,0.1,56.84944167162823,-14.825432132717424,0.964380381809855,0.9326772181118228,-1.9235515055549244
150.03333333333333,0.8,0.1,56.84944167162823,-14.825432132717424,0.9645986938549476,0.9313821534523669,-1.922891303730244
150.06666666666666,0.8,0.1,56.84944167162823,-14.825432132717424,0.9648743707238091,0.9302089533860076,-1.9223235751111791
150.1,0.8,0.1,56.84944167162823,-14.825432132717424,0.9651961702883082,0.929154478784673,-1.9218420440433184
150.13333333333333,0.8,0.1,56.84944167162823,-14.825432132717424,0.9655538787994539,0.9282146232071112,-1.9214403177148847
150.16666666666666,0.8,0.1,56.84944167162823,-14.825432132717424,0.965938286385954,0.9273844994342021,-1.9211119755921628
150.2,0.8,0.1,56.84944167162823,-14.825432132717424,0.9663411542869531,0.9266586082630849,-1.9208506461720911
150.23333333333332,0.8,0.1,56.84944167162823,-14.825432132717424,0.9667551753895,0.9260309901899425,-1.920650072189874
150.26666666666665,0.8,0.1,56.84944167162823,-14.825432132717424,0.9671739294847624,0.925495360722332,-1.9205041653364971
150.3,0.8,0.1,56.84944167162823,-14.825432132717424,0.9675918345091536,0.9250452301432802,-1.9204070514637226
150.33333333333334,0.8,0.1,56.84944167162823,-14.825432132717424,0.9680040948975429,0.9246740086059467,-1.920353107183247
150.36666666666667,0.8,0.1,56.84944167162823,-14.825432132717424,0.9684066480456045,0.9243750974737507,-1.9203369887022996
150.4,0.8,0.1,56.84944167162823,-14.825432132717424,0.9687961097569985,0.9241419678400903,-1.9203536536797043
150.43333333333334,0.8,0.1,56.84944167162823,-14.825432132717424,0.9691697194382853,0.923968227167195,-1.9203983768336643
150.46666666666667,0.8,0.1,56.84944167162823,-14.825432132717424,0.969525285700004,0.9238476749777995,-1.9204667599845116
150.5,0.8,0.1,56.84944167162823,-14.825432132717424,0.9698611329259106,0.9237743485183463,-1.9205547371715586
150.53333333333333,0.8,0.1,56.84944167162823,-14.825432132717424,0.9701760492836867,0.9237425592900784,-1.9206585754422305
150.56666666666666,0.8,0.1,56.84944167162823,-14.825432132717424,0.9704692365691736,0.9237469213161527,-1.9207748718731281
150.6,0.8,0.1,56.84944167162823,-14.825432132717424,0.9707402622020624,0.9237823719800002,-1.9209005473459875
150.63333333333333,0.8,0.1,56.84944167162823,-14.825432132717424,0.9709890136236602,0.9238441862336239,-1.92103283756616
150.66666666666666,0.8,0.1,56.84944167162823,-14.825432132717424,0.9712156552865429,0.9239279849351897,-1.921169281776894
150.7,0.8,0.1,56.84944167162823,-14.825432132717424,0.9714205883713026,0.9240297380338927,-1.9213077095890985
150.73333333333332,0.8,0.1,56.84944167162823,-14.825432132717424,0.97160441331687,0.9241457632772546,-1.9214462263132697
150.76666666666665,0.8,0.1,56.84944167162823,-14.825432132717424,0.9717678952077576,0.9242727210723011,-1.9215831971478043
150.8,0.8,0.1,56.84944167162823,-14.825432132717424,0.9719119320237031,0.9244076060879229,-1.9217172305460322
150.83333333333334,0.8,0.1,56.84944167162823,-14.825432132717424,0.9720375257242871,0.9245477361415714,-1.9218471610530428
150.86666666666667,0.8,0.1,56.84944167162823,-14.825432132717424,0.9721457561128589,0.9246907388696312,-1.9219720318728746
150.9,0.8,0.1,56.84944167162823,-14.825432132717424,0.9722377574001989,0.9248345366376877,-1.9220910773970123
150.93333333333334,0.8,0.1,56.84944167162823,-14.825432132717424,0.9723146973684874,0.9249773301047353,-1.9222037058965595
150.96666666666667,0.8,0.1,56.84944167162823,-14.825432132717424,0.9723777590200123,0.9251175808144264,-1.922309482553064
151.0,0.8,0.1,56.84944167162823,-14.825432132717424,0.9724281245823401,0.9252539931469486,-1.9224081129769155
151.03333333333333,0.8,0.1,56.84944167162823,-14.825432132717424,0.9724669617320834,0.9253854959272371,-1.9224994273376508
151.06666666666666,0.8,0.1,56.84944167162823,-14.825432132717424,0.9724954118926379,0.9255112239491424,-1.922583365207481
151.1,0.8,0.1,56.84944167162823,-14.825432132717424,0.972514580457033,0.9256304996410059,-1.922659961198003
151.13333333333333,0.8,0.1,56.84944167162823,-14.825432132717424,0.9725255287850706,0.9257428150659611,-1.9227293314504197
151.16666666666666,0.8,0.1,56.84944167162823,-14.825432132717424,0.9725292678239452,0.9258478144202482,-1.922791661021717
151.2,0.8,0.1,56.84944167162823,-14.825432132717424,0.9725267532032787,0.9259452771649443,-1.9228471921931303
151.23333333333332,0.8,0.1,56.84944167162823,-14.825432132717424,0.972518881658732,0.9260351019008188,-1.9228962137128662
151.26666666666665,0.8,0.1,56.84944167162823,-14.825432132717424,0.9725064886428328,0.9261172910724971,-1.9229390509724043
151.3,0.8,0.1,56.84944167162823,-14.825432132717424,0.9724903469871706,0.9261919365667559,-1.922976057104712
151.33333333333334,0.8,0.1,56.84944167162823,-14.825432132717424,0.9724711664864548,0.9262592062505279,-1.923007604983313
151.36666666666667,0.8,0.1,56.84944167162823,-14.825432132717424,0.9724495942819299,0.9263193314770087,-1.9230340800932497
151.4,0.8,0.1,56.84944167162823,-14.825432132717424,0.9724262159291146,0.9263725955730604,-1.9230558742385127
151.43333333333334,0.8,0.1,56.84944167162823,-14.825432132717424,0.9724015570426393,0.9264193233078091,-1.9230733800453201
151.46666666666667,0.8,0.1,56.84944167162823,-14.825432132717424,0.9723760854189505,0.9264598713308355,-1.9230869862166702
151.5,0.8,0.1,56.84944167162823,-14.825432132717424,0.9723502135457237,0.926494619558563,-1.9230970734906936
151.53333333333333,0.8,0.1,56.84944167162823,-14.825432132717424,0.9723243014148596,0.9265239634792324,-1.9231040112534377
151.56666666666666,0.8,0.1,56.84944167162823,-14.825432132717424,0.9722986595638512,0.926548307340111,-1.9231081547556679
151.6,0.8,0.1,56.84944167162823,-14.825432132717424,0.972273552278022,0.9265680581751935,-1.9231098428830056
151.63333333333333,0.8,0.1,56.84944167162823,-14.825432132717424,0.9722492008935796,0.9265836206274916,-1.923109396429102
151.66666666666666,0.8,0.1,56.84944167162823,-14.825432132717424,0.9722257871485579,0.926595392516967,-1.9231071168225042
151.7,0.8,0.1,56.84944167162823,-14.825432132717424,0.9722034565354909,0.9266037611031174,-1.9231032852592824
151.73333333333332,0.8,0.1,56.84944167162823,-14.825432132717424,0.9721823216160391,0.9266090999900667,-1.9230981621953058
151.76666666666665,0.8,0.1,56.84944167162823,-14.825432132717424,0.9721624652637575,0.9266117666216322,-1.9230919871541694
151.8,0.8,0.1,56.84944167162823,-14.825432132717424,0.9721439438067331,0.92661210031414,-1.9230849788091304
151.83333333333334,0.8,0.1,56.84944167162823,-14.825432132717424,0.972126790046928,0.926610420775635,-1.9230773352999548
151.86666666666667,0.8,0.1,56.84944167162823,-14.825432132717424,0.9721110161377351,0.9266070270615023,-1.9230692347482194
151.9,0.8,0.1,56.84944167162823,-14.825432132717424,0.9720966163054952,0.9266021969182809,-1.9230608359373416
151.93333333333334,0.8,0.1,56.84944167162823,-14.825432132717424,0.9720835694045484,0.926596186469558,-1.9230522791263547
151.96666666666667,0.8,0.1,56.84944167162823,-14.825432132717424,0.972071841298805,0.9265892302001795,-1.923043686969182
152.0,0.8,0.1,56.84944167162823,-14.825432132717424,0.9720613870658422,0.9265815411975654,-1.9230351655138498
152.03333333333333,0.8,0.1,56.84944167162823,-14.825432132717424,0.9720521530221871,0.9265733116116004,-1.923026805258703
152.06666666666666,0.8,0.1,56.84944167162823,-14.825432132717424,0.9720440785707372,0.9265647132973366,-1.92301868224521
152.1,0.8,0.1,56.84944167162823,-14.825432132717424,0.9720370978732407,0.9265558986075563,-1.9230108591693589
152.13333333333333,0.8,0.1,56.84944167162823,-14.825432132717424,0.9720311413524142,0.926547001305046,-1.9230033864959393
152.16666666666666,0.8,0.1,56.84944167162823,-14.825432132717424,0.9720261370296495,0.9265381375672104,-1.9229963035621602
152.2,0.8,0.1,56.84944167162823,-14.825432132717424,0.9720220117053736,0.9265294070583666,-1.9229896396590695
152.23333333333332,0.8,0.1,56.84944167162823,-14.825432132717424,0.9720186919899996,0.9265208940476855,-1.9229834150811114
152.26666666666665,0.8,0.1,56.84944167162823,-14.825432132717424,0.9720161051940638,0.9265126685532712,-1.922977642135882
152.3,0.8,0.1,56.84944167162823,-14.825432132717424,0.972014180086613,0.9265047874952711,-1.9229723261077163
152.33333333333334,0.8,0.1,56.84944167162823,-14.825432132717424,0.9720128475311951,0.9264972958431777,-1.922967466170174
152.36666666666667,0.8,0.1,56.84944167162823,-14.825432132717424,0.9720120410089541,0.9264902277446163,-1.9229630562437765
152.4,0.8,0.1,56.84944167162823,-14.825432132717424,0.9720116970383377,0.9264836076248928,-1.9229590857965073
152.43333333333334,0.8,0.1,56.84944167162823,-14.825432132717424,0.9720117555008241,0.9264774512484132,-1.9229555405855974
152.46666666666667,0.8,0.1,56.84944167162823,-14.825432132717424,0.9720121598818765,0.9264717667347684,-1.9229524033400245
152.5,0.8,0.1,56.84944167162823,-14.825432132717424,0.972012857436052,0.9264665555238125,-1.9229496543839257
152.53333333333333,0.8,0.1,56.84944167162823,-14.825432132717424,0.9720137992848455,0.926461813285454,-1.9229472722017917
152.56666666666666,0.8,0.1,56.84944167162823,-14.825432132717424,0.9720149404554522,0.9264575307711205,-1.9229452339468773
152.6,0.8,0.1,56.84944167162823,-14.825432132717424,0.972016239868188,0.9264536946049717,-1.9229435158947272
152.63333333333333,0.8,0.1,56.84944167162823,-14.825432132717424,0.9720176602798413,0.9264502880139073,-1.9229420938441022
152.66666666666666,0.8,0.1,56.84944167162823,-14.825432132717424,0.9720191681897361,0.9264472914962707,-1.9229409434678877
152.7,0.8,0.1,56.84944167162823,-14.825432132717424,0.9720207337147857,0.9264446834298885,-1.9229400406167998
152.73333333333332,0.8,0.1,56.84944167162823,-14.825432132717424,0.972022330439309,0.9264424406207039,-1.9229393615788644
152.76666666666665,0.8,0.1,56.84944167162823,-14.825432132717424,0.9720239352448787,0.9264405387937934,-1.922938883297756
152.8,0.8,0.1,56.84944167162823,-14.825432132717424,0.9720255281249732,0.9264389530289815,-1.9229385835531345
152.83333333333334,0.8,0.1,56.84944167162823,-14.825432132717424,0.9720270919887213,0.9264376581436149,-1.9229384411061294
152.86666666666667,0.8,0.1,56.84944167162823,-14.825432132717424,0.9720286124575622,0.926436629025323,-1.9229384358130999
152.9,0.8,0.1,56.84944167162823,-14.825432132717424,0.9720300776581972,0.9264358409177875,-1.9229385487107262
152.93333333333334,0.8,0.1,56.84944167162823,-14.825432132717424,0.9720314780147814,0.9264352696626791,-1.922938762075416
152.96666666666667,0.8,0.1,56.84944167162823,-14.825432132717424,0.9720328060429091,0.9264348919009937,-1.9229390594598812
153.0,0.8,0.1,56.84944167162823,-14.825432132717424,0.9720340561475657,0.9264346852370534,-1.9229394257096295
153.03333333333333,0.8,0.1,56.84944167162823,-14.825432132717424,0.9720352244268742,0.9264346283684207,-1.9229398469619559
153.06666666666666,0.8,0.1,56.84944167162823,-14.825432132717424,0.9720363084831425,0.9264347011849265,-1.9229403106298764
153.1,0.8,0.1,56.84944167162823,-14.825432132717424,0.9720373072424204,0.9264348848399309,-1.9229408053732815
153.13333333333333,0.8,0.1,56.84944167162823,-14.825432132717424,0.9720382207835109,0.9264351617968306,-1.9229413210594193
153.16666666666666,0.8,0.1,56.84944167162823,-14.825432132717424,0.9720390501771348,0.9264355158536997,-1.922941848714655
153.2,0.8,0.1,56.84944167162823,-14.825432132717424,0.9720397973357339,0.9264359321488055,-1.9229423804692822
153.23333333333332,0.8,0.1,56.84944167162823,-14.825432132717424,0.972040464874204,0.9264363971495903,-1.9229429094970008
153.26666666666665,0.8,0.1,56.84944167162823,-14.825432132717424,0.9720410559816801,0.9264368986275391,-1.9229434299505117
153.3,0.8,0.1,56.84944167162823,-14.825432132717424,0.9720415743043493,0.9264374256211894,-1.9229439368945256
153.33333333333334,0.8,0.1,56.84944167162823,-14.825432132717424,0.972042023839142,0.9264379683893614,-1.922944426237332
153.36666666666667,0.8,0.1,56.84944167162823,-14.825432132717424,0.972042408838041,0.9264385183565171,-1.9229448946619352
153.4,0.8,0.1,56.84944167162823,-14.825432132717424,0.9720427337226651,0.926439068051981,-1.9229453395576221
153.43333333333334,0.8,0.1,56.84944167162823,-14.825432132717424,0.9720430030087027,0.9264396110445908,-1.9229457589527161
153.46666666666667,0.8,0.1,56.84944167162823,-14.825432132717424,0.9720432212397229,0.9264401418741813,-1.9229461514491344
153.5,0.8,0.1,56.84944167162823,-14.825432132717424,0.9720433929298382,0.9264406559811443,-1.922946516159276
153.53333333333333,0.8,0.1,56.84944167162823,-14.825432132717424,0.9720435225146693,0.9264411496351639,-1.9229468526456552
153.56666666666666,0.8,0.1,56.84944167162823,-14.825432132717424,0.9720436143100338,0.9264416198640771,-1.922947160863612
153.6,0.8,0.1,56.84944167162823,-14.825432132717424,0.9720436724777767,0.9264420643836818,-1.9229474411073464
153.63333333333333,0.8,0.1,56.84944167162823,-14.825432132717424,0.9720437009981518,0.9264424815291847,-1.9229476939594516
153.66666666666666,0.8,0.1,56.84944167162823,-14.825432132717424,0.9720437036481722,0.9264428701888701,-1.9229479202440531
153.7,0.8,0.1,56.84944167162823,-14.825432132717424,0.9720436839853543,0.9264432297404608,-1.9229481209836055
153.73333333333332,0.8,0.1,56.84944167162823,-14.825432132717424,0.9720436453363019,0.9264435599905478,-1.922948297359348
153.76666666666665,0.8,0.1,56.84944167162823,-14.825432132717424,0.9720435907895891,0.9264438611173744,-1.922948450675378
153.8,0.8,0.1,56.84944167162823,-14.825432132717424,0.9720435231924331,0.9264441336171839,-1.9229485823262618
153.83333333333334,0.8,0.1,56.84944167162823,-14.825432132717424,0.9720434451506685,0.9264443782542675,-1.9229486937680724
153.86666666666667,0.8,0.1,56.84944167162823,-14.825432132717424,0.9720433590315652,0.9264445960147869,-1.9229487864927228
153.9,0.8,0.1,56.84944167162823,-14.825432132717424,0.9720432669690641,0.9264447880643916,-1.9229488620054371
153.93333333333334,0.8,0.1,56.84944167162823,-14.825432132717424,0.9720431708710308,0.9264449557096032,-1.9229489218051896
153.96666666666667,0.8,0.1,56.84944167162823,-14.825432132717424,0.972043072428165,0.9264451003628986,-1.9229489673679319
154.0,0.8,0.1,56.84944167162823,-14.825432132717424,0.972042973124229,0.9264452235113898,-1.9229490001324174
154.03333333333333,0.8,0.1,56.84944167162823,-14.825432132717424,0.9720428742472925,0.92644532668897,-1.9229490214884295
154.06666666666666,0.8,0.1,56.84944167162823,-14.825432132717424,0.9720427769017205,0.9264454114517732,-1.9229490327672192
154.1,0.8,0.1,56.84944167162823,-14.825432132717424,0.9720426820206605,0.9264454793567761,-1.9229490352339584
154.13333333333333,0.8,0.1,56.84944167162823,-14.825432132717424,0.972042590378812,0.9264455319433587,-1.9229490300820173
154.16666666666666,0.8,0.1,56.84944167162823,-14.825432132717424,0.9720425026052897,0.926445570717629,-1.9229490184288813
154.2,0.8,0.1,56.84944167162823,-14.825432132717424,0.9720424191964148,0.9264455971393153,-1.922949001313526
154.23333333333332,0.8,0.1,56.84944167162823,-14.825432132717424,0.9720423405282957,0.9264456126110207,-1.9229489796950818
154.26666666666665,0.8,0.1,56.84944167162823,-14.825432132717424,0.9720422668690778,0.9264456184696417,-1.9229489544526228
154.3,0.8,0.1,56.84944167162823,-14.825432132717424,0.9720421983907637,0.9264456159797504,-1.922948926385926
154.33333333333334,0.8,0.1,56.84944167162823,-14.825432132717424,0.9720421351805265,0.9264456063287452,-1.9229488962170609
154.36666666666667,0.8,0.1,56.84944167162823,-14.825432132717424,0.9720420772514514,0.9264455906235829,-1.92294886459267
154.4,0.8,0.1,56.84944167162823,-14.825432132717424,0.9720420245526586,0.9264455698889108,-1.9229488320868238
154.43333333333334,0.8,0.1,56.84944167162823,-14.825432132717424,0.9720419769787758,0.9264455450664261,-1.9229487992043304
154.46666666666667,0.8,0.1,56.84944167162823,-14.825432132717424,0.9720419343787371,0.9264455170153005,-1.9229487663844045
154.5,0.8,0.1,56.84944167162823,-14.825432132717424,0.9720418965638993,0.9264454865135178,-1.9229487340045968
154.53333333333333,0.8,0.1,56.84944167162823,-14.825432132717424,0.9720418633154747,0.92644545425998,-1.9229487023849046
154.56666666666666,0.8,0.1,56.84944167162823,-14.825432132717424,0.9720418343912874,0.9264454208772532,-1.9229486717919912
154.6,0.8,0.1,56.84944167162823,-14.825432132717424,0.9720418095318677,0.9264453869148302,-1.9229486424434445
154.63333333333333,0.8,0.1,56.84944167162823,-14.825432132717424,0.9720417884659044,0.9264453528528007,-1.9229486145120254
154.66666666666666,0.8,0.1,56.84944167162823,-14.825432132717424,0.9720417709150803,0.9264453191058288,-1.922948588129852
154.7,0.8,0.1,56.84944167162823,-14.825432132717424,0.9720417565983196,0.9264452860273494,-1.9229485633924843
154.73333333333332,0.8,0.1,56.84944167162823,-14.825432132717424,0.972041745235478,0.9264452539139023,-1.922948540362869
154.76666666666665,0.8,0.1,56.84944167162823,-14.825432132717424,0.9720417365505105,0.9264452230095348,-1.9229485190751243
154.8,0.8,0.1,56.84944167162823,-14.825432132717424,0.9720417302741511,0.9264451935102117,-1.922948499538137
154.83333333333334,0.8,0.1,56.84944167162823,-14.825432132717424,0.9720417261461411,0.926445165568179,-1.9229484817389577
154.86666666666667,0.8,0.1,56.84944167162823,-14.825432132717424,0.9720417239170429,0.9264451392962368,-1.9229484656459828
154.9,0.8,0.1,56.84944167162823,-14.825432132717424,0.9720417233496736,0.9264451147718838,-1.9229484512119135
154.93333333333334,0.8,0.1,56.84944167162823,-14.825432132717424,0.972041724220197,0.9264450920413024,-1.9229484383764908
154.96666666666667,0.8,0.1,56.84944167162823,-14.825432132717424,0.9720417263189054,0.9264450711231591,-1.9229484270690007
155.0,0.8,0.1,56.84944167162823,-14.825432132717424,0.9720417294507285,0.9264450520122021,-1.9229484172105582
155.03333333333333,0.8,0.1,56.84944167162823,-14.825432132717424,0.972041733435498,0.9264450346826408,-1.9229484087161683
155.06666666666666,0.8,0.1,56.84944167162823,-14.825432132717424,0.9720417381080008,0.9264450190912987,-1.9229484014965745
155.1,0.8,0.1,56.84944167162823,-14.825432132717424,0.9720417433178483,0.9264450051805329,-1.9229483954598996
155.13333333333333,0.8,0.1,56.84944167162823,-14.825432132717424,0.9720417489291907,0.9264449928809193,-1.9229483905130906
155.16666666666666,0.8,0.1,56.84944167162823,-14.825432132717424,0.9720417548202978,0.9264449821137044,-1.9229483865631773
155.2,0.8,0.1,56.84944167162823,-14.825432132717424,0.9720417608830335,0.9264449727930254,-1.9229483835183543
155.23333333333332,0.8,0.1,56.84944167162823,-14.825432132717424,0.9720417670222428,0.9264449648279075,-1.9229483812889006
155.26666666666665,0.8,0.1,56.84944167162823,-14.825432132717424,0.97204177315507,0.9264449581240433,-1.9229483797879454
155.3,0.8,0.1,56.84944167162823,-14.825432132717424,0.9720417792102286,0.926444952585365,-1.9229483789320956
155.33333333333334,0.8,0.1,56.84944167162823,-14.825432132717424,0.9720417851272347,0.9264449481154191,-1.9229483786419346
155.36666666666667,0.8,0.1,56.84944167162823,-14.825432132717424,0.9720417908556205,0.9264449446185552,-1.9229483788424053
155.4,0.8,0.1,56.84944167162823,-14.825432132717424,0.9720417963541388,0.92644494200094,-1.9229483794630888
155.43333333333334,0.8,0.1,56.84944167162823,-14.825432132717424,0.9720418015899691,0.9264449401714094,-1.9229483804383891
155.46666666666667,0.8,0.1,56.84944167162823,-14.825432132717424,0.9720418065379354,0.9264449390421715,-1.922948381707637
155.5,0.8,0.1,56.84944167162823,-14.825432132717424,0.9720418111797414,0.9264449385293714,-1.9229483832151193
155.53333333333333,0.8,0.1,56.84944167162823,-14.825432132717424,0.972041815503232,0.926444938553532,-1.9229483849100482
155.56666666666666,0.8,0.1,56.84944167162823,-14.825432132717424,0.9720418195016841,0.9264449390398826,-1.9229483867464754
155.6,0.8,0.1,56.84944167162823,-14.825432132717424,0.9720418231731324,0.9264449399185851,-1.9229483886831609
155.63333333333333,0.8,0.1,56.84944167162823,-14.825432132717424,0.9720418265197323,0.9264449411248723,-1.9229483906834057
155.66666666666666,0.8,0.1,56.84944167162823,-14.825432132717424,0.9720418295471631,0.926444942599106,-1.922948392714854
155.7,0.8,0.1,56.84944167162823,-14.825432132717424,0.9720418322640726,0.9264449442867683,-1.9229483947492707
155.73333333333332,0.8,0.1,56.84944167162823,-14.825432132717424,0.9720418346815629,0.9264449461383917,-1.922948396762303
155.76666666666665,0.8,0.1,56.84944167162823,-14.825432132717424,0.9720418368127197,0.9264449481094416,-1.9229483987332272
155.8,0.8,0.1,56.84944167162823,-14.825432132717424,0.9720418386721832,0.9264449501601556,-1.9229484006446909
155.83333333333334,0.8,0.1,56.84944167162823,-14.825432132717424,0.9720418402757599,0.9264449522553498,-1.9229484024824477
155.86666666666667,0.8,0.1,56.84944167162823,-14.825432132717424,0.9720418416400751,0.9264449543641975,-1.9229484042350953
155.9,0.8,0.1,56.84944167162823,-14.825432132717424,0.9720418427822635,0.9264449564599873,-1.9229484058938144
155.93333333333334,0.8,0.1,56.84944167162823,-14.825432132717424,0.9720418437196967,0.9264449585198671,-1.9229484074521146
155.96666666666667,0.8,0.1,56.84944167162823,-14.825432132717424,0.9720418444697464,0.9264449605245773,-1.922948408905588
156.0,0.8,0.1,56.84944167162823,-14.825432132717424,0.9720418450495796,0.9264449624581793,-1.922948410251671
156.03333333333333,0.8,0.1,56.84944167162823,-14.825432132717424,0.9720418454759848,0.9264449643077822,-1.9229484114894198
156.06666666666666,0.8,0.1,56.84944167162823,-14.825432132717424,0.9720418457652276,0.926444966063272,-1.9229484126192966
156.1,0.8,0.1,56.84944167162823,-14.825432132717424,0.9720418459329311,0.926444967717045,-1.9229484136429686
156.13333333333333,0.8,0.1,56.84944167162823,-14.825432132717424,0.9720418459939815,0.9264449692637495,-1.922948414563122
156.16666666666666,0.8,0.1,56.84944167162823,-14.825432132717424,0.9720418459624551,0.9264449707000361,-1.9229484153832879
156.2,0.8,0.1,56.84944167162823,-14.825432132717424,0.9720418458515652,0.9264449720243193,-1.9229484161076846
156.23333333333332,0.8,0.1,56.84944167162823,-14.825432132717424,0.9720418456736258,0.9264449732365518,-1.9229484167410726
156.26666666666665,0.8,0.1,56.84944167162823,-14.825432132717424,0.9720418454400322,0.9264449743380115,-1.9229484172886226
156.3,0.8,0.1,56.84944167162823,-14.825432132717424,0.9720418451612536,0.9264449753311026,-1.9229484177557985
156.33333333333334,0.8,0.1,56.84944167162823,-14.825432132717424,0.9720418448468385,0.9264449762191709,-1.9229484181482517
156.36666666666667,0.8,0.1,56.84944167162823,-14.825432132717424,0.9720418445054307,0.9264449770063342,-1.9229484184717291
156.4,0.8,0.1,56.84944167162823,-14.825432132717424,0.9720418441447922,0.9264449776973265,-1.9229484187319925
156.43333333333334,0.8,0.1,56.84944167162823,-14.825432132717424,0.9720418437718348,0.9264449782973568,-1.9229484189347479
156.46666666666667,0.8,0.1,56.84944167162823,-14.825432132717424,0.9720418433926562,0.9264449788119821,-1.9229484190855866
156.5,0.8,0.1,56.84944167162823,-14.825432132717424,0.9720418430125818,0.9264449792469934,-1.9229484191899355
156.53333333333333,0.8,0.1,56.84944167162823,-14.825432132717424,0.9720418426362085,0.9264449796083155,-1.9229484192530157
156.56666666666666,0.8,0.1,56.84944167162823,-14.825432132717424,0.9720418422674523,0.9264449799019183,-1.9229484192798096
156.6,0.8,0.1,56.84944167162823,-14.825432132717424,0.972041841909596,0.9264449801337407,-1.9229484192750352
156.63333333333333,0.8,0.1,56.84944167162823,-14.825432132717424,0.9720418415653388,0.9264449803096245,-1.922948419243128
156.66666666666666,0.8,0.1,56.84944167162823,-14.825432132717424,0.9720418412368457,0.9264449804352598,-1.9229484191882276
156.7,0.8,0.1,56.84944167162823,-14.825432132717424,0.9720418409257955,0.9264449805161385,-1.9229484191141692
156.73333333333332,0.8,0.1,56.84944167162823,-14.825432132717424,0.9720418406334291,0.9264449805575175,-1.922948419024482
156.76666666666665,0.8,0.1,56.84944167162823,-14.825432132717424,0.9720418403605954,0.926444980564389,-1.9229484189223898
156.8,0.8,0.1,56.84944167162823,-14.825432132717424,0.9720418401077955,0.926444980541459,-1.9229484188108144
156.83333333333334,0.8,0.1,56.84944167162823,-14.825432132717424,0.9720418398752253,0.9264449804931314,-1.9229484186923846
156.86666666666667,0.8,0.1,56.84944167162823,-14.825432132717424,0.9720418396628154,0.9264449804234981,-1.922948418569445
156.9,0.8,0.1,56.84944167162823,-14.825432132717424,0.972041839470269,0.926444980336334,-1.9229484184440677
156.93333333333334,0.8,0.1,56.84944167162823,-14.825432132717424,0.9720418392970965,0.9264449802350968,-1.9229484183180665
156.96666666666667,0.8,0.1,56.84944167162823,-14.825432132717424,0.9720418391426484,0.9264449801229301,-1.9229484181930108
157.0,0.8,0.1,56.84944167162823,-14.825432132717424,0.9720418390061447,0.9264449800026698,-1.9229484180702408
157.03333333333333,0.8,0.1,56.84944167162823,-14.825432132717424,0.9720418388867027,0.9264449798768541,-1.9229484179508844
157.06666666666666,0.8,0.1,56.84944167162823,-14.825432132717424,0.9720418387833611,0.9264449797477342,-1.922948417835873
157.1,0.8,0.1,56.84944167162823,-14.825432132717424,0.9720418386951027,0.926444979617288,-1.9229484177259568
157.13333333333333,0.8,0.1,56.84944167162823,-14.825432132717424,0.9720418386208738,0.9264449794872345,-1.9229484176217226
157.16666666666666,0.8,0.1,56.84944167162823,-14.825432132717424,0.9720418385596017,0.9264449793590498,-1.9229484175236091
157.2,0.8,0.1,56.84944167162823,-14.825432132717424,0.9720418385102101,0.9264449792339831,-1.9229484174319218
157.23333333333332,0.8,0.1,56.84944167162823,-14.825432132717424,0.9720418384716323,0.9264449791130737,-1.9229484173468483
157.26666666666665,0.8,0.1,56.84944167162823,-14.825432132717424,0.9720418384428221,0.9264449789971677,-1.922948417268472
157.3,0.8,0.1,56.84944167162823,-14.825432132717424,0.9720418384227637,0.9264449788869351,-1.9229484171967866
157.33333333333334,0.8,0.1,56.84944167162823,-14.825432132717424,0.9720418384104791,0.9264449787828861,-1.922948417131707
157.36666666666667,0.8,0.1,56.84944167162823,-14.825432132717424,0.9720418384050344,0.9264449786853874,-1.9229484170730833
157.4,0.8,0.1,56.84944167162823,-14.825432132717424,0.9720418384055449,0.9264449785946778,-1.9229484170207096
157.43333333333334,0.8,0.1,56.84944167162823,-14.825432132717424,0.9720418384111785,0.9264449785108829,-1.9229484169743352
157.46666666666667,0.8,0.1,56.84944167162823,-14.825432132717424,0.9720418384211582,0.9264449784340297,-1.9229484169336737
157.5,0.8,0.1,56.84944167162823,-14.825432132717424,0.9720418384347638,0.9264449783640596,-1.922948416898411
157.53333333333333,0.8,0.1,56.84944167162823,-14.825432132717424,0.972041838451332,0.9264449783008413,-1.9229484168682134
157.56666666666666,0.8,0.1,56.84944167162823,-14.825432132717424,0.9720418384702569,0.926444978244182,-1.9229484168427333
157.6,0.8,0.1,56.84944167162823,-14.825432132717424,0.972041838490989,0.9264449781938388,-1.9229484168216164
157.63333333333333,0.8,0.1,56.84944167162823,-14.825432132717424,0.9720418385130336,0.9264449781495278,-1.9229484168045061
157.66666666666666,0.8,0.1,56.84944167162823,-14.825432132717424,0.9720418385359492,0.9264449781109337,-1.9229484167910478
157.7,0.8,0.1,56.84944167162823,-14.825432132717424,0.9720418385593451,0.9264449780777178,-1.922948416780893
157.73333333333332,0.8,0.1,56.84944167162823,-14.825432132717424,0.9720418385828796,0.9264449780495247,-1.9229484167737032
157.76666666666665,0.8,0.1,56.84944167162823,-14.825432132717424,0.9720418386062565,0.9264449780259897,-1.9229484167691517
157.8,0.8,0.1,56.84944167162823,-14.825432132717424,0.9720418386292224,0.9264449780067434,-1.9229484167669262
157.83333333333334,0.8,0.1,56.84944167162823,-14.825432132717424,0.9720418386515642,0.9264449779914175,-1.92294841676673
157.86666666666667,0.8,0.1,56.84944167162823,-14.825432132717424,0.9720418386731055,0.9264449779796483,-1.922948416768284
157.9,0.8,0.1,56.84944167162823,-14.825432132717424,0.9720418386937038,0.9264449779710812,-1.922948416771327
157.93333333333334,0.8,0.1,56.84944167162823,-14.825432132717424,0.9720418387132475,0.9264449779653726,-1.922948416775617
157.96666666666667,0.8,0.1,56.84944167162823,-14.825432132717424,0.972041838731653,0.9264449779621933,-1.92294841678093
158.0,0.8,0.1,56.84944167162823,-14.825432132717424,0.9720418387488615,0.9264449779612297,-1.922948416787062
158.03333333333333,0.8,0.1,56.84944167162823,-14.825432132717424,0.9720418387648366,0.926444977962186,-1.9229484167938273
158.06666666666666,0.8,0.1,56.84944167162823,-14.825432132717424,0.9720418387795614,0.9264449779647844,-1.9229484168010582
158.1,0.8,0.1,56.84944167162823,-14.825432132717424,0.972041838793036,0.9264449779687667,-1.922948416808605
158.13333333333333,0.8,0.1,56.84944167162823,-14.825432132717424,0.9720418388052753,0.9264449779738939,-1.922948416816335
158.16666666666666,0.8,0.1,56.84944167162823,-14.825432132717424,0.9720418388163066,0.926444977979947,-1.9229484168241322
158.2,0.8,0.1,56.84944167162823,-14.825432132717424,0.9720418388261676,0.9264449779867262,-1.922948416831895
158.23333333333332,0.8,0.1,56.84944167162823,-14.825432132717424,0.9720418388349047,0.9264449779940511,-1.9229484168395372
158.26666666666665,0.8,0.1,56.84944167162823,-14.825432132717424,0.9720418388425709,0.9264449780017597,-1.9229484168469855
158.3,0.8,0.1,56.84944167162823,-14.825432132717424,0.9720418388492246,0.9264449780097082,-1.922948416854179
158.33333333333334,0.8,0.1,56.84944167162823,-14.825432132717424,0.9720418388549279,0.9264449780177696,-1.9229484168610684
158.36666666666667,0.8,0.1,56.84944167162823,-14.825432132717424,0.9720418388597456,0.9264449780258335,-1.922948416867615
158.4,0.8,0.1,56.84944167162823,-14.825432132717424,0.9720418388637438,0.9264449780338047,-1.9229484168737891
158.43333333333334,0.8,0.1,56.84944167162823,-14.825432132717424,0.9720418388669891,0.9264449780416021,-1.92294841687957
158.46666666666667,0.8,0.1,56.84944167162823,-14.825432132717424,0.9720418388695479,0.9264449780491582,-1.922948416884944
158.5,0.8,0.1,56.84944167162823,-14.825432132717424,0.9720418388714851,0.9264449780564173,-1.9229484168899045
158.53333333333333,0.8,0.1,56.84944167162823,-14.825432132717424,0.9720418388728642,0.9264449780633355,-1.9229484168944502
158.56666666666666,0.8,0.1,56.84944167162823,-14.825432132717424,0.9720418388737465,0.9264449780698785,-1.9229484168985853
158.6,0.8,0.1,56.84944167162823,-14.825432132717424,0.9720418388741905,0.9264449780760213,-1.922948416902318
158.63333333333333,0.8,0.1,56.84944167162823,-14.825432132717424,0.9720418388742517,0.9264449780817473,-1.9229484169056605
158.66666666666666,0.8,0.1,56.84944167162823,-14.825432132717424,0.9720418388739824,0.9264449780870468,-1.9229484169086273
158.7,0.8,0.1,56.84944167162823,-14.825432132717424,0.9720418388734319,0.9264449780919166,-1.9229484169112356
158.73333333333332,0.8,0.1,56.84944167162823,-14.825432132717424,0.9720418388726454,0.9264449780963591,-1.9229484169135045
158.76666666666665,0.8,0.1,56.84944167162823,-14.825432132717424,0.9720418388716651,0.9264449781003812,-1.9229484169154543
158.8,0.8,0.1,56.84944167162823,-14.825432132717424,0.9720418388705293,0.9264449781039938,-1.9229484169171065
158.83333333333334,0.8,0.1,56.84944167162823,-14.825432132717424,0.972041838869273,0.9264449781072114,-1.922948416918483
158.86666666666667,0.8,0.1,56.84944167162823,-14.825432132717424,0.9720418388679276,0.9264449781100508,-1.9229484169196056
158.9,0.8,0.1,56.84944167162823,-14.825432132717424,0.9720418388665214,0.9264449781125311,-1.9229484169204965
158.93333333333334,0.8,0.1,56.84944167162823,-14.825432132717424,0.9720418388650793,0.926444978114673,-1.922948416921177
158.96666666666667,0.8,0.1,56.84944167162823,-14.825432132717424,0.9720418388636234,0.9264449781164981,-1.9229484169216686
159.0,0.8,0.1,56.84944167162823,-14.825432132717424,0.9720418388621725,0.9264449781180288,-1.922948416921992
159.03333333333333,0.7806,0.1194,55.31431644631455,-14.131325022271154,0.9720418388607432,0.9264449781192882,-1.922948416922166
159.06666666666666,0.7611,0.1389,53.80737958374696,-13.415234015230924,0.9700287370624947,0.9258505433041584,-1.9039114560221244
159.1,0.7417,0.1583,52.35127684794902,-12.684694274497218,0.9665481821215103,0.9238827522076998,-1.8734099922878835
159.13333333333333,0.7222,0.1778,50.93832298857411,-11.932466910992488,0.9620405835269988,0.9201532874849665,-1.835577830102772
159.16666666666666,0.7028,0.1972,49.590302737010646,-11.166665871271487,0.9568482421514923,0.9144894946174206,-1.79236712754692
159.2,0.6833,0.2167,48.300605403661926,-10.37991435682607,0.9512864822723653,0.9068428983950695,-1.7450161181873862
159.23333333333332,0.6639,0.2361,47.08956345010161,-9.580917733263176,0.945615094133089,0.8972361445190792,-1.6939800937702525
159.26666666666665,0.6444,0.2556,45.95163526811118,-8.762205952723923,0.9400862030650312,0.8857356159284688,-1.6397373849436236
159.3,0.625,0.275,44.905101997095514,-7.933065499454282,0.9349099601916945,0.872431909768757,-1.5823382100001153
159.33333333333334,0.6056,0.2944,43.950141123849725,-7.090349433688942,0.9302931091264293,0.8574300716844658,-1.522053095330727
159.36666666666667,0.5861,0.3139,43.088383840527236,-6.230755695214105,0.9264127072678595,0.840842873598796,-1.4589286520804792
159.4,0.5667,0.3333,42.33398002452703,-5.36436071523882,0.9234239485793874,0.8227775234274602,-1.392865684679606
159.43333333333334,0.5472,0.3528,41.683928440242596,-4.483613297727594,0.9214784629396061,0.8033367424027773,-1.324044813748199
159.46666666666667,0.5278,0.3722,41.14901402090629,-3.59901878376028,0.9207007405559775,0.7826125172176549,-1.2523006195061677
159.5,0.5083,0.3917,40.72718704974909,-2.7030283793027934,0.9212104647252,0.7606838738344388,-1.1777596722975687
159.53333333333333,0.4889,0.4111,40.42549590193312,-1.8064648466313065,0.923105228280328,0.7376118104401341,-1.100191906973673
159.56666666666666,0.4694,0.4306,40.24281259916034,-0.901786463296621,0.9264755550112229,0.713437697632373,-1.0196582878786233
159.6,0.45,0.45,40.18220160655795,-0.0,0.9313943312295134,0.6881786810355385,-0.935846341590957
159.63333333333333,0.4306,0.4694,40.24281259916034,0.901786463296621,0.9379240625799777,0.6618260784881527,-0.8487232056101119
159.66666666666666,0.4111,0.4889,40.42549590193312,1.8064648466313065,0.9461110945396434,0.6343440317099313,-0.7579993216649961
159.7,0.3917,0.5083,40.72718704974909,2.7030283793027934,0.9559915345071586,0.6056585437629237,-0.6631759268693145
159.73333333333332,0.3722,0.5278,41.149014020906286,3.5990187837602794,0.967583730221832,0.575658886348827,-0.5639833851113771
159.76666666666665,0.3528,0.5472,41.68392844024259,4.483613297727594,0.9808948014932481,0.5441907665270304,-0.4596893845844442
159.8,0.3333,0.5667,42.33398002452703,5.364360715238821,0.9959073184781263,0.5110506366068531,-0.3497258875724549
159.83333333333334,0.3139,0.5861,43.088383840527236,6.230755695214105,1.0125917630895411,0.475975549449083,-0.23297729959425176
159.86666666666667,0.2944,0.6056,43.950141123849725,7.090349433688941,1.0308842072417215,0.43863227011162764,-0.10836227868704137
159.9,0.275,0.625,44.905101997095514,7.9330654994542815,1.0507030001524482,0.3985998025479906,0.02589805323109115
159.93333333333334,0.2556,0.6444,45.95163526811119,8.762205952723923,1.0719092991991535,0.3553847005054384,0.16955699885370404
159.96666666666667,0.2361,0.6639,47.08956345010161,9.580917733263176,1.0942848731621722,0.30861952739806087,0.3181791372274889
160.0,0.2167,0.6833,48.300605403661926,10.37991435682607,1.1175301161164561,0.258162187276726,0.4677194574773771
160.03333333333333,0.1972,0.7028,49.590302737010646,11.166665871271487,1.1412663587619665,0.2040580717135933,0.6149121215071588
160.06666666666666,0.1778,0.7222,50.93832298857411,11.93246691099249,1.1651026218512461,0.1464880723567076,0.7578634975891995
160.1,0.1583,0.7417,52.35127684794902,12.68469427449722,1.1886218597841562,0.08572320857198693,0.895316916653037
160.13333333333333,0.1389,0.7611,53.80737958374696,13.415234015230924,1.2114408238158079,0.022085888033740703,1.0269963117130778
160.16666666666666,0.1194,0.7806,55.31431644631454,14.131325022271154,1.2331791535408891,-0.044073475305615076,1.1528040224337155
160.2,0.1,0.8,56.84944167162823,14.825432132717424,1.2535114423316034,-0.11237418261118065,1.273150815490832
160.23333333333332,0.1,0.8,56.84944167162823,14.825432132717424,1.2721253830703176,-0.1824179625888173,1.388261429644225
160.26666666666665,0.1,0.8,56.84944167162823,14.825432132717424,1.2865407159660212,-0.2530660248327844,1.4792682316009087
160.3,0.1,0.8,56.84944167162823,14.825432132717424,1.2968624845043168,-0.3228989882404035,1.5547754057569139
160.33333333333334,0.1,0.8,56.84944167162823,14.825432132717424,1.3032796708796284,-0.3909812381802285,1.6199537498855299
160.36666666666667,0.1,0.8,56.84944167162823,14.825432132717424,1.3060308647534449,-0.4566765259851003,1.6777482676377777
160.4,0.1,0.8,56.84944167162823,14.825432132717424,1.3053858026413565,-0.5195306229489184,1.7297506541823522
160.43333333333334,0.1,0.8,56.84944167162823,14.825432132717424,1.3016355613226513,-0.5792022334376944,1.7767746395151065
160.46666666666667,0.1,0.8,56.84944167162823,14.825432132717424,1.2950867117202494,-0.6354255405632302,1.8192148224358295
160.5,0.1,0.8,56.84944167162823,14.825432132717424,1.2860568504439744,-0.6879919970112437,1.8572615019603844
160.53333333333333,0.1,0.8,56.84944167162823,14.825432132717424,1.2748703009179148,-0.7367429126443318,1.8910244933362328
160.56666666666666,0.1,0.8,56.84944167162823,14.825432132717424,1.2618535653479586,-0.7815674035559365,1.9206011930623703
160.6,0.1,0.8,56.84944167162823,14.825432132717424,1.2473305199502707,-0.82240237782386,1.9461111833993225
160.63333333333333,0.1,0.8,56.84944167162823,14.825432132717424,1.2316175343984093,-0.8592326437309598,1.9677110498272476
160.66666666666666,0.1,0.8,56.84944167162823,14.825432132717424,1.215018759852486,-0.892090143405953,1.9855976739187269
160.7,0.1,0.8,56.84944167162823,14.825432132717424,1.197821824835564,-0.9210518995083886,2.000004985727763
160.73333333333332,0.1,0.8,56.84944167162823,14.825432132717424,1.180294136980408,-0.9462366262992306,2.0111972146095227
160.76666666666665,0.1,0.8,56.84944167162823,14.825432132717424,1.1626799304279962,-0.9678001723930371,2.0194605285397884
160.8,0.1,0.8,56.84944167162823,14.825432132717424,1.1451981355067495,-0.9859300779811825,2.0250942622750037
160.83333333333334,0.1,0.8,56.84944167162823,14.825432132717424,1.1280410872857936,-1.0008395756499904,2.0284025034203332
160.86666666666667,0.1,0.8,56.84944167162823,14.825432132717424,1.1113740379374597,-1.0127613629758276,2.0296865192253892
160.9,0.1,0.8,56.84944167162823,14.825432132717424,1.0953353976132916,-1.0219414431542262,2.0292383048556064
160.93333333333334,0.1,0.8,56.84944167162823,14.825432132717424,1.0800376009145278,-1.0286332796680784,2.0273353849794615
160.96666666666667,0.1,0.8,56.84944167162823,14.825432132717424,1.0655684806855226,-1.033092452309493,2.0242368894960565
161.0,0.1,0.8,56.84944167162823,14.825432132717424,1.0519930263324535,-1.0355719422257599,2.020180843342921
161.03333333333333,0.1,0.8,56.84944167162823,14.825432132717424,1.0393554080522722,-1.0363181183537256,2.0153825548684297
161.06666666666666,0.1,0.8,56.84944167162823,14.825432132717424,1.0276811588596828,-1.0355674499677383,2.0100339534379077
161.1,0.1,0.8,56.84944167162823,14.825432132717424,1.0169794207894503,-1.033543931762085,2.0043037110599005
161.13333333333333,0.1,0.8,56.84944167162823,14.825432132717424,1.0072451780748999,-1.0304571792842356,1.9983379810905155
161.16666666666666,0.1,0.8,56.84944167162823,14.825432132717424,0.9984614168148892,-1.0265011330650164,1.992261595788006
161.2,0.1,0.8,56.84944167162823,14.825432132717424,0.9906011664411023,-1.0218532983085304,1.9861795802148636
161.23333333333332,0.1,0.8,56.84944167162823,14.825432132717424,0.9836293924093819,-1.0166744420709968,1.980178859746063
161.26666666666665,0.1,0.8,56.84944167162823,14.825432132717424,0.9775047215496162,-1.0111086699700842,1.9743300598263942
161.3,0.1,0.8,56.84944167162823,14.825432132717424,0.9721809912885457,-1.0052838082083253,1.9686893178029163
161.33333333333334,0.1,0.8,56.84944167162823,14.825432132717424,0.9676086215811305,-0.9993120228277957,1.9633000463728498
161.36666666666667,0.1,0.8,56.84944167162823,14.825432132717424,0.9637358140503671,-0.9932906156209583,1.9581946056494532
161.4,0.1,0.8,56.84944167162823,14.825432132717424,0.9605095868134437,-0.9873029442140345,1.9533958556681363
161.43333333333334,0.1,0.8,56.84944167162823,14.825432132717424,0.9578766560588242,-0.9814194219349012,1.9489185732390735
161.46666666666667,0.1,0.8,56.84944167162823,14.825432132717424,0.9557841769223361,-0.9756985607797547,1.9447707265162104
161.5,0.1,0.8,56.84944167162823,14.825432132717424,0.9541803568525377,-0.9701880278523615,1.940954607743642
161.53333333333333,0.1,0.8,56.84944167162823,14.825432132717424,0.9530149546825107,-0.9649256919321361,1.937467829678402
161.56666666666666,0.1,0.8,56.84944167162823,14.825432132717424,0.9522396782233409,-0.9599406422825444,1.9343041945193462
161.6,0.1,0.8,56.84944167162823,14.825432132717424,0.9518084925122895,-0.955254166448264,1.9314544461347682
161.63333333333333,0.1,0.8,56.84944167162823,14.825432132717424,0.9516778499998808,-0.9508806776552855,1.928906917290031
161.66666666666666,0.1,0.8,56.84944167162823,14.825432132717424,0.9518068530290982,-0.9468285855923884,1.926648083706264
161.7,0.1,0.8,56.84944167162823,14.825432132717424,0.9521573580066224,-0.9431011068958607,1.924663036364696
161.73333333333332,0.1,0.8,56.84944167162823,14.825432132717424,0.952694029731342,-0.9396970136655854,1.9229358826980083
161.76666666666665,0.1,0.8,56.84944167162823,14.825432132717424,0.9533843534553025,-0.9366113198909019,1.9214500863293538
161.8,0.1,0.8,56.84944167162823,14.825432132717424,0.9541986114220193,-0.9338359068345137,1.9201887539445432
161.83333333333334,0.1,0.8,56.84944167162823,14.825432132717424,0.9551098298640281,-0.9313600892802133,1.9191348767957543
161.86666666666667,0.1,0.8,56.84944167162823,14.825432132717424,0.9560937017476676,-0.9291711251551608,1.918271533292852
161.9,0.1,0.8,56.84944167162823,14.825432132717424,0.9571284899268363,-0.9272546714414659,1.917582058177588
161.93333333333334,0.1,0.8,56.84944167162823,14.825432132717424,0.9581949148051083,-0.9255951895385264,1.9170501829172821
161.96666666666667,0.1,0.8,56.84944167162823,14.825432132717424,0.9592760301022136,-0.924176303363379,1.9166601512069317
162.0,0.1,0.8,56.84944167162823,14.825432132717424,0.9603570898710503,-0.9229811135111187,1.9163968128324134
162.03333333333333,0.1,0.8,56.84944167162823,14.825432132717424,0.9614254095095837,-0.9219924707654212,1.9162456986169674
162.06666666666666,0.1,0.8,56.84944167162823,14.825432132717424,0.9624702231529294,-0.9211932121696387,1.9161930787392727
162.1,0.1,0.8,56.84944167162823,14.825432132717424,0.9634825395097031,-0.9205663627569177,1.9162260063628078
162.13333333333333,0.1,0.8,56.84944167162823,14.825432132717424,0.9644549979189404,-0.9200953059049269,1.9163323482406565
162.16666666666666,0.1,0.8,56.84944167162823,14.825432132717424,0.9653817261456289,-0.9197639251357836,1.9165008037453062
162.2,0.1,0.8,56.84944167162823,14.825432132717424,0.9662582012007348,-0.9195567200310291,1.916720913607769
162.23333333333332,0.1,0.8,56.84944167162823,14.825432132717424,0.9670811142626232,-0.9194588987795214,1.916983059523987
162.26666666666665,0.1,0.8,56.84944167162823,14.825432132717424,0.9678482405884508,-0.9194564497259431,1.9172784556897084
162.3,0.1,0.8,56.84944167162823,14.825432132717424,0.9685583151343429,-0.9195361941411825,1.917599133249829
162.33333333333334,0.1,0.8,56.84944167162823,14.825432132717424,0.9692109144501744,-0.9196858222942275,1.9179379185880046
162.36666666666667,0.1,0.8,56.84944167162823,14.825432132717424,0.9698063452770572,-0.9198939147689145,1.918288406331775
162.4,0.1,0.8,56.84944167162823,14.825432132717424,0.9703455401519567,-0.9201499508379785,1.9186449279033373
162.43333333333334,0.1,0.8,56.84944167162823,14.825432132717424,0.9708299602131444,-0.920444305581201,1.9190025164033577
162.46666666666667,0.1,0.8,56.84944167162823,14.825432132717424,0.9712615053015573,-0.9207682373137438,1.9193568685726192
162.5,0.1,0.8,56.84944167162823,14.825432132717424,0.9716424313657884,-0.921113866774641,1.919704304532431
162.53333333333333,0.1,0.8,56.84944167162823,14.825432132717424,0.9719752751016871,-0.9214741494135653,1.9200417259588183
162.56666666666666,0.1,0.8,56.84944167162823,14.825432132717424,0.9722627856907851,-0.9218428420060903,1.9203665732972728
162.6,0.1,0.8,56.84944167162823,14.825432132717424,0.9725078634443876,-0.9222144647235441,1.9206767825743936
162.63333333333333,0.1,0.8,56.84944167162823,14.825432132717424,0.9727135051116281,-0.9225842596830426,1.9209707423104876
162.66666666666666,0.1,0.8,56.84944167162823,14.825432132717424,0.9728827555695343,-0.9229481469063817,1.9212472509837097
162.7,0.1,0.8,56.84944167162823,14.825432132717424,0.9730186655806423,-0.9233026785231634,1.921505475442291
162.73333333333332,0.1,0.8,56.84944167162823,14.825432132717424,0.9731242552783927,-0.9236449919639447,1.9217449106076026
162.76666666666665,0.1,0.8,56.84944167162823,14.825432132717424,0.9732024830218847,-0.9239727628034553,1.9219653407579331
162.8,0.1,0.8,56.84944167162823,14.825432132717424,0.9732562192490132,-0.9242841578322024,1.9221668026316554
162.83333333333334,0.1,0.8,56.84944167162823,14.825432132717424,0.9732882249499983,-0.9245777888572513,1.9223495505395103
162.86666666666667,0.1,0.8,56.84944167162823,14.825432132717424,0.9733011343812943,-0.9248526676598132,1.9225140236296134
162.9,0.1,0.8,56.84944167162823,14.825432132717424,0.9732974416422712,-0.925108162468652,1.9226608154058895
162.93333333333334,0.1,0.8,56.84944167162823,14.825432132717424,0.9732794907433645,-0.9253439562443707,1.9227906455613184
162.96666666666667,0.1,0.8,56.84944167162823,14.825432132717424,0.9732494688040475,-0.925560007010464,1.9229043341518317
163.0,0.1,0.8,56.84944167162823,14.825432132717424,0.973209402031491,-0.9257565104126732,1.923002778105074
163.03333333333333,0.1,0.8,56.84944167162823,14.825432132717424,0.9731611541456466,-0.9259338646386783,1.9230869300305546
163.06666666666666,0.1,0.8,56.84944167162823,14.825432132717424,0.9731064269332598,-0.9260926377854735,1.9231577792739256
163.1,0.1,0.8,56.84944167162823,14.825432132717424,0.9730467626315541,-0.9262335377218156,1.923216335138111
163.13333333333333,0.1,0.8,56.84944167162823,14.825432132717424,0.9729835478616347,-0.9263573844578047,1.9232636121776088
163.16666666666666,0.1,0.8,56.84944167162823,14.825432132717424,0.9729180188516653,-0.9264650850027746,1.923300617459268
163.2,0.1,0.8,56.84944167162823,14.825432132717424,0.9728512677102557,-0.9265576106660669,1.9233283396729703
163.23333333333332,0.1,0.8,56.84944167162823,14.825432132717424,0.9727842495309598,-0.926635976732696,1.9233477399686336
163.26666666666665,0.1,0.8,56.84944167162823,14.825432132717424,0.9727177901290751,-0.9267012244271517,1.9233597443915231
163.3,0.1,0.8,56.84944167162823,14.825432132717424,0.9726525942318218,-0.9267544050633616,1.9233652377857173
163.33333333333334,0.1,0.8,56.84944167162823,14.825432132717424,0.9725892539622887,-0.9267965662668727,1.9233650590354312
163.36666666666667,0.1,0.8,56.84944167162823,14.825432132717424,0.9725282574760992,-0.9268287401463283,1.9233599975154865
163.4,0.1,0.8,56.84944167162823,14.825432132717424,0.9724699976274482,-0.9268519332850296,1.9233507906252432
163.43333333333334,0.1,0.8,56.84944167162823,14.825432132717424,0.9724147805578972,-0.926867118419492,1.9233381222845463
163.46666666666667,0.1,0.8,56.84944167162823,14.825432132717424,0.9723628341170142,-0.9268752276701661,1.9233226222754392
163.5,0.1,0.8,56.84944167162823,14.825432132717424,0.9723143160385604,-0.9268771471896133,1.9233048663193502
163.53333333333333,0.1,0.8,56.84944167162823,14.825432132717424,0.9722693218094275,-0.9268737130951633,1.9232853767859734
163.56666666666666,0.1,0.8,56.84944167162823,14.825432132717424,0.9722278921809043,-0.9268657085561737,1.9232646239369688
163.6,0.1,0.8,56.84944167162823,14.825432132717424,0.9721900202831154,-0.9268538619102595,1.9232430276147465
163.63333333333333,0.1,0.8,56.84944167162823,14.825432132717424,0.9721556583136308,-0.9268388456880223,1.923220959293853
163.66666666666666,0.1,0.8,56.84944167162823,14.825432132717424,0.9721247237803399,-0.9268212764317166,1.9231987444197118
163.7,0.1,0.8,56.84944167162823,14.825432132717424,0.9720971052867393,-0.926801715199756,1.9231766649666202
163.73333333333332,0.1,0.8,56.84944167162823,14.825432132717424,0.9720726678548667,-0.9267806686558265,1.923154962153859
163.76666666666665,0.1,0.8,56.84944167162823,14.825432132717424,0.972051257787253,-0.9267585906485056,1.9231338392654969
163.8,0.1,0.8,56.84944167162823,14.825432132717424,0.972032707074542,-0.9267358841945442,1.9231134645258872
163.83333333333334,0.1,0.8,56.84944167162823,14.825432132717424,0.9720168373598769,-0.9267129037862676,1.923093973988962
163.86666666666667,0.1,0.8,56.84944167162823,14.825432132717424,0.9720034634748578,-0.9266899579507748,1.923075474405144
163.9,0.1,0.8,56.84944167162823,14.825432132717424,0.9719923965648818,-0.9266673119956997,1.9230580460350624
163.93333333333334,0.1,0.8,56.84944167162823,14.825432132717424,0.971983446824052,-0.9266451908831722,1.9230417453842183
163.96666666666667,0.1,0.8,56.84944167162823,14.825432132717424,0.9719764258616483,-0.9266237821802242,1.9230266078373097
164.0,0.1,0.8,56.84944167162823,14.825432132717424,0.9719711487234446,-0.9266032390401917,1.9230126501751057
164.03333333333333,0.1,0.8,56.84944167162823,14.825432132717424,0.971967435591992,-0.9265836831756227,1.9229998729605466
164.06666666666666,0.1,0.8,56.84944167162823,14.825432132717424,0.9719651131904239,-0.9265652077888032,1.9229882627841557
164.1,0.1,0.8,56.84944167162823,14.825432132717424,0.971964015914418,-0.9265478804312315,1.9229777943618964
164.13333333333333,0.1,0.8,56.84944167162823,14.825432132717424,0.9719639867167329,-0.9265317457682007,1.9229684324813117
164.16666666666666,0.1,0.8,56.84944167162823,14.825432132717424,0.9719648777682598,-0.9265168282290913,1.922960133794144
164.2,0.1,0.8,56.84944167162823,14.825432132717424,0.971966550918833,-0.9265031345280187,1.922952848455699
164.23333333333332,0.1,0.8,56.84944167162823,14.825432132717424,0.971968877980175,-0.9264906560431521,1.9229465216129777
164.26666666666665,0.1,0.8,56.84944167162823,14.825432132717424,0.9719717408523352,-0.9264793710463082,1.9229410947450998
164.3,0.1,0.8,56.84944167162823,14.825432132717424,0.9719750315138603,-0.9264692467773586,1.9229365068607818
164.33333333333334,0.1,0.8,56.84944167162823,14.825432132717424,0.9719786518947231,-0.9264602413605766,1.922932695558654
164.36666666666667,0.1,0.8,56.84944167162823,14.825432132717424,0.9719825136497782,-0.9264523055623097,1.9229295979570011
164.4,0.1,0.8,56.84944167162823,14.825432132717424,0.9719865378492151,-0.926445384391321,1.922927151500131
164.43333333333334,0.1,0.8,56.84944167162823,14.825432132717424,0.9719906546011683,-0.9264394185448032,1.9229252946490227
164.46666666666667,0.1,0.8,56.84944167162823,14.825432132717424,0.9719948026203391,-0.926434345704474,1.9229239674641976
164.5,0.1,0.8,56.84944167162823,14.825432132717424,0.9719989287551948,-0.9264301016883087,1.9229231120889199
164.53333333333333,0.1,0.8,56.84944167162823,14.825432132717424,0.9720029874850559,-0.9264266214643944,1.922922673140879
164.56666666666666,0.1,0.8,56.84944167162823,14.825432132717424,0.972006940397165,-0.9264238400341136,1.922922598020445
164.6,0.1,0.8,56.84944167162823,14.825432132717424,0.9720107556526665,-0.9264216931923989,1.9229228371434464
164.63333333333333,0.1,0.8,56.84944167162823,14.825432132717424,0.9720144074493183,-0.926420118173172,1.9229233441062035
164.66666666666666,0.1,0.8,56.84944167162823,14.825432132717424,0.9720178754877093,-0.9264190541883068,1.9229240757902728
164.7,0.1,0.8,56.84944167162823,14.825432132717424,0.9720211444467755,-0.9264184428685467,1.9229249924140297
164.73333333333332,0.1,0.8,56.84944167162823,14.825432132717424,0.9720242034734955,-0.9264182286147953,1.922926057537855
164.76666666666665,0.1,0.8,56.84944167162823,14.825432132717424,0.9720270456908029,-0.9264183588680791,1.922927238029299
164.8,0.1,0.8,56.84944167162823,14.825432132717424,0.9720296677269745,-0.9264187843062915,1.9229285039941781
164.83333333333334,0.1,0.8,56.84944167162823,14.825432132717424,0.9720320692690558,-0.9264194589755586,1.9229298286791403
164.86666666666667,0.1,0.8,56.84944167162823,14.825432132717424,0.9720342526422411,-0.9264203403637515,1.9229311883507991
164.9,0.1,0.8,56.84944167162823,14.825432132717424,0.9720362224165568,-0.9264213894233067,1.9229325621561046
164.93333333333334,0.1,0.8,56.84944167162823,14.825432132717424,0.9720379850416896,-0.9264225705501143,1.9229339319681975
164.96666666666667,0.1,0.8,56.84944167162823,14.825432132717424,0.9720395485103496,-0.9264238515248207,1.9229352822215686
165.0,0.1,0.8,56.84944167162823,14.825432132717424,0.9720409220501741,-0.9264252034224448,1.9229365997399464
165.03333333333333,0.1,0.8,56.84944167162823,14.825432132717424,0.9720421158438358,-0.9264266004957707,1.9229378735599456
165.06666666666666,0.1,0.8,56.84944167162823,14.825432132717424,0.9720431407767378,-0.9264280200375222,1.9229390947531382
165.1,0.1,0.8,56.84944167162823,14.825432132717424,0.9720440082114368,-0.9264294422258861,1.922940256248857
165.13333333333333,0.1,0.8,56.84944167162823,14.825432132717424,0.9720447297877425,-0.9264308499575101,1.9229413526597177
165.16666666666666,0.1,0.8,56.84944167162823,14.825432132717424,0.9720453172472827,-0.9264322286716784,1.922942380111534
165.2,0.1,0.8,56.84944167162823,14.825432132717424,0.972045782281206,-0.9264335661689559,1.922943336079015
165.23333333333332,0.1,0.8,56.84944167162823,14.825432132717424,0.972046136399603,-0.9264348524272036,1.9229442192283797
165.26666666666665,0.1,0.8,56.84944167162823,14.825432132717424,0.9720463908211725,-0.9264360794174934,1.9229450292677803
165.3,0.1,0.8,56.84944167162823,14.825432132717424,0.9720465563816207,-0.9264372409221034,1.92294576680621
165.33333333333334,0.1,0.8,56.84944167162823,14.825432132717424,0.9720466434592743,-0.9264383323564453,1.9229464332213795
165.36666666666667,0.1,0.8,56.84944167162823,14.825432132717424,0.9720466619163936,-0.9264393505964752,1.9229470305368743
165.4,0.1,0.8,56.84944167162823,14.825432132717424,0.9720466210547006,-0.9264402938128568,1.9229475613087503
165.43333333333334,0.1,0.8,56.84944167162823,14.825432132717424,0.9720465295836718,-0.9264411613128932,1.9229480285215919
165.46666666666667,0.1,0.8,56.84944167162823,14.825432132717424,0.9720463956001985,-0.9264419533910091,1.922948435493946
165.5,0.1,0.8,56.84944167162823,14.825432132717424,0.9720462265782783,-0.9264426711883558,1.9229487857929435
165.53333333333333,0.1,0.8,56.84944167162823,14.825432132717424,0.9720460293674663,-0.9264433165619279,1.9229490831578366
165.56666666666666,0.1,0.8,56.84944167162823,14.825432132717424,0.9720458101988897,-0.9264438919634107,1.9229493314321184
165.6,0.1,0.8,56.84944167162823,14.825432132717424,0.9720455746977058,-0.9264444003278351,1.922949534503831
165.63333333333333,0.1,0.8,56.84944167162823,14.825432132717424,0.9720453279009637,-0.9264448449719898,1.9229496962536299
165.66666666666666,0.1,0.8,56.84944167162823,14.825432132717424,0.9720450742799079,-0.9264452295024321,1.9229498205101392
165.7,0.1,0.8,56.84944167162823,14.825432132717424,0.9720448177658483,-0.9264455577328504,1.9229499110121127
165.73333333333332,0.1,0.8,56.84944167162823,14.825432132717424,0.9720445617787937,-0.9264458336104506,1.9229499713769012
165.76666666666665,0.1,0.8,56.84944167162823,14.825432132717424,0.972044309258132,-0.926446061150984,1.9229500050747228
165.8,0.1,0.8,56.84944167162823,14.825432132717424,0.9720440626947098,-0.9264462443819808,1.922950015408234
165.83333333333334,0.1,0.8,56.84944167162823,14.825432132717424,0.9720438241637406,-0.9264463872937189,1.9229500054969066
165.86666666666667,0.1,0.8,56.84944167162823,14.825432132717424,0.9720435953580395,-0.9264464937974339,1.9229499782657284
165.9,0.1,0.8,56.84944167162823,14.825432132717424,0.9720433776211478,-0.9264465676902555,1.922949936437759
165.93333333333334,0.1,0.8,56.84944167162823,14.825432132717424,0.9720431719799724,-0.9264466126263499,1.9229498825300946
165.96666666666667,0.1,0.8,56.84944167162823,14.825432132717424,0.9720429791766245,-0.9264466320937494,1.9229498188528191
166.0,0.1,0.8,56.84944167162823,14.825432132717424,0.9720427996991928,-0.9264466293963504,1.9229497475105326
166.03333333333333,0.1,0.8,56.84944167162823,14.825432132717424,0.9720426338112372,-0.926446607640575,1.9229496704060902
166.06666666666666,0.1,0.8,56.84944167162823,14.825432132717424,0.9720424815798338,-0.9264465697262079,1.922949589246194
166.1,0.1,0.8,56.84944167162823,14.825432132717424,0.9720423429020413,-0.9264465183409356,1.9229495055485186
166.13333333333333,0.1,0.8,56.84944167162823,14.825432132717424,0.9720422175296974,-0.9264464559581393,1.9229494206500723
166.16666666666666,0.1,0.8,56.84944167162823,14.825432132717424,0.972042105092484,-0.9264463848375156,1.922949335716525
166.2,0.1,0.8,56.84944167162823,14.825432132717424,0.9720420051192304,-0.9264463070281265,1.922949251752259
166.23333333333332,0.1,0.8,56.84944167162823,14.825432132717424,0.9720419170574486,-0.9264462243735041,1.9229491696109222
166.26666666666665,0.1,0.8,56.84944167162823,14.825432132717424,0.972041840291115,-0.9264461385184672,1.9229490900062922
166.3,0.1,0.8,56.84944167162823,14.825432132717424,0.9720417741567337,-0.9264460509173299,1.9229490135232792
166.33333333333334,0.1,0.8,56.84944167162823,14.825432132717424,0.97204171795773,-0.9264459628432131,1.9229489406289195
166.36666666666667,0.1,0.8,56.84944167162823,14.825432132717424,0.9720416709772361,-0.926445875398198,1.9229488716832304
166.4,0.1,0.8,56.84944167162823,14.825432132717424,0.972041632489343,-0.9264457895240824,1.922948806949819
166.43333333333334,0.1,0.8,56.84944167162823,14.825432132717424,0.9720416017688966,-0.9264457060135324,1.922948746606155
166.46666666666667,0.1,0.8,56.84944167162823,14.825432132717424,0.9720415780999271,-0.926445625521441,1.9229486907534294
166.5,0.1,0.8,56.84944167162823,14.825432132717424,0.9720415607828005,-0.9264455485763339,1.9229486394259465
166.53333333333333,0.1,0.8,56.84944167162823,14.825432132717424,0.9720415491401859,-0.9264454755916781,1.9229485925999983
166.56666666666666,0.1,0.8,56.84944167162823,14.825432132717424,0.9720415425219329,-0.9264454068769781,1.9229485502021904
166.6,0.1,0.8,56.84944167162823,14.825432132717424,0.9720415403089515,-0.9264453426485544,1.922948512117199
166.63333333333333,0.1,0.8,56.84944167162823,14.825432132717424,0.9720415419161896,-0.9264452830399248,1.922948478194944
166.66666666666666,0.1,0.8,56.84944167162823,14.825432132717424,0.9720415467947962,-0.9264452281117191,1.9229484482571766
166.7,0.1,0.8,56.84944167162823,14.825432132717424,0.972041554433558,-0.9264451778610768,1.9229484221034843
166.73333333333332,0.1,0.8,56.84944167162823,14.825432132717424,0.9720415643596952,-0.9264451322304877,1.9229483995167242
166.76666666666665,0.1,0.8,56.84944167162823,14.825432132717424,0.9720415761390933,-0.92644509111605,1.9229483802678995
166.8,0.1,0.8,56.84944167162823,14.825432132717424,0.9720415893760481,-0.9264450543751285,1.922948364120498
166.83333333333334,0.1,0.8,56.84944167162823,14.825432132717424,0.9720416037125946,-0.9264450218334057,1.9229483508343181
166.86666666666667,0.1,0.8,56.84944167162823,14.825432132717424,0.9720416188274841,-0.9264449932913289,1.922948340168808
166.9,0.1,0.8,56.84944167162823,14.825432132717424,0.9720416344348713,-0.9264449685299584,1.922948331885944
166.93333333333334,0.1,0.8,56.84944167162823,14.825432132717424,0.9720416502827678,-0.926444947316234,1.9229483257526818
166.96666666666667,0.1,0.8,56.84944167162823,14.825432132717424,0.9720416661513099,-0.9264449294076758,1.9229483215430083
167.0,0.1,0.8,56.84944167162823,14.825432132717424,0.9720416818508906,-0.9264449145565451,1.922948319039625
167.03333333333333,0.1,0.8,56.84944167162823,14.825432132717424,0.972041697220193,-0.926444902513489,1.9229483180352975
167.06666666666666,0.1,0.8,56.84944167162823,14.825432132717424,0.9720417121241649,-0.9264448930306987,1.9229483183338976
167.1,0.1,0.8,56.84944167162823,14.825432132717424,0.9720417264519645,-0.9264448858646115,1.92294831975117
167.13333333333333,0.1,0.8,56.84944167162823,14.825432132717424,0.9720417401149063,-0.9264448807781884,1.9229483221152557
167.16666666666666,0.1,0.8,56.84944167162823,14.825432132717424,0.9720417530444311,-0.9264448775427984,1.9229483252669926
167.2,0.1,0.8,56.84944167162823,14.825432132717424,0.9720417651901213,-0.9264448759397426,1.9229483290600284
167.23333333333332,0.1,0.8,56.84944167162823,14.825432132717424,0.9720417765177776,-0.9264448757614502,1.922948333360766
167.26666666666665,0.1,0.8,56.84944167162823,14.825432132717424,0.9720417870075712,-0.9264448768123777,1.922948338048166
167.3,0.1,0.8,56.84944167162823,14.825432132717424,0.9720417966522841,-0.9264448789096418,1.9229483430134287
167.33333333333334,0.1,0.8,56.84944167162823,14.825432132717424,0.9720418054556448,-0.9264448818834146,1.9229483481595777
167.36666666666667,0.1,0.8,56.84944167162823,14.825432132717424,0.9720418134307656,-0.926444885577112,1.9229483534009597
167.4,0.1,0.8,56.84944167162823,14.825432132717424,0.9720418205986866,-0.926444889847399,1.9229483586626832
167.43333333333334,0.1,0.8,56.84944167162823,14.825432132717424,0.9720418269870288,-0.9264448945640384,1.9229483638800053
167.46666666666667,0.1,0.8,56.84944167162823,14.825432132717424,0.9720418326287554,-0.9264448996096065,1.9229483689976876
167.5,0.1,0.8,56.84944167162823,14.825432132717424,0.9720418375610437,-0.9264449048790977,1.9229483739693263
167.53333333333333,0.1,0.8,56.84944167162823,14.825432132717424,0.9720418418242622,-0.9264449102794375,1.9229483787566732
167.56666666666666,0.1,0.8,56.84944167162823,14.825432132717424,0.9720418454610535,-0.9264449157289228,1.9229483833289551
167.6,0.1,0.8,56.84944167162823,14.825432132717424,0.9720418485155168,-0.926444921156606,1.9229483876621984
167.63333333333333,0.1,0.8,56.84944167162823,14.825432132717424,0.9720418510324864,-0.9264449265016376,1.922948391738568
167.66666666666666,0.1,0.8,56.84944167162823,14.825432132717424,0.9720418530569029,-0.9264449317125818,1.9229483955457256
167.7,0.1,0.8,56.84944167162823,14.825432132717424,0.9720418546332692,-0.926444936746716,1.9229483990762133
167.73333333333332,0.1,0.8,56.84944167162823,14.825432132717424,0.9720418558051873,-0.9264449415693248,1.9229484023268628
167.76666666666665,0.1,0.8,56.84944167162823,14.825432132717424,0.9720418566149707,-0.9264449461529974,1.922948405298239
167.8,0.1,0.8,56.84944167162823,14.825432132717424,0.9720418571033246,-0.9264449504769378,1.922948407994115
167.83333333333334,0.1,0.8,56.84944167162823,14.825432132717424,0.9720418573090903,-0.9264449545262907,1.9229484104209822
167.86666666666667,0.1,0.8,56.84944167162823,14.825432132717424,0.9720418572690468,-0.9264449582914935,1.9229484125875975
167.9,0.1,0.8,56.84944167162823,14.825432132717424,0.9720418570177637,-0.9264449617676537,1.9229484145045659
167.93333333333334,0.1,0.8,56.84944167162823,14.825432132717424,0.972041856587501,-0.9264449649539589,1.922948416183959
167.96666666666667,0.1,0.8,56.84944167162823,14.825432132717424,0.97204185600815,-0.9264449678531207,1.9229484176389695
168.0,0.1,0.8,56.84944167162823,14.825432132717424,0.9720418553072099,-0.9264449704708536,1.922948418883601
168.03333333333333,0.1,0.8,56.84944167162823,14.825432132717424,0.9720418545097962,-0.9264449728153913,1.9229484199323896
168.06666666666666,0.1,0.8,56.84944167162823,14.825432132717424,0.9720418536386757,-0.9264449748970403,1.9229484208001606
168.1,0.1,0.8,56.84944167162823,14.825432132717424,0.9720418527143244,-0.9264449767277709,1.9229484215018122
168.13333333333333,0.1,0.8,56.84944167162823,14.825432132717424,0.9720418517550043,-0.9264449783208463,1.9229484220521313
168.16666666666666,0.1,0.8,56.84944167162823,14.825432132717424,0.9720418507768558,-0.9264449796904859,1.9229484224656346
168.2,0.1,0.8,56.84944167162823,14.825432132717424,0.9720418497940015,-0.9264449808515666,1.9229484227564344
168.23333333333332,0.1,0.8,56.84944167162823,14.825432132717424,0.9720418488186607,-0.9264449818193555,1.9229484229381302
168.26666666666665,0.1,0.8,56.84944167162823,14.825432132717424,0.972041847861269,-0.926444982609277,1.9229484230237184
168.3,0.1,0.8,56.84944167162823,14.825432132717424,0.9720418469306034,-0.9264449832367087,1.9229484230255238
168.33333333333334,0.1,0.8,56.84944167162823,14.825432132717424,0.9720418460339084,-0.9264449837168072,1.9229484229551472
168.36666666666667,0.1,0.8,56.84944167162823,14.825432132717424,0.9720418451770243,-0.9264449840643606,1.9229484228234301
168.4,0.1,0.8,56.84944167162823,14.825432132717424,0.9720418443645125,-0.9264449842936653,1.9229484226404316
168.43333333333334,0.1,0.8,56.84944167162823,14.825432132717424,0.9720418435997794,-0.9264449844184263,1.9229484224154187
168.46666666666667,0.1,0.8,56.84944167162823,14.825432132717424,0.9720418428851967,-0.9264449844516774,1.922948422156868
168.5,0.1,0.8,56.84944167162823,14.825432132717424,0.9720418422222169,-0.9264449844057216,1.9229484218724742
168.53333333333333,0.1,0.8,56.84944167162823,14.825432132717424,0.9720418416114838,-0.9264449842920872,1.922948421569169
168.56666666666666,0.1,0.8,56.84944167162823,14.825432132717424,0.9720418410529368,-0.9264449841214997,1.9229484212531454
168.6,0.1,0.8,56.84944167162823,14.825432132717424,0.9720418405459099,-0.9264449839038671,1.9229484209298864
168.63333333333333,0.1,0.8,56.84944167162823,14.825432132717424,0.9720418400892231,-0.9264449836482765,1.9229484206041998
168.66666666666666,0.1,0.8,56.84944167162823,14.825432132717424,0.9720418396812676,-0.9264449833630014,1.9229484202802554
168.7,0.1,0.8,56.84944167162823,14.825432132717424,0.9720418393200841,-0.9264449830555166,1.9229484199616234
168.73333333333332,0.1,0.8,56.84944167162823,14.825432132717424,0.9720418390034352,-0.9264449827325216,1.9229484196513167
168.76666666666665,0.1,0.8,56.84944167162823,14.825432132717424,0.9720418387288694,-0.926444982399969,1.9229484193518322
168.8,0.1,0.8,56.84944167162823,14.825432132717424,0.97204183849378,-0.9264449820630981,1.9229484190651933
168.83333333333334,0.1,0.8,56.84944167162823,14.825432132717424,0.9720418382954575,-0.9264449817264724,1.9229484187929908
168.86666666666667,0.1,0.8,56.84944167162823,14.825432132717424,0.9720418381311355,-0.9264449813940192,1.9229484185364256
168.9,0.1,0.8,56.84944167162823,14.825432132717424,0.9720418379980313,-0.9264449810690721,1.9229484182963479
168.93333333333334,0.1,0.8,56.84944167162823,14.825432132717424,0.9720418378933808,-0.926444980754414,1.9229484180732956
168.96666666666667,0.1,0.8,56.84944167162823,14.825432132717424,0.9720418378144684,-0.9264449804523204,1.922948417867532
169.0,0.1,0.8,56.84944167162823,14.825432132717424,0.9720418377586525,-0.9264449801646034,1.9229484176790805
169.03333333333333,0.1,0.8,56.84944167162823,14.825432132717424,0.9720418377233859,-0.9264449798926548,1.922948417507757
169.06666666666666,0.1,0.8,56.84944167162823,14.825432132717424,0.9720418377062331,-0.9264449796374875,1.9229484173532017
169.1,0.1,0.8,56.84944167162823,14.825432132717424,0.9720418377048832,-0.9264449793997763,1.9229484172149076
169.13333333333333,0.1,0.8,56.84944167162823,14.825432132717424,0.9720418377171599,-0.9264449791798973,1.9229484170922464
169.16666666666666,0.1,0.8,56.84944167162823,14.825432132717424,0.9720418377410286,-0.9264449789779643,1.9229484169844928
169.2,0.1,0.8,56.84944167162823,14.825432132717424,0.9720418377746003,-0.9264449787938642,1.9229484168908468
169.23333333333332,0.1,0.8,56.84944167162823,14.825432132717424,0.972041837816134,-0.9264449786272899,1.9229484168104538
169.26666666666665,0.1,0.8,56.84944167162823,14.825432132717424,0.9720418378640362,-0.9264449784777704,1.9229484167424213
169.3,0.1,0.8,56.84944167162823,14.825432132717424,0.97204183791686,-0.9264449783446995,1.9229484166858353
169.33333333333334,0.1,0.8,56.84944167162823,14.825432132717424,0.972041837973301,-0.9264449782273615,1.9229484166397737
169.36666666666667,0.1,0.8,56.84944167162823,14.825432132717424,0.9720418380321931,-0.9264449781249546,1.9229484166033188
169.4,0.1,0.8,56.84944167162823,14.825432132717424,0.9720418380925034,-0.926444978036613,1.9229484165755668
169.43333333333334,0.1,0.8,56.84944167162823,14.825432132717424,0.9720418381533253,-0.9264449779614249,1.9229484165556374
169.46666666666667,0.1,0.8,56.84944167162823,14.825432132717424,0.9720418382138721,-0.9264449778984507,1.9229484165426796
169.5,0.1,0.8,56.84944167162823,14.825432132717424,0.9720418382734695,-0.9264449778467371,1.922948416535879
169.53333333333333,0.1,0.8,56.84944167162823,14.825432132717424,0.9720418383315478,-0.9264449778053305,1.9229484165344615
169.56666666666666,0.1,0.8,56.84944167162823,14.825432132717424,0.9720418383876342,-0.9264449777732886,1.9229484165376969
169.6,0.1,0.8,56.84944167162823,14.825432132717424,0.9720418384413452,-0.9264449777496894,1.9229484165449018
169.63333333333333,0.1,0.8,56.84944167162823,14.825432132717424,0.9720418384923779,-0.9264449777336393,1.9229484165554407
169.66666666666666,0.1,0.8,56.84944167162823,14.825432132717424,0.9720418385405035,-0.9264449777242801,1.9229484165687272
169.7,0.1,0.8,56.84944167162823,14.825432132717424,0.9720418385855589,-0.9264449777207938,1.9229484165842237
169.73333333333332,0.1,0.8,56.84944167162823,14.825432132717424,0.9720418386274398,-0.9264449777224067,1.9229484166014412
169.76666666666665,0.1,0.8,56.84944167162823,14.825432132717424,0.9720418386660935,-0.9264449777283925,1.9229484166199384
169.8,0.1,0.8,56.84944167162823,14.825432132717424,0.9720418387015131,-0.9264449777380741,1.9229484166393203
169.83333333333334,0.1,0.8,56.84944167162823,14.825432132717424,0.9720418387337302,-0.9264449777508249,1.9229484166592359
169.86666666666667,0.1,0.8,56.84944167162823,14.825432132717424,0.9720418387628099,-0.9264449777660692,1.9229484166793769
169.9,0.1,0.8,56.84944167162823,14.825432132717424,0.9720418387888453,-0.9264449777832815,1.9229484166994748
169.93333333333334,0.1,0.8,56.84944167162823,14.825432132717424,0.9720418388119523,-0.9264449778019864,1.9229484167192992
169.96666666666667,0.1,0.8,56.84944167162823,14.825432132717424,0.9720418388322651,-0.9264449778217567,1.9229484167386548
170.0,0.1,0.8,56.84944167162823,14.825432132717424,0.9720418388499324,-0.9264449778422119,1.922948416757379
170.03333333333333,0.1,0.8,56.84944167162823,14.825432132717424,0.9720418388651132,-0.9264449778630163,1.9229484167753386
170.06666666666666,0.1,0.8,56.84944167162823,14.825432132717424,0.9720418388779738,-0.9264449778838766,1.9229484167924284
170.1,0.1,0.8,56.84944167162823,14.825432132717424,0.9720418388886847,-0.9264449779045396,1.9229484168085684
170.13333333333333,0.1,0.8,56.84944167162823,14.825432132717424,0.972041838897418,-0.9264449779247895,1.9229484168237
170.16666666666666,0.1,0.8,56.84944167162823,14.825432132717424,0.9720418389043454,-0.9264449779444454,1.922948416837785
170.2,0.1,0.8,56.84944167162823,14.825432132717424,0.9720418389096357,-0.9264449779633581,1.922948416850803
170.23333333333332,0.1,0.8,56.84944167162823,14.825432132717424,0.9720418389134539,-0.9264449779814085,1.9229484168627489
170.26666666666665,0.1,0.8,56.84944167162823,14.825432132717424,0.9720418389159591,-0.9264449779985034,1.9229484168736306
170.3,0.1,0.8,56.84944167162823,14.825432132717424,0.9720418389173041,-0.9264449780145745,1.9229484168834678
170.33333333333334,0.1,0.8,56.84944167162823,14.825432132717424,0.9720418389176341,-0.9264449780295746,1.9229484168922897
170.36666666666667,0.1,0.8,56.84944167162823,14.825432132717424,0.9720418389170857,-0.9264449780434757,1.9229484169001332
170.4,0.1,0.8,56.84944167162823,14.825432132717424,0.9720418389157875,-0.9264449780562667,1.9229484169070417
170.43333333333334,0.1,0.8,56.84944167162823,14.825432132717424,0.9720418389138588,-0.926444978067951,1.9229484169130635
170.46666666666667,0.1,0.8,56.84944167162823,14.825432132717424,0.9720418389114095,-0.9264449780785446,1.922948416918251
170.5,0.1,0.8,56.84944167162823,14.825432132717424,0.9720418389085408,-0.9264449780880742,1.9229484169226587
170.53333333333333,0.1,0.8,56.84944167162823,14.825432132717424,0.9720418389053447,-0.9264449780965753,1.922948416926343
170.56666666666666,0.1,0.8,56.84944167162823,14.825432132717424,0.9720418389019041,-0.9264449781040905,1.922948416929361
170.6,0.1,0.8,56.84944167162823,14.825432132717424,0.9720418388982934,-0.9264449781106681,1.9229484169317692
170.63333333333333,0.1,0.8,56.84944167162823,14.825432132717424,0.9720418388945788,-0.9264449781163607,1.9229484169336244
170.66666666666666,0.1,0.8,56.84944167162823,14.825432132717424,0.9720418388908184,-0.9264449781212242,1.922948416934981
170.7,0.1,0.8,56.84944167162823,14.825432132717424,0.9720418388870627,-0.9264449781253162,1.9229484169358926
170.73333333333332,0.1,0.8,56.84944167162823,14.825432132717424,0.9720418388833555,-0.9264449781286958,1.9229484169364097
170.76666666666665,0.1,0.8,56.84944167162823,14.825432132717424,0.9720418388797334,-0.9264449781314218,1.9229484169365814
170.8,0.1,0.8,56.84944167162823,14.825432132717424,0.9720418388762274,-0.926444978133553,1.9229484169364535
170.83333333333334,0.1,0.8,56.84944167162823,14.825432132717424,0.9720418388728627,-0.9264449781351467,1.9229484169360689
170.86666666666667,0.1,0.8,56.84944167162823,14.825432132717424,0.9720418388696591,-0.9264449781362588,1.922948416935468
170.9,0.1,0.8,56.84944167162823,14.825432132717424,0.9720418388666321,-0.9264449781369429,1.9229484169346875
170.93333333333334,0.1,0.8,56.84944167162823,14.825432132717424,0.9720418388637927,-0.9264449781372505,1.9229484169337618
170.96666666666667,0.1,0.8,56.84944167162823,14.825432132717424,0.9720418388611484,-0.92644497813723,1.922948416932722
171.0,0.1,0.8,56.84944167162823,14.825432132717424,0.9720418388587032,-0.9264449781369273,1.922948416931596
171.03333333333333,0.1194,0.7806,55.31431644631454,14.131325022271154,0.9720418388564583,-0.926444978136385,1.922948416930409
171.06666666666666,0.1389,0.7611,53.80737958374696,13.415234015230924,0.9700287370575615,-0.9258505433195048,1.903911456029108
171.1,0.1583,0.7417,52.35127684794902,12.68469427449722,0.9665481821160845,-0.9238827522213654,1.8734099922937162
171.13333333333333,0.1778,0.7222,50.93832298857411,11.93246691099249,0.9620405835212208,-0.9201532874970363,1.8355778301075596
171.16666666666666,0.1972,0.7028,49.590302737010646,11.166665871271487,0.9568482421454859,-0.9144894946279907,1.7923671275507638
171.2,0.2167,0.6833,48.300605403661926,10.37991435682607,0.951286482266238,-0.9068428984042439,1.7450161181903836
171.23333333333332,0.2361,0.6639,47.08956345010161,9.580917733263176,0.9456150941269322,-0.8972361445269664,1.693980093772497
171.26666666666665,0.2556,0.6444,45.95163526811119,8.762205952723923,0.9400862030589215,-0.8857356159351794,1.6397373849452035
171.3,0.275,0.625,44.905101997095514,7.9330654994542815,0.9349099601856948,-0.8724319097744008,1.5823382100011145
171.33333333333334,0.2944,0.6056,43.950141123849725,7.090349433688941,0.93029310912059,-0.8574300716891506,1.5220530953312232
171.36666666666667,0.3139,0.5861,43.088383840527236,6.230755695214105,0.9264127072622199,-0.8408428736026254,1.458928652080544
171.4,0.3333,0.5667,42.33398002452703,5.364360715238821,0.9234239485739768,-0.8227775234305333,1.3928656846793044
171.43333333333334,0.3528,0.5472,41.68392844024259,4.483613297727594,0.9214784629344455,-0.8033367424051867,1.3240448137475893
171.46666666666667,0.3722,0.5278,41.149014020906286,3.5990187837602794,0.9207007405510802,-0.782612517219487,1.252300619505301
171.5,0.3917,0.5083,40.72718704974909,2.7030283793027934,0.9212104647205733,-0.7606838738357729,1.17775967229649
171.53333333333333,0.4111,0.4889,40.42549590193312,1.8064648466313065,0.9231052282759743,-0.7376118104410425,1.1001919069724209
171.56666666666666,0.4306,0.4694,40.24281259916034,0.901786463296621,0.9264755550071402,-0.7134376976329211,1.0196582878772302
171.6,0.45,0.45,40.18220160655795,-0.0,0.9313943312256965,-0.6881786810357846,0.9358463415894507
171.63333333333333,0.4694,0.4306,40.24281259916034,-0.901786463296621,0.9379240625764186,-0.6618260784881486,0.8487232056085147
171.66666666666666,0.4889,0.4111,40.42549590193312,-1.8064648466313065,0.9461110945363322,-0.6343440317097223,0.7579993216633257
171.7,0.5083,0.3917,40.72718704974909,-2.7030283793027934,0.9559915345040841,-0.6056585437625497,0.6631759268675846
171.73333333333332,0.5278,0.3722,41.14901402090629,-3.59901878376028,0.967583730218982,-0.5756588863483221,0.5639833851095977
171.76666666666665,0.5472,0.3528,41.683928440242596,-4.483613297727594,0.9808948014906098,-0.5441907665264235,0.4596893845826212
171.8,0.5667,0.3333,42.33398002452703,-5.36436071523882,0.9959073184756863,-0.511050636606169,0.34972588757059103
171.83333333333334,0.5861,0.3139,43.088383840527236,-6.230755695214105,1.0125917630872858,-0.475975549448342,0.23297729959234595
171.86666666666667,0.6056,0.2944,43.950141123849725,-7.090349433688942,1.0308842072396378,-0.4386322701108463,0.10836227868508852
171.9,0.625,0.275,44.905101997095514,-7.933065499454282,1.050703000150523,-0.39859980254718214,-0.02589805323309688
171.93333333333334,0.6444,0.2556,45.95163526811118,-8.762205952723923,1.0719092991973735,-0.35538470050461446,-0.16955699885570302
171.96666666666667,0.6639,0.2361,47.08956345010161,-9.580917733263176,1.094284873160524,-0.3086195273972346,-0.31817913722940117
172.0,0.6833,0.2167,48.300605403661926,-10.37991435682607,1.117530116114926,-0.25816218727591145,-0.46771945747914445
172.03333333333333,0.7028,0.1972,49.590302737010646,-11.166665871271487,1.141266358760542,-0.2040580717128044,-0.6149121215087449
172.06666666666666,0.7222,0.1778,50.93832298857411,-11.932466910992488,1.165102621849916,-0.1464880723559574,-0.7578634975905867
172.1,0.7417,0.1583,52.35127684794902,-12.684694274497218,1.1886218597829108,-0.0857232085712869,-0.8953169166542224
172.13333333333333,0.7611,0.1389,53.80737958374696,-13.415234015230924,1.211440823814639,-0.022085888033100506,-1.0269963117140684
172.16666666666666,0.7806,0.1194,55.31431644631455,-14.131325022271154,1.2331791535397902,0.044073475306187715,-1.1528040224345237
172.2,0.8,0.1,56.84944167162823,-14.825432132717424,1.2535114423305695,0.1123741826116798,-1.2731508154914735
172.23333333333332,0.8,0.1,56.84944167162823,-14.825432132717424,1.272125383069345,0.18241796258923887,-1.3882614296447158
172.26666666666665,0.8,0.1,56.84944167162823,-14.825432132717424,1.2865407159651072,0.2530660248331266,-1.479268231601265
172.3,0.8,0.1,56.84944167162823,-14.825432132717424,1.29686248450346,0.3228989882406668,-1.554775405757152
172.33333333333334,0.8,0.1,56.84944167162823,-14.825432132717424,1.3032796708788275,0.390981238180415,-1.6199537498856642
172.36666666666667,0.8,0.1,56.84944167162823,-14.825432132717424,1.306030864752699,0.45667652598521324,-1.677748267637822
172.4,0.8,0.1,56.84944167162823,-14.825432132717424,1.305385802640665,0.519530622948962,-1.7297506541823182
172.43333333333334,0.8,0.1,56.84944167162823,-14.825432132717424,1.3016355613220136,0.5792022334376737,-1.7767746395150061
172.46666666666667,0.8,0.1,56.84944167162823,-14.825432132717424,1.295086711719665,0.635425540563151,-1.819214822435674
172.5,0.8,0.1,56.84944167162823,-14.825432132717424,1.2860568504434424,0.6879919970111121,-1.8572615019601837
172.53333333333333,0.8,0.1,56.84944167162823,-14.825432132717424,1.274870300917434,0.7367429126441543,-1.891024493335997
172.56666666666666,0.8,0.1,56.84944167162823,-14.825432132717424,1.2618535653475278,0.7815674035557196,-1.9206011930621083
172.6,0.8,0.1,56.84944167162823,-14.825432132717424,1.2473305199498885,0.8224023778236107,-1.9461111833990428
172.63333333333333,0.8,0.1,56.84944167162823,-14.825432132717424,1.2316175343980738,0.8592326437306844,-1.9677110498269579
172.66666666666666,0.8,0.1,56.84944167162823,-14.825432132717424,1.2150187598521949,0.8920901434056582,-1.9855976739184338
172.7,0.8,0.1,56.84944167162823,-14.825432132717424,1.1978218248353152,0.9210518995080801,-2.0000049857274727
172.73333333333332,0.8,0.1,56.84944167162823,-14.825432132717424,1.1802941369801987,0.946236626298914,-2.011197214609239
172.76666666666665,0.8,0.1,56.84944167162823,-14.825432132717424,1.1626799304278237,0.9678001723927177,-2.0194605285395153
172.8,0.8,0.1,56.84944167162823,-14.825432132717424,1.145198135506611,0.9859300779808648,-2.0250942622747448
172.83333333333334,0.8,0.1,56.84944167162823,-14.825432132717424,1.128041087285686,1.0008395756496786,-2.0284025034200908
172.86666666666667,0.8,0.1,56.84944167162823,-14.825432132717424,1.1113740379373804,1.0127613629755252,-2.029686519225165
172.9,0.8,0.1,56.84944167162823,-14.825432132717424,1.0953353976132374,1.0219414431539358,-2.0292383048554012
172.93333333333334,0.8,0.1,56.84944167162823,-14.825432132717424,1.0800376009144959,1.0286332796678024,-2.027335384979276
172.96666666666667,0.8,0.1,56.84944167162823,-14.825432132717424,1.0655684806855101,1.033092452309233,-2.0242368894958904
173.0,0.8,0.1,56.84944167162823,-14.825432132717424,1.0519930263324582,1.0355719422255172,-2.020180843342774
173.03333333333333,0.8,0.1,56.84944167162823,-14.825432132717424,1.0393554080522913,1.036318118353501,-2.015382554868301
173.06666666666666,0.8,0.1,56.84944167162823,-14.825432132717424,1.0276811588597141,1.0355674499675325,-2.0100339534377967
173.1,0.8,0.1,56.84944167162823,-14.825432132717424,1.0169794207894916,1.033543931761898,-2.004303711059806
173.13333333333333,0.8,0.1,56.84944167162823,-14.825432132717424,1.0072451780749492,1.0304571792840673,-1.9983379810904363
173.16666666666666,0.8,0.1,56.84944167162823,-14.825432132717424,0.9984614168149448,1.0265011330648663,-1.9922615957879408
173.2,0.8,0.1,56.84944167162823,-14.825432132717424,0.9906011664411626,1.0218532983083979,-1.9861795802148112
173.23333333333332,0.8,0.1,56.84944167162823,-14.825432132717424,0.9836293924094454,1.016674442070881,-1.9801788597460224
173.26666666666665,0.8,0.1,56.84944167162823,-14.825432132717424,0.9775047215496817,1.0111086699699845,-1.974330059826364
173.3,0.8,0.1,56.84944167162823,-14.825432132717424,0.9721809912886121,1.0052838082082405,-1.9686893178028952
173.33333333333334,0.8,0.1,56.84944167162823,-14.825432132717424,0.9676086215811968,0.9993120228277248,-1.9633000463728367
173.36666666666667,0.8,0.1,56.84944167162823,-14.825432132717424,0.9637358140504325,0.9932906156209002,-1.958194605649447
173.4,0.8,0.1,56.84944167162823,-14.825432132717424,0.9605095868135075,0.987302944213988,-1.9533958556681361
173.43333333333334,0.8,0.1,56.84944167162823,-14.825432132717424,0.9578766560588858,0.9814194219348652,-1.9489185732390786
173.46666666666667,0.8,0.1,56.84944167162823,-14.825432132717424,0.9557841769223951,0.9756985607797282,-1.94477072651622
173.5,0.8,0.1,56.84944167162823,-14.825432132717424,0.9541803568525938,0.9701880278523434,-1.940954607743655
173.53333333333333,0.8,0.1,56.84944167162823,-14.825432132717424,0.9530149546825637,0.9649256919321255,-1.9374678296784178
173.56666666666666,0.8,0.1,56.84944167162823,-14.825432132717424,0.9522396782233904,0.9599406422825404,-1.9343041945193642
173.6,0.8,0.1,56.84944167162823,-14.825432132717424,0.9518084925123355,0.9552541664482657,-1.931454446134788
173.63333333333333,0.8,0.1,56.84944167162823,-14.825432132717424,0.9516778499999232,0.950880677655292,-1.928906917290052
173.66666666666666,0.8,0.1,56.84944167162823,-14.825432132717424,0.951806853029137,0.946828585592399,-1.9266480837062858
173.7,0.8,0.1,56.84944167162823,-14.825432132717424,0.9521573580066577,0.9431011068958748,-1.9246630363647181
173.73333333333332,0.8,0.1,56.84944167162823,-14.825432132717424,0.9526940297313738,0.9396970136656022,-1.9229358826980307
173.76666666666665,0.8,0.1,56.84944167162823,-14.825432132717424,0.9533843534553311,0.9366113198909207,-1.921450086329376
173.8,0.8,0.1,56.84944167162823,-14.825432132717424,0.9541986114220448,0.9338359068345342,-1.9201887539445652
173.83333333333334,0.8,0.1,56.84944167162823,-14.825432132717424,0.9551098298640505,0.9313600892802351,-1.9191348767957757
173.86666666666667,0.8,0.1,56.84944167162823,-14.825432132717424,0.956093701747687,0.9291711251551832,-1.9182715332928724
173.9,0.8,0.1,56.84944167162823,-14.825432132717424,0.9571284899268531,0.9272546714414887,-1.9175820581776075
173.93333333333334,0.8,0.1,56.84944167162823,-14.825432132717424,0.9581949148051225,0.9255951895385492,-1.9170501829173006
173.96666666666667,0.8,0.1,56.84944167162823,-14.825432132717424,0.9592760301022255,0.9241763033634016,-1.9166601512069492
174.0,0.8,0.1,56.84944167162823,-14.825432132717424,0.9603570898710599,0.9229811135111409,-1.9163968128324298
174.03333333333333,0.8,0.1,56.84944167162823,-14.825432132717424,0.9614254095095913,0.9219924707654428,-1.9162456986169827
174.06666666666666,0.8,0.1,56.84944167162823,-14.825432132717424,0.9624702231529353,0.9211932121696594,-1.916193078739287
174.1,0.8,0.1,56.84944167162823,-14.825432132717424,0.9634825395097073,0.9205663627569375,-1.916226006362821
174.13333333333333,0.8,0.1,56.84944167162823,-14.825432132717424,0.9644549979189432,0.9200953059049456,-1.9163323482406682
174.16666666666666,0.8,0.1,56.84944167162823,-14.825432132717424,0.9653817261456304,0.9197639251358012,-1.9165008037453168
174.2,0.8,0.1,56.84944167162823,-14.825432132717424,0.9662582012007352,0.9195567200310455,-1.9167209136077785
174.23333333333332,0.8,0.1,56.84944167162823,-14.825432132717424,0.9670811142626227,0.9194588987795366,-1.9169830595239956
174.26666666666665,0.8,0.1,56.84944167162823,-14.825432132717424,0.9678482405884494,0.9194564497259571,-1.917278455689716
174.3,0.8,0.1,56.84944167162823,-14.825432132717424,0.9685583151343409,0.9195361941411953,-1.9175991332498357
174.33333333333334,0.8,0.1,56.84944167162823,-14.825432132717424,0.9692109144501718,0.9196858222942391,-1.9179379185880103
174.36666666666667,0.8,0.1,56.84944167162823,-14.825432132717424,0.9698063452770542,0.9198939147689249,-1.91828840633178
174.4,0.8,0.1,56.84944167162823,-14.825432132717424,0.9703455401519534,0.9201499508379878,-1.9186449279033415
174.43333333333334,0.8,0.1,56.84944167162823,-14.825432132717424,0.9708299602131407,0.9204443055812093,-1.919002516403361
174.46666666666667,0.8,0.1,56.84944167162823,-14.825432132717424,0.9712615053015535,0.920768237313751,-1.9193568685726219
174.5,0.8,0.1,56.84944167162823,-14.825432132717424,0.9716424313657845,0.9211138667746473,-1.9197043045324331
174.53333333333333,0.8,0.1,56.84944167162823,-14.825432132717424,0.9719752751016831,0.9214741494135708,-1.9200417259588198
174.56666666666666,0.8,0.1,56.84944167162823,-14.825432132717424,0.9722627856907811,0.9218428420060949,-1.920366573297274
174.6,0.8,0.1,56.84944167162823,-14.825432132717424,0.9725078634443836,0.9222144647235478,-1.9206767825743942
174.63333333333333,0.8,0.1,56.84944167162823,-14.825432132717424,0.9727135051116242,0.9225842596830456,-1.920970742310488
174.66666666666666,0.8,0.1,56.84944167162823,-14.825432132717424,0.9728827555695306,0.922948146906384,-1.9212472509837097
174.7,0.8,0.1,56.84944167162823,-14.825432132717424,0.9730186655806389,0.9233026785231652,-1.9215054754422909
174.73333333333332,0.8,0.1,56.84944167162823,-14.825432132717424,0.9731242552783894,0.923644991963946,-1.921744910607602
174.76666666666665,0.8,0.1,56.84944167162823,-14.825432132717424,0.9732024830218816,0.9239727628034562,-1.9219653407579325
174.8,0.8,0.1,56.84944167162823,-14.825432132717424,0.9732562192490103,0.9242841578322029,-1.9221668026316545
174.83333333333334,0.8,0.1,56.84944167162823,-14.825432132717424,0.9732882249499957,0.9245777888572514,-1.9223495505395094
174.86666666666667,0.8,0.1,56.84944167162823,-14.825432132717424,0.9733011343812918,0.9248526676598131,-1.9225140236296123
174.9,0.8,0.1,56.84944167162823,-14.825432132717424,0.9732974416422688,0.9251081624686517,-1.9226608154058884
174.93333333333334,0.8,0.1,56.84944167162823,-14.825432132717424,0.9732794907433623,0.9253439562443702,-1.9227906455613173
174.96666666666667,0.8,0.1,56.84944167162823,-14.825432132717424,0.9732494688040455,0.9255600070104633,-1.9229043341518306
175.0,0.8,0.1,56.84944167162823,-14.825432132717424,0.9732094020314892,0.9257565104126723,-1.923002778105073
175.03333333333333,0.8,0.1,56.84944167162823,-14.825432132717424,0.973161154145645,0.9259338646386773,-1.9230869300305535
175.06666666666666,0.8,0.1,56.84944167162823,-14.825432132717424,0.9731064269332583,0.9260926377854724,-1.9231577792739245
175.1,0.8,0.1,56.84944167162823,-14.825432132717424,0.9730467626315528,0.9262335377218144,-1.92321633513811
175.13333333333333,0.8,0.1,56.84944167162823,-14.825432132717424,0.9729835478616335,0.9263573844578034,-1.9232636121776077
175.16666666666666,0.8,0.1,56.84944167162823,-14.825432132717424,0.9729180188516644,0.9264650850027732,-1.9233006174592668
175.2,0.8,0.1,56.84944167162823,-14.825432132717424,0.9728512677102549,0.9265576106660656,-1.9233283396729692
175.23333333333332,0.8,0.1,56.84944167162823,-14.825432132717424,0.9727842495309591,0.9266359767326947,-1.9233477399686327
175.26666666666665,0.8,0.1,56.84944167162823,-14.825432132717424,0.9727177901290747,0.9267012244271504,-1.9233597443915222
175.3,0.8,0.1,56.84944167162823,-14.825432132717424,0.9726525942318215,0.9267544050633604,-1.9233652377857164
175.33333333333334,0.8,0.1,56.84944167162823,-14.825432132717424,0.9725892539622883,0.9267965662668715,-1.9233650590354303
175.36666666666667,0.8,0.1,56.84944167162823,-14.825432132717424,0.972528257476099,0.9268287401463271,-1.9233599975154856
175.4,0.8,0.1,56.84944167162823,-14.825432132717424,0.9724699976274481,0.9268519332850285,-1.9233507906252423
175.43333333333334,0.8,0.1,56.84944167162823,-14.825432132717424,0.9724147805578972,0.926867118419491,-1.9233381222845456
175.46666666666667,0.8,0.1,56.84944167162823,-14.825432132717424,0.9723628341170142,0.9268752276701651,-1.9233226222754385
175.5,0.8,0.1,56.84944167162823,-14.825432132717424,0.9723143160385604,0.9268771471896124,-1.9233048663193495
175.53333333333333,0.8,0.1,56.84944167162823,-14.825432132717424,0.9722693218094276,0.9268737130951624,-1.9232853767859728
175.56666666666666,0.8,0.1,56.84944167162823,-14.825432132717424,0.9722278921809044,0.9268657085561729,-1.9232646239369682
175.6,0.8,0.1,56.84944167162823,-14.825432132717424,0.9721900202831155,0.9268538619102588,-1.923243027614746
175.63333333333333,0.8,0.1,56.84944167162823,-14.825432132717424,0.972155658313631,0.9268388456880217,-1.9232209592938527
175.66666666666666,0.8,0.1,56.84944167162823,-14.825432132717424,0.9721247237803402,0.9268212764317161,-1.9231987444197116
175.7,0.8,0.1,56.84944167162823,-14.825432132717424,0.9720971052867396,0.9268017151997554,-1.92317666496662
175.73333333333332,0.8,0.1,56.84944167162823,-14.825432132717424,0.972072667854867,0.9267806686558261,-1.923154962153859
175.76666666666665,0.8,0.1,56.84944167162823,-14.825432132717424,0.9720512577872533,0.9267585906485053,-1.9231338392654969
175.8,0.8,0.1,56.84944167162823,-14.825432132717424,0.9720327070745424,0.926735884194544,-1.9231134645258872
175.83333333333334,0.8,0.1,56.84944167162823,-14.825432132717424,0.9720168373598772,0.9267129037862675,-1.923093973988962
175.86666666666667,0.8,0.1,56.84944167162823,-14.825432132717424,0.9720034634748581,0.9266899579507747,-1.923075474405144
175.9,0.8,0.1,56.84944167162823,-14.825432132717424,0.9719923965648821,0.9266673119956997,-1.9230580460350624
175.93333333333334,0.8,0.1,56.84944167162823,-14.825432132717424,0.9719834468240524,0.9266451908831722,-1.9230417453842183
175.96666666666667,0.8,0.1,56.84944167162823,-14.825432132717424,0.9719764258616487,0.9266237821802242,-1.9230266078373097
176.0,0.8,0.1,56.84944167162823,-14.825432132717424,0.9719711487234448,0.9266032390401917,-1.923012650175106
176.03333333333333,0.8,0.1,56.84944167162823,-14.825432132717424,0.9719674355919922,0.9265836831756228,-1.9229998729605469
176.06666666666666,0.8,0.1,56.84944167162823,-14.825432132717424,0.9719651131904241,0.9265652077888034,-1.922988262784156
176.1,0.8,0.1,56.84944167162823,-14.825432132717424,0.9719640159144182,0.9265478804312316,-1.9229777943618966
176.13333333333333,0.8,0.1,56.84944167162823,-14.825432132717424,0.9719639867167331,0.9265317457682009,-1.9229684324813119
176.16666666666666,0.8,0.1,56.84944167162823,-14.825432132717424,0.97196487776826,0.9265168282290914,-1.9229601337941442
176.2,0.8,0.1,56.84944167162823,-14.825432132717424,0.9719665509188332,0.9265031345280188,-1.922952848455699
176.23333333333332,0.8,0.1,56.84944167162823,-14.825432132717424,0.9719688779801752,0.9264906560431522,-1.9229465216129777
176.26666666666665,0.8,0.1,56.84944167162823,-14.825432132717424,0.9719717408523354,0.9264793710463083,-1.9229410947450998
176.3,0.8,0.1,56.84944167162823,-14.825432132717424,0.9719750315138606,0.9264692467773588,-1.9229365068607818
176.33333333333334,0.8,0.1,56.84944167162823,-14.825432132717424,0.9719786518947232,0.9264602413605767,-1.922932695558654
176.36666666666667,0.8,0.1,56.84944167162823,-14.825432132717424,0.9719825136497783,0.9264523055623098,-1.9229295979570011
176.4,0.8,0.1,56.84944167162823,-14.825432132717424,0.9719865378492152,0.9264453843913211,-1.9229271515001312
176.43333333333334,0.8,0.1,56.84944167162823,-14.825432132717424,0.9719906546011684,0.9264394185448033,-1.922925294649023
176.46666666666667,0.8,0.1,56.84944167162823,-14.825432132717424,0.9719948026203391,0.9264343457044741,-1.9229239674641976
176.5,0.8,0.1,56.84944167162823,-14.825432132717424,0.9719989287551948,0.9264301016883087,-1.9229231120889199
176.53333333333333,0.8,0.1,56.84944167162823,-14.825432132717424,0.9720029874850559,0.9264266214643944,-1.922922673140879
176.56666666666666,0.8,0.1,56.84944167162823,-14.825432132717424,0.972006940397165,0.9264238400341136,-1.922922598020445
176.6,0.8,0.1,56.84944167162823,-14.825432132717424,0.9720107556526665,0.9264216931923989,-1.9229228371434464
176.63333333333333,0.8,0.1,56.84944167162823,-14.825432132717424,0.9720144074493183,0.926420118173172,-1.9229233441062035
176.66666666666666,0.8,0.1,56.84944167162823,-14.825432132717424,0.9720178754877093,0.9264190541883068,-1.9229240757902728
176.7,0.8,0.1,56.84944167162823,-14.825432132717424,0.9720211444467755,0.9264184428685467,-1.9229249924140297
176.73333333333332,0.8,0.1,56.84944167162823,-14.825432132717424,0.9720242034734955,0.9264182286147953,-1.922926057537855
176.76666666666665,0.8,0.1,56.84944167162823,-14.825432132717424,0.9720270456908029,0.9264183588680791,-1.922927238029299
176.8,0.8,0.1,56.84944167162823,-14.825432132717424,0.9720296677269745,0.9264187843062915,-1.9229285039941781
176.83333333333334,0.8,0.1,56.84944167162823,-14.825432132717424,0.9720320692690558,0.9264194589755586,-1.9229298286791403
176.86666666666667,0.8,0.1,56.84944167162823,-14.825432132717424,0.9720342526422411,0.9264203403637515,-1.9229311883507991
176.9,0.8,0.1,56.84944167162823,-14.825432132717424,0.9720362224165568,0.9264213894233067,-1.9229325621561046
176.93333333333334,0.8,0.1,56.84944167162823,-14.825432132717424,0.9720379850416896,0.9264225705501143,-1.9229339319681975
176.96666666666667,0.8,0.1,56.84944167162823,-14.825432132717424,0.9720395485103496,0.9264238515248207,-1.9229352822215686
177.0,0.8,0.1,56.84944167162823,-14.825432132717424,0.9720409220501741,0.9264252034224448,-1.9229365997399464
177.03333333333333,0.8,0.1,56.84944167162823,-14.825432132717424,0.9720421158438358,0.9264266004957707,-1.9229378735599456
177.06666666666666,0.8,0.1,56.84944167162823,-14.825432132717424,0.9720431407767378,0.9264280200375222,-1.9229390947531382
177.1,0.8,0.1,56.84944167162823,-14.825432132717424,0.9720440082114368,0.9264294422258861,-1.922940256248857
177.13333333333333,0.8,0.1,56.84944167162823,-14.825432132717424,0.9720447297877425,0.9264308499575101,-1.9229413526597177
177.16666666666666,0.8,0.1,56.84944167162823,-14.825432132717424,0.9720453172472827,0.9264322286716784,-1.922942380111534
177.2,0.8,0.1,56.84944167162823,-14.825432132717424,0.972045782281206,0.9264335661689559,-1.922943336079015
177.23333333333332,0.8,0.1,56.84944167162823,-14.825432132717424,0.972046136399603,0.9264348524272036,-1.9229442192283797
177.26666666666665,0.8,0.1,56.84944167162823,-14.825432132717424,0.9720463908211725,0.9264360794174934,-1.9229450292677803
177.3,0.8,0.1,56.84944167162823,-14.825432132717424,0.9720465563816207,0.9264372409221034,-1.92294576680621
177.33333333333334,0.8,0.1,56.84944167162823,-14.825432132717424,0.9720466434592743,0.9264383323564453,-1.9229464332213795
177.36666666666667,0.8,0.1,56.84944167162823,-14.825432132717424,0.9720466619163936,0.9264393505964752,-1.9229470305368743
177.4,0.8,0.1,56.84944167162823,-14.825432132717424,0.9720466210547006,0.9264402938128568,-1.9229475613087503
177.43333333333334,0.8,0.1,56.84944167162823,-14.825432132717424,0.9720465295836718,0.9264411613128932,-1.9229480285215919
177.46666666666667,0.8,0.1,56.84944167162823,-14.825432132717424,0.9720463956001985,0.9264419533910091,-1.922948435493946
177.5,0.8,0.1,56.84944167162823,-14.825432132717424,0.9720462265782783,0.9264426711883558,-1.9229487857929435
177.53333333333333,0.8,0.1,56.84944167162823,-14.825432132717424,0.9720460293674663,0.9264433165619279,-1.9229490831578366
177.56666666666666,0.8,0.1,56.84944167162823,-14.825432132717424,0.9720458101988897,0.9264438919634107,-1.9229493314321184
177.6,0.8,0.1,56.84944167162823,-14.825432132717424,0.9720455746977058,0.9264444003278351,-1.922949534503831
177.63333333333333,0.8,0.1,56.84944167162823,-14.825432132717424,0.9720453279009637,0.9264448449719898,-1.9229496962536299
177.66666666666666,0.8,0.1,56.84944167162823,-14.825432132717424,0.9720450742799079,0.9264452295024321,-1.9229498205101392
177.7,0.8,0.1,56.84944167162823,-14.825432132717424,0.9720448177658483,0.9264455577328504,-1.9229499110121127
177.73333333333332,0.8,0.1,56.84944167162823,-14.825432132717424,0.9720445617787937,0.9264458336104506,-1.9229499713769012
177.76666666666665,0.8,0.1,56.84944167162823,-14.825432132717424,0.972044309258132,0.926446061150984,-1.9229500050747228
177.8,0.8,0.1,56.84944167162823,-14.825432132717424,0.9720440626947098,0.9264462443819808,-1.922950015408234
177.83333333333334,0.8,0.1,56.84944167162823,-14.825432132717424,0.9720438241637406,0.9264463872937189,-1.9229500054969066
177.86666666666667,0.8,0.1,56.84944167162823,-14.825432132717424,0.9720435953580395,0.9264464937974339,-1.9229499782657284
177.9,0.8,0.1,56.84944167162823,-14.825432132717424,0.9720433776211478,0.9264465676902555,-1.922949936437759
177.93333333333334,0.8,0.1,56.84944167162823,-14.825432132717424,0.9720431719799724,0.9264466126263499,-1.9229498825300946
177.96666666666667,0.8,0.1,56.84944167162823,-14.825432132717424,0.9720429791766245,0.9264466320937494,-1.9229498188528191
178.0,0.8,0.1,56.84944167162823,-14.825432132717424,0.9720427996991928,0.9264466293963504,-1.9229497475105326
178.03333333333333,0.8,0.1,56.84944167162823,-14.825432132717424,0.9720426338112372,0.926446607640575,-1.9229496704060902
178.06666666666666,0.8,0.1,56.84944167162823,-14.825432132717424,0.9720424815798338,0.9264465697262079,-1.922949589246194
178.1,0.8,0.1,56.84944167162823,-14.825432132717424,0.9720423429020413,0.9264465183409356,-1.9229495055485186
178.13333333333333,0.8,0.1,56.84944167162823,-14.825432132717424,0.9720422175296974,0.9264464559581393,-1.9229494206500723
178.16666666666666,0.8,0.1,56.84944167162823,-14.825432132717424,0.972042105092484,0.9264463848375156,-1.922949335716525
178.2,0.8,0.1,56.84944167162823,-14.825432132717424,0.9720420051192304,0.9264463070281265,-1.922949251752259
178.23333333333332,0.8,0.1,56.84944167162823,-14.825432132717424,0.9720419170574486,0.9264462243735041,-1.9229491696109222
178.26666666666665,0.8,0.1,56.84944167162823,-14.825432132717424,0.972041840291115,0.9264461385184672,-1.9229490900062922
178.3,0.8,0.1,56.84944167162823,-14.825432132717424,0.9720417741567337,0.9264460509173299,-1.9229490135232792
178.33333333333334,0.8,0.1,56.84944167162823,-14.825432132717424,0.97204171795773,0.9264459628432131,-1.9229489406289195
178.36666666666667,0.8,0.1,56.84944167162823,-14.825432132717424,0.9720416709772361,0.926445875398198,-1.9229488716832304
178.4,0.8,0.1,56.84944167162823,-14.825432132717424,0.972041632489343,0.9264457895240824,-1.922948806949819
178.43333333333334,0.8,0.1,56.84944167162823,-14.825432132717424,0.9720416017688966,0.9264457060135324,-1.922948746606155
178.46666666666667,0.8,0.1,56.84944167162823,-14.825432132717424,0.9720415780999271,0.926445625521441,-1.9229486907534294
178.5,0.8,0.1,56.84944167162823,-14.825432132717424,0.9720415607828005,0.9264455485763339,-1.9229486394259465
178.53333333333333,0.8,0.1,56.84944167162823,-14.825432132717424,0.9720415491401859,0.9264454755916781,-1.9229485925999983
178.56666666666666,0.8,0.1,56.84944167162823,-14.825432132717424,0.9720415425219329,0.9264454068769781,-1.9229485502021904
178.6,0.8,0.1,56.84944167162823,-14.825432132717424,0.9720415403089515,0.9264453426485544,-1.922948512117199
178.63333333333333,0.8,0.1,56.84944167162823,-14.825432132717424,0.9720415419161896,0.9264452830399248,-1.922948478194944
178.66666666666666,0.8,0.1,56.84944167162823,-14.825432132717424,0.9720415467947962,0.9264452281117191,-1.9229484482571766
178.7,0.8,0.1,56.84944167162823,-14.825432132717424,0.972041554433558,0.9264451778610768,-1.9229484221034843
178.73333333333332,0.8,0.1,56.84944167162823,-14.825432132717424,0.9720415643596952,0.9264451322304877,-1.9229483995167242
178.76666666666665,0.8,0.1,56.84944167162823,-14.825432132717424,0.9720415761390933,0.92644509111605,-1.9229483802678995
178.8,0.8,0.1,56.84944167162823,-14.825432132717424,0.9720415893760481,0.9264450543751285,-1.922948364120498
178.83333333333334,0.8,0.1,56.84944167162823,-14.825432132717424,0.9720416037125946,0.9264450218334057,-1.9229483508343181
178.86666666666667,0.8,0.1,56.84944167162823,-14.825432132717424,0.9720416188274841,0.9264449932913289,-1.922948340168808
178.9,0.8,0.1,56.84944167162823,-14.825432132717424,0.9720416344348713,0.9264449685299584,-1.922948331885944
178.93333333333334,0.8,0.1,56.84944167162823,-14.825432132717424,0.9720416502827678,0.926444947316234,-1.9229483257526818
178.96666666666667,0.8,0.1,56.84944167162823,-14.825432132717424,0.9720416661513099,0.9264449294076758,-1.9229483215430083
179.0,0.8,0.1,56.84944167162823,-14.825432132717424,0.9720416818508906,0.9264449145565451,-1.922948319039625
179.03333333333333,0.8,0.1,56.84944167162823,-14.825432132717424,0.972041697220193,0.926444902513489,-1.9229483180352975
179.06666666666666,0.8,0.1,56.84944167162823,-14.825432132717424,0.9720417121241649,0.9264448930306987,-1.9229483183338976
179.1,0.8,0.1,56.84944167162823,-14.825432132717424,0.9720417264519645,0.9264448858646115,-1.92294831975117
179.13333333333333,0.8,0.1,56.84944167162823,-14.825432132717424,0.9720417401149063,0.9264448807781884,-1.9229483221152557
179.16666666666666,0.8,0.1,56.84944167162823,-14.825432132717424,0.9720417530444311,0.9264448775427984,-1.9229483252669926
179.2,0.8,0.1,56.84944167162823,-14.825432132717424,0.9720417651901213,0.9264448759397426,-1.9229483290600284
179.23333333333332,0.8,0.1,56.84944167162823,-14.825432132717424,0.9720417765177776,0.9264448757614502,-1.922948333360766
179.26666666666665,0.8,0.1,56.84944167162823,-14.825432132717424,0.9720417870075712,0.9264448768123777,-1.922948338048166
179.3,0.8,0.1,56.84944167162823,-14.825432132717424,0.9720417966522841,0.9264448789096418,-1.9229483430134287
179.33333333333334,0.8,0.1,56.84944167162823,-14.825432132717424,0.9720418054556448,0.9264448818834146,-1.9229483481595777
179.36666666666667,0.8,0.1,56.84944167162823,-14.825432132717424,0.9720418134307656,0.926444885577112,-1.9229483534009597
179.4,0.8,0.1,56.84944167162823,-14.825432132717424,0.9720418205986866,0.926444889847399,-1.9229483586626832
179.43333333333334,0.8,0.1,56.84944167162823,-14.825432132717424,0.9720418269870288,0.9264448945640384,-1.9229483638800053
179.46666666666667,0.8,0.1,56.84944167162823,-14.825432132717424,0.9720418326287554,0.9264448996096065,-1.9229483689976876
179.5,0.8,0.1,56.84944167162823,-14.825432132717424,0.9720418375610437,0.9264449048790977,-1.9229483739693263
179.53333333333333,0.8,0.1,56.84944167162823,-14.825432132717424,0.9720418418242622,0.9264449102794375,-1.9229483787566732
179.56666666666666,0.8,0.1,56.84944167162823,-14.825432132717424,0.9720418454610535,0.9264449157289228,-1.9229483833289551
179.6,0.8,0.1,56.84944167162823,-14.825432132717424,0.9720418485155168,0.926444921156606,-1.9229483876621984
179.63333333333333,0.8,0.1,56.84944167162823,-14.825432132717424,0.9720418510324864,0.9264449265016376,-1.922948391738568
179.66666666666666,0.8,0.1,56.84944167162823,-14.825432132717424,0.9720418530569029,0.9264449317125818,-1.9229483955457256
179.7,0.8,0.1,56.84944167162823,-14.825432132717424,0.9720418546332692,0.926444936746716,-1.9229483990762133
179.73333333333332,0.8,0.1,56.84944167162823,-14.825432132717424,0.9720418558051873,0.9264449415693248,-1.9229484023268628
179.76666666666665,0.8,0.1,56.84944167162823,-14.825432132717424,0.9720418566149707,0.9264449461529974,-1.922948405298239
179.8,0.8,0.1,56.84944167162823,-14.825432132717424,0.9720418571033246,0.9264449504769378,-1.922948407994115
179.83333333333334,0.8,0.1,56.84944167162823,-14.825432132717424,0.9720418573090903,0.9264449545262907,-1.9229484104209822
179.86666666666667,0.8,0.1,56.84944167162823,-14.825432132717424,0.9720418572690468,0.9264449582914935,-1.9229484125875975
179.9,0.8,0.1,56.84944167162823,-14.825432132717424,0.9720418570177637,0.9264449617676537,-1.9229484145045659
179.93333333333334,0.8,0.1,56.84944167162823,-14.825432132717424,0.972041856587501,0.9264449649539589,-1.922948416183959
179.96666666666667,0.8,0.1,56.84944167162823,-14.825432132717424,0.97204185600815,0.9264449678531207,-1.9229484176389695
180.0,0.8,0.1,56.84944167162823,-14.825432132717424,0.9720418553072099,0.9264449704708536,-1.922948418883601
180.03333333333333,0.8,0.1,56.84944167162823,-14.825432132717424,0.9720418545097962,0.9264449728153913,-1.9229484199323896
180.06666666666666,0.8,0.1,56.84944167162823,-14.825432132717424,0.9720418536386757,0.9264449748970403,-1.9229484208001606
180.1,0.8,0.1,56.84944167162823,-14.825432132717424,0.9720418527143244,0.9264449767277709,-1.9229484215018122
180.13333333333333,0.8,0.1,56.84944167162823,-14.825432132717424,0.9720418517550043,0.9264449783208463,-1.9229484220521313
180.16666666666666,0.8,0.1,56.84944167162823,-14.825432132717424,0.9720418507768558,0.9264449796904859,-1.9229484224656346
180.2,0.8,0.1,56.84944167162823,-14.825432132717424,0.9720418497940015,0.9264449808515666,-1.9229484227564344
180.23333333333332,0.8,0.1,56.84944167162823,-14.825432132717424,0.9720418488186607,0.9264449818193555,-1.9229484229381302
180.26666666666665,0.8,0.1,56.84944167162823,-14.825432132717424,0.972041847861269,0.926444982609277,-1.9229484230237184
180.3,0.8,0.1,56.84944167162823,-14.825432132717424,0.9720418469306034,0.9264449832367087,-1.9229484230255238
180.33333333333334,0.8,0.1,56.84944167162823,-14.825432132717424,0.9720418460339084,0.9264449837168072,-1.9229484229551472
180.36666666666667,0.8,0.1,56.84944167162823,-14.825432132717424,0.9720418451770243,0.9264449840643606,-1.9229484228234301
180.4,0.8,0.1,56.84944167162823,-14.825432132717424,0.9720418443645125,0.9264449842936653,-1.9229484226404316
180.43333333333334,0.8,0.1,56.84944167162823,-14.825432132717424,0.9720418435997794,0.9264449844184263,-1.9229484224154187
180.46666666666667,0.8,0.1,56.84944167162823,-14.825432132717424,0.9720418428851967,0.9264449844516774,-1.922948422156868
180.5,0.8,0.1,56.84944167162823,-14.825432132717424,0.9720418422222169,0.9264449844057216,-1.9229484218724742
180.53333333333333,0.8,0.1,56.84944167162823,-14.825432132717424,0.9720418416114838,0.9264449842920872,-1.922948421569169
180.56666666666666,0.8,0.1,56.84944167162823,-14.825432132717424,0.9720418410529368,0.9264449841214997,-1.9229484212531454
180.6,0.8,0.1,56.84944167162823,-14.825432132717424,0.9720418405459099,0.9264449839038671,-1.9229484209298864
180.63333333333333,0.8,0.1,56.84944167162823,-14.825432132717424,0.9720418400892231,0.9264449836482765,-1.9229484206041998
180.66666666666666,0.8,0.1,56.84944167162823,-14.825432132717424,0.9720418396812676,0.9264449833630014,-1.9229484202802554
180.7,0.8,0.1,56.84944167162823,-14.825432132717424,0.9720418393200841,0.9264449830555166,-1.9229484199616234
180.73333333333332,0.8,0.1,56.84944167162823,-14.825432132717424,0.9720418390034352,0.9264449827325216,-1.9229484196513167
180.76666666666665,0.8,0.1,56.84944167162823,-14.825432132717424,0.9720418387288694,0.926444982399969,-1.9229484193518322
180.8,0.8,0.1,56.84944167162823,-14.825432132717424,0.97204183849378,0.9264449820630981,-1.9229484190651933
180.83333333333334,0.8,0.1,56.84944167162823,-14.825432132717424,0.9720418382954575,0.9264449817264724,-1.9229484187929908
180.86666666666667,0.8,0.1,56.84944167162823,-14.825432132717424,0.9720418381311355,0.9264449813940192,-1.9229484185364256
180.9,0.8,0.1,56.84944167162823,-14.825432132717424,0.9720418379980313,0.9264449810690721,-1.9229484182963479
180.93333333333334,0.8,0.1,56.84944167162823,-14.825432132717424,0.9720418378933808,0.926444980754414,-1.9229484180732956
180.96666666666667,0.8,0.1,56.84944167162823,-14.825432132717424,0.9720418378144684,0.9264449804523204,-1.922948417867532
181.0,0.8,0.1,56.84944167162823,-14.825432132717424,0.9720418377586525,0.9264449801646034,-1.9229484176790805
181.03333333333333,0.8,0.1,56.84944167162823,-14.825432132717424,0.9720418377233859,0.9264449798926548,-1.922948417507757
181.06666666666666,0.8,0.1,56.84944167162823,-14.825432132717424,0.9720418377062331,0.9264449796374875,-1.9229484173532017
181.1,0.8,0.1,56.84944167162823,-14.825432132717424,0.9720418377048832,0.9264449793997763,-1.9229484172149076
181.13333333333333,0.8,0.1,56.84944167162823,-14.825432132717424,0.9720418377171599,0.9264449791798973,-1.9229484170922464
181.16666666666666,0.8,0.1,56.84944167162823,-14.825432132717424,0.9720418377410286,0.9264449789779643,-1.9229484169844928
181.2,0.8,0.1,56.84944167162823,-14.825432132717424,0.9720418377746003,0.9264449787938642,-1.9229484168908468
181.23333333333332,0.8,0.1,56.84944167162823,-14.825432132717424,0.972041837816134,0.9264449786272899,-1.9229484168104538
181.26666666666665,0.8,0.1,56.84944167162823,-14.825432132717424,0.9720418378640362,0.9264449784777704,-1.9229484167424213
181.3,0.8,0.1,56.84944167162823,-14.825432132717424,0.97204183791686,0.9264449783446995,-1.9229484166858353
181.33333333333334,0.8,0.1,56.84944167162823,-14.825432132717424,0.972041837973301,0.9264449782273615,-1.9229484166397737
181.36666666666667,0.8,0.1,56.84944167162823,-14.825432132717424,0.9720418380321931,0.9264449781249546,-1.9229484166033188
181.4,0.8,0.1,56.84944167162823,-14.825432132717424,0.9720418380925034,0.926444978036613,-1.9229484165755668
181.43333333333334,0.8,0.1,56.84944167162823,-14.825432132717424,0.9720418381533253,0.9264449779614249,-1.9229484165556374
181.46666666666667,0.8,0.1,56.84944167162823,-14.825432132717424,0.9720418382138721,0.9264449778984507,-1.9229484165426796
181.5,0.8,0.1,56.84944167162823,-14.825432132717424,0.9720418382734695,0.9264449778467371,-1.922948416535879
181.53333333333333,0.8,0.1,56.84944167162823,-14.825432132717424,0.9720418383315478,0.9264449778053305,-1.9229484165344615
181.56666666666666,0.8,0.1,56.84944167162823,-14.825432132717424,0.9720418383876342,0.9264449777732886,-1.9229484165376969
181.6,0.8,0.1,56.84944167162823,-14.825432132717424,0.9720418384413452,0.9264449777496894,-1.9229484165449018
181.63333333333333,0.8,0.1,56.84944167162823,-14.825432132717424,0.9720418384923779,0.9264449777336393,-1.9229484165554407
181.66666666666666,0.8,0.1,56.84944167162823,-14.825432132717424,0.9720418385405035,0.9264449777242801,-1.9229484165687272
181.7,0.8,0.1,56.84944167162823,-14.825432132717424,0.9720418385855589,0.9264449777207938,-1.9229484165842237
181.73333333333332,0.8,0.1,56.84944167162823,-14.825432132717424,0.9720418386274398,0.9264449777224067,-1.9229484166014412
181.76666666666665,0.8,0.1,56.84944167162823,-14.825432132717424,0.9720418386660935,0.9264449777283925,-1.9229484166199384
181.8,0.8,0.1,56.84944167162823,-14.825432132717424,0.9720418387015131,0.9264449777380741,-1.9229484166393203
181.83333333333334,0.8,0.1,56.84944167162823,-14.825432132717424,0.9720418387337302,0.9264449777508249,-1.9229484166592359
181.86666666666667,0.8,0.1,56.84944167162823,-14.825432132717424,0.9720418387628099,0.9264449777660692,-1.9229484166793769
181.9,0.8,0.1,56.84944167162823,-14.825432132717424,0.9720418387888453,0.9264449777832815,-1.9229484166994748
181.93333333333334,0.8,0.1,56.84944167162823,-14.825432132717424,0.9720418388119523,0.9264449778019864,-1.9229484167192992
181.96666666666667,0.8,0.1,56.84944167162823,-14.825432132717424,0.9720418388322651,0.9264449778217567,-1.9229484167386548
182.0,0.8,0.1,56.84944167162823,-14.825432132717424,0.9720418388499324,0.9264449778422119,-1.922948416757379
182.03333333333333,0.8,0.1,56.84944167162823,-14.825432132717424,0.9720418388651132,0.9264449778630163,-1.9229484167753386
182.06666666666666,0.8,0.1,56.84944167162823,-14.825432132717424,0.9720418388779738,0.9264449778838766,-1.9229484167924284
182.1,0.8,0.1,56.84944167162823,-14.825432132717424,0.9720418388886847,0.9264449779045396,-1.9229484168085684
182.13333333333333,0.8,0.1,56.84944167162823,-14.825432132717424,0.972041838897418,0.9264449779247895,-1.9229484168237
182.16666666666666,0.8,0.1,56.84944167162823,-14.825432132717424,0.9720418389043454,0.9264449779444454,-1.922948416837785
182.2,0.8,0.1,56.84944167162823,-14.825432132717424,0.9720418389096357,0.9264449779633581,-1.922948416850803
182.23333333333332,0.8,0.1,56.84944167162823,-14.825432132717424,0.9720418389134539,0.9264449779814085,-1.9229484168627489
182.26666666666665,0.8,0.1,56.84944167162823,-14.825432132717424,0.9720418389159591,0.9264449779985034,-1.9229484168736306
182.3,0.8,0.1,56.84944167162823,-14.825432132717424,0.9720418389173041,0.9264449780145745,-1.9229484168834678
182.33333333333334,0.8,0.1,56.84944167162823,-14.825432132717424,0.9720418389176341,0.9264449780295746,-1.9229484168922897
182.36666666666667,0.8,0.1,56.84944167162823,-14.825432132717424,0.9720418389170857,0.9264449780434757,-1.9229484169001332
182.4,0.8,0.1,56.84944167162823,-14.825432132717424,0.9720418389157875,0.9264449780562667,-1.9229484169070417
182.43333333333334,0.8,0.1,56.84944167162823,-14.825432132717424,0.9720418389138588,0.926444978067951,-1.9229484169130635
182.46666666666667,0.8,0.1,56.84944167162823,-14.825432132717424,0.9720418389114095,0.9264449780785446,-1.922948416918251
182.5,0.8,0.1,56.84944167162823,-14.825432132717424,0.9720418389085408,0.9264449780880742,-1.9229484169226587
182.53333333333333,0.8,0.1,56.84944167162823,-14.825432132717424,0.9720418389053447,0.9264449780965753,-1.922948416926343
182.56666666666666,0.8,0.1,56.84944167162823,-14.825432132717424,0.9720418389019041,0.9264449781040905,-1.922948416929361
182.6,0.8,0.1,56.84944167162823,-14.825432132717424,0.9720418388982934,0.9264449781106681,-1.9229484169317692
182.63333333333333,0.8,0.1,56.84944167162823,-14.825432132717424,0.9720418388945788,0.9264449781163607,-1.9229484169336244
182.66666666666666,0.8,0.1,56.84944167162823,-14.825432132717424,0.9720418388908184,0.9264449781212242,-1.922948416934981
182.7,0.8,0.1,56.84944167162823,-14.825432132717424,0.9720418388870627,0.9264449781253162,-1.9229484169358926
182.73333333333332,0.8,0.1,56.84944167162823,-14.825432132717424,0.9720418388833555,0.9264449781286958,-1.9229484169364097
182.76666666666665,0.8,0.1,56.84944167162823,-14.825432132717424,0.9720418388797334,0.9264449781314218,-1.9229484169365814
182.8,0.8,0.1,56.84944167162823,-14.825432132717424,0.9720418388762274,0.926444978133553,-1.9229484169364535
182.83333333333334,0.8,0.1,56.84944167162823,-14.825432132717424,0.9720418388728627,0.9264449781351467,-1.9229484169360689
182.86666666666667,0.8,0.1,56.84944167162823,-14.825432132717424,0.9720418388696591,0.9264449781362588,-1.922948416935468
182.9,0.8,0.1,56.84944167162823,-14.825432132717424,0.9720418388666321,0.9264449781369429,-1.9229484169346875
182.93333333333334,0.8,0.1,56.84944167162823,-14.825432132717424,0.9720418388637927,0.9264449781372505,-1.9229484169337618
182.96666666666667,0.8,0.1,56.84944167162823,-14.825432132717424,0.9720418388611484,0.92644497813723,-1.922948416932722
183.0,0.8,0.1,56.84944167162823,-14.825432132717424,0.9720418388587032,0.9264449781369273,-1.922948416931596
183.03333333333333,0.7806,0.1194,55.31431644631455,-14.131325022271154,0.9720418388564583,0.926444978136385,-1.922948416930409
183.06666666666666,0.7611,0.1389,53.80737958374696,-13.415234015230924,0.9700287370575615,0.9258505433195048,-1.903911456029108
183.1,0.7417,0.1583,52.35127684794902,-12.684694274497218,0.9665481821160845,0.9238827522213654,-1.8734099922937162
183.13333333333333,0.7222,0.1778,50.93832298857411,-11.932466910992488,0.9620405835212208,0.9201532874970363,-1.8355778301075596
183.16666666666666,0.7028,0.1972,49.590302737010646,-11.166665871271487,0.9568482421454859,0.9144894946279907,-1.792367127550764
183.2,0.6833,0.2167,48.300605403661926,-10.37991435682607,0.9512864822662379,0.9068428984042439,-1.7450161181903838
183.23333333333332,0.6639,0.2361,47.08956345010161,-9.580917733263176,0.9456150941269321,0.8972361445269664,-1.693980093772497
183.26666666666665,0.6444,0.2556,45.95163526811118,-8.762205952723923,0.9400862030589214,0.8857356159351792,-1.6397373849452035
183.3,0.625,0.275,44.905101997095514,-7.933065499454282,0.9349099601856947,0.8724319097744007,-1.5823382100011145
183.33333333333334,0.6056,0.2944,43.950141123849725,-7.090349433688942,0.9302931091205899,0.8574300716891505,-1.5220530953312232
183.36666666666667,0.5861,0.3139,43.088383840527236,-6.230755695214105,0.9264127072622198,0.8408428736026253,-1.458928652080544
183.4,0.5667,0.3333,42.33398002452703,-5.36436071523882,0.9234239485739767,0.8227775234305332,-1.3928656846793044
183.43333333333334,0.5472,0.3528,41.683928440242596,-4.483613297727594,0.9214784629344454,0.8033367424051867,-1.324044813747589
183.46666666666667,0.5278,0.3722,41.14901402090629,-3.59901878376028,0.9207007405510801,0.782612517219487,-1.2523006195053008
183.5,0.5083,0.3917,40.72718704974909,-2.7030283793027934,0.9212104647205732,0.7606838738357729,-1.1777596722964898
183.53333333333333,0.4889,0.4111,40.42549590193312,-1.8064648466313065,0.9231052282759743,0.7376118104410425,-1.1001919069724206
183.56666666666666,0.4694,0.4306,40.24281259916034,-0.901786463296621,0.9264755550071402,0.7134376976329211,-1.0196582878772302
183.6,0.45,0.45,40.18220160655795,-0.0,0.9313943312256965,0.6881786810357846,-0.9358463415894507
183.63333333333333,0.4306,0.4694,40.24281259916034,0.901786463296621,0.9379240625764186,0.6618260784881486,-0.8487232056085147
183.66666666666666,0.4111,0.4889,40.42549590193312,1.8064648466313065,0.9461110945363322,0.6343440317097223,-0.7579993216633257
183.7,0.3917,0.5083,40.72718704974909,2.7030283793027934,0.9559915345040841,0.6056585437625497,-0.6631759268675846
183.73333333333332,0.3722,0.5278,41.149014020906286,3.5990187837602794,0.967583730218982,0.5756588863483221,-0.5639833851095977
183.76666666666665,0.3528,0.5472,41.68392844024259,4.483613297727594,0.9808948014906098,0.5441907665264235,-0.45968938458262126
183.8,0.3333,0.5667,42.33398002452703,5.364360715238821,0.9959073184756863,0.511050636606169,-0.3497258875705911
183.83333333333334,0.3139,0.5861,43.088383840527236,6.230755695214105,1.0125917630872858,0.475975549448342,-0.23297729959234598
183.86666666666667,0.2944,0.6056,43.950141123849725,7.090349433688941,1.0308842072396378,0.4386322701108463,-0.10836227868508855
183.9,0.275,0.625,44.905101997095514,7.9330654994542815,1.050703000150523,0.39859980254718214,0.025898053233096824
183.93333333333334,0.2556,0.6444,45.95163526811119,8.762205952723923,1.0719092991973735,0.35538470050461446,0.16955699885570294
183.96666666666667,0.2361,0.6639,47.08956345010161,9.580917733263176,1.094284873160524,0.3086195273972346,0.31817913722940117
184.0,0.2167,0.6833,48.300605403661926,10.37991435682607,1.117530116114926,0.25816218727591145,0.46771945747914445
184.03333333333333,0.1972,0.7028,49.590302737010646,11.166665871271487,1.141266358760542,0.2040580717128044,0.6149121215087449
184.06666666666666,0.1778,0.7222,50.93832298857411,11.93246691099249,1.165102621849916,0.1464880723559574,0.7578634975905867
184.1,0.1583,0.7417,52.35127684794902,12.68469427449722,1.1886218597829108,0.0857232085712869,0.8953169166542224
184.13333333333333,0.1389,0.7611,53.80737958374696,13.415234015230924,1.211440823814639,0.022085888033100506,1.0269963117140684
184.16666666666666,0.1194,0.7806,55.31431644631454,14.131325022271154,1.2331791535397902,-0.044073475306187715,1.1528040224345237
184.2,0.1,0.8,56.84944167162823,14.825432132717424,1.2535114423305695,-0.1123741826116798,1.2731508154914735
184.23333333333332,0.1,0.8,56.84944167162823,14.825432132717424,1.272125383069345,-0.18241796258923887,1.3882614296447158
184.26666666666665,0.1,0.8,56.84944167162823,14.825432132717424,1.2865407159651072,-0.2530660248331266,1.479268231601265
184.3,0.1,0.8,56.84944167162823,14.825432132717424,1.29686248450346,-0.3228989882406668,1.554775405757152
184.33333333333334,0.1,0.8,56.84944167162823,14.825432132717424,1.3032796708788275,-0.390981238180415,1.6199537498856642
184.36666666666667,0.1,0.8,56.84944167162823,14.825432132717424,1.306030864752699,-0.45667652598521324,1.677748267637822
184.4,0.1,0.8,56.84944167162823,14.825432132717424,1.305385802640665,-0.519530622948962,1.7297506541823182
184.43333333333334,0.1,0.8,56.84944167162823,14.825432132717424,1.3016355613220136,-0.5792022334376737,1.7767746395150061
184.46666666666667,0.1,0.8,56.84944167162823,14.825432132717424,1.295086711719665,-0.635425540563151,1.819214822435674
184.5,0.1,0.8,56.84944167162823,14.825432132717424,1.2860568504434424,-0.6879919970111121,1.8572615019601837
184.53333333333333,0.1,0.8,56.84944167162823,14.825432132717424,1.274870300917434,-0.7367429126441543,1.891024493335997
184.56666666666666,0.1,0.8,56.84944167162823,14.825432132717424,1.2618535653475278,-0.7815674035557196,1.9206011930621083
184.6,0.1,0.8,56.84944167162823,14.825432132717424,1.2473305199498885,-0.8224023778236107,1.9461111833990428
184.63333333333333,0.1,0.8,56.84944167162823,14.825432132717424,1.2316175343980738,-0.8592326437306844,1.9677110498269579
184.66666666666666,0.1,0.8,56.84944167162823,14.825432132717424,1.2150187598521949,-0.8920901434056582,1.9855976739184338
184.7,0.1,0.8,56.84944167162823,14.825432132717424,1.1978218248353152,-0.9210518995080801,2.0000049857274727
184.73333333333332,0.1,0.8,56.84944167162823,14.825432132717424,1.1802941369801987,-0.946236626298914,2.011197214609239
184.76666666666665,0.1,0.8,56.84944167162823,14.825432132717424,1.1626799304278237,-0.9678001723927177,2.0194605285395153
184.8,0.1,0.8,56.84944167162823,14.825432132717424,1.145198135506611,-0.9859300779808648,2.0250942622747448
184.83333333333334,0.1,0.8,56.84944167162823,14.825432132717424,1.128041087285686,-1.0008395756496786,2.0284025034200908
184.86666666666667,0.1,0.8,56.84944167162823,14.825432132717424,1.1113740379373804,-1.0127613629755252,2.029686519225165
184.9,0.1,0.8,56.84944167162823,14.825432132717424,1.0953353976132374,-1.0219414431539358,2.0292383048554012
184.93333333333334,0.1,0.8,56.84944167162823,14.825432132717424,1.0800376009144959,-1.0286332796678024,2.027335384979276
184.96666666666667,0.1,0.8,56.84944167162823,14.825432132717424,1.0655684806855101,-1.033092452309233,2.0242368894958904
185.0,0.1,0.8,56.84944167162823,14.825432132717424,1.0519930263324582,-1.0355719422255172,2.020180843342774
185.03333333333333,0.1,0.8,56.84944167162823,14.825432132717424,1.0393554080522913,-1.036318118353501,2.015382554868301
185.06666666666666,0.1,0.8,56.84944167162823,14.825432132717424,1.0276811588597141,-1.0355674499675325,2.0100339534377967
185.1,0.1,0.8,56.84944167162823,14.825432132717424,1.0169794207894916,-1.033543931761898,2.004303711059806
185.13333333333333,0.1,0.8,56.84944167162823,14.825432132717424,1.0072451780749492,-1.0304571792840673,1.9983379810904363
185.16666666666666,0.1,0.8,56.84944167162823,14.825432132717424,0.9984614168149448,-1.0265011330648663,1.9922615957879408
185.2,0.1,0.8,56.84944167162823,14.825432132717424,0.9906011664411626,-1.0218532983083979,1.9861795802148112
185.23333333333332,0.1,0.8,56.84944167162823,14.825432132717424,0.9836293924094454,-1.016674442070881,1.9801788597460224
185.26666666666665,0.1,0.8,56.84944167162823,14.825432132717424,0.9775047215496817,-1.0111086699699845,1.974330059826364
185.3,0.1,0.8,56.84944167162823,14.825432132717424,0.9721809912886121,-1.0052838082082405,1.9686893178028952
185.33333333333334,0.1,0.8,56.84944167162823,14.825432132717424,0.9676086215811968,-0.9993120228277248,1.9633000463728367
185.36666666666667,0.1,0.8,56.84944167162823,14.825432132717424,0.9637358140504325,-0.9932906156209002,1.958194605649447
185.4,0.1,0.8,56.84944167162823,14.825432132717424,0.9605095868135075,-0.987302944213988,1.9533958556681361
185.43333333333334,0.1,0.8,56.84944167162823,14.825432132717424,0.9578766560588858,-0.9814194219348652,1.9489185732390786
185.46666666666667,0.1,0.8,56.84944167162823,14.825432132717424,0.9557841769223951,-0.9756985607797282,1.94477072651622
185.5,0.1,0.8,56.84944167162823,14.825432132717424,0.9541803568525938,-0.9701880278523434,1.940954607743655
185.53333333333333,0.1,0.8,56.84944167162823,14.825432132717424,0.9530149546825637,-0.9649256919321255,1.9374678296784178
185.56666666666666,0.1,0.8,56.84944167162823,14.825432132717424,0.9522396782233904,-0.9599406422825404,1.9343041945193642
185.6,0.1,0.8,56.84944167162823,14.825432132717424,0.9518084925123355,-0.9552541664482657,1.931454446134788
185.63333333333333,0.1,0.8,56.84944167162823,14.825432132717424,0.9516778499999232,-0.950880677655292,1.928906917290052
185.66666666666666,0.1,0.8,56.84944167162823,14.825432132717424,0.951806853029137,-0.946828585592399,1.9266480837062858
185.7,0.1,0.8,56.84944167162823,14.825432132717424,0.9521573580066577,-0.9431011068958748,1.9246630363647181
185.73333333333332,0.1,0.8,56.84944167162823,14.825432132717424,0.9526940297313738,-0.9396970136656022,1.9229358826980307
185.76666666666665,0.1,0.8,56.84944167162823,14.825432132717424,0.9533843534553311,-0.9366113198909207,1.921450086329376
185.8,0.1,0.8,56.84944167162823,14.825432132717424,0.9541986114220448,-0.9338359068345342,1.9201887539445652
185.83333333333334,0.1,0.8,56.84944167162823,14.825432132717424,0.9551098298640505,-0.9313600892802351,1.9191348767957757
185.86666666666667,0.1,0.8,56.84944167162823,14.825432132717424,0.956093701747687,-0.9291711251551832,1.9182715332928724
185.9,0.1,0.8,56.84944167162823,14.825432132717424,0.9571284899268531,-0.9272546714414887,1.9175820581776075
185.93333333333334,0.1,0.8,56.84944167162823,14.825432132717424,0.9581949148051225,-0.9255951895385492,1.9170501829173006
185.96666666666667,0.1,0.8,56.84944167162823,14.825432132717424,0.9592760301022255,-0.9241763033634016,1.9166601512069492
186.0,0.1,0.8,56.84944167162823,14.825432132717424,0.9603570898710599,-0.9229811135111409,1.9163968128324298
186.03333333333333,0.1,0.8,56.84944167162823,14.825432132717424,0.9614254095095913,-0.9219924707654428,1.9162456986169827
186.06666666666666,0.1,0.8,56.84944167162823,14.825432132717424,0.9624702231529353,-0.9211932121696594,1.916193078739287
186.1,0.1,0.8,56.84944167162823,14.825432132717424,0.9634825395097073,-0.9205663627569375,1.916226006362821
186.13333333333333,0.1,0.8,56.84944167162823,14.825432132717424,0.9644549979189432,-0.9200953059049456,1.9163323482406682
186.16666666666666,0.1,0.8,56.84944167162823,14.825432132717424,0.9653817261456304,-0.9197639251358012,1.9165008037453168
186.2,0.1,0.8,56.84944167162823,14.825432132717424,0.9662582012007352,-0.9195567200310455,1.9167209136077785
186.23333333333332,0.1,0.8,56.84944167162823,14.825432132717424,0.9670811142626227,-0.9194588987795366,1.9169830595239956
186.26666666666665,0.1,0.8,56.84944167162823,14.825432132717424,0.9678482405884494,-0.9194564497259571,1.917278455689716
186.3,0.1,0.8,56.84944167162823,14.825432132717424,0.9685583151343409,-0.9195361941411953,1.9175991332498357
186.33333333333334,0.1,0.8,56.84944167162823,14.825432132717424,0.9692109144501718,-0.9196858222942391,1.9179379185880103
186.36666666666667,0.1,0.8,56.84944167162823,14.825432132717424,0.9698063452770542,-0.9198939147689249,1.91828840633178
186.4,0.1,0.8,56.84944167162823,14.825432132717424,0.9703455401519534,-0.9201499508379878,1.9186449279033415
186.43333333333334,0.1,0.8,56.84944167162823,14.825432132717424,0.9708299602131407,-0.9204443055812093,1.919002516403361
186.46666666666667,0.1,0.8,56.84944167162823,14.825432132717424,0.9712615053015535,-0.920768237313751,1.9193568685726219
186.5,0.1,0.8,56.84944167162823,14.825432132717424,0.9716424313657845,-0.9211138667746473,1.9197043045324331
186.53333333333333,0.1,0.8,56.84944167162823,14.825432132717424,0.9719752751016831,-0.9214741494135708,1.9200417259588198
186.56666666666666,0.1,0.8,56.84944167162823,14.825432132717424,0.9722627856907811,-0.9218428420060949,1.920366573297274
186.6,0.1,0.8,56.84944167162823,14.825432132717424,0.9725078634443836,-0.9222144647235478,1.9206767825743942
186.63333333333333,0.1,0.8,56.84944167162823,14.825432132717424,0.9727135051116242,-0.9225842596830456,1.920970742310488
186.66666666666666,0.1,0.8,56.84944167162823,14.825432132717424,0.9728827555695306,-0.922948146906384,1.9212472509837097
186.7,0.1,0.8,56.84944167162823,14.825432132717424,0.9730186655806389,-0.9233026785231652,1.9215054754422909
186.73333333333332,0.1,0.8,56.84944167162823,14.825432132717424,0.9731242552783894,-0.923644991963946,1.921744910607602
186.76666666666665,0.1,0.8,56.84944167162823,14.825432132717424,0.9732024830218816,-0.9239727628034562,1.9219653407579325
186.8,0.1,0.8,56.84944167162823,14.825432132717424,0.9732562192490103,-0.9242841578322029,1.9221668026316545
186.83333333333334,0.1,0.8,56.84944167162823,14.825432132717424,0.9732882249499957,-0.9245777888572514,1.9223495505395094
186.86666666666667,0.1,0.8,56.84944167162823,14.825432132717424,0.9733011343812918,-0.9248526676598131,1.9225140236296123
186.9,0.1,0.8,56.84944167162823,14.825432132717424,0.9732974416422688,-0.9251081624686517,1.9226608154058884
186.93333333333334,0.1,0.8,56.84944167162823,14.825432132717424,0.9732794907433623,-0.9253439562443702,1.9227906455613173
186.96666666666667,0.1,0.8,56.84944167162823,14.825432132717424,0.9732494688040455,-0.9255600070104633,1.9229043341518306
187.0,0.1,0.8,56.84944167162823,14.825432132717424,0.9732094020314892,-0.9257565104126723,1.923002778105073
187.03333333333333,0.1,0.8,56.84944167162823,14.825432132717424,0.973161154145645,-0.9259338646386773,1.9230869300305535
187.06666666666666,0.1,0.8,56.84944167162823,14.825432132717424,0.9731064269332583,-0.9260926377854724,1.9231577792739245
187.1,0.1,0.8,56.84944167162823,14.825432132717424,0.9730467626315528,-0.9262335377218144,1.92321633513811
187.13333333333333,0.1,0.8,56.84944167162823,14.825432132717424,0.9729835478616335,-0.9263573844578034,1.9232636121776077
187.16666666666666,0.1,0.8,56.84944167162823,14.825432132717424,0.9729180188516644,-0.9264650850027732,1.9233006174592668
187.2,0.1,0.8,56.84944167162823,14.825432132717424,0.9728512677102549,-0.9265576106660656,1.9233283396729692
187.23333333333332,0.1,0.8,56.84944167162823,14.825432132717424,0.9727842495309591,-0.9266359767326947,1.9233477399686327
187.26666666666665,0.1,0.8,56.84944167162823,14.825432132717424,0.9727177901290747,-0.9267012244271504,1.9233597443915222
187.3,0.1,0.8,56.84944167162823,14.825432132717424,0.9726525942318215,-0.9267544050633604,1.9233652377857164
187.33333333333334,0.1,0.8,56.84944167162823,14.825432132717424,0.9725892539622883,-0.9267965662668715,1.9233650590354303
187.36666666666667,0.1,0.8,56.84944167162823,14.825432132717424,0.972528257476099,-0.9268287401463271,1.9233599975154856
187.4,0.1,0.8,56.84944167162823,14.825432132717424,0.9724699976274481,-0.9268519332850285,1.9233507906252423
187.43333333333334,0.1,0.8,56.84944167162823,14.825432132717424,0.9724147805578972,-0.926867118419491,1.9233381222845456
187.46666666666667,0.1,0.8,56.84944167162823,14.825432132717424,0.9723628341170142,-0.9268752276701651,1.9233226222754385
187.5,0.1,0.8,56.84944167162823,14.825432132717424,0.9723143160385604,-0.9268771471896124,1.9233048663193495
187.53333333333333,0.1,0.8,56.84944167162823,14.825432132717424,0.9722693218094276,-0.9268737130951624,1.9232853767859728
187.56666666666666,0.1,0.8,56.84944167162823,14.825432132717424,0.9722278921809044,-0.9268657085561729,1.9232646239369682
187.6,0.1,0.8,56.84944167162823,14.825432132717424,0.9721900202831155,-0.9268538619102588,1.923243027614746
187.63333333333333,0.1,0.8,56.84944167162823,14.825432132717424,0.972155658313631,-0.9268388456880217,1.9232209592938527
187.66666666666666,0.1,0.8,56.84944167162823,14.825432132717424,0.9721247237803402,-0.9268212764317161,1.9231987444197116
187.7,0.1,0.8,56.84944167162823,14.825432132717424,0.9720971052867396,-0.9268017151997554,1.92317666496662
187.73333333333332,0.1,0.8,56.84944167162823,14.825432132717424,0.972072667854867,-0.9267806686558261,1.923154962153859
187.76666666666665,0.1,0.8,56.84944167162823,14.825432132717424,0.9720512577872533,-0.9267585906485053,1.9231338392654969
187.8,0.1,0.8,56.84944167162823,14.825432132717424,0.9720327070745424,-0.926735884194544,1.9231134645258872
187.83333333333334,0.1,0.8,56.84944167162823,14.825432132717424,0.9720168373598772,-0.9267129037862675,1.923093973988962
187.86666666666667,0.1,0.8,56.84944167162823,14.825432132717424,0.9720034634748581,-0.9266899579507747,1.923075474405144
187.9,0.1,0.8,56.84944167162823,14.825432132717424,0.9719923965648821,-0.9266673119956997,1.9230580460350624
187.93333333333334,0.1,0.8,56.84944167162823,14.825432132717424,0.9719834468240524,-0.9266451908831722,1.9230417453842183
187.96666666666667,0.1,0.8,56.84944167162823,14.825432132717424,0.9719764258616487,-0.9266237821802242,1.9230266078373097
188.0,0.1,0.8,56.84944167162823,14.825432132717424,0.9719711487234448,-0.9266032390401917,1.923012650175106
188.03333333333333,0.1,0.8,56.84944167162823,14.825432132717424,0.9719674355919922,-0.9265836831756228,1.9229998729605469
188.06666666666666,0.1,0.8,56.84944167162823,14.825432132717424,0.9719651131904241,-0.9265652077888034,1.922988262784156
188.1,0.1,0.8,56.84944167162823,14.825432132717424,0.9719640159144182,-0.9265478804312316,1.9229777943618966
188.13333333333333,0.1,0.8,56.84944167162823,14.825432132717424,0.9719639867167331,-0.9265317457682009,1.9229684324813119
188.16666666666666,0.1,0.8,56.84944167162823,14.825432132717424,0.97196487776826,-0.9265168282290914,1.9229601337941442
188.2,0.1,0.8,56.84944167162823,14.825432132717424,0.9719665509188332,-0.9265031345280188,1.922952848455699
188.23333333333332,0.1,0.8,56.84944167162823,14.825432132717424,0.9719688779801752,-0.9264906560431522,1.9229465216129777
188.26666666666665,0.1,0.8,56.84944167162823,14.825432132717424,0.9719717408523354,-0.9264793710463083,1.9229410947450998
188.3,0.1,0.8,56.84944167162823,14.825432132717424,0.9719750315138606,-0.9264692467773588,1.9229365068607818
188.33333333333334,0.1,0.8,56.84944167162823,14.825432132717424,0.9719786518947232,-0.9264602413605767,1.922932695558654
188.36666666666667,0.1,0.8,56.84944167162823,14.825432132717424,0.9719825136497783,-0.9264523055623098,1.9229295979570011
188.4,0.1,0.8,56.84944167162823,14.825432132717424,0.9719865378492152,-0.9264453843913211,1.9229271515001312
188.43333333333334,0.1,0.8,56.84944167162823,14.825432132717424,0.9719906546011684,-0.9264394185448033,1.922925294649023
188.46666666666667,0.1,0.8,56.84944167162823,14.825432132717424,0.9719948026203391,-0.9264343457044741,1.9229239674641976
188.5,0.1,0.8,56.84944167162823,14.825432132717424,0.9719989287551948,-0.9264301016883087,1.9229231120889199
188.53333333333333,0.1,0.8,56.84944167162823,14.825432132717424,0.9720029874850559,-0.9264266214643944,1.922922673140879
188.56666666666666,0.1,0.8,56.84944167162823,14.825432132717424,0.972006940397165,-0.9264238400341136,1.922922598020445
188.6,0.1,0.8,56.84944167162823,14.825432132717424,0.9720107556526665,-0.9264216931923989,1.9229228371434464
188.63333333333333,0.1,0.8,56.84944167162823,14.825432132717424,0.9720144074493183,-0.926420118173172,1.9229233441062035
188.66666666666666,0.1,0.8,56.84944167162823,14.825432132717424,0.9720178754877093,-0.9264190541883068,1.9229240757902728
188.7,0.1,0.8,56.84944167162823,14.825432132717424,0.9720211444467755,-0.9264184428685467,1.9229249924140297
188.73333333333332,0.1,0.8,56.84944167162823,14.825432132717424,0.9720242034734955,-0.9264182286147953,1.922926057537855
188.76666666666665,0.1,0.8,56.84944167162823,14.825432132717424,0.9720270456908029,-0.9264183588680791,1.922927238029299
188.8,0.1,0.8,56.84944167162823,14.825432132717424,0.9720296677269745,-0.9264187843062915,1.9229285039941781
188.83333333333334,0.1,0.8,56.84944167162823,14.825432132717424,0.9720320692690558,-0.9264194589755586,1.9229298286791403
188.86666666666667,0.1,0.8,56.84944167162823,14.825432132717424,0.9720342526422411,-0.9264203403637515,1.9229311883507991
188.9,0.1,0.8,56.84944167162823,14.825432132717424,0.9720362224165568,-0.9264213894233067,1.9229325621561046
188.93333333333334,0.1,0.8,56.84944167162823,14.825432132717424,0.9720379850416896,-0.9264225705501143,1.9229339319681975
188.96666666666667,0.1,0.8,56.84944167162823,14.825432132717424,0.9720395485103496,-0.9264238515248207,1.9229352822215686
189.0,0.1,0.8,56.84944167162823,14.825432132717424,0.9720409220501741,-0.9264252034224448,1.9229365997399464
189.03333333333333,0.1,0.8,56.84944167162823,14.825432132717424,0.9720421158438358,-0.9264266004957707,1.9229378735599456
189.06666666666666,0.1,0.8,56.84944167162823,14.825432132717424,0.9720431407767378,-0.9264280200375222,1.9229390947531382
189.1,0.1,0.8,56.84944167162823,14.825432132717424,0.9720440082114368,-0.9264294422258861,1.922940256248857
189.13333333333333,0.1,0.8,56.84944167162823,14.825432132717424,0.9720447297877425,-0.9264308499575101,1.9229413526597177
189.16666666666666,0.1,0.8,56.84944167162823,14.825432132717424,0.9720453172472827,-0.9264322286716784,1.922942380111534
189.2,0.1,0.8,56.84944167162823,14.825432132717424,0.972045782281206,-0.9264335661689559,1.922943336079015
189.23333333333332,0.1,0.8,56.84944167162823,14.825432132717424,0.972046136399603,-0.9264348524272036,1.9229442192283797
189.26666666666665,0.1,0.8,56.84944167162823,14.825432132717424,0.9720463908211725,-0.9264360794174934,1.9229450292677803
189.3,0.1,0.8,56.84944167162823,14.825432132717424,0.9720465563816207,-0.9264372409221034,1.92294576680621
189.33333333333334,0.1,0.8,56.84944167162823,14.825432132717424,0.9720466434592743,-0.9264383323564453,1.9229464332213795
189.36666666666667,0.1,0.8,56.84944167162823,14.825432132717424,0.9720466619163936,-0.9264393505964752,1.9229470305368743
189.4,0.1,0.8,56.84944167162823,14.825432132717424,0.9720466210547006,-0.9264402938128568,1.9229475613087503
189.43333333333334,0.1,0.8,56.84944167162823,14.825432132717424,0.9720465295836718,-0.9264411613128932,1.9229480285215919
189.46666666666667,0.1,0.8,56.84944167162823,14.825432132717424,0.9720463956001985,-0.9264419533910091,1.922948435493946
189.5,0.1,0.8,56.84944167162823,14.825432132717424,0.9720462265782783,-0.9264426711883558,1.9229487857929435
189.53333333333333,0.1,0.8,56.84944167162823,14.825432132717424,0.9720460293674663,-0.9264433165619279,1.9229490831578366
189.56666666666666,0.1,0.8,56.84944167162823,14.825432132717424,0.9720458101988897,-0.9264438919634107,1.9229493314321184
189.6,0.1,0.8,56.84944167162823,14.825432132717424,0.9720455746977058,-0.9264444003278351,1.922949534503831
189.63333333333333,0.1,0.8,56.84944167162823,14.825432132717424,0.9720453279009637,-0.9264448449719898,1.9229496962536299
189.66666666666666,0.1,0.8,56.84944167162823,14.825432132717424,0.9720450742799079,-0.9264452295024321,1.9229498205101392
189.7,0.1,0.8,56.84944167162823,14.825432132717424,0.9720448177658483,-0.9264455577328504,1.9229499110121127
189.73333333333332,0.1,0.8,56.84944167162823,14.825432132717424,0.9720445617787937,-0.9264458336104506,1.9229499713769012
189.76666666666665,0.1,0.8,56.84944167162823,14.825432132717424,0.972044309258132,-0.926446061150984,1.9229500050747228
189.8,0.1,0.8,56.84944167162823,14.825432132717424,0.9720440626947098,-0.9264462443819808,1.922950015408234
189.83333333333334,0.1,0.8,56.84944167162823,14.825432132717424,0.9720438241637406,-0.9264463872937189,1.9229500054969066
189.86666666666667,0.1,0.8,56.84944167162823,14.825432132717424,0.9720435953580395,-0.9264464937974339,1.9229499782657284
189.9,0.1,0.8,56.84944167162823,14.825432132717424,0.9720433776211478,-0.9264465676902555,1.922949936437759
189.93333333333334,0.1,0.8,56.84944167162823,14.825432132717424,0.9720431719799724,-0.9264466126263499,1.9229498825300946
189.96666666666667,0.1,0.8,56.84944167162823,14.825432132717424,0.9720429791766245,-0.9264466320937494,1.9229498188528191
190.0,0.1,0.8,56.84944167162823,14.825432132717424,0.9720427996991928,-0.9264466293963504,1.9229497475105326
190.03333333333333,0.1,0.8,56.84944167162823,14.825432132717424,0.9720426338112372,-0.926446607640575,1.9229496704060902
190.06666666666666,0.1,0.8,56.84944167162823,14.825432132717424,0.9720424815798338,-0.9264465697262079,1.922949589246194
190.1,0.1,0.8,56.84944167162823,14.825432132717424,0.9720423429020413,-0.9264465183409356,1.9229495055485186
190.13333333333333,0.1,0.8,56.84944167162823,14.825432132717424,0.9720422175296974,-0.9264464559581393,1.9229494206500723
190.16666666666666,0.1,0.8,56.84944167162823,14.825432132717424,0.972042105092484,-0.9264463848375156,1.922949335716525
190.2,0.1,0.8,56.84944167162823,14.825432132717424,0.9720420051192304,-0.9264463070281265,1.922949251752259
190.23333333333332,0.1,0.8,56.84944167162823,14.825432132717424,0.9720419170574486,-0.9264462243735041,1.9229491696109222
190.26666666666665,0.1,0.8,56.84944167162823,14.825432132717424,0.972041840291115,-0.9264461385184672,1.9229490900062922
190.3,0.1,0.8,56.84944167162823,14.825432132717424,0.9720417741567337,-0.9264460509173299,1.9229490135232792
190.33333333333334,0.1,0.8,56.84944167162823,14.825432132717424,0.97204171795773,-0.9264459628432131,1.9229489406289195
190.36666666666667,0.1,0.8,56.84944167162823,14.825432132717424,0.9720416709772361,-0.926445875398198,1.9229488716832304
190.4,0.1,0.8,56.84944167162823,14.825432132717424,0.972041632489343,-0.9264457895240824,1.922948806949819
190.43333333333334,0.1,0.8,56.84944167162823,14.825432132717424,0.9720416017688966,-0.9264457060135324,1.922948746606155
190.46666666666667,0.1,0.8,56.84944167162823,14.825432132717424,0.9720415780999271,-0.926445625521441,1.9229486907534294
190.5,0.1,0.8,56.84944167162823,14.825432132717424,0.9720415607828005,-0.9264455485763339,1.9229486394259465
190.53333333333333,0.1,0.8,56.84944167162823,14.825432132717424,0.9720415491401859,-0.9264454755916781,1.9229485925999983
190.56666666666666,0.1,0.8,56.84944167162823,14.825432132717424,0.9720415425219329,-0.9264454068769781,1.9229485502021904
190.6,0.1,0.8,56.84944167162823,14.825432132717424,0.9720415403089515,-0.9264453426485544,1.922948512117199
190.63333333333333,0.1,0.8,56.84944167162823,14.825432132717424,0.9720415419161896,-0.9264452830399248,1.922948478194944
190.66666666666666,0.1,0.8,56.84944167162823,14.825432132717424,0.9720415467947962,-0.9264452281117191,1.9229484482571766
190.7,0.1,0.8,56.84944167162823,14.825432132717424,0.972041554433558,-0.9264451778610768,1.9229484221034843
190.73333333333332,0.1,0.8,56.84944167162823,14.825432132717424,0.9720415643596952,-0.9264451322304877,1.9229483995167242
190.76666666666665,0.1,0.8,56.84944167162823,14.825432132717424,0.9720415761390933,-0.92644509111605,1.9229483802678995
190.8,0.1,0.8,56.84944167162823,14.825432132717424,0.9720415893760481,-0.9264450543751285,1.922948364120498
190.83333333333334,0.1,0.8,56.84944167162823,14.825432132717424,0.9720416037125946,-0.9264450218334057,1.9229483508343181
190.86666666666667,0.1,0.8,56.84944167162823,14.825432132717424,0.9720416188274841,-0.9264449932913289,1.922948340168808
190.9,0.1,0.8,56.84944167162823,14.825432132717424,0.9720416344348713,-0.9264449685299584,1.922948331885944
190.93333333333334,0.1,0.8,56.84944167162823,14.825432132717424,0.9720416502827678,-0.926444947316234,1.9229483257526818
190.96666666666667,0.1,0.8,56.84944167162823,14.825432132717424,0.9720416661513099,-0.9264449294076758,1.9229483215430083
191.0,0.1,0.8,56.84944167162823,14.825432132717424,0.9720416818508906,-0.9264449145565451,1.922948319039625
191.03333333333333,0.1,0.8,56.84944167162823,14.825432132717424,0.972041697220193,-0.926444902513489,1.9229483180352975
191.06666666666666,0.1,0.8,56.84944167162823,14.825432132717424,0.9720417121241649,-0.9264448930306987,1.9229483183338976
191.1,0.1,0.8,56.84944167162823,14.825432132717424,0.9720417264519645,-0.9264448858646115,1.92294831975117
191.13333333333333,0.1,0.8,56.84944167162823,14.825432132717424,0.9720417401149063,-0.9264448807781884,1.9229483221152557
191.16666666666666,0.1,0.8,56.84944167162823,14.825432132717424,0.9720417530444311,-0.9264448775427984,1.9229483252669926
191.2,0.1,0.8,56.84944167162823,14.825432132717424,0.9720417651901213,-0.9264448759397426,1.9229483290600284
191.23333333333332,0.1,0.8,56.84944167162823,14.825432132717424,0.9720417765177776,-0.9264448757614502,1.922948333360766
191.26666666666665,0.1,0.8,56.84944167162823,14.825432132717424,0.9720417870075712,-0.9264448768123777,1.922948338048166
191.3,0.1,0.8,56.84944167162823,14.825432132717424,0.9720417966522841,-0.9264448789096418,1.9229483430134287
191.33333333333334,0.1,0.8,56.84944167162823,14.825432132717424,0.9720418054556448,-0.9264448818834146,1.9229483481595777
191.36666666666667,0.1,0.8,56.84944167162823,14.825432132717424,0.9720418134307656,-0.926444885577112,1.9229483534009597
191.4,0.1,0.8,56.84944167162823,14.825432132717424,0.9720418205986866,-0.926444889847399,1.9229483586626832
191.43333333333334,0.1,0.8,56.84944167162823,14.825432132717424,0.9720418269870288,-0.9264448945640384,1.9229483638800053
191.46666666666667,0.1,0.8,56.84944167162823,14.825432132717424,0.9720418326287554,-0.9264448996096065,1.9229483689976876
191.5,0.1,0.8,56.84944167162823,14.825432132717424,0.9720418375610437,-0.9264449048790977,1.9229483739693263
191.53333333333333,0.1,0.8,56.84944167162823,14.825432132717424,0.9720418418242622,-0.9264449102794375,1.9229483787566732
191.56666666666666,0.1,0.8,56.84944167162823,14.825432132717424,0.9720418454610535,-0.9264449157289228,1.9229483833289551
191.6,0.1,0.8,56.84944167162823,14.825432132717424,0.9720418485155168,-0.926444921156606,1.9229483876621984
191.63333333333333,0.1,0.8,56.84944167162823,14.825432132717424,0.9720418510324864,-0.9264449265016376,1.922948391738568
191.66666666666666,0.1,0.8,56.84944167162823,14.825432132717424,0.9720418530569029,-0.9264449317125818,1.9229483955457256
191.7,0.1,0.8,56.84944167162823,14.825432132717424,0.9720418546332692,-0.926444936746716,1.9229483990762133
191.73333333333332,0.1,0.8,56.84944167162823,14.825432132717424,0.9720418558051873,-0.9264449415693248,1.9229484023268628
191.76666666666665,0.1,0.8,56.84944167162823,14.825432132717424,0.9720418566149707,-0.9264449461529974,1.922948405298239
191.8,0.1,0.8,56.84944167162823,14.825432132717424,0.9720418571033246,-0.9264449504769378,1.922948407994115
191.83333333333334,0.1,0.8,56.84944167162823,14.825432132717424,0.9720418573090903,-0.9264449545262907,1.9229484104209822
191.86666666666667,0.1,0.8,56.84944167162823,14.825432132717424,0.9720418572690468,-0.9264449582914935,1.9229484125875975
191.9,0.1,0.8,56.84944167162823,14.825432132717424,0.9720418570177637,-0.9264449617676537,1.9229484145045659
191.93333333333334,0.1,0.8,56.84944167162823,14.825432132717424,0.972041856587501,-0.9264449649539589,1.922948416183959
191.96666666666667,0.1,0.8,56.84944167162823,14.825432132717424,0.97204185600815,-0.9264449678531207,1.9229484176389695
192.0,0.1,0.8,56.84944167162823,14.825432132717424,0.9720418553072099,-0.9264449704708536,1.922948418883601
192.03333333333333,0.1,0.8,56.84944167162823,14.825432132717424,0.9720418545097962,-0.9264449728153913,1.9229484199323896
192.06666666666666,0.1,0.8,56.84944167162823,14.825432132717424,0.9720418536386757,-0.9264449748970403,1.9229484208001606
192.1,0.1,0.8,56.84944167162823,14.825432132717424,0.9720418527143244,-0.9264449767277709,1.9229484215018122
192.13333333333333,0.1,0.8,56.84944167162823,14.825432132717424,0.9720418517550043,-0.9264449783208463,1.9229484220521313
192.16666666666666,0.1,0.8,56.84944167162823,14.825432132717424,0.9720418507768558,-0.9264449796904859,1.9229484224656346
192.2,0.1,0.8,56.84944167162823,14.825432132717424,0.9720418497940015,-0.9264449808515666,1.9229484227564344
192.23333333333332,0.1,0.8,56.84944167162823,14.825432132717424,0.9720418488186607,-0.9264449818193555,1.9229484229381302
192.26666666666665,0.1,0.8,56.84944167162823,14.825432132717424,0.972041847861269,-0.926444982609277,1.9229484230237184
192.3,0.1,0.8,56.84944167162823,14.825432132717424,0.9720418469306034,-0.9264449832367087,1.9229484230255238
192.33333333333334,0.1,0.8,56.84944167162823,14.825432132717424,0.9720418460339084,-0.9264449837168072,1.9229484229551472
192.36666666666667,0.1,0.8,56.84944167162823,14.825432132717424,0.9720418451770243,-0.9264449840643606,1.9229484228234301
192.4,0.1,0.8,56.84944167162823,14.825432132717424,0.9720418443645125,-0.9264449842936653,1.9229484226404316
192.43333333333334,0.1,0.8,56.84944167162823,14.825432132717424,0.9720418435997794,-0.9264449844184263,1.9229484224154187
192.46666666666667,0.1,0.8,56.84944167162823,14.825432132717424,0.9720418428851967,-0.9264449844516774,1.922948422156868
192.5,0.1,0.8,56.84944167162823,14.825432132717424,0.9720418422222169,-0.9264449844057216,1.9229484218724742
192.53333333333333,0.1,0.8,56.84944167162823,14.825432132717424,0.9720418416114838,-0.9264449842920872,1.922948421569169
192.56666666666666,0.1,0.8,56.84944167162823,14.825432132717424,0.9720418410529368,-0.9264449841214997,1.9229484212531454
192.6,0.1,0.8,56.84944167162823,14.825432132717424,0.9720418405459099,-0.9264449839038671,1.9229484209298864
192.63333333333333,0.1,0.8,56.84944167162823,14.825432132717424,0.9720418400892231,-0.9264449836482765,1.9229484206041998
192.66666666666666,0.1,0.8,56.84944167162823,14.825432132717424,0.9720418396812676,-0.9264449833630014,1.9229484202802554
192.7,0.1,0.8,56.84944167162823,14.825432132717424,0.9720418393200841,-0.9264449830555166,1.9229484199616234
192.73333333333332,0.1,0.8,56.84944167162823,14.825432132717424,0.9720418390034352,-0.9264449827325216,1.9229484196513167
192.76666666666665,0.1,0.8,56.84944167162823,14.825432132717424,0.9720418387288694,-0.926444982399969,1.9229484193518322
192.8,0.1,0.8,56.84944167162823,14.825432132717424,0.97204183849378,-0.9264449820630981,1.9229484190651933
192.83333333333334,0.1,0.8,56.84944167162823,14.825432132717424,0.9720418382954575,-0.9264449817264724,1.9229484187929908
192.86666666666667,0.1,0.8,56.84944167162823,14.825432132717424,0.9720418381311355,-0.9264449813940192,1.9229484185364256
192.9,0.1,0.8,56.84944167162823,14.825432132717424,0.9720418379980313,-0.9264449810690721,1.9229484182963479
192.93333333333334,0.1,0.8,56.84944167162823,14.825432132717424,0.9720418378933808,-0.926444980754414,1.9229484180732956
192.96666666666667,0.1,0.8,56.84944167162823,14.825432132717424,0.9720418378144684,-0.9264449804523204,1.922948417867532
193.0,0.1,0.8,56.84944167162823,14.825432132717424,0.9720418377586525,-0.9264449801646034,1.9229484176790805
193.03333333333333,0.1,0.8,56.84944167162823,14.825432132717424,0.9720418377233859,-0.9264449798926548,1.922948417507757
193.06666666666666,0.1,0.8,56.84944167162823,14.825432132717424,0.9720418377062331,-0.9264449796374875,1.9229484173532017
193.1,0.1,0.8,56.84944167162823,14.825432132717424,0.9720418377048832,-0.9264449793997763,1.9229484172149076
193.13333333333333,0.1,0.8,56.84944167162823,14.825432132717424,0.9720418377171599,-0.9264449791798973,1.9229484170922464
193.16666666666666,0.1,0.8,56.84944167162823,14.825432132717424,0.9720418377410286,-0.9264449789779643,1.9229484169844928
193.2,0.1,0.8,56.84944167162823,14.825432132717424,0.9720418377746003,-0.9264449787938642,1.9229484168908468
193.23333333333332,0.1,0.8,56.84944167162823,14.825432132717424,0.972041837816134,-0.9264449786272899,1.9229484168104538
193.26666666666665,0.1,0.8,56.84944167162823,14.825432132717424,0.9720418378640362,-0.9264449784777704,1.9229484167424213
193.3,0.1,0.8,56.84944167162823,14.825432132717424,0.97204183791686,-0.9264449783446995,1.9229484166858353
193.33333333333334,0.1,0.8,56.84944167162823,14.825432132717424,0.972041837973301,-0.9264449782273615,1.9229484166397737
193.36666666666667,0.1,0.8,56.84944167162823,14.825432132717424,0.9720418380321931,-0.9264449781249546,1.9229484166033188
193.4,0.1,0.8,56.84944167162823,14.825432132717424,0.9720418380925034,-0.926444978036613,1.9229484165755668
193.43333333333334,0.1,0.8,56.84944167162823,14.825432132717424,0.9720418381533253,-0.9264449779614249,1.9229484165556374
193.46666666666667,0.1,0.8,56.84944167162823,14.825432132717424,0.9720418382138721,-0.9264449778984507,1.9229484165426796
193.5,0.1,0.8,56.84944167162823,14.825432132717424,0.9720418382734695,-0.9264449778467371,1.922948416535879
193.53333333333333,0.1,0.8,56.84944167162823,14.825432132717424,0.9720418383315478,-0.9264449778053305,1.9229484165344615
193.56666666666666,0.1,0.8,56.84944167162823,14.825432132717424,0.9720418383876342,-0.9264449777732886,1.9229484165376969
193.6,0.1,0.8,56.84944167162823,14.825432132717424,0.9720418384413452,-0.9264449777496894,1.9229484165449018
193.63333333333333,0.1,0.8,56.84944167162823,14.825432132717424,0.9720418384923779,-0.9264449777336393,1.9229484165554407
193.66666666666666,0.1,0.8,56.84944167162823,14.825432132717424,0.9720418385405035,-0.9264449777242801,1.9229484165687272
193.7,0.1,0.8,56.84944167162823,14.825432132717424,0.9720418385855589,-0.9264449777207938,1.9229484165842237
193.73333333333332,0.1,0.8,56.84944167162823,14.825432132717424,0.9720418386274398,-0.9264449777224067,1.9229484166014412
193.76666666666665,0.1,0.8,56.84944167162823,14.825432132717424,0.9720418386660935,-0.9264449777283925,1.9229484166199384
193.8,0.1,0.8,56.84944167162823,14.825432132717424,0.9720418387015131,-0.9264449777380741,1.9229484166393203
193.83333333333334,0.1,0.8,56.84944167162823,14.825432132717424,0.9720418387337302,-0.9264449777508249,1.9229484166592359
193.86666666666667,0.1,0.8,56.84944167162823,14.825432132717424,0.9720418387628099,-0.9264449777660692,1.9229484166793769
193.9,0.1,0.8,56.84944167162823,14.825432132717424,0.9720418387888453,-0.9264449777832815,1.9229484166994748
193.93333333333334,0.1,0.8,56.84944167162823,14.825432132717424,0.9720418388119523,-0.9264449778019864,1.9229484167192992
193.96666666666667,0.1,0.8,56.84944167162823,14.825432132717424,0.9720418388322651,-0.9264449778217567,1.9229484167386548
194.0,0.1,0.8,56.84944167162823,14.825432132717424,0.9720418388499324,-0.9264449778422119,1.922948416757379
194.03333333333333,0.1,0.8,56.84944167162823,14.825432132717424,0.9720418388651132,-0.9264449778630163,1.9229484167753386
194.06666666666666,0.1,0.8,56.84944167162823,14.825432132717424,0.9720418388779738,-0.9264449778838766,1.9229484167924284
194.1,0.1,0.8,56.84944167162823,14.825432132717424,0.9720418388886847,-0.9264449779045396,1.9229484168085684
194.13333333333333,0.1,0.8,56.84944167162823,14.825432132717424,0.972041838897418,-0.9264449779247895,1.9229484168237
194.16666666666666,0.1,0.8,56.84944167162823,14.825432132717424,0.9720418389043454,-0.9264449779444454,1.922948416837785
194.2,0.1,0.8,56.84944167162823,14.825432132717424,0.9720418389096357,-0.9264449779633581,1.922948416850803
194.23333333333332,0.1,0.8,56.84944167162823,14.825432132717424,0.9720418389134539,-0.9264449779814085,1.9229484168627489
194.26666666666665,0.1,0.8,56.84944167162823,14.825432132717424,0.9720418389159591,-0.9264449779985034,1.9229484168736306
194.3,0.1,0.8,56.84944167162823,14.825432132717424,0.9720418389173041,-0.9264449780145745,1.9229484168834678
194.33333333333334,0.1,0.8,56.84944167162823,14.825432132717424,0.9720418389176341,-0.9264449780295746,1.9229484168922897
194.36666666666667,0.1,0.8,56.84944167162823,14.825432132717424,0.9720418389170857,-0.9264449780434757,1.9229484169001332
194.4,0.1,0.8,56.84944167162823,14.825432132717424,0.9720418389157875,-0.9264449780562667,1.9229484169070417
194.43333333333334,0.1,0.8,56.84944167162823,14.825432132717424,0.9720418389138588,-0.926444978067951,1.9229484169130635
194.46666666666667,0.1,0.8,56.84944167162823,14.825432132717424,0.9720418389114095,-0.9264449780785446,1.922948416918251
194.5,0.1,0.8,56.84944167162823,14.825432132717424,0.9720418389085408,-0.9264449780880742,1.9229484169226587
194.53333333333333,0.1,0.8,56.84944167162823,14.825432132717424,0.9720418389053447,-0.9264449780965753,1.922948416926343
194.56666666666666,0.1,0.8,56.84944167162823,14.825432132717424,0.9720418389019041,-0.9264449781040905,1.922948416929361
194.6,0.1,0.8,56.84944167162823,14.825432132717424,0.9720418388982934,-0.9264449781106681,1.9229484169317692
194.63333333333333,0.1,0.8,56.84944167162823,14.825432132717424,0.9720418388945788,-0.9264449781163607,1.9229484169336244
194.66666666666666,0.1,0.8,56.84944167162823,14.825432132717424,0.9720418388908184,-0.9264449781212242,1.922948416934981
194.7,0.1,0.8,56.84944167162823,14.825432132717424,0.9720418388870627,-0.9264449781253162,1.9229484169358926
194.73333333333332,0.1,0.8,56.84944167162823,14.825432132717424,0.9720418388833555,-0.9264449781286958,1.9229484169364097
194.76666666666665,0.1,0.8,56.84944167162823,14.825432132717424,0.9720418388797334,-0.9264449781314218,1.9229484169365814
194.8,0.1,0.8,56.84944167162823,14.825432132717424,0.9720418388762274,-0.926444978133553,1.9229484169364535
194.83333333333334,0.1,0.8,56.84944167162823,14.825432132717424,0.9720418388728627,-0.9264449781351467,1.9229484169360689
194.86666666666667,0.1,0.8,56.84944167162823,14.825432132717424,0.9720418388696591,-0.9264449781362588,1.922948416935468
194.9,0.1,0.8,56.84944167162823,14.825432132717424,0.9720418388666321,-0.9264449781369429,1.9229484169346875
194.93333333333334,0.1,0.8,56.84944167162823,14.825432132717424,0.9720418388637927,-0.9264449781372505,1.9229484169337618
194.96666666666667,0.1,0.8,56.84944167162823,14.825432132717424,0.9720418388611484,-0.92644497813723,1.922948416932722
195.0,0.1,0.8,56.84944167162823,14.825432132717424,0.9720418388587032,-0.9264449781369273,1.922948416931596
195.03333333333333,0.1194,0.7806,55.31431644631454,14.131325022271154,0.9720418388564583,-0.926444978136385,1.922948416930409
195.06666666666666,0.1389,0.7611,53.80737958374696,13.415234015230924,0.9700287370575615,-0.9258505433195048,1.903911456029108
195.1,0.1583,0.7417,52.35127684794902,12.68469427449722,0.9665481821160845,-0.9238827522213654,1.8734099922937162
195.13333333333333,0.1778,0.7222,50.93832298857411,11.93246691099249,0.9620405835212208,-0.9201532874970363,1.8355778301075596
195.16666666666666,0.1972,0.7028,49.590302737010646,11.166665871271487,0.9568482421454859,-0.9144894946279907,1.7923671275507638
195.2,0.2167,0.6833,48.300605403661926,10.37991435682607,0.951286482266238,-0.9068428984042439,1.7450161181903836
195.23333333333332,0.2361,0.6639,47.08956345010161,9.580917733263176,0.9456150941269322,-0.8972361445269664,1.693980093772497
195.26666666666665,0.2556,0.6444,45.95163526811119,8.762205952723923,0.9400862030589215,-0.8857356159351794,1.6397373849452035
195.3,0.275,0.625,44.905101997095514,7.9330654994542815,0.9349099601856948,-0.8724319097744008,1.5823382100011145
195.33333333333334,0.2944,0.6056,43.950141123849725,7.090349433688941,0.93029310912059,-0.8574300716891506,1.5220530953312232
195.36666666666667,0.3139,0.5861,43.088383840527236,6.230755695214105,0.9264127072622199,-0.8408428736026254,1.458928652080544
195.4,0.3333,0.5667,42.33398002452703,5.364360715238821,0.9234239485739768,-0.8227775234305333,1.3928656846793044
195.43333333333334,0.3528,0.5472,41.68392844024259,4.483613297727594,0.9214784629344455,-0.8033367424051867,1.3240448137475893
195.46666666666667,0.3722,0.5278,41.149014020906286,3.5990187837602794,0.9207007405510802,-0.782612517219487,1.252300619505301
195.5,0.3917,0.5083,40.72718704974909,2.7030283793027934,0.9212104647205733,-0.7606838738357729,1.17775967229649
195.53333333333333,0.4111,0.4889,40.42549590193312,1.8064648466313065,0.9231052282759743,-0.7376118104410425,1.1001919069724209
195.56666666666666,0.4306,0.4694,40.24281259916034,0.901786463296621,0.9264755550071402,-0.7134376976329211,1.0196582878772302
195.6,0.45,0.45,40.18220160655795,-0.0,0.9313943312256965,-0.6881786810357846,0.9358463415894507
195.63333333333333,0.4694,0.4306,40.24281259916034,-0.901786463296621,0.9379240625764186,-0.6618260784881486,0.8487232056085147
195.66666666666666,0.4889,0.4111,40.42549590193312,-1.8064648466313065,0.9461110945363322,-0.6343440317097223,0.7579993216633257
195.7,0.5083,0.3917,40.72718704974909,-2.7030283793027934,0.9559915345040841,-0.6056585437625497,0.6631759268675846
195.73333333333332,0.5278,0.3722,41.14901402090629,-3.59901878376028,0.967583730218982,-0.5756588863483221,0.5639833851095977
195.76666666666665,0.5472,0.3528,41.683928440242596,-4.483613297727594,0.9808948014906098,-0.5441907665264235,0.4596893845826212
195.8,0.5667,0.3333,42.33398002452703,-5.36436071523882,0.9959073184756863,-0.511050636606169,0.34972588757059103
195.83333333333334,0.5861,0.3139,43.088383840527236,-6.230755695214105,1.0125917630872858,-0.475975549448342,0.23297729959234595
195.86666666666667,0.6056,0.2944,43.950141123849725,-7.090349433688942,1.0308842072396378,-0.4386322701108463,0.10836227868508852
195.9,0.625,0.275,44.905101997095514,-7.933065499454282,1.050703000150523,-0.39859980254718214,-0.02589805323309688
195.93333333333334,0.6444,0.2556,45.95163526811118,-8.762205952723923,1.0719092991973735,-0.35538470050461446,-0.16955699885570302
195.96666666666667,0.6639,0.2361,47.08956345010161,-9.580917733263176,1.094284873160524,-0.3086195273972346,-0.31817913722940117
196.0,0.6833,0.2167,48.300605403661926,-10.37991435682607,1.117530116114926,-0.25816218727591145,-0.46771945747914445
196.03333333333333,0.7028,0.1972,49.590302737010646,-11.166665871271487,1.141266358760542,-0.2040580717128044,-0.6149121215087449
196.06666666666666,0.7222,0.1778,50.93832298857411,-11.932466910992488,1.165102621849916,-0.1464880723559574,-0.7578634975905867
196.1,0.7417,0.1583,52.35127684794902,-12.684694274497218,1.1886218597829108,-0.0857232085712869,-0.8953169166542224
196.13333333333333,0.7611,0.1389,53.80737958374696,-13.415234015230924,1.211440823814639,-0.022085888033100506,-1.0269963117140684
196.16666666666666,0.7806,0.1194,55.31431644631455,-14.131325022271154,1.2331791535397902,0.044073475306187715,-1.1528040224345237
196.2,0.8,0.1,56.84944167162823,-14.825432132717424,1.2535114423305695,0.1123741826116798,-1.2731508154914735
196.23333333333332,0.8,0.1,56.84944167162823,-14.825432132717424,1.272125383069345,0.18241796258923887,-1.3882614296447158
196.26666666666665,0.8,0.1,56.84944167162823,-14.825432132717424,1.2865407159651072,0.2530660248331266,-1.479268231601265
196.3,0.8,0.1,56.84944167162823,-14.825432132717424,1.29686248450346,0.3228989882406668,-1.554775405757152
196.33333333333334,0.8,0.1,56.84944167162823,-14.825432132717424,1.3032796708788275,0.390981238180415,-1.6199537498856642
196.36666666666667,0.8,0.1,56.84944167162823,-14.825432132717424,1.306030864752699,0.45667652598521324,-1.677748267637822
196.4,0.8,0.1,56.84944167162823,-14.825432132717424,1.305385802640665,0.519530622948962,-1.7297506541823182
196.43333333333334,0.8,0.1,56.84944167162823,-14.825432132717424,1.3016355613220136,0.5792022334376737,-1.7767746395150061
196.46666666666667,0.8,0.1,56.84944167162823,-14.825432132717424,1.295086711719665,0.635425540563151,-1.819214822435674
196.5,0.8,0.1,56.84944167162823,-14.825432132717424,1.2860568504434424,0.6879919970111121,-1.8572615019601837
196.53333333333333,0.8,0.1,56.84944167162823,-14.825432132717424,1.274870300917434,0.7367429126441543,-1.891024493335997
196.56666666666666,0.8,0.1,56.84944167162823,-14.825432132717424,1.2618535653475278,0.7815674035557196,-1.9206011930621083
196.6,0.8,0.1,56.84944167162823,-14.825432132717424,1.2473305199498885,0.8224023778236107,-1.9461111833990428
196.63333333333333,0.8,0.1,56.84944167162823,-14.825432132717424,1.2316175343980738,0.8592326437306844,-1.9677110498269579
196.66666666666666,0.8,0.1,56.84944167162823,-14.825432132717424,1.2150187598521949,0.8920901434056582,-1.9855976739184338
196.7,0.8,0.1,56.84944167162823,-14.825432132717424,1.1978218248353152,0.9210518995080801,-2.0000049857274727
196.73333333333332,0.8,0.1,56.84944167162823,-14.825432132717424,1.1802941369801987,0.946236626298914,-2.011197214609239
196.76666666666665,0.8,0.1,56.84944167162823,-14.825432132717424,1.1626799304278237,0.9678001723927177,-2.0194605285395153
196.8,0.8,0.1,56.84944167162823,-14.825432132717424,1.145198135506611,0.9859300779808648,-2.0250942622747448
196.83333333333334,0.8,0.1,56.84944167162823,-14.825432132717424,1.128041087285686,1.0008395756496786,-2.0284025034200908
196.86666666666667,0.8,0.1,56.84944167162823,-14.825432132717424,1.1113740379373804,1.0127613629755252,-2.029686519225165
196.9,0.8,0.1,56.84944167162823,-14.825432132717424,1.0953353976132374,1.0219414431539358,-2.0292383048554012
196.93333333333334,0.8,0.1,56.84944167162823,-14.825432132717424,1.0800376009144959,1.0286332796678024,-2.027335384979276
196.96666666666667,0.8,0.1,56.84944167162823,-14.825432132717424,1.0655684806855101,1.033092452309233,-2.0242368894958904
197.0,0.8,0.1,56.84944167162823,-14.825432132717424,1.0519930263324582,1.0355719422255172,-2.020180843342774
197.03333333333333,0.8,0.1,56.84944167162823,-14.825432132717424,1.0393554080522913,1.036318118353501,-2.015382554868301
197.06666666666666,0.8,0.1,56.84944167162823,-14.825432132717424,1.0276811588597141,1.0355674499675325,-2.0100339534377967
197.1,0.8,0.1,56.84944167162823,-14.825432132717424,1.0169794207894916,1.033543931761898,-2.004303711059806
197.13333333333333,0.8,0.1,56.84944167162823,-14.825432132717424,1.0072451780749492,1.0304571792840673,-1.9983379810904363
197.16666666666666,0.8,0.1,56.84944167162823,-14.825432132717424,0.9984614168149448,1.0265011330648663,-1.9922615957879408
197.2,0.8,0.1,56.84944167162823,-14.825432132717424,0.9906011664411626,1.0218532983083979,-1.9861795802148112
197.23333333333332,0.8,0.1,56.84944167162823,-14.825432132717424,0.9836293924094454,1.016674442070881,-1.9801788597460224
197.26666666666665,0.8,0.1,56.84944167162823,-14.825432132717424,0.9775047215496817,1.0111086699699845,-1.974330059826364
197.3,0.8,0.1,56.84944167162823,-14.825432132717424,0.9721809912886121,1.0052838082082405,-1.9686893178028952
197.33333333333334,0.8,0.1,56.84944167162823,-14.825432132717424,0.9676086215811968,0.9993120228277248,-1.9633000463728367
197.36666666666667,0.8,0.1,56.84944167162823,-14.825432132717424,0.9637358140504325,0.9932906156209002,-1.958194605649447
197.4,0.8,0.1,56.84944167162823,-14.825432132717424,0.9605095868135075,0.987302944213988,-1.9533958556681361
197.43333333333334,0.8,0.1,56.84944167162823,-14.825432132717424,0.9578766560588858,0.9814194219348652,-1.9489185732390786
197.46666666666667,0.8,0.1,56.84944167162823,-14.825432132717424,0.9557841769223951,0.9756985607797282,-1.94477072651622
197.5,0.8,0.1,56.84944167162823,-14.825432132717424,0.9541803568525938,0.9701880278523434,-1.940954607743655
197.53333333333333,0.8,0.1,56.84944167162823,-14.825432132717424,0.9530149546825637,0.9649256919321255,-1.9374678296784178
197.56666666666666,0.8,0.1,56.84944167162823,-14.825432132717424,0.9522396782233904,0.9599406422825404,-1.9343041945193642
197.6,0.8,0.1,56.84944167162823,-14.825432132717424,0.9518084925123355,0.9552541664482657,-1.931454446134788
197.63333333333333,0.8,0.1,56.84944167162823,-14.825432132717424,0.9516778499999232,0.950880677655292,-1.928906917290052
197.66666666666666,0.8,0.1,56.84944167162823,-14.825432132717424,0.951806853029137,0.946828585592399,-1.9266480837062858
197.7,0.8,0.1,56.84944167162823,-14.825432132717424,0.9521573580066577,0.9431011068958748,-1.9246630363647181
197.73333333333332,0.8,0.1,56.84944167162823,-14.825432132717424,0.9526940297313738,0.9396970136656022,-1.9229358826980307
197.76666666666665,0.8,0.1,56.84944167162823,-14.825432132717424,0.9533843534553311,0.9366113198909207,-1.921450086329376
197.8,0.8,0.1,56.84944167162823,-14.825432132717424,0.9541986114220448,0.9338359068345342,-1.9201887539445652
197.83333333333334,0.8,0.1,56.84944167162823,-14.825432132717424,0.9551098298640505,0.9313600892802351,-1.9191348767957757
197.86666666666667,0.8,0.1,56.84944167162823,-14.825432132717424,0.956093701747687,0.9291711251551832,-1.9182715332928724
197.9,0.8,0.1,56.84944167162823,-14.825432132717424,0.9571284899268531,0.9272546714414887,-1.9175820581776075
197.93333333333334,0.8,0.1,56.84944167162823,-14.825432132717424,0.9581949148051225,0.9255951895385492,-1.9170501829173006
197.96666666666667,0.8,0.1,56.84944167162823,-14.825432132717424,0.9592760301022255,0.9241763033634016,-1.9166601512069492
198.0,0.8,0.1,56.84944167162823,-14.825432132717424,0.9603570898710599,0.9229811135111409,-1.9163968128324298
198.03333333333333,0.8,0.1,56.84944167162823,-14.825432132717424,0.9614254095095913,0.9219924707654428,-1.9162456986169827
198.06666666666666,0.8,0.1,56.84944167162823,-14.825432132717424,0.9624702231529353,0.9211932121696594,-1.916193078739287
198.1,0.8,0.1,56.84944167162823,-14.825432132717424,0.9634825395097073,0.9205663627569375,-1.916226006362821
198.13333333333333,0.8,0.1,56.84944167162823,-14.825432132717424,0.9644549979189432,0.9200953059049456,-1.9163323482406682
198.16666666666666,0.8,0.1,56.84944167162823,-14.825432132717424,0.9653817261456304,0.9197639251358012,-1.9165008037453168
198.2,0.8,0.1,56.84944167162823,-14.825432132717424,0.9662582012007352,0.9195567200310455,-1.9167209136077785
198.23333333333332,0.8,0.1,56.84944167162823,-14.825432132717424,0.9670811142626227,0.9194588987795366,-1.9169830595239956
198.26666666666665,0.8,0.1,56.84944167162823,-14.825432132717424,0.9678482405884494,0.9194564497259571,-1.917278455689716
198.3,0.8,0.1,56.84944167162823,-14.825432132717424,0.9685583151343409,0.9195361941411953,-1.9175991332498357
198.33333333333334,0.8,0.1,56.84944167162823,-14.825432132717424,0.9692109144501718,0.9196858222942391,-1.9179379185880103
198.36666666666667,0.8,0.1,56.84944167162823,-14.825432132717424,0.9698063452770542,0.9198939147689249,-1.91828840633178
198.4,0.8,0.1,56.84944167162823,-14.825432132717424,0.9703455401519534,0.9201499508379878,-1.9186449279033415
198.43333333333334,0.8,0.1,56.84944167162823,-14.825432132717424,0.9708299602131407,0.9204443055812093,-1.919002516403361
198.46666666666667,0.8,0.1,56.84944167162823,-14.825432132717424,0.9712615053015535,0.920768237313751,-1.9193568685726219
198.5,0.8,0.1,56.84944167162823,-14.825432132717424,0.9716424313657845,0.9211138667746473,-1.9197043045324331
198.53333333333333,0.8,0.1,56.84944167162823,-14.825432132717424,0.9719752751016831,0.9214741494135708,-1.9200417259588198
198.56666666666666,0.8,0.1,56.84944167162823,-14.825432132717424,0.9722627856907811,0.9218428420060949,-1.920366573297274
198.6,0.8,0.1,56.84944167162823,-14.825432132717424,0.9725078634443836,0.9222144647235478,-1.9206767825743942
198.63333333333333,0.8,0.1,56.84944167162823,-14.825432132717424,0.9727135051116242,0.9225842596830456,-1.920970742310488
198.66666666666666,0.8,0.1,56.84944167162823,-14.825432132717424,0.9728827555695306,0.922948146906384,-1.9212472509837097
198.7,0.8,0.1,56.84944167162823,-14.825432132717424,0.9730186655806389,0.9233026785231652,-1.9215054754422909
198.73333333333332,0.8,0.1,56.84944167162823,-14.825432132717424,0.9731242552783894,0.923644991963946,-1.921744910607602
198.76666666666665,0.8,0.1,56.84944167162823,-14.825432132717424,0.9732024830218816,0.9239727628034562,-1.9219653407579325
198.8,0.8,0.1,56.84944167162823,-14.825432132717424,0.9732562192490103,0.9242841578322029,-1.9221668026316545
198.83333333333334,0.8,0.1,56.84944167162823,-14.825432132717424,0.9732882249499957,0.9245777888572514,-1.9223495505395094
198.86666666666667,0.8,0.1,56.84944167162823,-14.825432132717424,0.9733011343812918,0.9248526676598131,-1.9225140236296123
198.9,0.8,0.1,56.84944167162823,-14.825432132717424,0.9732974416422688,0.9251081624686517,-1.9226608154058884
198.93333333333334,0.8,0.1,56.84944167162823,-14.825432132717424,0.9732794907433623,0.9253439562443702,-1.9227906455613173
198.96666666666667,0.8,0.1,56.84944167162823,-14.825432132717424,0.9732494688040455,0.9255600070104633,-1.9229043341518306
199.0,0.8,0.1,56.84944167162823,-14.825432132717424,0.9732094020314892,0.9257565104126723,-1.923002778105073
199.03333333333333,0.8,0.1,56.84944167162823,-14.825432132717424,0.973161154145645,0.9259338646386773,-1.9230869300305535
199.06666666666666,0.8,0.1,56.84944167162823,-14.825432132717424,0.9731064269332583,0.9260926377854724,-1.9231577792739245
199.1,0.8,0.1,56.84944167162823,-14.825432132717424,0.9730467626315528,0.9262335377218144,-1.92321633513811
199.13333333333333,0.8,0.1,56.84944167162823,-14.825432132717424,0.9729835478616335,0.9263573844578034,-1.9232636121776077
199.16666666666666,0.8,0.1,56.84944167162823,-14.825432132717424,0.9729180188516644,0.9264650850027732,-1.9233006174592668
199.2,0.8,0.1,56.84944167162823,-14.825432132717424,0.9728512677102549,0.9265576106660656,-1.9233283396729692
199.23333333333332,0.8,0.1,56.84944167162823,-14.825432132717424,0.9727842495309591,0.9266359767326947,-1.9233477399686327
199.26666666666665,0.8,0.1,56.84944167162823,-14.825432132717424,0.9727177901290747,0.9267012244271504,-1.9233597443915222
199.3,0.8,0.1,56.84944167162823,-14.825432132717424,0.9726525942318215,0.9267544050633604,-1.9233652377857164
199.33333333333334,0.8,0.1,56.84944167162823,-14.825432132717424,0.9725892539622883,0.9267965662668715,-1.9233650590354303
199.36666666666667,0.8,0.1,56.84944167162823,-14.825432132717424,0.972528257476099,0.9268287401463271,-1.9233599975154856
199.4,0.8,0.1,56.84944167162823,-14.825432132717424,0.9724699976274481,0.9268519332850285,-1.9233507906252423
199.43333333333334,0.8,0.1,56.84944167162823,-14.825432132717424,0.9724147805578972,0.926867118419491,-1.9233381222845456
199.46666666666667,0.8,0.1,56.84944167162823,-14.825432132717424,0.9723628341170142,0.9268752276701651,-1.9233226222754385
199.5,0.8,0.1,56.84944167162823,-14.825432132717424,0.9723143160385604,0.9268771471896124,-1.9233048663193495
199.53333333333333,0.8,0.1,56.84944167162823,-14.825432132717424,0.9722693218094276,0.9268737130951624,-1.9232853767859728
199.56666666666666,0.8,0.1,56.84944167162823,-14.825432132717424,0.9722278921809044,0.9268657085561729,-1.9232646239369682
199.6,0.8,0.1,56.84944167162823,-14.825432132717424,0.9721900202831155,0.9268538619102588,-1.923243027614746
199.63333333333333,0.8,0.1,56.84944167162823,-14.825432132717424,0.972155658313631,0.9268388456880217,-1.9232209592938527
199.66666666666666,0.8,0.1,56.84944167162823,-14.825432132717424,0.9721247237803402,0.9268212764317161,-1.9231987444197116
199.7,0.8,0.1,56.84944167162823,-14.825432132717424,0.9720971052867396,0.9268017151997554,-1.92317666496662
199.73333333333332,0.8,0.1,56.84944167162823,-14.825432132717424,0.972072667854867,0.9267806686558261,-1.923154962153859
199.76666666666665,0.8,0.1,56.84944167162823,-14.825432132717424,0.9720512577872533,0.9267585906485053,-1.9231338392654969
199.8,0.8,0.1,56.84944167162823,-14.825432132717424,0.9720327070745424,0.926735884194544,-1.9231134645258872
199.83333333333334,0.8,0.1,56.84944167162823,-14.825432132717424,0.9720168373598772,0.9267129037862675,-1.923093973988962
199.86666666666667,0.8,0.1,56.84944167162823,-14.825432132717424,0.9720034634748581,0.9266899579507747,-1.923075474405144
199.9,0.8,0.1,56.84944167162823,-14.825432132717424,0.9719923965648821,0.9266673119956997,-1.9230580460350624
199.93333333333334,0.8,0.1,56.84944167162823,-14.825432132717424,0.9719834468240524,0.9266451908831722,-1.9230417453842183
199.96666666666667,0.8,0.1,56.84944167162823,-14.825432132717424,0.9719764258616487,0.9266237821802242,-1.9230266078373097
200.0,0.8,0.1,56.84944167162823,-14.825432132717424,0.9719711487234448,0.9266032390401917,-1.923012650175106
200.03333333333333,0.8,0.1,56.84944167162823,-14.825432132717424,0.9719674355919922,0.9265836831756228,-1.9229998729605469
200.06666666666666,0.8,0.1,56.84944167162823,-14.825432132717424,0.9719651131904241,0.9265652077888034,-1.922988262784156
200.1,0.8,0.1,56.84944167162823,-14.825432132717424,0.9719640159144182,0.9265478804312316,-1.9229777943618966
200.13333333333333,0.8,0.1,56.84944167162823,-14.825432132717424,0.9719639867167331,0.9265317457682009,-1.9229684324813119
200.16666666666666,0.8,0.1,56.84944167162823,-14.825432132717424,0.97196487776826,0.9265168282290914,-1.9229601337941442
200.2,0.8,0.1,56.84944167162823,-14.825432132717424,0.9719665509188332,0.9265031345280188,-1.922952848455699
200.23333333333332,0.8,0.1,56.84944167162823,-14.825432132717424,0.9719688779801752,0.9264906560431522,-1.9229465216129777
200.26666666666665,0.8,0.1,56.84944167162823,-14.825432132717424,0.9719717408523354,0.9264793710463083,-1.9229410947450998
200.3,0.8,0.1,56.84944167162823,-14.825432132717424,0.9719750315138606,0.9264692467773588,-1.9229365068607818
200.33333333333334,0.8,0.1,56.84944167162823,-14.825432132717424,0.9719786518947232,0.9264602413605767,-1.922932695558654
200.36666666666667,0.8,0.1,56.84944167162823,-14.825432132717424,0.9719825136497783,0.9264523055623098,-1.9229295979570011
200.4,0.8,0.1,56.84944167162823,-14.825432132717424,0.9719865378492152,0.9264453843913211,-1.9229271515001312
200.43333333333334,0.8,0.1,56.84944167162823,-14.825432132717424,0.9719906546011684,0.9264394185448033,-1.922925294649023
200.46666666666667,0.8,0.1,56.84944167162823,-14.825432132717424,0.9719948026203391,0.9264343457044741,-1.9229239674641976
200.5,0.8,0.1,56.84944167162823,-14.825432132717424,0.9719989287551948,0.9264301016883087,-1.9229231120889199
200.53333333333333,0.8,0.1,56.84944167162823,-14.825432132717424,0.9720029874850559,0.9264266214643944,-1.922922673140879
200.56666666666666,0.8,0.1,56.84944167162823,-14.825432132717424,0.972006940397165,0.9264238400341136,-1.922922598020445
200.6,0.8,0.1,56.84944167162823,-14.825432132717424,0.9720107556526665,0.9264216931923989,-1.9229228371434464
200.63333333333333,0.8,0.1,56.84944167162823,-14.825432132717424,0.9720144074493183,0.926420118173172,-1.9229233441062035
200.66666666666666,0.8,0.1,56.84944167162823,-14.825432132717424,0.9720178754877093,0.9264190541883068,-1.9229240757902728
200.7,0.8,0.1,56.84944167162823,-14.825432132717424,0.9720211444467755,0.9264184428685467,-1.9229249924140297
200.73333333333332,0.8,0.1,56.84944167162823,-14.825432132717424,0.9720242034734955,0.9264182286147953,-1.922926057537855
200.76666666666665,0.8,0.1,56.84944167162823,-14.825432132717424,0.9720270456908029,0.9264183588680791,-1.922927238029299
200.8,0.8,0.1,56.84944167162823,-14.825432132717424,0.9720296677269745,0.9264187843062915,-1.9229285039941781
200.83333333333334,0.8,0.1,56.84944167162823,-14.825432132717424,0.9720320692690558,0.9264194589755586,-1.9229298286791403
200.86666666666667,0.8,0.1,56.84944167162823,-14.825432132717424,0.9720342526422411,0.9264203403637515,-1.9229311883507991
200.9,0.8,0.1,56.84944167162823,-14.825432132717424,0.9720362224165568,0.9264213894233067,-1.9229325621561046
200.93333333333334,0.8,0.1,56.84944167162823,-14.825432132717424,0.9720379850416896,0.9264225705501143,-1.9229339319681975
200.96666666666667,0.8,0.1,56.84944167162823,-14.825432132717424,0.9720395485103496,0.9264238515248207,-1.9229352822215686
201.0,0.8,0.1,56.84944167162823,-14.825432132717424,0.9720409220501741,0.9264252034224448,-1.9229365997399464
201.03333333333333,0.8,0.1,56.84944167162823,-14.825432132717424,0.9720421158438358,0.9264266004957707,-1.9229378735599456
201.06666666666666,0.8,0.1,56.84944167162823,-14.825432132717424,0.9720431407767378,0.9264280200375222,-1.9229390947531382
201.1,0.8,0.1,56.84944167162823,-14.825432132717424,0.9720440082114368,0.9264294422258861,-1.922940256248857
201.13333333333333,0.8,0.1,56.84944167162823,-14.825432132717424,0.9720447297877425,0.9264308499575101,-1.9229413526597177
201.16666666666666,0.8,0.1,56.84944167162823,-14.825432132717424,0.9720453172472827,0.9264322286716784,-1.922942380111534
201.2,0.8,0.1,56.84944167162823,-14.825432132717424,0.972045782281206,0.9264335661689559,-1.922943336079015
201.23333333333332,0.8,0.1,56.84944167162823,-14.825432132717424,0.972046136399603,0.9264348524272036,-1.9229442192283797
201.26666666666665,0.8,0.1,56.84944167162823,-14.825432132717424,0.9720463908211725,0.9264360794174934,-1.9229450292677803
201.3,0.8,0.1,56.84944167162823,-14.825432132717424,0.9720465563816207,0.9264372409221034,-1.92294576680621
201.33333333333334,0.8,0.1,56.84944167162823,-14.825432132717424,0.9720466434592743,0.9264383323564453,-1.9229464332213795
201.36666666666667,0.8,0.1,56.84944167162823,-14.825432132717424,0.9720466619163936,0.9264393505964752,-1.9229470305368743
201.4,0.8,0.1,56.84944167162823,-14.825432132717424,0.9720466210547006,0.9264402938128568,-1.9229475613087503
201.43333333333334,0.8,0.1,56.84944167162823,-14.825432132717424,0.9720465295836718,0.9264411613128932,-1.9229480285215919
201.46666666666667,0.8,0.1,56.84944167162823,-14.825432132717424,0.9720463956001985,0.9264419533910091,-1.922948435493946
201.5,0.8,0.1,56.84944167162823,-14.825432132717424,0.9720462265782783,0.9264426711883558,-1.9229487857929435
201.53333333333333,0.8,0.1,56.84944167162823,-14.825432132717424,0.9720460293674663,0.9264433165619279,-1.9229490831578366
201.56666666666666,0.8,0.1,56.84944167162823,-14.825432132717424,0.9720458101988897,0.9264438919634107,-1.9229493314321184
201.6,0.8,0.1,56.84944167162823,-14.825432132717424,0.9720455746977058,0.9264444003278351,-1.922949534503831
201.63333333333333,0.8,0.1,56.84944167162823,-14.825432132717424,0.9720453279009637,0.9264448449719898,-1.9229496962536299
201.66666666666666,0.8,0.1,56.84944167162823,-14.825432132717424,0.9720450742799079,0.9264452295024321,-1.9229498205101392
201.7,0.8,0.1,56.84944167162823,-14.825432132717424,0.9720448177658483,0.9264455577328504,-1.9229499110121127
201.73333333333332,0.8,0.1,56.84944167162823,-14.825432132717424,0.9720445617787937,0.9264458336104506,-1.9229499713769012
201.76666666666665,0.8,0.1,56.84944167162823,-14.825432132717424,0.972044309258132,0.926446061150984,-1.9229500050747228
201.8,0.8,0.1,56.84944167162823,-14.825432132717424,0.9720440626947098,0.9264462443819808,-1.922950015408234
201.83333333333334,0.8,0.1,56.84944167162823,-14.825432132717424,0.9720438241637406,0.9264463872937189,-1.9229500054969066
201.86666666666667,0.8,0.1,56.84944167162823,-14.825432132717424,0.9720435953580395,0.9264464937974339,-1.9229499782657284
201.9,0.8,0.1,56.84944167162823,-14.825432132717424,0.9720433776211478,0.9264465676902555,-1.922949936437759
201.93333333333334,0.8,0.1,56.84944167162823,-14.825432132717424,0.9720431719799724,0.9264466126263499,-1.9229498825300946
201.96666666666667,0.8,0.1,56.84944167162823,-14.825432132717424,0.9720429791766245,0.9264466320937494,-1.9229498188528191
202.0,0.8,0.1,56.84944167162823,-14.825432132717424,0.9720427996991928,0.9264466293963504,-1.9229497475105326
202.03333333333333,0.8,0.1,56.84944167162823,-14.825432132717424,0.9720426338112372,0.926446607640575,-1.9229496704060902
202.06666666666666,0.8,0.1,56.84944167162823,-14.825432132717424,0.9720424815798338,0.9264465697262079,-1.922949589246194
202.1,0.8,0.1,56.84944167162823,-14.825432132717424,0.9720423429020413,0.9264465183409356,-1.9229495055485186
202.13333333333333,0.8,0.1,56.84944167162823,-14.825432132717424,0.9720422175296974,0.9264464559581393,-1.9229494206500723
202.16666666666666,0.8,0.1,56.84944167162823,-14.825432132717424,0.972042105092484,0.9264463848375156,-1.922949335716525
202.2,0.8,0.1,56.84944167162823,-14.825432132717424,0.9720420051192304,0.9264463070281265,-1.922949251752259
202.23333333333332,0.8,0.1,56.84944167162823,-14.825432132717424,0.9720419170574486,0.9264462243735041,-1.9229491696109222
202.26666666666665,0.8,0.1,56.84944167162823,-14.825432132717424,0.972041840291115,0.9264461385184672,-1.9229490900062922
202.3,0.8,0.1,56.84944167162823,-14.825432132717424,0.9720417741567337,0.9264460509173299,-1.9229490135232792
202.33333333333334,0.8,0.1,56.84944167162823,-14.825432132717424,0.97204171795773,0.9264459628432131,-1.9229489406289195
202.36666666666667,0.8,0.1,56.84944167162823,-14.825432132717424,0.9720416709772361,0.926445875398198,-1.9229488716832304
202.4,0.8,0.1,56.84944167162823,-14.825432132717424,0.972041632489343,0.9264457895240824,-1.922948806949819
202.43333333333334,0.8,0.1,56.84944167162823,-14.825432132717424,0.9720416017688966,0.9264457060135324,-1.922948746606155
202.46666666666667,0.8,0.1,56.84944167162823,-14.825432132717424,0.9720415780999271,0.926445625521441,-1.9229486907534294
202.5,0.8,0.1,56.84944167162823,-14.825432132717424,0.9720415607828005,0.9264455485763339,-1.9229486394259465
202.53333333333333,0.8,0.1,56.84944167162823,-14.825432132717424,0.9720415491401859,0.9264454755916781,-1.9229485925999983
202.56666666666666,0.8,0.1,56.84944167162823,-14.825432132717424,0.9720415425219329,0.9264454068769781,-1.9229485502021904
202.6,0.8,0.1,56.84944167162823,-14.825432132717424,0.9720415403089515,0.9264453426485544,-1.922948512117199
202.63333333333333,0.8,0.1,56.84944167162823,-14.825432132717424,0.9720415419161896,0.9264452830399248,-1.922948478194944
202.66666666666666,0.8,0.1,56.84944167162823,-14.825432132717424,0.9720415467947962,0.9264452281117191,-1.9229484482571766
202.7,0.8,0.1,56.84944167162823,-14.825432132717424,0.972041554433558,0.9264451778610768,-1.9229484221034843
202.73333333333332,0.8,0.1,56.84944167162823,-14.825432132717424,0.9720415643596952,0.9264451322304877,-1.9229483995167242
202.76666666666665,0.8,0.1,56.84944167162823,-14.825432132717424,0.9720415761390933,0.92644509111605,-1.9229483802678995
202.8,0.8,0.1,56.84944167162823,-14.825432132717424,0.9720415893760481,0.9264450543751285,-1.922948364120498
202.83333333333334,0.8,0.1,56.84944167162823,-14.825432132717424,0.9720416037125946,0.9264450218334057,-1.9229483508343181
202.86666666666667,0.8,0.1,56.84944167162823,-14.825432132717424,0.9720416188274841,0.9264449932913289,-1.922948340168808
202.9,0.8,0.1,56.84944167162823,-14.825432132717424,0.9720416344348713,0.9264449685299584,-1.922948331885944
202.93333333333334,0.8,0.1,56.84944167162823,-14.825432132717424,0.9720416502827678,0.926444947316234,-1.9229483257526818
202.96666666666667,0.8,0.1,56.84944167162823,-14.825432132717424,0.9720416661513099,0.9264449294076758,-1.9229483215430083
203.0,0.8,0.1,56.84944167162823,-14.825432132717424,0.9720416818508906,0.9264449145565451,-1.922948319039625
203.03333333333333,0.8,0.1,56.84944167162823,-14.825432132717424,0.972041697220193,0.926444902513489,-1.9229483180352975
203.06666666666666,0.8,0.1,56.84944167162823,-14.825432132717424,0.9720417121241649,0.9264448930306987,-1.9229483183338976
203.1,0.8,0.1,56.84944167162823,-14.825432132717424,0.9720417264519645,0.9264448858646115,-1.92294831975117
203.13333333333333,0.8,0.1,56.84944167162823,-14.825432132717424,0.9720417401149063,0.9264448807781884,-1.9229483221152557
203.16666666666666,0.8,0.1,56.84944167162823,-14.825432132717424,0.9720417530444311,0.9264448775427984,-1.9229483252669926
203.2,0.8,0.1,56.84944167162823,-14.825432132717424,0.9720417651901213,0.9264448759397426,-1.9229483290600284
203.23333333333332,0.8,0.1,56.84944167162823,-14.825432132717424,0.9720417765177776,0.9264448757614502,-1.922948333360766
203.26666666666665,0.8,0.1,56.84944167162823,-14.825432132717424,0.9720417870075712,0.9264448768123777,-1.922948338048166
203.3,0.8,0.1,56.84944167162823,-14.825432132717424,0.9720417966522841,0.9264448789096418,-1.9229483430134287
203.33333333333334,0.8,0.1,56.84944167162823,-14.825432132717424,0.9720418054556448,0.9264448818834146,-1.9229483481595777
203.36666666666667,0.8,0.1,56.84944167162823,-14.825432132717424,0.9720418134307656,0.926444885577112,-1.9229483534009597
203.4,0.8,0.1,56.84944167162823,-14.825432132717424,0.9720418205986866,0.926444889847399,-1.9229483586626832
203.43333333333334,0.8,0.1,56.84944167162823,-14.825432132717424,0.9720418269870288,0.9264448945640384,-1.9229483638800053
203.46666666666667,0.8,0.1,56.84944167162823,-14.825432132717424,0.9720418326287554,0.9264448996096065,-1.9229483689976876
203.5,0.8,0.1,56.84944167162823,-14.825432132717424,0.9720418375610437,0.9264449048790977,-1.9229483739693263
203.53333333333333,0.8,0.1,56.84944167162823,-14.825432132717424,0.9720418418242622,0.9264449102794375,-1.9229483787566732
203.56666666666666,0.8,0.1,56.84944167162823,-14.825432132717424,0.9720418454610535,0.9264449157289228,-1.9229483833289551
203.6,0.8,0.1,56.84944167162823,-14.825432132717424,0.9720418485155168,0.926444921156606,-1.9229483876621984
203.63333333333333,0.8,0.1,56.84944167162823,-14.825432132717424,0.9720418510324864,0.9264449265016376,-1.922948391738568
203.66666666666666,0.8,0.1,56.84944167162823,-14.825432132717424,0.9720418530569029,0.9264449317125818,-1.9229483955457256
203.7,0.8,0.1,56.84944167162823,-14.825432132717424,0.9720418546332692,0.926444936746716,-1.9229483990762133
203.73333333333332,0.8,0.1,56.84944167162823,-14.825432132717424,0.9720418558051873,0.9264449415693248,-1.9229484023268628
203.76666666666665,0.8,0.1,56.84944167162823,-14.825432132717424,0.9720418566149707,0.9264449461529974,-1.922948405298239
203.8,0.8,0.1,56.84944167162823,-14.825432132717424,0.9720418571033246,0.9264449504769378,-1.922948407994115
203.83333333333334,0.8,0.1,56.84944167162823,-14.825432132717424,0.9720418573090903,0.9264449545262907,-1.9229484104209822
203.86666666666667,0.8,0.1,56.84944167162823,-14.825432132717424,0.9720418572690468,0.9264449582914935,-1.9229484125875975
203.9,0.8,0.1,56.84944167162823,-14.825432132717424,0.9720418570177637,0.9264449617676537,-1.9229484145045659
203.93333333333334,0.8,0.1,56.84944167162823,-14.825432132717424,0.972041856587501,0.9264449649539589,-1.922948416183959
203.96666666666667,0.8,0.1,56.84944167162823,-14.825432132717424,0.97204185600815,0.9264449678531207,-1.9229484176389695
204.0,0.8,0.1,56.84944167162823,-14.825432132717424,0.9720418553072099,0.9264449704708536,-1.922948418883601
204.03333333333333,0.8,0.1,56.84944167162823,-14.825432132717424,0.9720418545097962,0.9264449728153913,-1.9229484199323896
204.06666666666666,0.8,0.1,56.84944167162823,-14.825432132717424,0.9720418536386757,0.9264449748970403,-1.9229484208001606
204.1,0.8,0.1,56.84944167162823,-14.825432132717424,0.9720418527143244,0.9264449767277709,-1.9229484215018122
204.13333333333333,0.8,0.1,56.84944167162823,-14.825432132717424,0.9720418517550043,0.9264449783208463,-1.9229484220521313
204.16666666666666,0.8,0.1,56.84944167162823,-14.825432132717424,0.9720418507768558,0.9264449796904859,-1.9229484224656346
204.2,0.8,0.1,56.84944167162823,-14.825432132717424,0.9720418497940015,0.9264449808515666,-1.9229484227564344
204.23333333333332,0.8,0.1,56.84944167162823,-14.825432132717424,0.9720418488186607,0.9264449818193555,-1.9229484229381302
204.26666666666665,0.8,0.1,56.84944167162823,-14.825432132717424,0.972041847861269,0.926444982609277,-1.9229484230237184
204.3,0.8,0.1,56.84944167162823,-14.825432132717424,0.9720418469306034,0.9264449832367087,-1.9229484230255238
204.33333333333334,0.8,0.1,56.84944167162823,-14.825432132717424,0.9720418460339084,0.9264449837168072,-1.9229484229551472
204.36666666666667,0.8,0.1,56.84944167162823,-14.825432132717424,0.9720418451770243,0.9264449840643606,-1.9229484228234301
204.4,0.8,0.1,56.84944167162823,-14.825432132717424,0.9720418443645125,0.9264449842936653,-1.9229484226404316
204.43333333333334,0.8,0.1,56.84944167162823,-14.825432132717424,0.9720418435997794,0.9264449844184263,-1.9229484224154187
204.46666666666667,0.8,0.1,56.84944167162823,-14.825432132717424,0.9720418428851967,0.9264449844516774,-1.922948422156868
204.5,0.8,0.1,56.84944167162823,-14.825432132717424,0.9720418422222169,0.9264449844057216,-1.9229484218724742
204.53333333333333,0.8,0.1,56.84944167162823,-14.825432132717424,0.9720418416114838,0.9264449842920872,-1.922948421569169
204.56666666666666,0.8,0.1,56.84944167162823,-14.825432132717424,0.9720418410529368,0.9264449841214997,-1.9229484212531454
204.6,0.8,0.1,56.84944167162823,-14.825432132717424,0.9720418405459099,0.9264449839038671,-1.9229484209298864
204.63333333333333,0.8,0.1,56.84944167162823,-14.825432132717424,0.9720418400892231,0.9264449836482765,-1.9229484206041998
204.66666666666666,0.8,0.1,56.84944167162823,-14.825432132717424,0.9720418396812676,0.9264449833630014,-1.9229484202802554
204.7,0.8,0.1,56.84944167162823,-14.825432132717424,0.9720418393200841,0.9264449830555166,-1.9229484199616234
204.73333333333332,0.8,0.1,56.84944167162823,-14.825432132717424,0.9720418390034352,0.9264449827325216,-1.9229484196513167
204.76666666666665,0.8,0.1,56.84944167162823,-14.825432132717424,0.9720418387288694,0.926444982399969,-1.9229484193518322
204.8,0.8,0.1,56.84944167162823,-14.825432132717424,0.97204183849378,0.9264449820630981,-1.9229484190651933
204.83333333333334,0.8,0.1,56.84944167162823,-14.825432132717424,0.9720418382954575,0.9264449817264724,-1.9229484187929908
204.86666666666667,0.8,0.1,56.84944167162823,-14.825432132717424,0.9720418381311355,0.9264449813940192,-1.9229484185364256
204.9,0.8,0.1,56.84944167162823,-14.825432132717424,0.9720418379980313,0.9264449810690721,-1.9229484182963479
204.93333333333334,0.8,0.1,56.84944167162823,-14.825432132717424,0.9720418378933808,0.926444980754414,-1.9229484180732956
204.96666666666667,0.8,0.1,56.84944167162823,-14.825432132717424,0.9720418378144684,0.9264449804523204,-1.922948417867532
205.0,0.8,0.1,56.84944167162823,-14.825432132717424,0.9720418377586525,0.9264449801646034,-1.9229484176790805
205.03333333333333,0.8,0.1,56.84944167162823,-14.825432132717424,0.9720418377233859,0.9264449798926548,-1.922948417507757
205.06666666666666,0.8,0.1,56.84944167162823,-14.825432132717424,0.9720418377062331,0.9264449796374875,-1.9229484173532017
205.1,0.8,0.1,56.84944167162823,-14.825432132717424,0.9720418377048832,0.9264449793997763,-1.9229484172149076
205.13333333333333,0.8,0.1,56.84944167162823,-14.825432132717424,0.9720418377171599,0.9264449791798973,-1.9229484170922464
205.16666666666666,0.8,0.1,56.84944167162823,-14.825432132717424,0.9720418377410286,0.9264449789779643,-1.9229484169844928
205.2,0.8,0.1,56.84944167162823,-14.825432132717424,0.9720418377746003,0.9264449787938642,-1.9229484168908468
205.23333333333332,0.8,0.1,56.84944167162823,-14.825432132717424,0.972041837816134,0.9264449786272899,-1.9229484168104538
205.26666666666665,0.8,0.1,56.84944167162823,-14.825432132717424,0.9720418378640362,0.9264449784777704,-1.9229484167424213
205.29999999999998,0.8,0.1,56.84944167162823,-14.825432132717424,0.97204183791686,0.9264449783446995,-1.9229484166858353
205.33333333333334,0.8,0.1,56.84944167162823,-14.825432132717424,0.972041837973301,0.9264449782273615,-1.9229484166397737
205.36666666666667,0.8,0.1,56.84944167162823,-14.825432132717424,0.9720418380321931,0.9264449781249546,-1.9229484166033188
205.4,0.8,0.1,56.84944167162823,-14.825432132717424,0.9720418380925034,0.926444978036613,-1.9229484165755668
205.43333333333334,0.8,0.1,56.84944167162823,-14.825432132717424,0.9720418381533253,0.9264449779614249,-1.9229484165556374
205.46666666666667,0.8,0.1,56.84944167162823,-14.825432132717424,0.9720418382138721,0.9264449778984507,-1.9229484165426796
205.5,0.8,0.1,56.84944167162823,-14.825432132717424,0.9720418382734695,0.9264449778467371,-1.922948416535879
205.53333333333333,0.8,0.1,56.84944167162823,-14.825432132717424,0.9720418383315478,0.9264449778053305,-1.9229484165344615
205.56666666666666,0.8,0.1,56.84944167162823,-14.825432132717424,0.9720418383876342,0.9264449777732886,-1.9229484165376969
205.6,0.8,0.1,56.84944167162823,-14.825432132717424,0.9720418384413452,0.9264449777496894,-1.9229484165449018
205.63333333333333,0.8,0.1,56.84944167162823,-14.825432132717424,0.9720418384923779,0.9264449777336393,-1.9229484165554407
205.66666666666666,0.8,0.1,56.84944167162823,-14.825432132717424,0.9720418385405035,0.9264449777242801,-1.9229484165687272
205.7,0.8,0.1,56.84944167162823,-14.825432132717424,0.9720418385855589,0.9264449777207938,-1.9229484165842237
205.73333333333332,0.8,0.1,56.84944167162823,-14.825432132717424,0.9720418386274398,0.9264449777224067,-1.9229484166014412
205.76666666666665,0.8,0.1,56.84944167162823,-14.825432132717424,0.9720418386660935,0.9264449777283925,-1.9229484166199384
205.79999999999998,0.8,0.1,56.84944167162823,-14.825432132717424,0.9720418387015131,0.9264449777380741,-1.9229484166393203
205.83333333333334,0.8,0.1,56.84944167162823,-14.825432132717424,0.9720418387337302,0.9264449777508249,-1.9229484166592359
205.86666666666667,0.8,0.1,56.84944167162823,-14.825432132717424,0.9720418387628099,0.9264449777660692,-1.9229484166793769
205.9,0.8,0.1,56.84944167162823,-14.825432132717424,0.9720418387888453,0.9264449777832815,-1.9229484166994748
205.93333333333334,0.8,0.1,56.84944167162823,-14.825432132717424,0.9720418388119523,0.9264449778019864,-1.9229484167192992
205.96666666666667,0.8,0.1,56.84944167162823,-14.825432132717424,0.9720418388322651,0.9264449778217567,-1.9229484167386548
206.0,0.8,0.1,56.84944167162823,-14.825432132717424,0.9720418388499324,0.9264449778422119,-1.922948416757379
206.03333333333333,0.8,0.1,56.84944167162823,-14.825432132717424,0.9720418388651132,0.9264449778630163,-1.9229484167753386
206.06666666666666,0.8,0.1,56.84944167162823,-14.825432132717424,0.9720418388779738,0.9264449778838766,-1.9229484167924284
206.1,0.8,0.1,56.84944167162823,-14.825432132717424,0.9720418388886847,0.9264449779045396,-1.9229484168085684
206.13333333333333,0.8,0.1,56.84944167162823,-14.825432132717424,0.972041838897418,0.9264449779247895,-1.9229484168237
206.16666666666666,0.8,0.1,56.84944167162823,-14.825432132717424,0.9720418389043454,0.9264449779444454,-1.922948416837785
206.2,0.8,0.1,56.84944167162823,-14.825432132717424,0.9720418389096357,0.9264449779633581,-1.922948416850803
206.23333333333332,0.8,0.1,56.84944167162823,-14.825432132717424,0.9720418389134539,0.9264449779814085,-1.9229484168627489
206.26666666666665,0.8,0.1,56.84944167162823,-14.825432132717424,0.9720418389159591,0.9264449779985034,-1.9229484168736306
206.29999999999998,0.8,0.1,56.84944167162823,-14.825432132717424,0.9720418389173041,0.9264449780145745,-1.9229484168834678
206.33333333333334,0.8,0.1,56.84944167162823,-14.825432132717424,0.9720418389176341,0.9264449780295746,-1.9229484168922897
206.36666666666667,0.8,0.1,56.84944167162823,-14.825432132717424,0.9720418389170857,0.9264449780434757,-1.9229484169001332
206.4,0.8,0.1,56.84944167162823,-14.825432132717424,0.9720418389157875,0.9264449780562667,-1.9229484169070417
206.43333333333334,0.8,0.1,56.84944167162823,-14.825432132717424,0.9720418389138588,0.926444978067951,-1.9229484169130635
206.46666666666667,0.8,0.1,56.84944167162823,-14.825432132717424,0.9720418389114095,0.9264449780785446,-1.922948416918251
206.5,0.8,0.1,56.84944167162823,-14.825432132717424,0.9720418389085408,0.9264449780880742,-1.9229484169226587
206.53333333333333,0.8,0.1,56.84944167162823,-14.825432132717424,0.9720418389053447,0.9264449780965753,-1.922948416926343
206.56666666666666,0.8,0.1,56.84944167162823,-14.825432132717424,0.9720418389019041,0.9264449781040905,-1.922948416929361
206.6,0.8,0.1,56.84944167162823,-14.825432132717424,0.9720418388982934,0.9264449781106681,-1.9229484169317692
206.63333333333333,0.8,0.1,56.84944167162823,-14.825432132717424,0.9720418388945788,0.9264449781163607,-1.9229484169336244
206.66666666666666,0.8,0.1,56.84944167162823,-14.825432132717424,0.9720418388908184,0.9264449781212242,-1.922948416934981
206.7,0.8,0.1,56.84944167162823,-14.825432132717424,0.9720418388870627,0.9264449781253162,-1.9229484169358926
206.73333333333332,0.8,0.1,56.84944167162823,-14.825432132717424,0.9720418388833555,0.9264449781286958,-1.9229484169364097
206.76666666666665,0.8,0.1,56.84944167162823,-14.825432132717424,0.9720418388797334,0.9264449781314218,-1.9229484169365814
206.79999999999998,0.8,0.1,56.84944167162823,-14.825432132717424,0.9720418388762274,0.926444978133553,-1.9229484169364535
206.83333333333334,0.8,0.1,56.84944167162823,-14.825432132717424,0.9720418388728627,0.9264449781351467,-1.9229484169360689
206.86666666666667,0.8,0.1,56.84944167162823,-14.825432132717424,0.9720418388696591,0.9264449781362588,-1.922948416935468
206.9,0.8,0.1,56.84944167162823,-14.825432132717424,0.9720418388666321,0.9264449781369429,-1.9229484169346875
206.93333333333334,0.8,0.1,56.84944167162823,-14.825432132717424,0.9720418388637927,0.9264449781372505,-1.9229484169337618
206.96666666666667,0.8,0.1,56.84944167162823,-14.825432132717424,0.9720418388611484,0.92644497813723,-1.922948416932722
207.0,0.0,0.0,0.0,-0.0,0.9720418388587032,0.9264449781369273,-1.922948416931596
207.03333333333333,0.0,0.0,0.0,-0.0,0.893627294349617,0.9125166715052255,-1.5061643576062784
207.06666666666666,0.0,0.0,0.0,-0.0,0.828044870056781,0.8805998294242767,-1.2434984322305023
207.1,0.0,0.0,0.0,-0.0,0.7719763138500616,0.8395355476574896,-1.0615018116756243
207.13333333333333,0.0,0.0,0.0,-0.0,0.7232927528864054,0.7940388336964899,-0.9259107442706745
207.16666666666666,0.0,0.0,0.0,-0.0,0.6805365157184934,0.7468078772795462,-0.819111312619461
207.2,0.0,0.0,0.0,-0.0,0.6426519527568688,0.6994601433657077,-0.7313906888465389
207.23333333333332,0.0,0.0,0.0,-0.0,0.6088391575678881,0.6529918118996962,-0.65708524866716
207.26666666666665,0.0,0.0,0.0,-0.0,0.5784705910969292,0.6080214881213537,-0.5927278294603715
207.29999999999998,0.0,0.0,0.0,-0.0,0.5510411637687052,0.5649279610122002,-0.5360971607343608
207.33333333333334,0.0,0.0,0.0,-0.0,0.5261367923466291,0.5239323926087522,-0.48570573967183767
207.36666666666667,0.0,0.0,0.0,-0.0,0.5034135508652834,0.48514969197243607,-0.4405130687305518
207.4,0.0,0.0,0.0,-0.0,0.4825831437666868,0.4486219378551445,-0.39975987395031454
207.43333333333334,0.0,0.0,0.0,-0.0,0.4634023173644124,0.4143408681170172,-0.3628695610963983
207.46666666666667,0.0,0.0,0.0,-0.0,0.44566483888418357,0.38226343632674187,-0.32938812682852014
207.5,0.0,0.0,0.0,-0.0,0.42919522878003685,0.35232281058036713,-0.298946610991721
207.53333333333333,0.0,0.0,0.0,-0.0,0.41384374471748736,0.3244362794345672,-0.2712370560123905
207.56666666666666,0.0,0.0,0.0,-0.0,0.3994822956162567,0.2985110012637075,-0.24599672821770668
207.6,0.0,0.0,0.0,-0.0,0.3860010705777862,0.2744482154365459,-0.22299749468794658
207.63333333333333,0.0,0.0,0.0,-0.0,0.37330573241073045,0.2521463359686528,-0.20203848226868712
207.66666666666666,0.0,0.0,0.0,-0.0,0.36131506642896893,0.231503221312224,-0.18294086936125853
207.7,0.0,0.0,0.0,-0.0,0.3499590020686088,0.21241782990154928,-0.165544093253031
207.73333333333332,0.0,0.0,0.0,-0.0,0.3391769432288031,0.19479141390298144,-0.14970301763269617
207.76666666666665,0.0,0.0,0.0,-0.0,0.32891635629823013,0.17852836376079148,-0.13528576595942404
207.79999999999998,0.0,0.0,0.0,-0.0,0.3191315744700263,0.16353678773824828,-0.12217202680019583
207.83333333333334,0.0,0.0,0.0,-0.0,0.30978278430374384,0.14972889005276235,-0.1102517008440362
207.86666666666667,0.0,0.0,0.0,-0.0,0.30083516625971013,0.13702119602378093,-0.09942380020546866
207.9,0.0,0.0,0.0,-0.0,0.29225816555075046,0.125334661321962,-0.08959553739289065
207.93333333333334,0.0,0.0,0.0,-0.0,0.28402487341858185,0.11459469386242851,-0.08068155915974921
207.96666666666667,0.0,0.0,0.0,-0.0,0.2761115020447308,0.10473111038420387,-0.0726032925950625
208.0,0.0,0.0,0.0,-0.0,0.2684969388879979,0.09567804477869564,-0.06528837924798812
208.03333333333333,0.0,0.0,0.0,-0.0,0.26116236840425966,0.08737382139493764,-0.05867017907779669
208.06666666666666,0.0,0.0,0.0,-0.0,0.2540909509266732,0.07976080358196784,-0.052687330375261354
208.1,0.0,0.0,0.0,-0.0,0.24726755002471282,0.07278522542433132,-0.04728335502763778
208.13333333333333,0.0,0.0,0.0,-0.0,0.24067850096605328,0.06639701283163997,-0.04240630093135641
208.16666666666666,0.0,0.0,0.0,-0.0,0.23431141401408956,0.06054959874118489,-0.03800841521542087
208.2,0.0,0.0,0.0,-0.0,0.22815500723680143,0.05519973609523482,-0.03404584337350903
208.23333333333332,0.0,0.0,0.0,-0.0,0.2221989643052817,0.05030731139400313,-0.03047835051698384
208.26666666666665,0.0,0.0,0.0,-0.0,0.21643381344377696,0.04583516094908381,-0.027269061827615813
208.29999999999998,0.0,0.0,0.0,-0.0,0.21085082427532226,0.041748891430086046,-0.024384219961307668
208.33333333333334,0.0,0.0,0.0,-0.0,0.20544191980295173,0.03801670587797197,-0.021792957672820887
208.36666666666667,0.0,0.0,0.0,-0.0,0.20019960118869715,0.03460923602795365,-0.019467084327686263
208.4,0.0,0.0,0.0,-0.0,0.1951168833518905,0.03149938152385848,-0.01738088526594317
208.43333333333334,0.0,0.0,0.0,-0.0,0.19018723971382356,0.02866215639992613,-0.015510933203148076
208.46666666666667,0.0,0.0,0.0,-0.0,0.18540455467540048,0.026074543043586276,-0.013835911013628695
208.5,0.0,0.0,0.0,-0.0,0.1807630826347405,0.02371535372492325,-0.012336445352743437
208.53333333333333,0.0,0.0,0.0,-0.0,0.17625741253847804,0.021565099678243622,-0.010994950650065465
208.56666666666666,0.0,0.0,0.0,-0.0,0.17188243711868217,0.019605867642916615,-0.009795483053081562
208.6,0.0,0.0,0.0,-0.0,0.1676333261010991,0.017821203710117552,-0.008723603928618179
208.63333333333333,0.0,0.0,0.0,-0.0,0.16350550278342754,0.016196004275841225,-0.007766252542770743
208.66666666666666,0.0,0.0,0.0,-0.0,0.15949462347767734,0.014716413865842192,-0.00691162754436869
208.7,0.0,0.0,0.0,-0.0,0.1555965593909981,0.013369729572827749,-0.006149076875654803
208.73333333333332,0.0,0.0,0.0,-0.0,0.15180738058697898,0.012144311828529904,-0.005468995729701902
208.76666666666665,0.0,0.0,0.0,-0.0,0.14812334172626399,0.011029501221802676,-0.0048627321692009725
208.79999999999998,0.0,0.0,0.0,-0.0,0.14454086933306518,0.010015541067480012,-0.004322500017092979
208.83333333333334,0.0,0.0,0.0,-0.0,0.14105655037421147,0.009093505428444441,-0.0038412986270518167
208.86666666666667,0.0,0.0,0.0,-0.0,0.13766712197095085,0.008255232294418097,-0.0034128391416398296
208.9,0.0,0.0,0.0,-0.0,0.1343694620918576,0.007493261624748692,-0.003031476848332085
208.93333333333334,0.0,0.0,0.0,-0.0,0.13116058109875509,0.0068007779683822945,-0.0026921492485980783
208.96666666666667,0.0,0.0,0.0,-0.0,0.12803761403728417,0.006171557381837973,-0.0023903194627344893
209.0,0.0,0.0,0.0,-0.0,0.12499781358025286,0.0055999183749439185,-0.0021219246029433566
209.03333333333333,0.0,0.0,0.0,-0.0,0.12203854354571748,0.005080676624037209,-0.0018833287589599332
209.06666666666666,0.0,0.0,0.0,-0.0,0.11915727292331137,0.0046091032029970825,-0.0016712802540287935
209.1,0.0,0.0,0.0,-0.0,0.11635157035202598,0.00418088609364399,-0.0014828728438675272
209.13333333333333,0.0,0.0,0.0,-0.0,0.1136190990007715,0.0037920947484998586,-0.0013155105471112675
209.16666666666666,0.0,0.0,0.0,-0.0,0.11095761180985955,0.0034391474905063222,-0.0011668758122828254
209.2,0.0,0.0,0.0,-0.0,0.1083649470572788,0.0031187815459017476,-0.0010349007432928121
209.23333333333332,0.0,0.0,0.0,-0.0,0.10583902421845442,0.0028280255179527754,-0.0009177411225836887
209.26666666666665,0.0,0.0,0.0,-0.0,0.10337784009224821,0.0025641741205303468,-0.0008137529880666455
209.29999999999998,0.0,0.0,0.0,-0.0,0.10097946516939137,0.002324765001540117,-0.0007214715367703119
209.33333333333334,0.0,0.0,0.0,-0.0,0.09864204022245408,0.0021075574969044884,-0.0006395921444684193
209.36666666666667,0.0,0.0,0.0,-0.0,0.09636377309892905,0.001910513166103269,-0.0005669533063538385
209.4,0.0,0.0,0.0,-0.0,0.0941429357011153,0.0017317779701787471,-0.0005025213189816774
209.43333333333334,0.0,0.0,0.0,-0.0,0.09197786113829208,0.0015696659625751806,-0.0004453765381428122
209.46666666666667,0.0,0.0,0.0,-0.0,0.08986694103822053,0.0014226443721971488,-0.00039470106100234306
209.5,0.0,0.0,0.0,-0.0,0.08780862300634552,0.0012893199666278573,-0.00034976769371548535
209.53333333333333,0.0,0.0,0.0,-0.0,0.08580140822222425,0.001168426591545233,-0.0003099300778032427
209.56666666666666,0.0,0.0,0.0,-0.0,0.08384384916371138,0.0010588137900133603,-0.00027461385983244905
209.6,0.0,0.0,0.0,-0.0,0.08193454745030641,0.0009594364125164651,-0.00024330879941111445
209.63333333333333,0.0,0.0,0.0,-0.0,0.08007215179783601,0.0008693451353524309,-0.0002155617202009805
209.66666666666666,0.0,0.0,0.0,-0.0,0.07825535607732025,0.0007876778113256066,-0.0001909702175921066
209.7,0.0,0.0,0.0,-0.0,0.07648289747146905,0.0007136515825892441,-0.0001691770449115362
209.73333333333332,0.0,0.0,0.0,-0.0,0.07475355472278639,0.000646555691002639,-0.00014986510758554852
209.76666666666665,0.0,0.0,0.0,-0.0,0.0730661464677327,0.0005857449265043299,-0.00013275300158089004
209.79999999999998,0.0,0.0,0.0,-0.0,0.0714195296518209,0.0005306336587786317,-0.0001175910387541406
209.83333333333334,0.0,0.0,0.0,-0.0,0.069812598020902,0.0004806904019267868,-0.00010415770747983033
209.86666666666667,0.0,0.0,0.0,-0.0,0.06824428068424111,0.0004354328659646985,-9.225652214660707e-05
209.9,0.0,0.0,0.0,-0.0,0.06671354074529597,0.0003944234527750233,-8.171321984534743e-05
209.93333333333334,0.0,0.0,0.0,-0.0,0.06521937399639387,0.000357265157660543,-7.237326686104442e-05
209.96666666666667,0.0,0.0,0.0,-0.0,0.06376080767376084,0.00032359784089597797,-6.409964145747509e-05
210.0,0.0,0.0,0.0,-0.0,0.06233689926959322,0.0002930948366739851,-5.6770862944174465e-05
210.03333333333333,0.0,0.0,0.0,-0.0,0.06094673539807828,0.00026545986960463646,-5.0279240171332404e-05
210.06666666666666,0.0,0.0,0.0,-0.0,0.059589430712469506,0.0002404242514721455,-4.452931544012747e-05
210.1,0.0,0.0,0.0,-0.0,0.058264126870505195,0.00021774433329323345,-3.9436482371942194e-05
210.13333333333333,0.0,0.0,0.0,-0.0,0.056969991545628464,0.0001971991898727901,-3.492575857609929e-05
210.16666666666666,0.0,0.0,0.0,-0.0,0.0557062174816229,0.0001785885160281105,-3.0930696016488554e-05
210.2,0.0,0.0,0.0,-0.0,0.05447202158842309,0.00016173071546594136,-2.7392413825096635e-05
210.23333333333332,0.0,0.0,0.0,-0.0,0.05326664407699373,0.0001464611649590546,-2.42587399655654e-05
210.26666666666665,0.0,0.0,0.0,-0.0,0.05208934763129574,0.00013263063799254007,-2.148344963132429e-05
210.29999999999998,0.0,0.0,0.0,-0.0,0.050939416615474256,0.00012010387344521291,-1.902558958777324e-05
210.33333333333334,0.0,0.0,0.0,-0.0,0.04981615631451157,0.00010875827614849485,-1.6848878852116555e-05
210.36666666666667,0.0,0.0,0.0,-0.0,0.048718892206688916,9.848273733321447e-05,-1.4921177162021037e-05
210.4,0.0,0.0,0.0,-0.0,0.04764696926629551,8.917656404268918e-05,-1.3214013628231838e-05
210.43333333333334,0.0,0.0,0.0,-0.0,0.04659975129511119,8.074850756630022e-05,-1.1702168808342946e-05
210.46666666666667,0.0,0.0,0.0,-0.0,0.04557662028127142,7.311588183906246e-05,-1.0363304189680545e-05
210.5,0.0,0.0,0.0,-0.0,0.0445769757842007,6.62037635663838e-05,-9.1776337382791e-06
210.53333333333333,0.0,0.0,0.0,-0.0,0.043600234344372386,5.994426657574305e-05,-8.127632766832316e-06
210.56666666666666,0.0,0.0,0.0,-0.0,0.04264582891672106,5.42758835743405e-05,-7.19777990504384e-06
210.6,0.0,0.0,0.0,-0.0,0.04171320832659678,4.914288910938228e-05,-6.374328427962105e-06
210.63333333333333,0.0,0.0,0.0,-0.0,0.04080183674721051,4.449479809060962e-05,-5.645103617925842e-06
210.66666666666666,0.0,0.0,0.0,-0.0,0.039911193197575745,4.0285874747639596e-05,-4.99932320929209e-06
210.7,0.0,0.0,0.0,-0.0,0.039040771060004344,3.647468736193192e-05,-4.427438297204935e-06
210.73333333333332,0.0,0.0,0.0,-0.0,0.03819007761626387,3.302370453868026e-05,-3.920992386801517e-06
210.76666666666665,0.0,0.0,0.0,-0.0,0.037358633601550395,2.9898929171265622e-05,-3.4724965214782333e-06
210.79999999999998,0.0,0.0,0.0,-0.0,0.03654597277547468,2.7069566603426735e-05,-3.0753186617625844e-06
210.83333333333334,0.0,0.0,0.0,-0.0,0.03575164150930075,2.4507723815043724e-05,-2.723585693178426e-06
210.86666666666667,0.0,0.0,0.0,-0.0,0.034975198388714934,2.2188136749189627e-05,-2.412096625132276e-06
210.9,0.0,0.0,0.0,-0.0,0.034216213831440204,2.0087923163434903e-05,-2.1362457058536505e-06
210.93333333333334,0.0,0.0,0.0,-0.0,0.033474269719044894,1.8186358629633628e-05,-1.8919543230828056e-06
210.96666666666667,0.0,0.0,0.0,-0.0,0.032748959042327955,1.6464673525716458e-05,-1.6756106885555953e-06
211.0,0.0,0.0,0.0,-0.0,0.032039885559693324,1.4905869062321116e-05,-1.484016418205282e-06
211.03333333333333,0.0,0.0,0.0,-0.0,0.031346663467955296,1.3494550568193815e-05,-1.3143392210037989e-06
211.06666666666666,0.0147,0.0,1.4780646161438864,-0.428638738681727,0.030668917085044083,1.2216776422827427e-05,-1.164070998940859e-06
211.1,0.022,0.0,1.5688838112542112,-0.4549763052637212,0.03222898139324191,2.2255264903526896e-05,-0.013990751580026295
211.13333333333333,0.0293,0.0133,3.125499902934534,-0.058920569694022706,0.03389070834680433,5.246144058285233e-05,-0.026051928178513227
211.16666666666666,0.0367,0.0167,3.2684977649833535,-0.07641704845884495,0.037855703013199356,8.928973210230748e-05,-0.022790754191740627
211.2,0.044,0.02,3.4148543338058217,-0.09504986705061985,0.04194601875130407,0.00012233683942633027,-0.020754918991067992
211.23333333333332,0.0513,0.0233,3.567301740974104,-0.11490526852381788,0.046163110897293795,0.00015341945923168172,-0.01973483500142285
211.26666666666665,0.0587,0.0267,3.7289717190705685,-0.13611890935782095,0.05051243451154976,0.00018439456821330523,-0.019566666190389506
211.29999999999998,0.066,0.03,3.8942828150713056,-0.15857286201657622,0.05500394771306959,0.0002171483112519977,-0.020124140926692038
211.33333333333334,0.0733,0.0333,4.066266025967228,-0.18239035490157318,0.059638902806494115,0.0002535810559453729,-0.021302395466894237
211.36666666666667,0.0807,0.0367,4.248386251413802,-0.20775061260598482,0.06442298713676953,0.0002956019811431691,-0.023021334600349008
211.4,0.088,0.04,4.434414187067771,-0.23445261412876928,0.06936686278989072,0.0003451511503504606,-0.02522237810399784
211.43333333333334,0.0953,0.0433,4.627703388660961,-0.2626609386752198,0.07447147135053345,0.0004041988745027152,-0.02785169811978927
211.46666666666667,0.1027,0.0467,4.832075990053973,-0.2926027975422574,0.07974265656673701,0.00047474900143004077,-0.03087115092145297
211.5,0.11,0.05,5.040598472301785,-0.3239829099505095,0.08519173976321234,0.0005588799020213942,-0.03425715157714837
211.53333333333333,0.1173,0.0533,5.256970752932695,-0.35701156201548057,0.09081921733812696,0.0006587417785507603,-0.037980726186960204
211.56666666666666,0.1247,0.0567,5.4853959214723105,-0.391968237607342,0.09663098847110034,0.0007765570655200711,-0.042025066187817234
211.6,0.132,0.06,5.7181795952171415,-0.42845221986280835,0.10263896419682757,0.0009146784562741751,-0.0463853155611568
211.63333333333333,0.1393,0.0633,5.95939167923672,-0.4667237717243482,0.10884303665162297,0.0010755757923229833,-0.05104401843955515
211.66666666666666,0.1467,0.0667,6.213639267644229,-0.507118715082669,0.1152490351578373,0.001261827877576269,-0.055995189215984634
211.7,0.154,0.07,6.472411033850179,-0.5491199443891385,0.12186936577422293,0.0014762012855426018,-0.06124441520758164
211.73333333333332,0.1613,0.0733,6.740170011427745,-0.5930418008819766,0.12870313328914745,0.0017216210810823743,-0.0667787693770345
211.76666666666665,0.1687,0.0767,7.021949339466039,-0.6392801996245229,0.13575594756389742,0.0020011503074794934,-0.07259763346441646
211.79999999999998,0.176,0.08,7.308366153799213,-0.6871911682911803,0.14304058931680266,0.002318096256015557,-0.07871278580574453
211.83333333333334,0.1833,0.0833,7.604298950783706,-0.7371469734788578,0.15055516988431866,0.002675959602652255,-0.08511209179850279
211.86666666666667,0.1907,0.0867,7.915227609048151,-0.7896069784826658,0.158304906473329,0.003078398151090981,-0.09179745622250467
211.9,0.198,0.09,8.230845574630361,-0.8437906013703519,0.16630280888238036,0.0035293691854993373,-0.09878468813613384
211.93333333333334,0.2053,0.0933,8.556468004765795,-0.9001315390525328,0.1745457681164185,0.0040330509627998345,-0.10606042681633594
211.96666666666667,0.2127,0.0967,8.898040535950607,-0.9591554706383997,0.18303841407385787,0.0045937869785691475,-0.11362764047366612
212.0,0.22,0.1,9.24428417836907,-1.01993645967227,0.1917938168492679,0.00521627465269839,-0.12150511724575519
212.03333333333333,0.2273,0.1033,9.600970482414901,-1.0829727089155385,0.20080740337582764,0.005905452086165817,-0.12967719058669042
212.06666666666666,0.2347,0.1067,9.974527869235034,-1.1488585107753697,0.21008300402283472,0.006666418603655797,-0.13814718905724713
212.1,0.242,0.11,10.352660517836497,-1.2165150832545568,0.21963356106511484,0.007504681603581436,-0.1469364286204878
212.13333333333333,0.2493,0.1133,10.741614316351255,-1.2865076964177955,0.22945278257160273,0.008426000331243721,-0.15602639439742244
212.16666666666666,0.2567,0.1167,11.148315213591447,-1.3595009077708973,0.23954347543744606,0.009436277939658483,-0.16542050060701316
212.2,0.264,0.12,11.559411407070773,-1.4342570933078245,0.24991825255226263,0.010541879928028155,-0.17514247080488207
212.23333333333332,0.2713,0.1233,11.981638973444957,-1.511410558033243,0.26056884502354766,0.011749425522894834,-0.1851707240623095
212.26666666666665,0.2787,0.1267,12.422433586763102,-1.5916970642413653,0.27149680839018164,0.013065646069180077,-0.1955087359556906
212.29999999999998,0.286,0.13,12.867354372622522,-1.6737158609736065,0.28271421897652316,0.014497790038901828,-0.20618269827182564
212.33333333333334,0.2933,0.1333,13.323641070800516,-1.758171589451635,0.294210579042823,0.01605335150525807,-0.21716795194525776
212.36666666666667,0.3007,0.1367,13.799248508278193,-1.8458713889574767,0.30598597044817205,0.0177398893552167,-0.22846815536151271
212.4,0.308,0.14,14.278620417119653,-1.935248993844121,0.3180517296397576,0.019565535270541574,-0.2401121177779455
212.43333333333334,0.3153,0.1433,14.769511047448177,-2.027079953240616,0.33039489521099086,0.021538647755183542,-0.25207222038397287
212.46666666666667,0.3227,0.1467,15.280400855487187,-2.1222421453917883,0.3430138692742929,0.023667586446300657,-0.26435250120945375
212.5,0.33,0.15,15.794599207103953,-2.2190034473269797,0.355919059506592,0.025961340620861778,-0.2769845595368046
212.53333333333333,0.3373,0.1533,16.320382869453162,-2.3182101062010387,0.3690948345788251,0.028429096313657948,-0.28993801004162706
212.56666666666666,0.3447,0.1567,16.86676131883918,-2.420809262131616,0.3825377381832605,0.031079959880373098,-0.3032174875225963
212.6,0.352,0.16,17.415898364648807,-2.524904742299105,0.39625708554943,0.03392372532530651,-0.3168575243004946
212.63333333333333,0.3593,0.1633,17.97659828792363,-2.631412461330739,0.410234408969764,0.03697034124891476,-0.33082518933601995
212.66666666666666,0.3667,0.1667,18.558399806913044,-2.7413464909744896,0.4244642530711673,0.04022957776926591,-0.3451259036636695
212.7,0.374,0.17,19.142318040966966,-2.8526506248082715,0.43895471226027466,0.0437119511711115,-0.35979719993800974
212.73333333333332,0.3813,0.1733,19.737686651289003,-2.9663085687881656,0.4536843657856128,0.04742807678527015,-0.3748038068939074
212.76666666666665,0.3887,0.1767,20.35457061978326,-3.083398144007171,0.4686456657633718,0.05138827339875095,-0.39015205043531365
212.79999999999998,0.396,0.18,20.97284140786272,-3.2017093460604786,0.48384540116218,0.05560366329379668,-0.4058824144357944
212.83333333333334,0.4033,0.1833,21.60236072366592,-3.322290940656984,0.49925913919827697,0.060085396745806444,-0.42195743875643676
212.86666666666667,0.4107,0.1867,22.253713655731673,-3.446280480233657,0.5148772001748687,0.06484418816251618,-0.4383843639696348
212.9,0.418,0.19,22.905641148563614,-3.5713225799966946,0.5307050329567243,0.06989160846178619,-0.45520642531568006
212.93333333333334,0.4253,0.1933,23.568528409196112,-3.6985274840889995,0.5467151966991625,0.07523916676683683,-0.47238403744283247
212.96666666666667,0.4327,0.1967,24.253471369922067,-3.8290876537198555,0.5628958991206414,0.0808977727526613,-0.48992522521388865
213.0,0.44,0.2,24.938101491519163,-3.9605128396338865,0.5792512680516165,0.08687923651175271,-0.507875598268373
213.03333333333333,0.4473,0.2033,25.633319755579883,-4.093970354567117,0.5957509242855463,0.09319519334217428,-0.5261933954373325
213.06666666666666,0.4547,0.2067,26.350720691196756,-4.230701986526352,0.612381042865769,0.09985648721765797,-0.544887132380539
213.1,0.462,0.21,27.066854834872263,-4.368095109476119,0.6291445053376381,0.10687489088997065,-0.5640042223404963
213.13333333333333,0.4693,0.2133,27.793128133103444,-4.507368902678666,0.6460081306387215,0.11426186055444557,-0.5835005456993765
213.16666666666666,0.4767,0.2167,28.54161864768352,-4.649808197592335,0.6629562027166412,0.1220278361056055,-0.60338463961964
213.2,0.484,0.22,29.287831577021045,-4.792692285936802,0.6799904886761995,0.13018419137817983,-0.6237049511390151
213.23333333333332,0.4913,0.2233,30.043664078150073,-4.937286269689354,0.6970752098659807,0.13874180711280754,-0.6444146807083247
213.26666666666665,0.4987,0.2267,30.82166007153637,-5.084911108468425,0.7141929639773438,0.14771028485186571,-0.6655217417157284
213.29999999999998,0.506,0.23,31.596321416284493,-5.2327539155770575,0.7313445954307749,0.15710013415873617,-0.687074654936375
213.33333333333334,0.5133,0.2333,32.3800199668967,-5.382119093536497,0.748492002926958,0.1669211548930413,-0.7090234875421872
213.36666666666667,0.5207,0.2367,33.18574546031424,-5.534356261981921,0.7656163703462506,0.17718156340985727,-0.7313747233478445
213.4,0.528,0.24,33.987044120645955,-5.686577645097649,0.782717877464192,0.18789042061423125,-0.7541758326971891
213.43333333333334,0.5353,0.2433,34.79674345414091,-5.840119720084708,0.7997564529402792,0.19905581829671562,-0.7773731890949072
213.46666666666667,0.5427,0.2467,35.628256873752036,-5.996352832445322,0.8167122159568911,0.21068391889986038,-0.8009709159152717
213.5,0.55,0.25,36.45422760146279,-6.152332748751974,0.8335850175941378,0.22278162569215545,-0.8250141929389289
213.53333333333333,0.55,0.25,36.45422760146279,-6.152332748751974,0.8503332591897895,0.23535457298528356,-0.8494450804036969
213.56666666666666,0.55,0.25,36.45422760146279,-6.152332748751974,0.8657220110417994,0.24827420355589913,-0.8695118669918318
213.6,0.55,0.25,36.45422760146279,-6.152332748751974,0.8798235113246926,0.2613351797315516,-0.886653458451436
213.63333333333333,0.55,0.25,36.45422760146279,-6.152332748751974,0.8927074573279692,0.2743934785987521,-0.9018172555585346
213.66666666666666,0.55,0.25,36.45422760146279,-6.152332748751974,0.9044412557171283,0.2873472536245339,-0.9156173729936937
213.7,0.55,0.25,36.45422760146279,-6.152332748751974,0.9150901863311939,0.3001234693853337,-0.9284453167802204
213.73333333333332,0.55,0.25,36.45422760146279,-6.152332748751974,0.9247175120568774,0.31266872933137146,-0.9405458201253453
213.76666666666665,0.55,0.25,36.45422760146279,-6.152332748751974,0.9333845488433952,0.3249430737887922,-0.9520680520488238
213.79999999999998,0.55,0.25,36.45422760146279,-6.152332748751974,0.9411507046018579,0.3369158424725115,-0.9630998176507642
213.83333333333334,0.55,0.25,36.45422760146279,-6.152332748751974,0.9480734943278321,0.3485629497150535,-0.9736901952240294
213.86666666666667,0.55,0.25,36.45422760146279,-6.152332748751974,0.9542085381072009,0.359865112873507,-0.9838643999572225
213.9,0.55,0.25,36.45422760146279,-6.152332748751974,0.9596095478738119,0.3708067149413319,-0.9936334656803012
213.93333333333334,0.55,0.25,36.45422760146279,-6.152332748751974,0.964328307825912,0.38137508275886395,-1.0030004948319473
213.96666666666667,0.55,0.25,36.45422760146279,-6.152332748751974,0.9684146524046494,0.39156003266471123,-1.0119646478355708
214.0,0.55,0.25,36.45422760146279,-6.152332748751974,0.9719164448084996,0.40135358423741085,-1.0205236500682833
214.03333333333333,0.55,0.25,36.45422760146279,-6.152332748751974,0.974879558225648,0.41074977624206405,-1.0286753305707959
214.06666666666666,0.55,0.25,36.45422760146279,-6.152332748751974,0.9773478613297615,0.41974454164802577,-1.0364185306748273
214.1,0.55,0.25,36.45422760146279,-6.152332748751974,0.9793632090926423,0.42833561393955544,-1.043753604216202
214.13333333333333,0.55,0.25,36.45422760146279,-6.152332748751974,0.9809654395963601,0.4365224472390025,-1.0506826542913965
214.16666666666666,0.55,0.25,36.45422760146279,-6.152332748751974,0.9821923772507277,0.4443061396251077,-1.0572096012466412
214.2,0.55,0.25,36.45422760146279,-6.152332748751974,0.9830798426147221,0.45168935357240514,-1.0633401437757577
214.23333333333332,0.55,0.25,36.45422760146279,-6.152332748751974,0.9836616688624775,0.4586762304203509,-1.0690816536469083
214.26666666666665,0.55,0.25,36.45422760146279,-6.152332748751974,0.9839697248106334,0.46527229771532225,-1.074443030701952
214.29999999999998,0.55,0.25,36.45422760146279,-6.152332748751974,0.98403394432351,0.4714843694994549,-1.0794345357544985
214.33333333333334,0.55,0.25,36.45422760146279,-6.152332748751974,0.9838823618289589,0.4773204403780252,-1.0840676131375393
214.36666666666667,0.55,0.25,36.45422760146279,-6.152332748751974,0.9835411536067113,0.48278957463603117,-1.0883547108009726
214.4,0.55,0.25,36.45422760146279,-6.152332748751974,0.983034684450493,0.4879017918982121,-1.0923091033098729
214.43333333333334,0.55,0.25,36.45422760146279,-6.152332748751974,0.982385559254182,0.4926679509047268,-1.095944721380246
214.46666666666667,0.55,0.25,36.45422760146279,-6.152332748751974,0.9816146790306317,0.4970996329545887,-1.0992759904124159
214.5,0.55,0.25,36.45422760146279,-6.152332748751974,0.9807413008395461,0.5012090264835166,-1.1023176796536296
214.53333333333333,0.55,0.25,36.45422760146279,-6.152332748751974,0.9797831010780828,0.5050088141151379,-1.1050847630212226
214.56666666666666,0.55,0.25,36.45422760146279,-6.152332748751974,0.9787562415746625,0.5085120633709275,-1.1075922921703578
214.6,0.55,0.25,36.45422760146279,-6.152332748751974,0.9776754379225648,0.5117321220568731,-1.109855282048716
214.63333333333333,0.55,0.25,36.45422760146279,-6.152332748751974,0.976554029494835,0.5146825191724346,-1.111888608914813
214.66666666666666,0.55,0.25,36.45422760146279,-6.152332748751974,0.9754040505951579,0.5173768720164823,-1.1137069205880747
214.7,0.55,0.25,36.45422760146279,-6.152332748751974,0.9742363022198157,0.5198288000003767,-1.115324558535193
214.73333333333332,0.55,0.25,36.45422760146279,-6.152332748751974,0.9730604239326539,0.522051845523709,-1.116755491270449
214.76666666666665,0.55,0.25,36.45422760146279,-6.152332748751974,0.9718849653870527,0.5240594021259202,-1.1180132584517921
214.79999999999998,0.55,0.25,36.45422760146279,-6.152332748751974,0.9707174570651405,0.5258646499986488,-1.1191109249850553
214.83333333333334,0.55,0.25,36.45422760146279,-6.152332748751974,0.9695644798437758,0.527480498830133,-1.1200610444021486
214.86666666666667,0.55,0.25,36.45422760146279,-6.152332748751974,0.9684317330381161,0.5289195378546437,-1.1208756307522316
214.9,0.55,0.25,36.45422760146279,-6.152332748751974,0.9673241006158917,0.5301939928966191,-1.121566138234864
214.93333333333334,0.55,0.25,36.45422760146279,-6.152332748751974,0.966245715317937,0.531315690130423,-1.1221434478083672
214.96666666666667,0.55,0.25,36.45422760146279,-6.152332748751974,0.965200020462306,0.5322960262216824,-1.1226178600226338
215.0,0.55,0.25,36.45422760146279,-6.152332748751974,0.9641898292497647,0.5331459444740008,-1.1229990933511633
215.03333333333333,0.55,0.25,36.45422760146279,-6.152332748751974,0.9632173814270659,0.5338759165743843,-1.1232962873301202
215.06666666666666,0.55,0.25,36.45422760146279,-6.152332748751974,0.962284397200743,0.5344959295107495,-1.123518009850835
215.1,0.55,0.25,36.45422760146279,-6.152332748751974,0.9613921283278956,0.5350154772241853,-1.1236722679947622
215.13333333333333,0.55,0.25,36.45422760146279,-6.152332748751974,0.9605414063413642,0.5354435565559746,-1.1237665218449988
215.16666666666666,0.55,0.25,36.45422760146279,-6.152332748751974,0.9597326878946746,0.5357886670535648,-1.1238077007548453
215.2,0.55,0.25,36.45422760146279,-6.152332748751974,0.9589660972371268,0.5360588142095498,-1.12380222160046
215.23333333333332,0.55,0.25,36.45422760146279,-6.152332748751974,0.9582414658514302,0.5362615157222562,-1.1237560085906155
215.26666666666665,0.55,0.25,36.45422760146279,-6.152332748751974,0.9575583693054042,0.5364038103847081,-1.123674514251171
215.29999999999998,0.55,0.25,36.45422760146279,-6.152332748751974,0.956916161385599,0.5364922692297245,-1.1235627412446163
215.33333333333334,0.55,0.25,36.45422760146279,-6.152332748751974,0.9563140055943883,0.5365330085818745,-1.1234252647255316
215.36666666666667,0.55,0.25,36.45422760146279,-6.152332748751974,0.9557509041033069,0.53653170469131,-1.1232662549707444
215.4,0.55,0.25,36.45422760146279,-6.152332748751974,0.9552257242643551,0.5364936096495044,-1.1230895000581949
215.43333333333334,0.55,0.25,36.45422760146279,-6.152332748751974,0.9547372227878489,0.5364235683121644,-1.1228984284009504
215.46666666666667,0.55,0.25,36.45422760146279,-6.152332748751974,0.9542840677003731,0.536326035979608,-1.12269613097243
215.5,0.55,0.25,36.45422760146279,-6.152332748751974,0.9538648581996857,0.5362050966094014,-1.1224853830857362
215.53333333333333,0.55,0.25,36.45422760146279,-6.152332748751974,0.9534781425252202,0.5360644813597202,-1.1222686656141576
215.56666666666666,0.55,0.25,36.45422760146279,-6.152332748751974,0.9531224339633313,0.535907587284555,-1.122048185561489
215.6,0.55,0.25,36.45422760146279,-6.152332748751974,0.9527962251057936,0.5357374960233527,-1.121825895909991
215.63333333333333,0.55,0.25,36.45422760146279,-6.152332748751974,0.9524980004784702,0.5355569923478654,-1.1216035146907102
215.66666666666666,0.55,0.25,36.45422760146279,-6.152332748751974,0.952226247654657,0.5353685824478006,-1.121382543235692
215.7,0.55,0.25,36.45422760146279,-6.152332748751974,0.9519794669645358,0.5351745118542965,-1.121164283584499
215.73333333333332,0.55,0.25,36.45422760146279,-6.152332748751974,0.95175617990854,0.5349767829162683,-1.1209498550285786
215.76666666666665,0.55,0.25,36.45422760146279,-6.152332748751974,0.9515549363783886,0.5347771717593196,-1.1207402097865669
215.79999999999998,0.55,0.25,36.45422760146279,-6.152332748751974,0.9513743207851573,0.5345772446702061,-1.1205361478117228
215.83333333333334,0.55,0.25,36.45422760146279,-6.152332748751974,0.9512129571891351,0.5343783738618273,-1.1203383307395296
215.86666666666667,0.55,0.25,36.45422760146279,-6.152332748751974,0.9510695135214303,0.5341817525844809,-1.1201472949891949
215.9,0.55,0.25,36.45422760146279,-6.152332748751974,0.9509427049824136,0.5339884095586848,-1.119963464037482
215.93333333333334,0.55,0.25,36.45422760146279,-6.152332748751974,0.9508312966971754,0.5337992227133531,-1.1197871598871116
215.96666666666667,0.55,0.25,36.45422760146279,-6.152332748751974,0.9507341057032803,0.5336149322205562,-1.1196186137550141
216.0,0.55,0.25,36.45422760146279,-6.152332748751974,0.9506500023412653,0.5334361528245927,-1.1194579760080718
216.03333333333333,0.55,0.25,36.45422760146279,-6.152332748751974,0.9505779111135826,0.5332633854687225,-1.1193053253757697
216.06666666666666,0.55,0.25,36.45422760146279,-6.152332748751974,0.9505168110730696,0.5330970282277266,-1.1191606774704443
216.1,0.55,0.25,36.45422760146279,-6.152332748751974,0.9504657357975465,0.5329373865585482,-1.119023992646658
216.13333333333333,0.55,0.25,36.45422760146279,-6.152332748751974,0.9504237730028291,0.532784682884696,-1.1188951832316902
216.16666666666666,0.55,0.25,36.45422760146279,-6.152332748751974,0.9503900638423063,0.5326390655329232,-1.118774120159294
216.2,0.55,0.25,36.45422760146279,-6.152332748751974,0.950363801937274,0.5325006170429839,-1.1186606390387515
216.23333333333332,0.55,0.25,36.45422760146279,-6.152332748751974,0.950344232178462,0.5323693618730968,-1.1185545456909212
216.26666666666665,0.55,0.25,36.45422760146279,-6.152332748751974,0.9503306493356214,0.5322452735251302,-1.118455621182457
216.29999999999998,0.55,0.25,36.45422760146279,-6.152332748751974,0.9503223965086762,0.5321282811145465,-1.1183636263887007
216.33333333333334,0.55,0.25,36.45422760146279,-6.152332748751974,0.9503188634507718,0.5320182754108341,-1.1182783061149522
216.36666666666667,0.55,0.25,36.45422760146279,-6.152332748751974,0.9503194847905791,0.5319151143745545,-1.118199392804933
216.4,0.55,0.25,36.45422760146279,-6.152332748751974,0.9503237381784305,0.5318186282172869,-1.118126609864279
216.43333333333334,0.55,0.25,36.45422760146279,-6.152332748751974,0.9503311423782653,0.5317286240106882,-1.1180596746258697
216.46666666666667,0.55,0.25,36.45422760146279,-6.152332748751974,0.9503412553249501,0.5316448898706417,-1.1179983009827283
216.5,0.55,0.25,36.45422760146279,-6.152332748751974,0.9503536721642948,0.5315671987420597,-1.1179422017131189
216.53333333333333,0.55,0.25,36.45422760146279,-6.152332748751974,0.9503680232910168,0.5314953118093755,-1.1178910905213495
216.56666666666666,0.55,0.25,36.45422760146279,-6.152332748751974,0.9503839723979881,0.5314289815571147,-1.1178446838166582
216.6,0.55,0.25,36.45422760146279,-6.152332748751974,0.9504012145483469,0.5313679545042037,-1.1178027022514296
216.63333333333333,0.55,0.25,36.45422760146279,-6.152332748751974,0.9504194742804377,0.5313119736348708,-1.1177648720388702
216.66666666666666,0.55,0.25,36.45422760146279,-6.152332748751974,0.9504385037540699,0.5312607805481392,-1.1177309260691677
216.7,0.55,0.25,36.45422760146279,-6.152332748751974,0.9504580809452411,0.5312141173470091,-1.1177006048420646
216.73333333333332,0.55,0.25,36.45422760146279,-6.152332748751974,0.9504780078952466,0.5311717282875011,-1.1176736572327202
216.76666666666665,0.55,0.25,36.45422760146279,-6.152332748751974,0.9504981090189911,0.531133361206785,-1.1176498411066957
216.79999999999998,0.55,0.25,36.45422760146279,-6.152332748751974,0.9505182294763188,0.5310987687486609,-1.1176289237988903
216.83333333333334,0.55,0.25,36.45422760146279,-6.152332748751974,0.9505382336092798,0.5310677094037072,-1.1176106824702838
216.86666666666667,0.55,0.25,36.45422760146279,-6.152332748751974,0.9505580034474469,0.5310399483804527,-1.117594904355402
216.9,0.55,0.25,36.45422760146279,-6.152332748751974,0.9505774372826796,0.5310152583229953,-1.1175813869125135
216.93333333333334,0.55,0.25,36.45422760146279,-6.152332748751974,0.9505964483140963,0.5309934198895637,-1.1175699378877053
216.96666666666667,0.55,0.25,36.45422760146279,-6.152332748751974,0.9506149633634557,0.5309742222056161,-1.1175603753031478
217.0,0.55,0.25,36.45422760146279,-6.152332748751974,0.9506329216606562,0.5309574632041925,-1.1175525273790738
217.03333333333333,0.55,0.25,36.45422760146279,-6.152332748751974,0.9506502736986341,0.5309429498653846,-1.1175462323982368
217.06666666666666,0.55,0.25,36.45422760146279,-6.152332748751974,0.9506669801565739,0.5309304983659647,-1.1175413385209003
217.1,0.55,0.25,36.45422760146279,-6.152332748751974,0.950683010890025,0.5309199341494231,-1.11753770355773
217.13333333333333,0.55,0.25,36.45422760146279,-6.152332748751974,0.9506983439862556,0.5309110919259048,-1.117535194707319
217.16666666666666,0.55,0.25,36.45422760146279,-6.152332748751974,0.9507129648829503,0.53090381561081,-1.1175336882644693
217.2,0.55,0.25,36.45422760146279,-6.152332748751974,0.9507268655481754,0.530897958210128,-1.1175330693047854
217.23333333333332,0.55,0.25,36.45422760146279,-6.152332748751974,0.9507400437193926,0.5308933816599187,-1.1175332313505981
217.26666666666665,0.55,0.25,36.45422760146279,-6.152332748751974,0.9507525021991861,0.5308899566267286,-1.117534076022739
217.29999999999998,0.55,0.25,36.45422760146279,-6.152332748751974,0.9507642482052869,0.5308875622751362,-1.1175355126822133
217.33333333333334,0.55,0.25,36.45422760146279,-6.152332748751974,0.9507752927724208,0.5308860860080701,-1.1175374580653856
217.36666666666667,0.55,0.25,36.45422760146279,-6.152332748751974,0.9507856502034711,0.5308854231850076,-1.1175398359158881
217.4,0.55,0.25,36.45422760146279,-6.152332748751974,0.9507953375674386,0.5308854768226812,-1.1175425766160798
217.43333333333334,0.55,0.25,36.45422760146279,-6.152332748751974,0.9508043742416813,0.5308861572824473,-1.11754561682054
217.46666666666667,0.55,0.25,36.45422760146279,-6.152332748751974,0.9508127814959408,0.5308873819480502,-1.1175488990937599
217.5,0.55,0.25,36.45422760146279,-6.152332748751974,0.9508205821156986,0.530889074897105,-1.1175523715538958
217.53333333333333,0.55,0.25,36.45422760146279,-6.152332748751974,0.9508278000624469,0.530891166569254,-1.1175559875241787
217.56666666666666,0.55,0.25,36.45422760146279,-6.152332748751974,0.9508344601685229,0.5308935934336031,-1.1175597051933281
217.6,0.55,0.25,36.45422760146279,-6.152332748751974,0.9508405878642135,0.5308962976577267,-1.117563487286088
217.63333333333333,0.55,0.25,36.45422760146279,-6.152332748751974,0.9508462089349152,0.5308992267802299,-1.1175673007448015
217.66666666666666,0.55,0.25,36.45422760146279,-6.152332748751974,0.9508513493062085,0.5309023333885905,-1.1175711164227515
217.7,0.55,0.25,36.45422760146279,-6.152332748751974,0.9508560348547896,0.53090557480375,-1.1175749087898288
217.73333333333332,0.55,0.25,36.45422760146279,-6.152332748751974,0.9508602912432876,0.5309089127726976,-1.117578655650935
217.76666666666665,0.55,0.25,36.45422760146279,-6.152332748751974,0.9508641437770837,0.530912313170083,-1.1175823378773992
217.79999999999998,0.55,0.25,36.45422760146279,-6.152332748751974,0.9508676172813365,0.5309157457097042,-1.1175859391515597
217.83333333333334,0.55,0.25,36.45422760146279,-6.152332748751974,0.9508707359965108,0.530919183666548,-1.1175894457245628
217.86666666666667,0.55,0.25,36.45422760146279,-6.152332748751974,0.9508735234907936,0.5309226036099047,-1.1175928461873317
217.9,0.55,0.25,36.45422760146279,-6.152332748751974,0.9508760025878731,0.5309259851479424,-1.117596131254583
217.93333333333334,0.55,0.25,36.45422760146279,-6.152332748751974,0.9508781953086453,0.5309293106840016,-1.1175992935616916
217.96666666666667,0.55,0.25,36.45422760146279,-6.152332748751974,0.9508801228254962,0.5309325651847611,-1.1176023274741498
218.0,0.55,0.25,36.45422760146279,-6.152332748751974,0.950881805427897,0.5309357359603293,-1.117605228909311
218.03333333333333,0.55,0.25,36.45422760146279,-6.152332748751974,0.9508832624981303,0.53093881245623,-1.1176079951700697
218.06666666666666,0.55,0.25,36.45422760146279,-6.152332748751974,0.9508845124960434,0.5309417860571751,-1.117610624790089
218.1,0.55,0.25,36.45422760146279,-6.152332748751974,0.9508855729518089,0.5309446499024556,-1.1176131173901642
218.13333333333333,0.55,0.25,36.45422760146279,-6.152332748751974,0.9508864604657377,0.5309473987127223,-1.1176154735452832
218.16666666666666,0.55,0.25,36.45422760146279,-6.152332748751974,0.9508871907142721,0.5309500286278854,-1.1176176946619347
218.2,0.55,0.25,36.45422760146279,-6.152332748751974,0.9508877784613452,0.530952537055818,-1.117619782865196
218.23333333333332,0.55,0.25,36.45422760146279,-6.152332748751974,0.950888237574365,0.5309549225315199,-1.1176217408951323
218.26666666666665,0.55,0.25,36.45422760146279,-6.152332748751974,0.9508885810441409,0.5309571845863695,-1.1176235720120329
218.29999999999998,0.55,0.25,36.45422760146279,-6.152332748751974,0.9508888210081285,0.530959323627073,-1.1176252799100095
218.33333333333334,0.55,0.25,36.45422760146279,-6.152332748751974,0.9508889687764276,0.5309613408239018,-1.117626868638488
218.36666666666667,0.55,0.25,36.45422760146279,-6.152332748751974,0.9508890348600147,0.5309632380078029,-1.11762834253113
218.4,0.55,0.25,36.45422760146279,-6.152332748751974,0.9508890290007496,0.5309650175759559,-1.117629706141729
218.43333333333334,0.55,0.25,36.45422760146279,-6.152332748751974,0.950888960202731,0.5309666824053504,-1.1176309641866364
218.46666666666667,0.55,0.25,36.45422760146279,-6.152332748751974,0.9508888367646305,0.5309682357739549,-1.1176321214932845
218.5,0.55,0.25,36.45422760146279,-6.152332748751974,0.9508886663126658,0.5309696812890552,-1.1176331829543888
218.53333333333333,0.55,0.25,36.45422760146279,-6.152332748751974,0.9508884558339157,0.5309710228223414,-1.1176341534874261
218.56666666666666,0.55,0.25,36.45422760146279,-6.152332748751974,0.9508882117097159,0.530972264451334,-1.1176350379989943
218.6,0.55,0.25,36.45422760146279,-6.152332748751974,0.9508879397489016,0.5309734104067448,-1.1176358413536895
218.63333333333333,0.55,0.25,36.45422760146279,-6.152332748751974,0.9508876452206977,0.5309744650253841,-1.1176365683471359
218.66666666666666,0.55,0.25,36.45422760146279,-6.152332748751974,0.9508873328870825,0.530975432708233,-1.1176372236828351
218.7,0.55,0.25,36.45422760146279,-6.152332748751974,0.9508870070344762,0.5309763178833149,-1.1176378119525092
218.73333333333332,0.55,0.25,36.45422760146279,-6.152332748751974,0.9508866715046285,0.5309771249730155,-1.117638337619634
218.76666666666665,0.55,0.25,36.45422760146279,-6.152332748751974,0.9508863297246005,0.5309778583655116,-1.1176388050058719
218.79999999999998,0.55,0.25,36.45422760146279,-6.152332748751974,0.950885984735756,0.5309785223899862,-1.1176392182801362
218.83333333333334,0.55,0.25,36.45422760146279,-6.152332748751974,0.9508856392216927,0.5309791212953234,-1.117639581450028
218.86666666666667,0.55,0.25,36.45422760146279,-6.152332748751974,0.9508852955350611,0.530979659231989,-1.1176398983554083
218.9,0.55,0.25,36.45422760146279,-6.152332748751974,0.9508849557232327,0.5309801402368206,-1.117640172663882
218.93333333333334,0.55,0.25,36.45422760146279,-6.152332748751974,0.95088462155279,0.5309805682204654,-1.1176404078679851
218.96666666666667,0.55,0.25,36.45422760146279,-6.152332748751974,0.9508842945328227,0.530980946957218,-1.1176406072838807
219.0,0.55,0.25,36.45422760146279,-6.152332748751974,0.9508839759370271,0.5309812800770283,-1.1176407740513858
219.03333333333333,0.55,0.25,36.45422760146279,-6.152332748751974,0.9508836668246076,0.5309815710594596,-1.1176409111351624
219.06666666666666,0.55,0.25,36.45422760146279,-6.152332748751974,0.9508833680599953,0.5309818232293962,-1.1176410213269186
219.1,0.55,0.25,36.45422760146279,-6.152332748751974,0.9508830803313978,0.530982039754309,-1.1176411072484818
219.13333333333333,0.55,0.25,36.45422760146279,-6.152332748751974,0.9508828041682039,0.5309822236429041,-1.1176411713556127
219.16666666666666,0.55,0.25,36.45422760146279,-6.152332748751974,0.9508825399572709,0.5309823777449911,-1.1176412159424434
219.2,0.55,0.25,36.45422760146279,-6.152332748751974,0.9508822879581257,0.5309825047524191,-1.1176412431464327
219.23333333333332,0.55,0.25,36.45422760146279,-6.152332748751974,0.9508820483171145,0.5309826072009426,-1.117641254953741
219.26666666666665,0.55,0.25,36.45422760146279,-6.152332748751974,0.9508818210805386,0.530982687472887,-1.1176412532049365
219.29999999999998,0.55,0.25,36.45422760146279,-6.152332748751974,0.9508816062068152,0.5309827478004986,-1.1176412396009556
219.33333333333334,0.55,0.25,36.45422760146279,-6.152332748751974,0.9508814035777045,0.5309827902698702,-1.117641215709243
219.36666666666667,0.55,0.25,36.45422760146279,-6.152332748751974,0.9508812130086455,0.530982816825345,-1.1176411829700112
219.4,0.55,0.25,36.45422760146279,-6.152332748751974,0.9508810342582427,0.5309828292743103,-1.1176411427025625
219.43333333333334,0.55,0.25,36.45422760146279,-6.152332748751974,0.9508808670369465,0.5309828292923,-1.1176410961116232
219.46666666666667,0.55,0.25,36.45422760146279,-6.152332748751974,0.950880711014971,0.5309828184283347,-1.1176410442936469
219.5,0.55,0.25,36.45422760146279,-6.152332748751974,0.9508805658294911,0.530982798110433,-1.117640988243049
219.53333333333333,0.55,0.25,36.45422760146279,-6.152332748751974,0.950880431091162,0.530982769651238,-1.1176409288583402
219.56666666666666,0.55,0.25,36.45422760146279,-6.152332748751974,0.9508803063900012,0.5309827342537055,-1.11764086694813
219.6,0.55,0.25,36.45422760146279,-6.152332748751974,0.9508801913006742,0.5309826930168098,-1.1176408032369771
219.63333333333333,0.55,0.25,36.45422760146279,-6.152332748751974,0.9508800853872236,0.5309826469412273,-1.117640738371068
219.66666666666666,0.55,0.25,36.45422760146279,-6.152332748751974,0.9508799882072785,0.5309825969349615,-1.1176406729237056
219.7,0.55,0.25,36.45422760146279,-6.152332748751974,0.9508798993157823,0.5309825438188814,-1.117640607400597
219.73333333333332,0.55,0.25,36.45422760146279,-6.152332748751974,0.9508798182682737,0.5309824883321459,-1.1176405422449291
219.76666666666665,0.55,0.25,36.45422760146279,-6.152332748751974,0.9508797446237546,0.5309824311374935,-1.1176404778422273
219.79999999999998,0.55,0.25,36.45422760146279,-6.152332748751974,0.9508796779471776,0.5309823728263788,-1.117640414524988
219.83333333333334,0.55,0.25,36.45422760146279,-6.152332748751974,0.9508796178115849,0.5309823139239402,-1.1176403525770868
219.86666666666667,0.55,0.25,36.45422760146279,-6.152332748751974,0.950879563799926,0.5309822548937883,-1.1176402922379576
219.9,0.55,0.25,36.45422760146279,-6.152332748751974,0.9508795155065839,0.5309821961426038,-1.1176402337065467
219.93333333333334,0.55,0.25,36.45422760146279,-6.152332748751974,0.9508794725386357,0.5309821380245408,-1.1176401771450413
219.96666666666667,0.55,0.25,36.45422760146279,-6.152332748751974,0.9508794345168714,0.5309820808454274,-1.117640122682376
220.0,0.55,0.25,36.45422760146279,-6.152332748751974,0.9508794010765955,0.5309820248667644,-1.1176400704175242
220.03333333333333,0.55,0.25,36.45422760146279,-6.152332748751974,0.9508793718682322,0.5309819703095174,-1.1176400204225763
220.06666666666666,0.55,0.25,36.45422760146279,-6.152332748751974,0.9508793465577554,0.5309819173577062,-1.1176399727456123
220.1,0.55,0.25,36.45422760146279,-6.152332748751974,0.9508793248269621,0.5309818661617903,-1.1176399274133764
220.13333333333333,0.55,0.25,36.45422760146279,-6.152332748751974,0.950879306373607,0.5309818168418557,-1.1176398844337578
220.16666666666666,0.55,0.25,36.45422760146279,-6.152332748751974,0.9508792909114144,0.5309817694906046,-1.1176398437980897
220.2,0.55,0.25,36.45422760146279,-6.152332748751974,0.9508792781699836,0.5309817241761545,-1.1176398054832681
220.23333333333332,0.55,0.25,36.45422760146279,-6.152332748751974,0.9508792678946001,0.5309816809446511,-1.1176397694537052
220.26666666666665,0.55,0.25,36.45422760146279,-6.152332748751974,0.9508792598459672,0.5309816398227009,-1.1176397356631202
220.29999999999998,0.55,0.25,36.45422760146279,-6.152332748751974,0.9508792537998687,0.5309816008196296,-1.1176397040561785
220.33333333333334,0.55,0.25,36.45422760146279,-6.152332748751974,0.9508792495467737,0.5309815639295747,-1.1176396745699857
220.36666666666667,0.55,0.25,36.45422760146279,-6.152332748751974,0.9508792468913938,0.5309815291334165,-1.1176396471354468
220.4,0.55,0.25,36.45422760146279,-6.152332748751974,0.9508792456522008,0.5309814964005568,-1.1176396216784956
220.43333333333334,0.55,0.25,36.45422760146279,-6.152332748751974,0.9508792456609135,0.5309814656905522,-1.1176395981212053
220.46666666666667,0.55,0.25,36.45422760146279,-6.152332748751974,0.9508792467619612,0.5309814369546082,-1.1176395763827844
220.5,0.55,0.25,36.45422760146279,-6.152332748751974,0.9508792488119291,0.5309814101369436,-1.1176395563804697
220.53333333333333,0.55,0.25,36.45422760146279,-6.152332748751974,0.9508792516789931,0.5309813851760298,-1.117639538030319
220.56666666666666,0.55,0.25,36.45422760146279,-6.152332748751974,0.9508792552423482,0.5309813620057149,-1.1176395212479142
220.6,0.55,0.25,36.45422760146279,-6.152332748751974,0.9508792593916344,0.5309813405562372,-1.1176395059489792
220.63333333333333,0.55,0.25,36.45422760146279,-6.152332748751974,0.9508792640263662,0.5309813207551375,-1.11763949204992
220.66666666666666,0.55,0.25,36.45422760146279,-6.152332748751974,0.950879269055367,0.5309813025280741,-1.1176394794682931
220.7,0.55,0.25,36.45422760146279,-6.152332748751974,0.9508792743962126,0.5309812857995504,-1.1176394681232085
220.73333333333332,0.55,0.25,36.45422760146279,-6.152332748751974,0.9508792799746859,0.5309812704935579,-1.1176394579356705
220.76666666666665,0.55,0.25,36.45422760146279,-6.152332748751974,0.950879285724246,0.5309812565341437,-1.1176394488288657
220.79999999999998,0.55,0.25,36.45422760146279,-6.152332748751974,0.9508792915855113,0.530981243845906,-1.1176394407283983
220.83333333333334,0.55,0.25,36.45422760146279,-6.152332748751974,0.9508792975057614,0.5309812323544243,-1.1176394335624824
220.86666666666667,0.55,0.25,36.45422760146279,-6.152332748751974,0.950879303438455,0.5309812219866307,-1.1176394272620915
220.9,0.55,0.25,36.45422760146279,-6.152332748751974,0.9508793093427683,0.530981212671124,-1.1176394217610712
220.93333333333334,0.55,0.25,36.45422760146279,-6.152332748751974,0.9508793151831532,0.5309812043384352,-1.1176394169962203
220.96666666666667,0.55,0.25,36.45422760146279,-6.152332748751974,0.9508793209289144,0.5309811969212466,-1.1176394129073395
221.0,0.55,0.25,36.45422760146279,-6.152332748751974,0.9508793265538084,0.530981190354569,-1.1176394094372575
221.03333333333333,0.55,0.25,36.45422760146279,-6.152332748751974,0.9508793320356622,0.5309811845758823,-1.1176394065318311
221.06666666666666,0.55,0.25,36.45422760146279,-6.152332748751974,0.9508793373560129,0.5309811795252408,-1.1176394041399267
221.1,0.55,0.25,36.45422760146279,-6.152332748751974,0.9508793424997676,0.5309811751453503,-1.117639402213383
221.13333333333333,0.55,0.25,36.45422760146279,-6.152332748751974,0.9508793474548831,0.5309811713816157,-1.1176394007069606
221.16666666666666,0.55,0.25,36.45422760146279,-6.152332748751974,0.950879352212066,0.5309811681821673,-1.117639399578276
221.2,0.55,0.25,36.45422760146279,-6.152332748751974,0.9508793567644911,0.5309811654978637,-1.117639398787728
221.23333333333332,0.55,0.25,36.45422760146279,-6.152332748751974,0.9508793611075392,0.5309811632822772,-1.117639398298411
221.26666666666665,0.55,0.25,36.45422760146279,-6.152332748751974,0.950879365238553,0.5309811614916632,-1.117639398076025
221.29999999999998,0.55,0.25,36.45422760146279,-6.152332748751974,0.9508793691566096,0.5309811600849155,-1.1176393980887778
221.33333333333334,0.55,0.25,36.45422760146279,-6.152332748751974,0.9508793728623113,0.5309811590235091,-1.1176393983072819
221.36666666666667,0.55,0.25,36.45422760146279,-6.152332748751974,0.9508793763575906,0.5309811582714341,-1.1176393987044502
221.4,0.55,0.25,36.45422760146279,-6.152332748751974,0.9508793796455324,0.5309811577951206,-1.1176393992553886
221.43333333333334,0.55,0.25,36.45422760146279,-6.152332748751974,0.9508793827302096,0.5309811575633562,-1.1176393999372871
221.46666666666667,0.55,0.25,36.45422760146279,-6.152332748751974,0.9508793856165331,0.5309811575471997,-1.117639400729312
221.5,0.55,0.25,36.45422760146279,-6.152332748751974,0.9508793883101149,0.5309811577198891,-1.1176394016124962
221.53333333333333,0.55,0.25,36.45422760146279,-6.152332748751974,0.9508793908171435,0.5309811580567475,-1.117639402569633
221.56666666666666,0.55,0.25,36.45422760146279,-6.152332748751974,0.9508793931442711,0.5309811585350863,-1.1176394035851704
221.6,0.55,0.25,36.45422760146279,-6.152332748751974,0.9508793952985118,0.5309811591341078,-1.1176394046451081
221.63333333333333,0.55,0.25,36.45422760146279,-6.152332748751974,0.9508793972871503,0.5309811598348073,-1.1176394057368966
221.66666666666666,0.55,0.25,36.45422760146279,-6.152332748751974,0.9508793991176594,0.5309811606198753,-1.117639406849339
221.7,0.55,0.25,36.45422760146279,-6.152332748751974,0.9508794007976276,0.530981161473601,-1.1176394079724974
221.73333333333332,0.55,0.25,36.45422760146279,-6.152332748751974,0.9508794023346943,0.5309811623817766,-1.1176394090976016
221.76666666666665,0.55,0.25,36.45422760146279,-6.152332748751974,0.9508794037364926,0.5309811633316049,-1.1176394102169611
221.79999999999998,0.55,0.25,36.45422760146279,-6.152332748751974,0.9508794050106002,0.5309811643116076,-1.117639411323882
221.83333333333334,0.55,0.25,36.45422760146279,-6.152332748751974,0.9508794061644955,0.5309811653115369,-1.1176394124125864
221.86666666666667,0.55,0.25,36.45422760146279,-6.152332748751974,0.9508794072055208,0.5309811663222904,-1.117639413478138
221.9,0.55,0.25,36.45422760146279,-6.152332748751974,0.9508794081408505,0.5309811673358282,-1.1176394145163682
221.93333333333334,0.55,0.25,36.45422760146279,-6.152332748751974,0.9508794089774646,0.530981168345094,-1.117639415523809
221.96666666666667,0.55,0.25,36.45422760146279,-6.152332748751974,0.9508794097221269,0.530981169343939,-1.1176394164976282
222.0,0.55,0.25,36.45422760146279,-6.152332748751974,0.9508794103813669,0.5309811703270497,-1.1176394174355695
222.03333333333333,0.55,0.25,36.45422760146279,-6.152332748751974,0.9508794109614658,0.5309811712898791,-1.1176394183358949
222.06666666666666,0.55,0.25,36.45422760146279,-6.152332748751974,0.950879411468446,0.5309811722285809,-1.1176394191973322
222.1,0.55,0.25,36.45422760146279,-6.152332748751974,0.9508794119080635,0.5309811731399479,-1.1176394200190252
222.13333333333333,0.55,0.25,36.45422760146279,-6.152332748751974,0.9508794122858027,0.5309811740213535,-1.1176394208004872
222.16666666666666,0.55,0.25,36.45422760146279,-6.152332748751974,0.9508794126068745,0.5309811748706967,-1.1176394215415588
222.2,0.55,0.25,36.45422760146279,-6.152332748751974,0.9508794128762151,0.5309811756863508,-1.1176394222423676
222.23333333333332,0.55,0.25,36.45422760146279,-6.152332748751974,0.9508794130984884,0.5309811764671147,-1.117639422903292
222.26666666666665,0.55,0.25,36.45422760146279,-6.152332748751974,0.9508794132780884,0.5309811772121679,-1.1176394235249274
222.29999999999998,0.55,0.25,36.45422760146279,-6.152332748751974,0.9508794134191443,0.5309811779210285,-1.1176394241080547
222.33333333333334,0.55,0.25,36.45422760146279,-6.152332748751974,0.9508794135255254,0.5309811785935145,-1.1176394246536125
222.36666666666667,0.55,0.25,36.45422760146279,-6.152332748751974,0.9508794136008488,0.530981179229707,-1.1176394251626716
222.4,0.55,0.25,36.45422760146279,-6.152332748751974,0.9508794136484863,0.5309811798299174,-1.1176394256364102
222.43333333333334,0.55,0.25,36.45422760146279,-6.152332748751974,0.9508794136715727,0.5309811803946567,-1.117639426076094
222.46666666666667,0.55,0.25,36.45422760146279,-6.152332748751974,0.9508794136730147,0.5309811809246068,-1.1176394264830565
222.5,0.55,0.25,36.45422760146279,-6.152332748751974,0.9508794136555,0.5309811814205949,-1.1176394268586813
222.53333333333333,0.55,0.25,36.45422760146279,-6.152332748751974,0.9508794136215071,0.5309811818835701,-1.117639427204387
222.56666666666666,0.55,0.25,36.45422760146279,-6.152332748751974,0.9508794135733143,0.5309811823145817,-1.117639427521614
222.6,0.55,0.25,36.45422760146279,-6.152332748751974,0.9508794135130103,0.5309811827147597,-1.1176394278118107
222.63333333333333,0.55,0.25,36.45422760146279,-6.152332748751974,0.9508794134425037,0.5309811830852974,-1.117639428076425
222.66666666666666,0.55,0.25,36.45422760146279,-6.152332748751974,0.9508794133635325,0.5309811834274358,-1.1176394283168933
222.7,0.55,0.25,36.45422760146279,-6.152332748751974,0.9508794132776744,0.5309811837424492,-1.1176394285346327
222.73333333333332,0.55,0.25,36.45422760146279,-6.152332748751974,0.950879413186356,0.5309811840316324,-1.1176394287310343
222.76666666666665,0.55,0.25,36.45422760146279,-6.152332748751974,0.9508794130908623,0.5309811842962902,-1.117639428907457
222.79999999999998,0.55,0.25,36.45422760146279,-6.152332748751974,0.9508794129923458,0.5309811845377268,-1.1176394290652227
222.83333333333334,0.55,0.25,36.45422760146279,-6.152332748751974,0.9508794128918352,0.530981184757238,-1.1176394292056122
222.86666666666667,0.55,0.25,36.45422760146279,-6.152332748751974,0.9508794127902445,0.5309811849561028,-1.1176394293298615
222.9,0.55,0.25,36.45422760146279,-6.152332748751974,0.9508794126883807,0.5309811851355778,-1.1176394294391594
222.93333333333334,0.55,0.25,36.45422760146279,-6.152332748751974,0.9508794125869522,0.5309811852968913,-1.1176394295346457
222.96666666666667,0.55,0.25,36.45422760146279,-6.152332748751974,0.9508794124865761,0.5309811854412386,-1.1176394296174095
223.0,0.55,0.25,36.45422760146279,-6.152332748751974,0.950879412387786,0.5309811855697786,-1.1176394296884884
223.03333333333333,0.55,0.25,36.45422760146279,-6.152332748751974,0.9508794122910378,0.5309811856836302,-1.117639429748868
223.06666666666666,0.55,0.25,36.45422760146279,-6.152332748751974,0.9508794121967178,0.5309811857838702,-1.117639429799482
223.1,0.55,0.25,36.45422760146279,-6.152332748751974,0.9508794121051476,0.5309811858715314,-1.1176394298412122
223.13333333333333,0.55,0.25,36.45422760146279,-6.152332748751974,0.9508794120165908,0.530981185947601,-1.1176394298748895
223.16666666666666,0.55,0.25,36.45422760146279,-6.152332748751974,0.950879411931258,0.5309811860130199,-1.1176394299012946
223.2,0.55,0.25,36.45422760146279,-6.152332748751974,0.9508794118493125,0.5309811860686824,-1.1176394299211587
223.23333333333332,0.55,0.25,36.45422760146279,-6.152332748751974,0.9508794117708744,0.5309811861154359,-1.1176394299351657
223.26666666666665,0.55,0.25,36.45422760146279,-6.152332748751974,0.9508794116960261,0.5309811861540811,-1.1176394299439527
223.29999999999998,0.55,0.25,36.45422760146279,-6.152332748751974,0.9508794116248155,0.5309811861853726,-1.117639429948112
223.33333333333334,0.55,0.25,36.45422760146279,-6.152332748751974,0.9508794115572607,0.5309811862100197,-1.117639429948193
223.36666666666667,0.55,0.25,36.45422760146279,-6.152332748751974,0.9508794114933534,0.5309811862286873,-1.1176394299447032
223.4,0.55,0.25,36.45422760146279,-6.152332748751974,0.9508794114330621,0.5309811862419969,-1.1176394299381107
223.43333333333334,0.55,0.25,36.45422760146279,-6.152332748751974,0.9508794113763351,0.5309811862505281,-1.117639429928846
223.46666666666667,0.55,0.25,36.45422760146279,-6.152332748751974,0.950879411323104,0.53098118625482,-1.117639429917303
223.5,0.55,0.25,36.45422760146279,-6.152332748751974,0.9508794112732855,0.5309811862553725,-1.1176394299038424
223.53333333333333,0.55,0.25,36.45422760146279,-6.152332748751974,0.9508794112267839,0.5309811862526479,-1.1176394298887922
223.56666666666666,0.55,0.25,36.45422760146279,-6.152332748751974,0.9508794111834937,0.5309811862470726,-1.11763942987245
223.6,0.55,0.25,36.45422760146279,-6.152332748751974,0.9508794111433014,0.5309811862390387,-1.117639429855085
223.63333333333333,0.55,0.25,36.45422760146279,-6.152332748751974,0.9508794111060871,0.5309811862289059,-1.1176394298369396
223.66666666666666,0.55,0.25,36.45422760146279,-6.152332748751974,0.9508794110717258,0.5309811862170027,-1.1176394298182315
223.7,0.55,0.25,36.45422760146279,-6.152332748751974,0.9508794110400896,0.5309811862036287,-1.1176394297991543
223.73333333333332,0.55,0.25,36.45422760146279,-6.152332748751974,0.9508794110110481,0.5309811861890555,-1.1176394297798804
223.76666666666665,0.55,0.25,36.45422760146279,-6.152332748751974,0.9508794109844705,0.5309811861735293,-1.117639429760562
223.79999999999998,0.55,0.25,36.45422760146279,-6.152332748751974,0.9508794109602254,0.5309811861572714,-1.1176394297413323
223.83333333333334,0.55,0.25,36.45422760146279,-6.152332748751974,0.9508794109381828,0.5309811861404807,-1.1176394297223078
223.86666666666667,0.55,0.25,36.45422760146279,-6.152332748751974,0.9508794109182142,0.5309811861233348,-1.1176394297035888
223.9,0.55,0.25,36.45422760146279,-6.152332748751974,0.9508794109001931,0.5309811861059913,-1.117639429685261
223.93333333333334,0.55,0.25,36.45422760146279,-6.152332748751974,0.9508794108839963,0.5309811860885898,-1.117639429667397
223.96666666666667,0.55,0.25,36.45422760146279,-6.152332748751974,0.9508794108695036,0.5309811860712527,-1.1176394296500574
224.0,0.55,0.25,36.45422760146279,-6.152332748751974,0.9508794108565986,0.5309811860540866,-1.1176394296332914
224.03333333333333,0.55,0.25,36.45422760146279,-6.152332748751974,0.9508794108451687,0.530981186037184,-1.1176394296171388
224.06666666666666,0.55,0.25,36.45422760146279,-6.152332748751974,0.950879410835106,0.5309811860206239,-1.1176394296016299
224.1,0.55,0.25,36.45422760146279,-6.152332748751974,0.9508794108263066,0.5309811860044732,-1.117639429586787
224.13333333333333,0.55,0.25,36.45422760146279,-6.152332748751974,0.9508794108186712,0.5309811859887879,-1.117639429572626
224.16666666666666,0.55,0.25,36.45422760146279,-6.152332748751974,0.9508794108121056,0.5309811859736137,-1.117639429559155
224.2,0.55,0.25,36.45422760146279,-6.152332748751974,0.9508794108065197,0.5309811859589874,-1.1176394295463774
224.23333333333332,0.55,0.25,36.45422760146279,-6.152332748751974,0.9508794108018285,0.5309811859449375,-1.1176394295342913
224.26666666666665,0.55,0.25,36.45422760146279,-6.152332748751974,0.9508794107979515,0.5309811859314852,-1.1176394295228906
224.29999999999998,0.55,0.25,36.45422760146279,-6.152332748751974,0.9508794107948129,0.5309811859186452,-1.1176394295121654
224.33333333333334,0.55,0.25,36.45422760146279,-6.152332748751974,0.9508794107923414,0.5309811859064261,-1.1176394295021026
224.36666666666667,0.55,0.25,36.45422760146279,-6.152332748751974,0.9508794107904703,0.5309811858948313,-1.1176394294926861
224.4,0.55,0.25,36.45422760146279,-6.152332748751974,0.9508794107891372,0.53098118588386,-1.1176394294838976
224.43333333333334,0.55,0.25,36.45422760146279,-6.152332748751974,0.9508794107882838,0.530981185873507,-1.1176394294757173
224.46666666666667,0.55,0.25,36.45422760146279,-6.152332748751974,0.950879410787856,0.5309811858637636,-1.1176394294681233
224.5,0.55,0.25,36.45422760146279,-6.152332748751974,0.9508794107878036,0.5309811858546186,-1.117639429461093
224.53333333333333,0.55,0.25,36.45422760146279,-6.152332748751974,0.9508794107880801,0.5309811858460579,-1.1176394294546024
224.56666666666666,0.55,0.25,36.45422760146279,-6.152332748751974,0.9508794107886429,0.5309811858380653,-1.1176394294486276
224.6,0.55,0.25,36.45422760146279,-6.152332748751974,0.9508794107894524,0.5309811858306229,-1.1176394294431438
224.63333333333333,0.55,0.25,36.45422760146279,-6.152332748751974,0.9508794107904724,0.5309811858237116,-1.1176394294381258
224.66666666666666,0.55,0.25,36.45422760146279,-6.152332748751974,0.9508794107916703,0.5309811858173107,-1.117639429433549
224.7,0.55,0.25,36.45422760146279,-6.152332748751974,0.9508794107930156,0.5309811858113991,-1.1176394294293888
224.73333333333332,0.55,0.25,36.45422760146279,-6.152332748751974,0.9508794107944812,0.5309811858059549,-1.1176394294256207
224.76666666666665,0.55,0.25,36.45422760146279,-6.152332748751974,0.9508794107960424,0.5309811858009559,-1.1176394294222207
224.79999999999998,0.55,0.25,36.45422760146279,-6.152332748751974,0.950879410797677,0.5309811857963798,-1.1176394294191656
224.83333333333334,0.55,0.25,36.45422760146279,-6.152332748751974,0.9508794107993649,0.5309811857922041,-1.1176394294164325
224.86666666666667,0.55,0.25,36.45422760146279,-6.152332748751974,0.9508794108010884,0.5309811857884066,-1.1176394294139995
224.9,0.55,0.25,36.45422760146279,-6.152332748751974,0.9508794108028316,0.5309811857849652,-1.1176394294118452
224.93333333333334,0.55,0.25,36.45422760146279,-6.152332748751974,0.9508794108045805,0.5309811857818585,-1.1176394294099492
224.96666666666667,0.55,0.25,36.45422760146279,-6.152332748751974,0.9508794108063229,0.5309811857790652,-1.1176394294082919
225.0,0.55,0.25,36.45422760146279,-6.152332748751974,0.9508794108080479,0.5309811857765647,-1.1176394294068543
225.03333333333333,0.55,0.25,36.45422760146279,-6.152332748751974,0.9508794108097465,0.5309811857743372,-1.117639429405619
225.06666666666666,0.55,0.25,36.45422760146279,-6.152332748751974,0.9508794108114105,0.5309811857723633,-1.1176394294045684
225.1,0.55,0.25,36.45422760146279,-6.152332748751974,0.9508794108130333,0.5309811857706246,-1.1176394294036869
225.13333333333333,0.55,0.25,36.45422760146279,-6.152332748751974,0.9508794108146092,0.5309811857691031,-1.117639429402959
225.16666666666666,0.55,0.25,36.45422760146279,-6.152332748751974,0.9508794108161338,0.5309811857677821,-1.1176394294023704
225.2,0.55,0.25,36.45422760146279,-6.152332748751974,0.9508794108176033,0.5309811857666451,-1.1176394294019076
225.23333333333332,0.55,0.25,36.45422760146279,-6.152332748751974,0.9508794108190148,0.5309811857656768,-1.1176394294015581
225.26666666666665,0.55,0.25,36.45422760146279,-6.152332748751974,0.9508794108203663,0.5309811857648625,-1.1176394294013101
225.29999999999998,0.55,0.25,36.45422760146279,-6.152332748751974,0.9508794108216562,0.5309811857641885,-1.1176394294011527
225.33333333333334,0.55,0.25,36.45422760146279,-6.152332748751974,0.9508794108228836,0.5309811857636417,-1.1176394294010754
225.36666666666667,0.55,0.25,36.45422760146279,-6.152332748751974,0.9508794108240484,0.53098118576321,-1.1176394294010688
225.4,0.55,0.25,36.45422760146279,-6.152332748751974,0.9508794108251505,0.5309811857628818,-1.117639429401124
225.43333333333334,0.55,0.25,36.45422760146279,-6.152332748751974,0.9508794108261904,0.5309811857626464,-1.1176394294012333
225.46666666666667,0.55,0.25,36.45422760146279,-6.152332748751974,0.9508794108271691,0.5309811857624938,-1.117639429401389
225.5,0.55,0.25,36.45422760146279,-6.152332748751974,0.9508794108280877,0.5309811857624146,-1.1176394294015841
225.53333333333333,0.55,0.25,36.45422760146279,-6.152332748751974,0.9508794108289476,0.5309811857624004,-1.1176394294018128
225.56666666666666,0.55,0.25,36.45422760146279,-6.152332748751974,0.9508794108297504,0.530981185762443,-1.1176394294020693
225.6,0.55,0.25,36.45422760146279,-6.152332748751974,0.9508794108304979,0.5309811857625352,-1.1176394294023482
225.63333333333333,0.55,0.25,36.45422760146279,-6.152332748751974,0.950879410831192,0.53098118576267,-1.117639429402645
225.66666666666666,0.55,0.25,36.45422760146279,-6.152332748751974,0.9508794108318348,0.5309811857628413,-1.1176394294029557
225.7,0.55,0.25,36.45422760146279,-6.152332748751974,0.9508794108324286,0.5309811857630434,-1.1176394294032763
225.73333333333332,0.55,0.25,36.45422760146279,-6.152332748751974,0.9508794108329753,0.5309811857632712,-1.1176394294036034
225.76666666666665,0.55,0.25,36.45422760146279,-6.152332748751974,0.9508794108334774,0.5309811857635199,-1.1176394294039342
225.79999999999998,0.55,0.25,36.45422760146279,-6.152332748751974,0.9508794108339369,0.5309811857637854,-1.117639429404266
225.83333333333334,0.55,0.25,36.45422760146279,-6.152332748751974,0.9508794108343562,0.5309811857640636,-1.1176394294045964
225.86666666666667,0.55,0.25,36.45422760146279,-6.152332748751974,0.9508794108347376,0.5309811857643513,-1.1176394294049232
225.9,0.55,0.25,36.45422760146279,-6.152332748751974,0.9508794108350832,0.5309811857646453,-1.117639429405245
225.93333333333334,0.55,0.25,36.45422760146279,-6.152332748751974,0.9508794108353952,0.5309811857649428,-1.1176394294055603
225.96666666666667,0.55,0.25,36.45422760146279,-6.152332748751974,0.9508794108356756,0.5309811857652416,-1.1176394294058676
226.0,0.55,0.25,36.45422760146279,-6.152332748751974,0.9508794108359266,0.5309811857655393,-1.117639429406166
226.03333333333333,0.55,0.25,36.45422760146279,-6.152332748751974,0.9508794108361502,0.5309811857658343,-1.1176394294064547
226.06666666666666,0.55,0.25,36.45422760146279,-6.152332748751974,0.9508794108363484,0.5309811857661249,-1.1176394294067329
226.1,0.55,0.25,36.45422760146279,-6.152332748751974,0.9508794108365229,0.5309811857664096,-1.117639429407
226.13333333333333,0.55,0.25,36.45422760146279,-6.152332748751974,0.9508794108366757,0.5309811857666875,-1.1176394294072558
226.16666666666666,0.55,0.25,36.45422760146279,-6.152332748751974,0.9508794108368083,0.5309811857669575,-1.1176394294074998
226.2,0.55,0.25,36.45422760146279,-6.152332748751974,0.9508794108369224,0.5309811857672188,-1.117639429407732
226.23333333333332,0.55,0.25,36.45422760146279,-6.152332748751974,0.9508794108370195,0.5309811857674707,-1.1176394294079524
226.26666666666665,0.55,0.25,36.45422760146279,-6.152332748751974,0.9508794108371013,0.5309811857677127,-1.1176394294081606
226.29999999999998,0.55,0.25,36.45422760146279,-6.152332748751974,0.9508794108371689,0.5309811857679445,-1.1176394294083574
226.33333333333334,0.55,0.25,36.45422760146279,-6.152332748751974,0.9508794108372237,0.5309811857681658,-1.1176394294085423
226.36666666666667,0.55,0.25,36.45422760146279,-6.152332748751974,0.950879410837267,0.5309811857683764,-1.117639429408716
226.4,0.55,0.25,36.45422760146279,-6.152332748751974,0.9508794108372999,0.5309811857685763,-1.1176394294088785
226.43333333333334,0.55,0.25,36.45422760146279,-6.152332748751974,0.9508794108373234,0.5309811857687655,-1.1176394294090302
226.46666666666667,0.55,0.25,36.45422760146279,-6.152332748751974,0.9508794108373387,0.530981185768944,-1.1176394294091714
226.5,0.55,0.25,36.45422760146279,-6.152332748751974,0.9508794108373466,0.5309811857691121,-1.1176394294093026
226.53333333333333,0.55,0.25,36.45422760146279,-6.152332748751974,0.9508794108373481,0.5309811857692699,-1.117639429409424
226.56666666666666,0.55,0.25,36.45422760146279,-6.152332748751974,0.9508794108373437,0.5309811857694177,-1.1176394294095362
226.6,0.55,0.25,36.45422760146279,-6.152332748751974,0.9508794108373344,0.5309811857695557,-1.1176394294096395
226.63333333333333,0.55,0.25,36.45422760146279,-6.152332748751974,0.9508794108373209,0.5309811857696841,-1.1176394294097343
226.66666666666666,0.55,0.25,36.45422760146279,-6.152332748751974,0.9508794108373037,0.5309811857698035,-1.117639429409821
226.7,0.55,0.25,36.45422760146279,-6.152332748751974,0.9508794108372833,0.530981185769914,-1.1176394294099004
226.73333333333332,0.55,0.25,36.45422760146279,-6.152332748751974,0.9508794108372605,0.5309811857700162,-1.1176394294099723
226.76666666666665,0.55,0.25,36.45422760146279,-6.152332748751974,0.9508794108372355,0.5309811857701103,-1.1176394294100376
226.79999999999998,0.55,0.25,36.45422760146279,-6.152332748751974,0.9508794108372088,0.5309811857701967,-1.1176394294100964
226.83333333333334,0.55,0.25,36.45422760146279,-6.152332748751974,0.9508794108371809,0.5309811857702759,-1.1176394294101493
226.86666666666667,0.55,0.25,36.45422760146279,-6.152332748751974,0.9508794108371519,0.5309811857703481,-1.1176394294101966
226.9,0.55,0.25,36.45422760146279,-6.152332748751974,0.9508794108371224,0.5309811857704139,-1.1176394294102387
226.93333333333334,0.55,0.25,36.45422760146279,-6.152332748751974,0.9508794108370925,0.5309811857704734,-1.117639429410276
226.96666666666667,0.55,0.25,36.45422760146279,-6.152332748751974,0.9508794108370624,0.5309811857705271,-1.117639429410309
227.0,0.55,0.25,36.45422760146279,-6.152332748751974,0.9508794108370324,0.5309811857705755,-1.1176394294103378
227.03333333333333,0.55,0.25,36.45422760146279,-6.152332748751974,0.9508794108370028,0.5309811857706188,-1.1176394294103629
227.06666666666666,0.55,0.25,36.45422760146279,-6.152332748751974,0.9508794108369736,0.5309811857706574,-1.1176394294103844
227.1,0.55,0.25,36.45422760146279,-6.152332748751974,0.9508794108369449,0.5309811857706916,-1.1176394294104026
227.13333333333333,0.55,0.25,36.45422760146279,-6.152332748751974,0.9508794108369171,0.5309811857707218,-1.117639429410418
227.16666666666666,0.55,0.25,36.45422760146279,-6.152332748751974,0.95087941083689,0.5309811857707483,-1.1176394294104306
227.2,0.55,0.25,36.45422760146279,-6.152332748751974,0.9508794108368638,0.5309811857707712,-1.1176394294104408
227.23333333333332,0.55,0.25,36.45422760146279,-6.152332748751974,0.9508794108368385,0.530981185770791,-1.117639429410449
227.26666666666665,0.55,0.25,36.45422760146279,-6.152332748751974,0.9508794108368142,0.5309811857708079,-1.1176394294104552
227.29999999999998,0.55,0.25,36.45422760146279,-6.152332748751974,0.9508794108367908,0.5309811857708221,-1.1176394294104597
227.33333333333334,0.55,0.25,36.45422760146279,-6.152332748751974,0.9508794108367686,0.5309811857708339,-1.1176394294104623
227.36666666666667,0.55,0.25,36.45422760146279,-6.152332748751974,0.9508794108367474,0.5309811857708434,-1.117639429410464
227.4,0.55,0.25,36.45422760146279,-6.152332748751974,0.9508794108367273,0.530981185770851,-1.1176394294104641
227.43333333333334,0.55,0.25,36.45422760146279,-6.152332748751974,0.9508794108367083,0.5309811857708567,-1.1176394294104632
227.46666666666667,0.55,0.25,36.45422760146279,-6.152332748751974,0.9508794108366904,0.5309811857708608,-1.1176394294104615
227.5,0.55,0.25,36.45422760146279,-6.152332748751974,0.9508794108366735,0.5309811857708636,-1.1176394294104588
227.53333333333333,0.55,0.25,36.45422760146279,-6.152332748751974,0.9508794108366576,0.5309811857708651,-1.1176394294104555
227.56666666666666,0.55,0.25,36.45422760146279,-6.152332748751974,0.9508794108366427,0.5309811857708654,-1.1176394294104515
227.6,0.55,0.25,36.45422760146279,-6.152332748751974,0.9508794108366289,0.5309811857708647,-1.1176394294104472
227.63333333333333,0.55,0.25,36.45422760146279,-6.152332748751974,0.950879410836616,0.5309811857708632,-1.1176394294104424
227.66666666666666,0.55,0.25,36.45422760146279,-6.152332748751974,0.950879410836604,0.530981185770861,-1.1176394294104373
227.7,0.55,0.25,36.45422760146279,-6.152332748751974,0.9508794108365929,0.5309811857708581,-1.117639429410432
227.73333333333332,0.55,0.25,36.45422760146279,-6.152332748751974,0.9508794108365827,0.5309811857708546,-1.1176394294104264
227.76666666666665,0.55,0.25,36.45422760146279,-6.152332748751974,0.9508794108365732,0.5309811857708507,-1.1176394294104208
227.79999999999998,0.55,0.25,36.45422760146279,-6.152332748751974,0.9508794108365646,0.5309811857708465,-1.1176394294104153
227.83333333333334,0.55,0.25,36.45422760146279,-6.152332748751974,0.9508794108365566,0.530981185770842,-1.1176394294104095
227.86666666666667,0.55,0.25,36.45422760146279,-6.152332748751974,0.9508794108365494,0.5309811857708372,-1.117639429410404
227.9,0.55,0.25,36.45422760146279,-6.152332748751974,0.9508794108365428,0.5309811857708323,-1.1176394294103984
227.93333333333334,0.55,0.25,36.45422760146279,-6.152332748751974,0.9508794108365368,0.5309811857708273,-1.1176394294103928
227.96666666666667,0.55,0.25,36.45422760146279,-6.152332748751974,0.9508794108365314,0.5309811857708222,-1.1176394294103873
228.0,0.55,0.25,36.45422760146279,-6.152332748751974,0.9508794108365265,0.5309811857708171,-1.117639429410382
228.03333333333333,0.55,0.25,36.45422760146279,-6.152332748751974,0.9508794108365222,0.530981185770812,-1.1176394294103769
228.06666666666666,0.55,0.25,36.45422760146279,-6.152332748751974,0.9508794108365183,0.5309811857708069,-1.117639429410372
228.1,0.55,0.25,36.45422760146279,-6.152332748751974,0.9508794108365148,0.5309811857708019,-1.117639429410367
228.13333333333333,0.55,0.25,36.45422760146279,-6.152332748751974,0.9508794108365118,0.530981185770797,-1.1176394294103624
228.16666666666666,0.55,0.25,36.45422760146279,-6.152332748751974,0.9508794108365092,0.5309811857707922,-1.117639429410358
228.2,0.55,0.25,36.45422760146279,-6.152332748751974,0.9508794108365068,0.5309811857707876,-1.1176394294103538
228.23333333333332,0.55,0.25,36.45422760146279,-6.152332748751974,0.9508794108365048,0.530981185770783,-1.1176394294103498
228.26666666666665,0.55,0.25,36.45422760146279,-6.152332748751974,0.9508794108365032,0.5309811857707787,-1.117639429410346
228.29999999999998,0.55,0.25,36.45422760146279,-6.152332748751974,0.9508794108365017,0.5309811857707745,-1.1176394294103424
228.33333333333334,0.55,0.25,36.45422760146279,-6.152332748751974,0.9508794108365005,0.5309811857707705,-1.1176394294103391
228.36666666666667,0.55,0.25,36.45422760146279,-6.152332748751974,0.9508794108364995,0.5309811857707667,-1.1176394294103358
228.4,0.55,0.25,36.45422760146279,-6.152332748751974,0.9508794108364987,0.530981185770763,-1.117639429410333
228.43333333333334,0.55,0.25,36.45422760146279,-6.152332748751974,0.9508794108364982,0.5309811857707596,-1.11763942941033
228.46666666666667,0.55,0.25,36.45422760146279,-6.152332748751974,0.9508794108364977,0.5309811857707563,-1.1176394294103273
228.5,0.55,0.25,36.45422760146279,-6.152332748751974,0.9508794108364975,0.5309811857707532,-1.117639429410325
228.53333333333333,0.55,0.25,36.45422760146279,-6.152332748751974,0.9508794108364974,0.5309811857707503,-1.1176394294103227
228.56666666666666,0.55,0.25,36.45422760146279,-6.152332748751974,0.9508794108364974,0.5309811857707475,-1.1176394294103207
228.6,0.55,0.25,36.45422760146279,-6.152332748751974,0.9508794108364975,0.5309811857707449,-1.1176394294103187
228.63333333333333,0.55,0.25,36.45422760146279,-6.152332748751974,0.9508794108364976,0.5309811857707426,-1.117639429410317
228.66666666666666,0.55,0.25,36.45422760146279,-6.152332748751974,0.9508794108364979,0.5309811857707404,-1.1176394294103154
228.7,0.55,0.25,36.45422760146279,-6.152332748751974,0.9508794108364982,0.5309811857707383,-1.1176394294103138
228.73333333333332,0.55,0.25,36.45422760146279,-6.152332748751974,0.9508794108364985,0.5309811857707364,-1.1176394294103125
228.76666666666665,0.55,0.25,36.45422760146279,-6.152332748751974,0.9508794108364989,0.5309811857707346,-1.1176394294103111
228.79999999999998,0.55,0.25,36.45422760146279,-6.152332748751974,0.9508794108364993,0.5309811857707329,-1.11763942941031
228.83333333333334,0.55,0.25,36.45422760146279,-6.152332748751974,0.9508794108364997,0.5309811857707315,-1.1176394294103091
228.86666666666667,0.55,0.25,36.45422760146279,-6.152332748751974,0.9508794108365002,0.5309811857707302,-1.117639429410308
228.9,0.55,0.25,36.45422760146279,-6.152332748751974,0.9508794108365006,0.530981185770729,-1.1176394294103071
228.93333333333334,0.55,0.25,36.45422760146279,-6.152332748751974,0.9508794108365012,0.5309811857707278,-1.1176394294103065
228.96666666666667,0.55,0.25,36.45422760146279,-6.152332748751974,0.9508794108365017,0.5309811857707268,-1.1176394294103058
229.0,0.55,0.25,36.45422760146279,-6.152332748751974,0.9508794108365023,0.5309811857707258,-1.1176394294103054
229.03333333333333,0.55,0.25,36.45422760146279,-6.152332748751974,0.9508794108365028,0.530981185770725,-1.117639429410305
229.06666666666666,0.55,0.25,36.45422760146279,-6.152332748751974,0.9508794108365034,0.5309811857707242,-1.1176394294103045
229.1,0.55,0.25,36.45422760146279,-6.152332748751974,0.9508794108365038,0.5309811857707235,-1.117639429410304
229.13333333333333,0.55,0.25,36.45422760146279,-6.152332748751974,0.9508794108365043,0.530981185770723,-1.1176394294103038
229.16666666666666,0.55,0.25,36.45422760146279,-6.152332748751974,0.9508794108365047,0.5309811857707224,-1.1176394294103036
229.2,0.55,0.25,36.45422760146279,-6.152332748751974,0.9508794108365052,0.530981185770722,-1.1176394294103034
229.23333333333332,0.55,0.25,36.45422760146279,-6.152332748751974,0.9508794108365056,0.5309811857707215,-1.1176394294103031
229.26666666666665,0.55,0.25,36.45422760146279,-6.152332748751974,0.9508794108365061,0.5309811857707212,-1.117639429410303
229.29999999999998,0.55,0.25,36.45422760146279,-6.152332748751974,0.9508794108365065,0.5309811857707208,-1.1176394294103027
229.33333333333334,0.55,0.25,36.45422760146279,-6.152332748751974,0.950879410836507,0.5309811857707206,-1.1176394294103027
229.36666666666667,0.55,0.25,36.45422760146279,-6.152332748751974,0.9508794108365073,0.5309811857707204,-1.1176394294103027
229.4,0.55,0.25,36.45422760146279,-6.152332748751974,0.9508794108365076,0.5309811857707203,-1.1176394294103027
229.43333333333334,0.55,0.25,36.45422760146279,-6.152332748751974,0.950879410836508,0.5309811857707202,-1.1176394294103027
229.46666666666667,0.55,0.25,36.45422760146279,-6.152332748751974,0.9508794108365083,0.5309811857707201,-1.1176394294103027
229.5,0.55,0.25,36.45422760146279,-6.152332748751974,0.9508794108365086,0.53098118577072,-1.1176394294103027
229.53333333333333,0.55,0.25,36.45422760146279,-6.152332748751974,0.950879410836509,0.53098118577072,-1.1176394294103027
229.56666666666666,0.55,0.25,36.45422760146279,-6.152332748751974,0.9508794108365092,0.53098118577072,-1.1176394294103027
229.6,0.55,0.25,36.45422760146279,-6.152332748751974,0.9508794108365094,0.53098118577072,-1.1176394294103027
229.63333333333333,0.55,0.25,36.45422760146279,-6.152332748751974,0.9508794108365096,0.53098118577072,-1.117639429410303
229.66666666666666,0.55,0.25,36.45422760146279,-6.152332748751974,0.9508794108365098,0.53098118577072,-1.117639429410303
229.7,0.55,0.25,36.45422760146279,-6.152332748751974,0.9508794108365101,0.53098118577072,-1.117639429410303
229.73333333333332,0.55,0.25,36.45422760146279,-6.152332748751974,0.9508794108365103,0.53098118577072,-1.1176394294103031
229.76666666666665,0.55,0.25,36.45422760146279,-6.152332748751974,0.9508794108365105,0.5309811857707201,-1.1176394294103031
229.79999999999998,0.55,0.25,36.45422760146279,-6.152332748751974,0.9508794108365107,0.5309811857707202,-1.1176394294103034
229.83333333333334,0.55,0.25,36.45422760146279,-6.152332748751974,0.9508794108365108,0.5309811857707203,-1.1176394294103034
229.86666666666667,0.55,0.25,36.45422760146279,-6.152332748751974,0.950879410836511,0.5309811857707204,-1.1176394294103036
229.9,0.55,0.25,36.45422760146279,-6.152332748751974,0.9508794108365111,0.5309811857707205,-1.1176394294103038
229.93333333333334,0.55,0.25,36.45422760146279,-6.152332748751974,0.9508794108365112,0.5309811857707206,-1.1176394294103038
229.96666666666667,0.55,0.25,36.45422760146279,-6.152332748751974,0.9508794108365113,0.5309811857707207,-1.1176394294103038
230.0,0.55,0.25,36.45422760146279,-6.152332748751974,0.9508794108365114,0.5309811857707208,-1.117639429410304
230.03333333333333,0.55,0.25,36.45422760146279,-6.152332748751974,0.9508794108365115,0.530981185770721,-1.117639429410304
230.06666666666666,0.55,0.25,36.45422760146279,-6.152332748751974,0.9508794108365116,0.5309811857707211,-1.1176394294103043
230.1,0.55,0.25,36.45422760146279,-6.152332748751974,0.9508794108365117,0.5309811857707212,-1.1176394294103043
230.13333333333333,0.55,0.25,36.45422760146279,-6.152332748751974,0.9508794108365117,0.5309811857707213,-1.1176394294103045
230.16666666666666,0.55,0.25,36.45422760146279,-6.152332748751974,0.9508794108365117,0.5309811857707214,-1.1176394294103045
230.2,0.55,0.25,36.45422760146279,-6.152332748751974,0.9508794108365117,0.5309811857707214,-1.1176394294103047
230.23333333333332,0.55,0.25,36.45422760146279,-6.152332748751974,0.9508794108365117,0.5309811857707215,-1.1176394294103047
230.26666666666665,0.55,0.25,36.45422760146279,-6.152332748751974,0.9508794108365117,0.5309811857707215,-1.1176394294103047
230.29999999999998,0.55,0.25,36.45422760146279,-6.152332748751974,0.9508794108365117,0.5309811857707215,-1.1176394294103047
230.33333333333334,0.55,0.25,36.45422760146279,-6.152332748751974,0.9508794108365117,0.5309811857707215,-1.1176394294103047
230.36666666666667,0.55,0.25,36.45422760146279,-6.152332748751974,0.9508794108365117,0.5309811857707215,-1.1176394294103047
230.4,0.55,0.25,36.45422760146279,-6.152332748751974,0.9508794108365117,0.5309811857707215,-1.1176394294103047
230.43333333333334,0.55,0.25,36.45422760146279,-6.152332748751974,0.9508794108365117,0.5309811857707215,-1.1176394294103047
230.46666666666667,0.55,0.25,36.45422760146279,-6.152332748751974,0.9508794108365117,0.5309811857707215,-1.1176394294103047
230.5,0.55,0.25,36.45422760146279,-6.152332748751974,0.9508794108365117,0.5309811857707215,-1.1176394294103047
230.53333333333333,0.55,0.25,36.45422760146279,-6.152332748751974,0.9508794108365117,0.5309811857707215,-1.1176394294103047
230.56666666666666,0.55,0.25,36.45422760146279,-6.152332748751974,0.9508794108365117,0.5309811857707215,-1.1176394294103047
230.6,0.55,0.25,36.45422760146279,-6.152332748751974,0.9508794108365117,0.5309811857707215,-1.1176394294103047
230.63333333333333,0.55,0.25,36.45422760146279,-6.152332748751974,0.9508794108365117,0.5309811857707215,-1.1176394294103047
230.66666666666666,0.55,0.25,36.45422760146279,-6.152332748751974,0.9508794108365117,0.5309811857707215,-1.1176394294103047
230.7,0.55,0.25,36.45422760146279,-6.152332748751974,0.9508794108365117,0.5309811857707215,-1.1176394294103047
230.73333333333332,0.55,0.25,36.45422760146279,-6.152332748751974,0.9508794108365117,0.5309811857707215,-1.1176394294103047
230.76666666666665,0.55,0.25,36.45422760146279,-6.152332748751974,0.9508794108365117,0.5309811857707215,-1.1176394294103047
230.79999999999998,0.55,0.25,36.45422760146279,-6.152332748751974,0.9508794108365117,0.5309811857707215,-1.1176394294103047
230.83333333333334,0.55,0.25,36.45422760146279,-6.152332748751974,0.9508794108365117,0.5309811857707215,-1.1176394294103047
230.86666666666667,0.55,0.25,36.45422760146279,-6.152332748751974,0.9508794108365117,0.5309811857707215,-1.1176394294103047
230.9,0.55,0.25,36.45422760146279,-6.152332748751974,0.9508794108365117,0.5309811857707215,-1.1176394294103047
230.93333333333334,0.55,0.25,36.45422760146279,-6.152332748751974,0.9508794108365117,0.5309811857707215,-1.1176394294103047
230.96666666666667,0.55,0.25,36.45422760146279,-6.152332748751974,0.9508794108365117,0.5309811857707215,-1.1176394294103047
231.0,0.55,0.25,36.45422760146279,-6.152332748751974,0.9508794108365117,0.5309811857707215,-1.1176394294103047
231.03333333333333,0.55,0.25,36.45422760146279,-6.152332748751974,0.9508794108365117,0.5309811857707215,-1.1176394294103047
231.06666666666666,0.55,0.25,36.45422760146279,-6.152332748751974,0.9508794108365117,0.5309811857707215,-1.1176394294103047
231.1,0.55,0.25,36.45422760146279,-6.152332748751974,0.9508794108365117,0.5309811857707215,-1.1176394294103047
231.13333333333333,0.55,0.25,36.45422760146279,-6.152332748751974,0.9508794108365117,0.5309811857707215,-1.1176394294103047
231.16666666666666,0.55,0.25,36.45422760146279,-6.152332748751974,0.9508794108365117,0.5309811857707215,-1.1176394294103047
231.2,0.55,0.25,36.45422760146279,-6.152332748751974,0.9508794108365117,0.5309811857707215,-1.1176394294103047
231.23333333333332,0.55,0.25,36.45422760146279,-6.152332748751974,0.9508794108365117,0.5309811857707215,-1.1176394294103047
231.26666666666665,0.55,0.25,36.45422760146279,-6.152332748751974,0.9508794108365117,0.5309811857707215,-1.1176394294103047
231.29999999999998,0.55,0.25,36.45422760146279,-6.152332748751974,0.9508794108365117,0.5309811857707215,-1.1176394294103047
231.33333333333334,0.55,0.25,36.45422760146279,-6.152332748751974,0.9508794108365117,0.5309811857707215,-1.1176394294103047
231.36666666666667,0.55,0.25,36.45422760146279,-6.152332748751974,0.9508794108365117,0.5309811857707215,-1.1176394294103047
231.4,0.55,0.25,36.45422760146279,-6.152332748751974,0.9508794108365117,0.5309811857707215,-1.1176394294103047
231.43333333333334,0.55,0.25,36.45422760146279,-6.152332748751974,0.9508794108365117,0.5309811857707215,-1.1176394294103047
231.46666666666667,0.55,0.25,36.45422760146279,-6.152332748751974,0.9508794108365117,0.5309811857707215,-1.1176394294103047
231.5,0.55,0.25,36.45422760146279,-6.152332748751974,0.9508794108365117,0.5309811857707215,-1.1176394294103047
231.53333333333333,0.55,0.25,36.45422760146279,-6.152332748751974,0.9508794108365117,0.5309811857707215,-1.1176394294103047
231.56666666666666,0.55,0.25,36.45422760146279,-6.152332748751974,0.9508794108365117,0.5309811857707215,-1.1176394294103047
231.6,0.55,0.25,36.45422760146279,-6.152332748751974,0.9508794108365117,0.5309811857707215,-1.1176394294103047
231.63333333333333,0.55,0.25,36.45422760146279,-6.152332748751974,0.9508794108365117,0.5309811857707215,-1.1176394294103047
231.66666666666666,0.55,0.25,36.45422760146279,-6.152332748751974,0.9508794108365117,0.5309811857707215,-1.1176394294103047
231.7,0.55,0.25,36.45422760146279,-6.152332748751974,0.9508794108365117,0.5309811857707215,-1.1176394294103047
231.73333333333332,0.55,0.25,36.45422760146279,-6.152332748751974,0.9508794108365117,0.5309811857707215,-1.1176394294103047
231.76666666666665,0.55,0.25,36.45422760146279,-6.152332748751974,0.9508794108365117,0.5309811857707215,-1.1176394294103047
231.79999999999998,0.55,0.25,36.45422760146279,-6.152332748751974,0.9508794108365117,0.5309811857707215,-1.1176394294103047
231.83333333333334,0.55,0.25,36.45422760146279,-6.152332748751974,0.9508794108365117,0.5309811857707215,-1.1176394294103047
231.86666666666667,0.55,0.25,36.45422760146279,-6.152332748751974,0.9508794108365117,0.5309811857707215,-1.1176394294103047
231.9,0.55,0.25,36.45422760146279,-6.152332748751974,0.9508794108365117,0.5309811857707215,-1.1176394294103047
231.93333333333334,0.55,0.25,36.45422760146279,-6.152332748751974,0.9508794108365117,0.5309811857707215,-1.1176394294103047
231.96666666666667,0.55,0.25,36.45422760146279,-6.152332748751974,0.9508794108365117,0.5309811857707215,-1.1176394294103047
232.0,0.55,0.25,36.45422760146279,-6.152332748751974,0.9508794108365117,0.5309811857707215,-1.1176394294103047
232.03333333333333,0.55,0.25,36.45422760146279,-6.152332748751974,0.9508794108365117,0.5309811857707215,-1.1176394294103047
232.06666666666666,0.55,0.25,36.45422760146279,-6.152332748751974,0.9508794108365117,0.5309811857707215,-1.1176394294103047
232.1,0.55,0.25,36.45422760146279,-6.152332748751974,0.9508794108365117,0.5309811857707215,-1.1176394294103047
232.13333333333333,0.55,0.25,36.45422760146279,-6.152332748751974,0.9508794108365117,0.5309811857707215,-1.1176394294103047
232.16666666666666,0.55,0.25,36.45422760146279,-6.152332748751974,0.9508794108365117,0.5309811857707215,-1.1176394294103047
232.2,0.55,0.25,36.45422760146279,-6.152332748751974,0.9508794108365117,0.5309811857707215,-1.1176394294103047
232.23333333333332,0.55,0.25,36.45422760146279,-6.152332748751974,0.9508794108365117,0.5309811857707215,-1.1176394294103047
232.26666666666665,0.55,0.25,36.45422760146279,-6.152332748751974,0.9508794108365117,0.5309811857707215,-1.1176394294103047
232.29999999999998,0.55,0.25,36.45422760146279,-6.152332748751974,0.9508794108365117,0.5309811857707215,-1.1176394294103047
232.33333333333334,0.55,0.25,36.45422760146279,-6.152332748751974,0.9508794108365117,0.5309811857707215,-1.1176394294103047
232.36666666666667,0.55,0.25,36.45422760146279,-6.152332748751974,0.9508794108365117,0.5309811857707215,-1.1176394294103047
232.4,0.55,0.25,36.45422760146279,-6.152332748751974,0.9508794108365117,0.5309811857707215,-1.1176394294103047
232.43333333333334,0.55,0.25,36.45422760146279,-6.152332748751974,0.9508794108365117,0.5309811857707215,-1.1176394294103047
232.46666666666667,0.55,0.25,36.45422760146279,-6.152332748751974,0.9508794108365117,0.5309811857707215,-1.1176394294103047
232.5,0.55,0.25,36.45422760146279,-6.152332748751974,0.9508794108365117,0.5309811857707215,-1.1176394294103047
232.53333333333333,0.55,0.25,36.45422760146279,-6.152332748751974,0.9508794108365117,0.5309811857707215,-1.1176394294103047
232.56666666666666,0.55,0.25,36.45422760146279,-6.152332748751974,0.9508794108365117,0.5309811857707215,-1.1176394294103047
232.6,0.55,0.25,36.45422760146279,-6.152332748751974,0.9508794108365117,0.5309811857707215,-1.1176394294103047
232.63333333333333,0.55,0.25,36.45422760146279,-6.152332748751974,0.9508794108365117,0.5309811857707215,-1.1176394294103047
232.66666666666666,0.55,0.25,36.45422760146279,-6.152332748751974,0.9508794108365117,0.5309811857707215,-1.1176394294103047
232.7,0.55,0.25,36.45422760146279,-6.152332748751974,0.9508794108365117,0.5309811857707215,-1.1176394294103047
232.73333333333332,0.55,0.25,36.45422760146279,-6.152332748751974,0.9508794108365117,0.5309811857707215,-1.1176394294103047
232.76666666666665,0.55,0.25,36.45422760146279,-6.152332748751974,0.9508794108365117,0.5309811857707215,-1.1176394294103047
232.79999999999998,0.55,0.25,36.45422760146279,-6.152332748751974,0.9508794108365117,0.5309811857707215,-1.1176394294103047
232.83333333333334,0.55,0.25,36.45422760146279,-6.152332748751974,0.9508794108365117,0.5309811857707215,-1.1176394294103047
232.86666666666667,0.55,0.25,36.45422760146279,-6.152332748751974,0.9508794108365117,0.5309811857707215,-1.1176394294103047
232.9,0.55,0.25,36.45422760146279,-6.152332748751974,0.9508794108365117,0.5309811857707215,-1.1176394294103047
232.93333333333334,0.55,0.25,36.45422760146279,-6.152332748751974,0.9508794108365117,0.5309811857707215,-1.1176394294103047
232.96666666666667,0.55,0.25,36.45422760146279,-6.152332748751974,0.9508794108365117,0.5309811857707215,-1.1176394294103047
233.0,0.55,0.25,36.45422760146279,-6.152332748751974,0.9508794108365117,0.5309811857707215,-1.1176394294103047
233.03333333333333,0.55,0.25,36.45422760146279,-6.152332748751974,0.9508794108365117,0.5309811857707215,-1.1176394294103047
233.06666666666666,0.55,0.25,36.45422760146279,-6.152332748751974,0.9508794108365117,0.5309811857707215,-1.1176394294103047
233.1,0.55,0.25,36.45422760146279,-6.152332748751974,0.9508794108365117,0.5309811857707215,-1.1176394294103047
233.13333333333333,0.55,0.25,36.45422760146279,-6.152332748751974,0.9508794108365117,0.5309811857707215,-1.1176394294103047
233.16666666666666,0.55,0.25,36.45422760146279,-6.152332748751974,0.9508794108365117,0.5309811857707215,-1.1176394294103047
233.2,0.55,0.25,36.45422760146279,-6.152332748751974,0.9508794108365117,0.5309811857707215,-1.1176394294103047
233.23333333333332,0.55,0.25,36.45422760146279,-6.152332748751974,0.9508794108365117,0.5309811857707215,-1.1176394294103047
233.26666666666665,0.55,0.25,36.45422760146279,-6.152332748751974,0.9508794108365117,0.5309811857707215,-1.1176394294103047
233.29999999999998,0.55,0.25,36.45422760146279,-6.152332748751974,0.9508794108365117,0.5309811857707215,-1.1176394294103047
233.33333333333334,0.55,0.25,36.45422760146279,-6.152332748751974,0.9508794108365117,0.5309811857707215,-1.1176394294103047
233.36666666666667,0.55,0.25,36.45422760146279,-6.152332748751974,0.9508794108365117,0.5309811857707215,-1.1176394294103047
233.4,0.55,0.25,36.45422760146279,-6.152332748751974,0.9508794108365117,0.5309811857707215,-1.1176394294103047
233.43333333333334,0.55,0.25,36.45422760146279,-6.152332748751974,0.9508794108365117,0.5309811857707215,-1.1176394294103047
233.46666666666667,0.55,0.25,36.45422760146279,-6.152332748751974,0.9508794108365117,0.5309811857707215,-1.1176394294103047
233.5,0.55,0.25,36.45422760146279,-6.152332748751974,0.9508794108365117,0.5309811857707215,-1.1176394294103047
233.53333333333333,0.55,0.25,36.45422760146279,-6.152332748751974,0.9508794108365117,0.5309811857707215,-1.1176394294103047
233.56666666666666,0.55,0.25,36.45422760146279,-6.152332748751974,0.9508794108365117,0.5309811857707215,-1.1176394294103047
233.6,0.55,0.25,36.45422760146279,-6.152332748751974,0.9508794108365117,0.5309811857707215,-1.1176394294103047
233.63333333333333,0.55,0.25,36.45422760146279,-6.152332748751974,0.9508794108365117,0.5309811857707215,-1.1176394294103047
233.66666666666666,0.55,0.25,36.45422760146279,-6.152332748751974,0.9508794108365117,0.5309811857707215,-1.1176394294103047
233.7,0.55,0.25,36.45422760146279,-6.152332748751974,0.9508794108365117,0.5309811857707215,-1.1176394294103047
233.73333333333332,0.55,0.25,36.45422760146279,-6.152332748751974,0.9508794108365117,0.5309811857707215,-1.1176394294103047
233.76666666666665,0.55,0.25,36.45422760146279,-6.152332748751974,0.9508794108365117,0.5309811857707215,-1.1176394294103047
233.79999999999998,0.55,0.25,36.45422760146279,-6.152332748751974,0.9508794108365117,0.5309811857707215,-1.1176394294103047
233.83333333333334,0.55,0.25,36.45422760146279,-6.152332748751974,0.9508794108365117,0.5309811857707215,-1.1176394294103047
233.86666666666667,0.55,0.25,36.45422760146279,-6.152332748751974,0.9508794108365117,0.5309811857707215,-1.1176394294103047
233.9,0.55,0.25,36.45422760146279,-6.152332748751974,0.9508794108365117,0.5309811857707215,-1.1176394294103047
233.93333333333334,0.55,0.25,36.45422760146279,-6.152332748751974,0.9508794108365117,0.5309811857707215,-1.1176394294103047
233.96666666666667,0.55,0.25,36.45422760146279,-6.152332748751974,0.9508794108365117,0.5309811857707215,-1.1176394294103047
234.0,0.55,0.25,36.45422760146279,-6.152332748751974,0.9508794108365117,0.5309811857707215,-1.1176394294103047
234.03333333333333,0.55,0.25,36.45422760146279,-6.152332748751974,0.9508794108365117,0.5309811857707215,-1.1176394294103047
234.06666666666666,0.55,0.25,36.45422760146279,-6.152332748751974,0.9508794108365117,0.5309811857707215,-1.1176394294103047
234.1,0.55,0.25,36.45422760146279,-6.152332748751974,0.9508794108365117,0.5309811857707215,-1.1176394294103047
234.13333333333333,0.55,0.25,36.45422760146279,-6.152332748751974,0.9508794108365117,0.5309811857707215,-1.1176394294103047
234.16666666666666,0.55,0.25,36.45422760146279,-6.152332748751974,0.9508794108365117,0.5309811857707215,-1.1176394294103047
234.2,0.55,0.25,36.45422760146279,-6.152332748751974,0.9508794108365117,0.5309811857707215,-1.1176394294103047
234.23333333333332,0.55,0.25,36.45422760146279,-6.152332748751974,0.9508794108365117,0.5309811857707215,-1.1176394294103047
234.26666666666665,0.55,0.25,36.45422760146279,-6.152332748751974,0.9508794108365117,0.5309811857707215,-1.1176394294103047
234.29999999999998,0.55,0.25,36.45422760146279,-6.152332748751974,0.9508794108365117,0.5309811857707215,-1.1176394294103047
234.33333333333334,0.55,0.25,36.45422760146279,-6.152332748751974,0.9508794108365117,0.5309811857707215,-1.1176394294103047
234.36666666666667,0.55,0.25,36.45422760146279,-6.152332748751974,0.9508794108365117,0.5309811857707215,-1.1176394294103047
234.4,0.55,0.25,36.45422760146279,-6.152332748751974,0.9508794108365117,0.5309811857707215,-1.1176394294103047
234.43333333333334,0.55,0.25,36.45422760146279,-6.152332748751974,0.9508794108365117,0.5309811857707215,-1.1176394294103047
234.46666666666667,0.55,0.25,36.45422760146279,-6.152332748751974,0.9508794108365117,0.5309811857707215,-1.1176394294103047
234.5,0.55,0.25,36.45422760146279,-6.152332748751974,0.9508794108365117,0.5309811857707215,-1.1176394294103047
234.53333333333333,0.55,0.25,36.45422760146279,-6.152332748751974,0.9508794108365117,0.5309811857707215,-1.1176394294103047
234.56666666666666,0.55,0.25,36.45422760146279,-6.152332748751974,0.9508794108365117,0.5309811857707215,-1.1176394294103047
234.6,0.55,0.25,36.45422760146279,-6.152332748751974,0.9508794108365117,0.5309811857707215,-1.1176394294103047
234.63333333333333,0.55,0.25,36.45422760146279,-6.152332748751974,0.9508794108365117,0.5309811857707215,-1.1176394294103047
234.66666666666666,0.55,0.25,36.45422760146279,-6.152332748751974,0.9508794108365117,0.5309811857707215,-1.1176394294103047
234.7,0.55,0.25,36.45422760146279,-6.152332748751974,0.9508794108365117,0.5309811857707215,-1.1176394294103047
234.73333333333332,0.55,0.25,36.45422760146279,-6.152332748751974,0.9508794108365117,0.5309811857707215,-1.1176394294103047
234.76666666666665,0.55,0.25,36.45422760146279,-6.152332748751974,0.9508794108365117,0.5309811857707215,-1.1176394294103047
234.79999999999998,0.55,0.25,36.45422760146279,-6.152332748751974,0.9508794108365117,0.5309811857707215,-1.1176394294103047
234.83333333333334,0.55,0.25,36.45422760146279,-6.152332748751974,0.9508794108365117,0.5309811857707215,-1.1176394294103047
234.86666666666667,0.55,0.25,36.45422760146279,-6.152332748751974,0.9508794108365117,0.5309811857707215,-1.1176394294103047
234.9,0.55,0.25,36.45422760146279,-6.152332748751974,0.9508794108365117,0.5309811857707215,-1.1176394294103047
234.93333333333334,0.55,0.25,36.45422760146279,-6.152332748751974,0.9508794108365117,0.5309811857707215,-1.1176394294103047
234.96666666666667,0.55,0.25,36.45422760146279,-6.152332748751974,0.9508794108365117,0.5309811857707215,-1.1176394294103047
235.0,0.55,0.25,36.45422760146279,-6.152332748751974,0.9508794108365117,0.5309811857707215,-1.1176394294103047
235.03333333333333,0.55,0.25,36.45422760146279,-6.152332748751974,0.9508794108365117,0.5309811857707215,-1.1176394294103047
235.06666666666666,0.55,0.25,36.45422760146279,-6.152332748751974,0.9508794108365117,0.5309811857707215,-1.1176394294103047
235.1,0.55,0.25,36.45422760146279,-6.152332748751974,0.9508794108365117,0.5309811857707215,-1.1176394294103047
235.13333333333333,0.55,0.25,36.45422760146279,-6.152332748751974,0.9508794108365117,0.5309811857707215,-1.1176394294103047
235.16666666666666,0.55,0.25,36.45422760146279,-6.152332748751974,0.9508794108365117,0.5309811857707215,-1.1176394294103047
235.2,0.55,0.25,36.45422760146279,-6.152332748751974,0.9508794108365117,0.5309811857707215,-1.1176394294103047
235.23333333333332,0.55,0.25,36.45422760146279,-6.152332748751974,0.9508794108365117,0.5309811857707215,-1.1176394294103047
235.26666666666665,0.55,0.25,36.45422760146279,-6.152332748751974,0.9508794108365117,0.5309811857707215,-1.1176394294103047
235.29999999999998,0.55,0.25,36.45422760146279,-6.152332748751974,0.9508794108365117,0.5309811857707215,-1.1176394294103047
235.33333333333334,0.55,0.25,36.45422760146279,-6.152332748751974,0.9508794108365117,0.5309811857707215,-1.1176394294103047
235.36666666666667,0.55,0.25,36.45422760146279,-6.152332748751974,0.9508794108365117,0.5309811857707215,-1.1176394294103047
235.4,0.55,0.25,36.45422760146279,-6.152332748751974,0.9508794108365117,0.5309811857707215,-1.1176394294103047
235.43333333333334,0.55,0.25,36.45422760146279,-6.152332748751974,0.9508794108365117,0.5309811857707215,-1.1176394294103047
235.46666666666667,0.55,0.25,36.45422760146279,-6.152332748751974,0.9508794108365117,0.5309811857707215,-1.1176394294103047
235.5,0.55,0.25,36.45422760146279,-6.152332748751974,0.9508794108365117,0.5309811857707215,-1.1176394294103047
235.53333333333333,0.55,0.25,36.45422760146279,-6.152332748751974,0.9508794108365117,0.5309811857707215,-1.1176394294103047
235.56666666666666,0.55,0.25,36.45422760146279,-6.152332748751974,0.9508794108365117,0.5309811857707215,-1.1176394294103047
235.6,0.55,0.25,36.45422760146279,-6.152332748751974,0.9508794108365117,0.5309811857707215,-1.1176394294103047
235.63333333333333,0.55,0.25,36.45422760146279,-6.152332748751974,0.9508794108365117,0.5309811857707215,-1.1176394294103047
235.66666666666666,0.55,0.25,36.45422760146279,-6.152332748751974,0.9508794108365117,0.5309811857707215,-1.1176394294103047
235.7,0.55,0.25,36.45422760146279,-6.152332748751974,0.9508794108365117,0.5309811857707215,-1.1176394294103047
235.73333333333332,0.55,0.25,36.45422760146279,-6.152332748751974,0.9508794108365117,0.5309811857707215,-1.1176394294103047
235.76666666666665,0.55,0.25,36.45422760146279,-6.152332748751974,0.9508794108365117,0.5309811857707215,-1.1176394294103047
235.79999999999998,0.55,0.25,36.45422760146279,-6.152332748751974,0.9508794108365117,0.5309811857707215,-1.1176394294103047
235.83333333333334,0.55,0.25,36.45422760146279,-6.152332748751974,0.9508794108365117,0.5309811857707215,-1.1176394294103047
235.86666666666667,0.55,0.25,36.45422760146279,-6.152332748751974,0.9508794108365117,0.5309811857707215,-1.1176394294103047
235.9,0.55,0.25,36.45422760146279,-6.152332748751974,0.9508794108365117,0.5309811857707215,-1.1176394294103047
235.93333333333334,0.55,0.25,36.45422760146279,-6.152332748751974,0.9508794108365117,0.5309811857707215,-1.1176394294103047
235.96666666666667,0.55,0.25,36.45422760146279,-6.152332748751974,0.9508794108365117,0.5309811857707215,-1.1176394294103047
236.0,0.55,0.25,36.45422760146279,-6.152332748751974,0.9508794108365117,0.5309811857707215,-1.1176394294103047
236.03333333333333,0.55,0.25,36.45422760146279,-6.152332748751974,0.9508794108365117,0.5309811857707215,-1.1176394294103047
236.06666666666666,0.55,0.25,36.45422760146279,-6.152332748751974,0.9508794108365117,0.5309811857707215,-1.1176394294103047
236.1,0.55,0.25,36.45422760146279,-6.152332748751974,0.9508794108365117,0.5309811857707215,-1.1176394294103047
236.13333333333333,0.55,0.25,36.45422760146279,-6.152332748751974,0.9508794108365117,0.5309811857707215,-1.1176394294103047
236.16666666666666,0.55,0.25,36.45422760146279,-6.152332748751974,0.9508794108365117,0.5309811857707215,-1.1176394294103047
236.2,0.55,0.25,36.45422760146279,-6.152332748751974,0.9508794108365117,0.5309811857707215,-1.1176394294103047
236.23333333333332,0.55,0.25,36.45422760146279,-6.152332748751974,0.9508794108365117,0.5309811857707215,-1.1176394294103047
236.26666666666665,0.55,0.25,36.45422760146279,-6.152332748751974,0.9508794108365117,0.5309811857707215,-1.1176394294103047
236.29999999999998,0.55,0.25,36.45422760146279,-6.152332748751974,0.9508794108365117,0.5309811857707215,-1.1176394294103047
236.33333333333334,0.55,0.25,36.45422760146279,-6.152332748751974,0.9508794108365117,0.5309811857707215,-1.1176394294103047
236.36666666666667,0.55,0.25,36.45422760146279,-6.152332748751974,0.9508794108365117,0.5309811857707215,-1.1176394294103047
236.4,0.55,0.25,36.45422760146279,-6.152332748751974,0.9508794108365117,0.5309811857707215,-1.1176394294103047
236.43333333333334,0.55,0.25,36.45422760146279,-6.152332748751974,0.9508794108365117,0.5309811857707215,-1.1176394294103047
236.46666666666667,0.55,0.25,36.45422760146279,-6.152332748751974,0.9508794108365117,0.5309811857707215,-1.1176394294103047
236.5,0.55,0.25,36.45422760146279,-6.152332748751974,0.9508794108365117,0.5309811857707215,-1.1176394294103047
236.53333333333333,0.55,0.25,36.45422760146279,-6.152332748751974,0.9508794108365117,0.5309811857707215,-1.1176394294103047
236.56666666666666,0.55,0.25,36.45422760146279,-6.152332748751974,0.9508794108365117,0.5309811857707215,-1.1176394294103047
236.6,0.55,0.25,36.45422760146279,-6.152332748751974,0.9508794108365117,0.5309811857707215,-1.1176394294103047
236.63333333333333,0.55,0.25,36.45422760146279,-6.152332748751974,0.9508794108365117,0.5309811857707215,-1.1176394294103047
236.66666666666666,0.55,0.25,36.45422760146279,-6.152332748751974,0.9508794108365117,0.5309811857707215,-1.1176394294103047
236.7,0.55,0.25,36.45422760146279,-6.152332748751974,0.9508794108365117,0.5309811857707215,-1.1176394294103047
236.73333333333332,0.55,0.25,36.45422760146279,-6.152332748751974,0.9508794108365117,0.5309811857707215,-1.1176394294103047
236.76666666666665,0.55,0.25,36.45422760146279,-6.152332748751974,0.9508794108365117,0.5309811857707215,-1.1176394294103047
236.79999999999998,0.55,0.25,36.45422760146279,-6.152332748751974,0.9508794108365117,0.5309811857707215,-1.1176394294103047
236.83333333333334,0.55,0.25,36.45422760146279,-6.152332748751974,0.9508794108365117,0.5309811857707215,-1.1176394294103047
236.86666666666667,0.55,0.25,36.45422760146279,-6.152332748751974,0.9508794108365117,0.5309811857707215,-1.1176394294103047
236.9,0.55,0.25,36.45422760146279,-6.152332748751974,0.9508794108365117,0.5309811857707215,-1.1176394294103047
236.93333333333334,0.55,0.25,36.45422760146279,-6.152332748751974,0.9508794108365117,0.5309811857707215,-1.1176394294103047
236.96666666666667,0.55,0.25,36.45422760146279,-6.152332748751974,0.9508794108365117,0.5309811857707215,-1.1176394294103047
237.0,0.55,0.25,36.45422760146279,-6.152332748751974,0.9508794108365117,0.5309811857707215,-1.1176394294103047
237.03333333333333,0.55,0.25,36.45422760146279,-6.152332748751974,0.9508794108365117,0.5309811857707215,-1.1176394294103047
237.06666666666666,0.55,0.25,36.45422760146279,-6.152332748751974,0.9508794108365117,0.5309811857707215,-1.1176394294103047
237.1,0.55,0.25,36.45422760146279,-6.152332748751974,0.9508794108365117,0.5309811857707215,-1.1176394294103047
237.13333333333333,0.55,0.25,36.45422760146279,-6.152332748751974,0.9508794108365117,0.5309811857707215,-1.1176394294103047
237.16666666666666,0.55,0.25,36.45422760146279,-6.152332748751974,0.9508794108365117,0.5309811857707215,-1.1176394294103047
237.2,0.55,0.25,36.45422760146279,-6.152332748751974,0.9508794108365117,0.5309811857707215,-1.1176394294103047
237.23333333333332,0.55,0.25,36.45422760146279,-6.152332748751974,0.9508794108365117,0.5309811857707215,-1.1176394294103047
237.26666666666665,0.55,0.25,36.45422760146279,-6.152332748751974,0.9508794108365117,0.5309811857707215,-1.1176394294103047
237.29999999999998,0.55,0.25,36.45422760146279,-6.152332748751974,0.9508794108365117,0.5309811857707215,-1.1176394294103047
237.33333333333334,0.55,0.25,36.45422760146279,-6.152332748751974,0.9508794108365117,0.5309811857707215,-1.1176394294103047
237.36666666666667,0.55,0.25,36.45422760146279,-6.152332748751974,0.9508794108365117,0.5309811857707215,-1.1176394294103047
237.4,0.55,0.25,36.45422760146279,-6.152332748751974,0.9508794108365117,0.5309811857707215,-1.1176394294103047
237.43333333333334,0.55,0.25,36.45422760146279,-6.152332748751974,0.9508794108365117,0.5309811857707215,-1.1176394294103047
237.46666666666667,0.55,0.25,36.45422760146279,-6.152332748751974,0.9508794108365117,0.5309811857707215,-1.1176394294103047
237.5,0.55,0.25,36.45422760146279,-6.152332748751974,0.9508794108365117,0.5309811857707215,-1.1176394294103047
237.53333333333333,0.55,0.25,36.45422760146279,-6.152332748751974,0.9508794108365117,0.5309811857707215,-1.1176394294103047
237.56666666666666,0.55,0.25,36.45422760146279,-6.152332748751974,0.9508794108365117,0.5309811857707215,-1.1176394294103047
237.6,0.55,0.25,36.45422760146279,-6.152332748751974,0.9508794108365117,0.5309811857707215,-1.1176394294103047
237.63333333333333,0.55,0.25,36.45422760146279,-6.152332748751974,0.9508794108365117,0.5309811857707215,-1.1176394294103047
237.66666666666666,0.55,0.25,36.45422760146279,-6.152332748751974,0.9508794108365117,0.5309811857707215,-1.1176394294103047
237.7,0.55,0.25,36.45422760146279,-6.152332748751974,0.9508794108365117,0.5309811857707215,-1.1176394294103047
237.73333333333332,0.55,0.25,36.45422760146279,-6.152332748751974,0.9508794108365117,0.5309811857707215,-1.1176394294103047
237.76666666666665,0.55,0.25,36.45422760146279,-6.152332748751974,0.9508794108365117,0.5309811857707215,-1.1176394294103047
237.79999999999998,0.55,0.25,36.45422760146279,-6.152332748751974,0.9508794108365117,0.5309811857707215,-1.1176394294103047
237.83333333333334,0.55,0.25,36.45422760146279,-6.152332748751974,0.9508794108365117,0.5309811857707215,-1.1176394294103047
237.86666666666667,0.55,0.25,36.45422760146279,-6.152332748751974,0.9508794108365117,0.5309811857707215,-1.1176394294103047
237.9,0.55,0.25,36.45422760146279,-6.152332748751974,0.9508794108365117,0.5309811857707215,-1.1176394294103047
237.93333333333334,0.55,0.25,36.45422760146279,-6.152332748751974,0.9508794108365117,0.5309811857707215,-1.1176394294103047
237.96666666666667,0.55,0.25,36.45422760146279,-6.152332748751974,0.9508794108365117,0.5309811857707215,-1.1176394294103047
238.0,0.55,0.25,36.45422760146279,-6.152332748751974,0.9508794108365117,0.5309811857707215,-1.1176394294103047
238.03333333333333,0.55,0.25,36.45422760146279,-6.152332748751974,0.9508794108365117,0.5309811857707215,-1.1176394294103047
238.06666666666666,0.55,0.25,36.45422760146279,-6.152332748751974,0.9508794108365117,0.5309811857707215,-1.1176394294103047
238.1,0.55,0.25,36.45422760146279,-6.152332748751974,0.9508794108365117,0.5309811857707215,-1.1176394294103047
238.13333333333333,0.55,0.25,36.45422760146279,-6.152332748751974,0.9508794108365117,0.5309811857707215,-1.1176394294103047
238.16666666666666,0.55,0.25,36.45422760146279,-6.152332748751974,0.9508794108365117,0.5309811857707215,-1.1176394294103047
238.2,0.55,0.25,36.45422760146279,-6.152332748751974,0.9508794108365117,0.5309811857707215,-1.1176394294103047
238.23333333333332,0.55,0.25,36.45422760146279,-6.152332748751974,0.9508794108365117,0.5309811857707215,-1.1176394294103047
238.26666666666665,0.55,0.25,36.45422760146279,-6.152332748751974,0.9508794108365117,0.5309811857707215,-1.1176394294103047
238.29999999999998,0.55,0.25,36.45422760146279,-6.152332748751974,0.9508794108365117,0.5309811857707215,-1.1176394294103047
238.33333333333334,0.55,0.25,36.45422760146279,-6.152332748751974,0.9508794108365117,0.5309811857707215,-1.1176394294103047
238.36666666666667,0.55,0.25,36.45422760146279,-6.152332748751974,0.9508794108365117,0.5309811857707215,-1.1176394294103047
238.4,0.55,0.25,36.45422760146279,-6.152332748751974,0.9508794108365117,0.5309811857707215,-1.1176394294103047
238.43333333333334,0.55,0.25,36.45422760146279,-6.152332748751974,0.9508794108365117,0.5309811857707215,-1.1176394294103047
238.46666666666667,0.55,0.25,36.45422760146279,-6.152332748751974,0.9508794108365117,0.5309811857707215,-1.1176394294103047
238.5,0.55,0.25,36.45422760146279,-6.152332748751974,0.9508794108365117,0.5309811857707215,-1.1176394294103047
238.53333333333333,0.55,0.25,36.45422760146279,-6.152332748751974,0.9508794108365117,0.5309811857707215,-1.1176394294103047
238.56666666666666,0.55,0.25,36.45422760146279,-6.152332748751974,0.9508794108365117,0.5309811857707215,-1.1176394294103047
238.6,0.55,0.25,36.45422760146279,-6.152332748751974,0.9508794108365117,0.5309811857707215,-1.1176394294103047
238.63333333333333,0.55,0.25,36.45422760146279,-6.152332748751974,0.9508794108365117,0.5309811857707215,-1.1176394294103047
238.66666666666666,0.55,0.25,36.45422760146279,-6.152332748751974,0.9508794108365117,0.5309811857707215,-1.1176394294103047
238.7,0.55,0.25,36.45422760146279,-6.152332748751974,0.9508794108365117,0.5309811857707215,-1.1176394294103047
238.73333333333332,0.55,0.25,36.45422760146279,-6.152332748751974,0.9508794108365117,0.5309811857707215,-1.1176394294103047
238.76666666666665,0.55,0.25,36.45422760146279,-6.152332748751974,0.9508794108365117,0.5309811857707215,-1.1176394294103047
238.79999999999998,0.55,0.25,36.45422760146279,-6.152332748751974,0.9508794108365117,0.5309811857707215,-1.1176394294103047
238.83333333333334,0.55,0.25,36.45422760146279,-6.152332748751974,0.9508794108365117,0.5309811857707215,-1.1176394294103047
238.86666666666667,0.55,0.25,36.45422760146279,-6.152332748751974,0.9508794108365117,0.5309811857707215,-1.1176394294103047
238.9,0.55,0.25,36.45422760146279,-6.152332748751974,0.9508794108365117,0.5309811857707215,-1.1176394294103047
238.93333333333334,0.55,0.25,36.45422760146279,-6.152332748751974,0.9508794108365117,0.5309811857707215,-1.1176394294103047
238.96666666666667,0.55,0.25,36.45422760146279,-6.152332748751974,0.9508794108365117,0.5309811857707215,-1.1176394294103047
239.0,0.55,0.25,36.45422760146279,-6.152332748751974,0.9508794108365117,0.5309811857707215,-1.1176394294103047
239.03333333333333,0.55,0.25,36.45422760146279,-6.152332748751974,0.9508794108365117,0.5309811857707215,-1.1176394294103047
239.06666666666666,0.55,0.25,36.45422760146279,-6.152332748751974,0.9508794108365117,0.5309811857707215,-1.1176394294103047
239.1,0.55,0.25,36.45422760146279,-6.152332748751974,0.9508794108365117,0.5309811857707215,-1.1176394294103047
239.13333333333333,0.55,0.25,36.45422760146279,-6.152332748751974,0.9508794108365117,0.5309811857707215,-1.1176394294103047
239.16666666666666,0.55,0.25,36.45422760146279,-6.152332748751974,0.9508794108365117,0.5309811857707215,-1.1176394294103047
239.2,0.55,0.25,36.45422760146279,-6.152332748751974,0.9508794108365117,0.5309811857707215,-1.1176394294103047
239.23333333333332,0.55,0.25,36.45422760146279,-6.152332748751974,0.9508794108365117,0.5309811857707215,-1.1176394294103047
239.26666666666665,0.55,0.25,36.45422760146279,-6.152332748751974,0.9508794108365117,0.5309811857707215,-1.1176394294103047
239.29999999999998,0.55,0.25,36.45422760146279,-6.152332748751974,0.9508794108365117,0.5309811857707215,-1.1176394294103047
239.33333333333334,0.55,0.25,36.45422760146279,-6.152332748751974,0.9508794108365117,0.5309811857707215,-1.1176394294103047
239.36666666666667,0.55,0.25,36.45422760146279,-6.152332748751974,0.9508794108365117,0.5309811857707215,-1.1176394294103047
239.4,0.55,0.25,36.45422760146279,-6.152332748751974,0.9508794108365117,0.5309811857707215,-1.1176394294103047
239.43333333333334,0.55,0.25,36.45422760146279,-6.152332748751974,0.9508794108365117,0.5309811857707215,-1.1176394294103047
239.46666666666667,0.55,0.25,36.45422760146279,-6.152332748751974,0.9508794108365117,0.5309811857707215,-1.1176394294103047
239.5,0.55,0.25,36.45422760146279,-6.152332748751974,0.9508794108365117,0.5309811857707215,-1.1176394294103047
239.53333333333333,0.55,0.25,36.45422760146279,-6.152332748751974,0.9508794108365117,0.5309811857707215,-1.1176394294103047
239.56666666666666,0.55,0.25,36.45422760146279,-6.152332748751974,0.9508794108365117,0.5309811857707215,-1.1176394294103047
239.6,0.55,0.25,36.45422760146279,-6.152332748751974,0.9508794108365117,0.5309811857707215,-1.1176394294103047
239.63333333333333,0.55,0.25,36.45422760146279,-6.152332748751974,0.9508794108365117,0.5309811857707215,-1.1176394294103047
239.66666666666666,0.55,0.25,36.45422760146279,-6.152332748751974,0.9508794108365117,0.5309811857707215,-1.1176394294103047
239.7,0.55,0.25,36.45422760146279,-6.152332748751974,0.9508794108365117,0.5309811857707215,-1.1176394294103047
239.73333333333332,0.55,0.25,36.45422760146279,-6.152332748751974,0.9508794108365117,0.5309811857707215,-1.1176394294103047
239.76666666666665,0.55,0.25,36.45422760146279,-6.152332748751974,0.9508794108365117,0.5309811857707215,-1.1176394294103047
239.79999999999998,0.55,0.25,36.45422760146279,-6.152332748751974,0.9508794108365117,0.5309811857707215,-1.1176394294103047
239.83333333333334,0.55,0.25,36.45422760146279,-6.152332748751974,0.9508794108365117,0.5309811857707215,-1.1176394294103047
239.86666666666667,0.55,0.25,36.45422760146279,-6.152332748751974,0.9508794108365117,0.5309811857707215,-1.1176394294103047
239.9,0.55,0.25,36.45422760146279,-6.152332748751974,0.9508794108365117,0.5309811857707215,-1.1176394294103047
239.93333333333334,0.55,0.25,36.45422760146279,-6.152332748751974,0.9508794108365117,0.5309811857707215,-1.1176394294103047
239.96666666666667,0.55,0.25,36.45422760146279,-6.152332748751974,0.9508794108365117,0.5309811857707215,-1.1176394294103047
240.0,0.55,0.25,36.45422760146279,-6.152332748751974,0.9508794108365117,0.5309811857707215,-1.1176394294103047
240.03333333333333,0.55,0.25,36.45422760146279,-6.152332748751974,0.9508794108365117,0.5309811857707215,-1.1176394294103047
240.06666666666666,0.55,0.25,36.45422760146279,-6.152332748751974,0.9508794108365117,0.5309811857707215,-1.1176394294103047
240.1,0.55,0.25,36.45422760146279,-6.152332748751974,0.9508794108365117,0.5309811857707215,-1.1176394294103047
240.13333333333333,0.55,0.25,36.45422760146279,-6.152332748751974,0.9508794108365117,0.5309811857707215,-1.1176394294103047
240.16666666666666,0.55,0.25,36.45422760146279,-6.152332748751974,0.9508794108365117,0.5309811857707215,-1.1176394294103047
240.2,0.55,0.25,36.45422760146279,-6.152332748751974,0.9508794108365117,0.5309811857707215,-1.1176394294103047
240.23333333333332,0.55,0.25,36.45422760146279,-6.152332748751974,0.9508794108365117,0.5309811857707215,-1.1176394294103047
240.26666666666665,0.55,0.25,36.45422760146279,-6.152332748751974,0.9508794108365117,0.5309811857707215,-1.1176394294103047
240.29999999999998,0.55,0.25,36.45422760146279,-6.152332748751974,0.9508794108365117,0.5309811857707215,-1.1176394294103047
240.33333333333334,0.55,0.25,36.45422760146279,-6.152332748751974,0.9508794108365117,0.5309811857707215,-1.1176394294103047
240.36666666666667,0.55,0.25,36.45422760146279,-6.152332748751974,0.9508794108365117,0.5309811857707215,-1.1176394294103047
240.4,0.55,0.25,36.45422760146279,-6.152332748751974,0.9508794108365117,0.5309811857707215,-1.1176394294103047
240.43333333333334,0.55,0.25,36.45422760146279,-6.152332748751974,0.9508794108365117,0.5309811857707215,-1.1176394294103047
240.46666666666667,0.55,0.25,36.45422760146279,-6.152332748751974,0.9508794108365117,0.5309811857707215,-1.1176394294103047
240.5,0.55,0.25,36.45422760146279,-6.152332748751974,0.9508794108365117,0.5309811857707215,-1.1176394294103047
240.53333333333333,0.55,0.25,36.45422760146279,-6.152332748751974,0.9508794108365117,0.5309811857707215,-1.1176394294103047
240.56666666666666,0.55,0.25,36.45422760146279,-6.152332748751974,0.9508794108365117,0.5309811857707215,-1.1176394294103047
240.6,0.55,0.25,36.45422760146279,-6.152332748751974,0.9508794108365117,0.5309811857707215,-1.1176394294103047
240.63333333333333,0.55,0.25,36.45422760146279,-6.152332748751974,0.9508794108365117,0.5309811857707215,-1.1176394294103047
240.66666666666666,0.55,0.25,36.45422760146279,-6.152332748751974,0.9508794108365117,0.5309811857707215,-1.1176394294103047
240.7,0.55,0.25,36.45422760146279,-6.152332748751974,0.9508794108365117,0.5309811857707215,-1.1176394294103047
240.73333333333332,0.55,0.25,36.45422760146279,-6.152332748751974,0.9508794108365117,0.5309811857707215,-1.1176394294103047
240.76666666666665,0.55,0.25,36.45422760146279,-6.152332748751974,0.9508794108365117,0.5309811857707215,-1.1176394294103047
240.79999999999998,0.55,0.25,36.45422760146279,-6.152332748751974,0.9508794108365117,0.5309811857707215,-1.1176394294103047
240.83333333333334,0.55,0.25,36.45422760146279,-6.152332748751974,0.9508794108365117,0.5309811857707215,-1.1176394294103047
240.86666666666667,0.55,0.25,36.45422760146279,-6.152332748751974,0.9508794108365117,0.5309811857707215,-1.1176394294103047
240.9,0.55,0.25,36.45422760146279,-6.152332748751974,0.9508794108365117,0.5309811857707215,-1.1176394294103047
240.93333333333334,0.55,0.25,36.45422760146279,-6.152332748751974,0.9508794108365117,0.5309811857707215,-1.1176394294103047
240.96666666666667,0.55,0.25,36.45422760146279,-6.152332748751974,0.9508794108365117,0.5309811857707215,-1.1176394294103047
241.0,0.55,0.25,36.45422760146279,-6.152332748751974,0.9508794108365117,0.5309811857707215,-1.1176394294103047
241.03333333333333,0.55,0.25,36.45422760146279,-6.152332748751974,0.9508794108365117,0.5309811857707215,-1.1176394294103047
241.06666666666666,0.55,0.25,36.45422760146279,-6.152332748751974,0.9508794108365117,0.5309811857707215,-1.1176394294103047
241.1,0.55,0.25,36.45422760146279,-6.152332748751974,0.9508794108365117,0.5309811857707215,-1.1176394294103047
241.13333333333333,0.55,0.25,36.45422760146279,-6.152332748751974,0.9508794108365117,0.5309811857707215,-1.1176394294103047
241.16666666666666,0.55,0.25,36.45422760146279,-6.152332748751974,0.9508794108365117,0.5309811857707215,-1.1176394294103047
241.2,0.55,0.25,36.45422760146279,-6.152332748751974,0.9508794108365117,0.5309811857707215,-1.1176394294103047
241.23333333333332,0.55,0.25,36.45422760146279,-6.152332748751974,0.9508794108365117,0.5309811857707215,-1.1176394294103047
241.26666666666665,0.55,0.25,36.45422760146279,-6.152332748751974,0.9508794108365117,0.5309811857707215,-1.1176394294103047
241.29999999999998,0.55,0.25,36.45422760146279,-6.152332748751974,0.9508794108365117,0.5309811857707215,-1.1176394294103047
241.33333333333334,0.55,0.25,36.45422760146279,-6.152332748751974,0.9508794108365117,0.5309811857707215,-1.1176394294103047
241.36666666666667,0.55,0.25,36.45422760146279,-6.152332748751974,0.9508794108365117,0.5309811857707215,-1.1176394294103047
241.4,0.55,0.25,36.45422760146279,-6.152332748751974,0.9508794108365117,0.5309811857707215,-1.1176394294103047
241.43333333333334,0.55,0.25,36.45422760146279,-6.152332748751974,0.9508794108365117,0.5309811857707215,-1.1176394294103047
241.46666666666667,0.55,0.25,36.45422760146279,-6.152332748751974,0.9508794108365117,0.5309811857707215,-1.1176394294103047
241.5,0.55,0.25,36.45422760146279,-6.152332748751974,0.9508794108365117,0.5309811857707215,-1.1176394294103047
241.53333333333333,0.55,0.25,36.45422760146279,-6.152332748751974,0.9508794108365117,0.5309811857707215,-1.1176394294103047
241.56666666666666,0.55,0.25,36.45422760146279,-6.152332748751974,0.9508794108365117,0.5309811857707215,-1.1176394294103047
241.6,0.55,0.25,36.45422760146279,-6.152332748751974,0.9508794108365117,0.5309811857707215,-1.1176394294103047
241.63333333333333,0.55,0.25,36.45422760146279,-6.152332748751974,0.9508794108365117,0.5309811857707215,-1.1176394294103047
241.66666666666666,0.55,0.25,36.45422760146279,-6.152332748751974,0.9508794108365117,0.5309811857707215,-1.1176394294103047
241.7,0.55,0.25,36.45422760146279,-6.152332748751974,0.9508794108365117,0.5309811857707215,-1.1176394294103047
241.73333333333332,0.55,0.25,36.45422760146279,-6.152332748751974,0.9508794108365117,0.5309811857707215,-1.1176394294103047
241.76666666666665,0.55,0.25,36.45422760146279,-6.152332748751974,0.9508794108365117,0.5309811857707215,-1.1176394294103047
241.79999999999998,0.55,0.25,36.45422760146279,-6.152332748751974,0.9508794108365117,0.5309811857707215,-1.1176394294103047
241.83333333333334,0.55,0.25,36.45422760146279,-6.152332748751974,0.9508794108365117,0.5309811857707215,-1.1176394294103047
241.86666666666667,0.55,0.25,36.45422760146279,-6.152332748751974,0.9508794108365117,0.5309811857707215,-1.1176394294103047
241.9,0.55,0.25,36.45422760146279,-6.152332748751974,0.9508794108365117,0.5309811857707215,-1.1176394294103047
241.93333333333334,0.55,0.25,36.45422760146279,-6.152332748751974,0.9508794108365117,0.5309811857707215,-1.1176394294103047
241.96666666666667,0.55,0.25,36.45422760146279,-6.152332748751974,0.9508794108365117,0.5309811857707215,-1.1176394294103047
242.0,0.55,0.25,36.45422760146279,-6.152332748751974,0.9508794108365117,0.5309811857707215,-1.1176394294103047
242.03333333333333,0.55,0.25,36.45422760146279,-6.152332748751974,0.9508794108365117,0.5309811857707215,-1.1176394294103047
242.06666666666666,0.55,0.25,36.45422760146279,-6.152332748751974,0.9508794108365117,0.5309811857707215,-1.1176394294103047
242.1,0.55,0.25,36.45422760146279,-6.152332748751974,0.9508794108365117,0.5309811857707215,-1.1176394294103047
242.13333333333333,0.55,0.25,36.45422760146279,-6.152332748751974,0.9508794108365117,0.5309811857707215,-1.1176394294103047
242.16666666666666,0.55,0.25,36.45422760146279,-6.152332748751974,0.9508794108365117,0.5309811857707215,-1.1176394294103047
242.2,0.55,0.25,36.45422760146279,-6.152332748751974,0.9508794108365117,0.5309811857707215,-1.1176394294103047
242.23333333333332,0.55,0.25,36.45422760146279,-6.152332748751974,0.9508794108365117,0.5309811857707215,-1.1176394294103047
242.26666666666665,0.55,0.25,36.45422760146279,-6.152332748751974,0.9508794108365117,0.5309811857707215,-1.1176394294103047
242.29999999999998,0.55,0.25,36.45422760146279,-6.152332748751974,0.9508794108365117,0.5309811857707215,-1.1176394294103047
242.33333333333334,0.55,0.25,36.45422760146279,-6.152332748751974,0.9508794108365117,0.5309811857707215,-1.1176394294103047
242.36666666666667,0.55,0.25,36.45422760146279,-6.152332748751974,0.9508794108365117,0.5309811857707215,-1.1176394294103047
242.4,0.55,0.25,36.45422760146279,-6.152332748751974,0.9508794108365117,0.5309811857707215,-1.1176394294103047
242.43333333333334,0.55,0.25,36.45422760146279,-6.152332748751974,0.9508794108365117,0.5309811857707215,-1.1176394294103047
242.46666666666667,0.55,0.25,36.45422760146279,-6.152332748751974,0.9508794108365117,0.5309811857707215,-1.1176394294103047
242.5,0.55,0.25,36.45422760146279,-6.152332748751974,0.9508794108365117,0.5309811857707215,-1.1176394294103047
242.53333333333333,0.55,0.25,36.45422760146279,-6.152332748751974,0.9508794108365117,0.5309811857707215,-1.1176394294103047
242.56666666666666,0.55,0.25,36.45422760146279,-6.152332748751974,0.9508794108365117,0.5309811857707215,-1.1176394294103047
242.6,0.55,0.25,36.45422760146279,-6.152332748751974,0.9508794108365117,0.5309811857707215,-1.1176394294103047
242.63333333333333,0.55,0.25,36.45422760146279,-6.152332748751974,0.9508794108365117,0.5309811857707215,-1.1176394294103047
242.66666666666666,0.55,0.25,36.45422760146279,-6.152332748751974,0.9508794108365117,0.5309811857707215,-1.1176394294103047
242.7,0.55,0.25,36.45422760146279,-6.152332748751974,0.9508794108365117,0.5309811857707215,-1.1176394294103047
242.73333333333332,0.55,0.25,36.45422760146279,-6.152332748751974,0.9508794108365117,0.5309811857707215,-1.1176394294103047
242.76666666666665,0.55,0.25,36.45422760146279,-6.152332748751974,0.9508794108365117,0.5309811857707215,-1.1176394294103047
242.79999999999998,0.55,0.25,36.45422760146279,-6.152332748751974,0.9508794108365117,0.5309811857707215,-1.1176394294103047
242.83333333333334,0.55,0.25,36.45422760146279,-6.152332748751974,0.9508794108365117,0.5309811857707215,-1.1176394294103047
242.86666666666667,0.55,0.25,36.45422760146279,-6.152332748751974,0.9508794108365117,0.5309811857707215,-1.1176394294103047
242.9,0.55,0.25,36.45422760146279,-6.152332748751974,0.9508794108365117,0.5309811857707215,-1.1176394294103047
242.93333333333334,0.55,0.25,36.45422760146279,-6.152332748751974,0.9508794108365117,0.5309811857707215,-1.1176394294103047
242.96666666666667,0.55,0.25,36.45422760146279,-6.152332748751974,0.9508794108365117,0.5309811857707215,-1.1176394294103047
243.0,0.55,0.25,36.45422760146279,-6.152332748751974,0.9508794108365117,0.5309811857707215,-1.1176394294103047
243.03333333333333,0.55,0.25,36.45422760146279,-6.152332748751974,0.9508794108365117,0.5309811857707215,-1.1176394294103047
243.06666666666666,0.55,0.25,36.45422760146279,-6.152332748751974,0.9508794108365117,0.5309811857707215,-1.1176394294103047
243.1,0.55,0.25,36.45422760146279,-6.152332748751974,0.9508794108365117,0.5309811857707215,-1.1176394294103047
243.13333333333333,0.55,0.25,36.45422760146279,-6.152332748751974,0.9508794108365117,0.5309811857707215,-1.1176394294103047
243.16666666666666,0.55,0.25,36.45422760146279,-6.152332748751974,0.9508794108365117,0.5309811857707215,-1.1176394294103047
243.2,0.55,0.25,36.45422760146279,-6.152332748751974,0.9508794108365117,0.5309811857707215,-1.1176394294103047
243.23333333333332,0.55,0.25,36.45422760146279,-6.152332748751974,0.9508794108365117,0.5309811857707215,-1.1176394294103047
243.26666666666665,0.55,0.25,36.45422760146279,-6.152332748751974,0.9508794108365117,0.5309811857707215,-1.1176394294103047
243.29999999999998,0.55,0.25,36.45422760146279,-6.152332748751974,0.9508794108365117,0.5309811857707215,-1.1176394294103047
243.33333333333334,0.55,0.25,36.45422760146279,-6.152332748751974,0.9508794108365117,0.5309811857707215,-1.1176394294103047
243.36666666666667,0.55,0.25,36.45422760146279,-6.152332748751974,0.9508794108365117,0.5309811857707215,-1.1176394294103047
243.4,0.55,0.25,36.45422760146279,-6.152332748751974,0.9508794108365117,0.5309811857707215,-1.1176394294103047
243.43333333333334,0.55,0.25,36.45422760146279,-6.152332748751974,0.9508794108365117,0.5309811857707215,-1.1176394294103047
243.46666666666667,0.55,0.25,36.45422760146279,-6.152332748751974,0.9508794108365117,0.5309811857707215,-1.1176394294103047
243.5,0.55,0.25,36.45422760146279,-6.152332748751974,0.9508794108365117,0.5309811857707215,-1.1176394294103047
243.53333333333333,0.55,0.25,36.45422760146279,-6.152332748751974,0.9508794108365117,0.5309811857707215,-1.1176394294103047
243.56666666666666,0.55,0.25,36.45422760146279,-6.152332748751974,0.9508794108365117,0.5309811857707215,-1.1176394294103047
243.6,0.55,0.25,36.45422760146279,-6.152332748751974,0.9508794108365117,0.5309811857707215,-1.1176394294103047
243.63333333333333,0.55,0.25,36.45422760146279,-6.152332748751974,0.9508794108365117,0.5309811857707215,-1.1176394294103047
243.66666666666666,0.55,0.25,36.45422760146279,-6.152332748751974,0.9508794108365117,0.5309811857707215,-1.1176394294103047
243.7,0.55,0.25,36.45422760146279,-6.152332748751974,0.9508794108365117,0.5309811857707215,-1.1176394294103047
243.73333333333332,0.55,0.25,36.45422760146279,-6.152332748751974,0.9508794108365117,0.5309811857707215,-1.1176394294103047
243.76666666666665,0.55,0.25,36.45422760146279,-6.152332748751974,0.9508794108365117,0.5309811857707215,-1.1176394294103047
243.79999999999998,0.55,0.25,36.45422760146279,-6.152332748751974,0.9508794108365117,0.5309811857707215,-1.1176394294103047
243.83333333333334,0.55,0.25,36.45422760146279,-6.152332748751974,0.9508794108365117,0.5309811857707215,-1.1176394294103047
243.86666666666667,0.55,0.25,36.45422760146279,-6.152332748751974,0.9508794108365117,0.5309811857707215,-1.1176394294103047
243.9,0.55,0.25,36.45422760146279,-6.152332748751974,0.9508794108365117,0.5309811857707215,-1.1176394294103047
243.93333333333334,0.55,0.25,36.45422760146279,-6.152332748751974,0.9508794108365117,0.5309811857707215,-1.1176394294103047
243.96666666666667,0.55,0.25,36.45422760146279,-6.152332748751974,0.9508794108365117,0.5309811857707215,-1.1176394294103047
244.0,0.55,0.25,36.45422760146279,-6.152332748751974,0.9508794108365117,0.5309811857707215,-1.1176394294103047
244.03333333333333,0.55,0.25,36.45422760146279,-6.152332748751974,0.9508794108365117,0.5309811857707215,-1.1176394294103047
244.06666666666666,0.55,0.25,36.45422760146279,-6.152332748751974,0.9508794108365117,0.5309811857707215,-1.1176394294103047
244.1,0.55,0.25,36.45422760146279,-6.152332748751974,0.9508794108365117,0.5309811857707215,-1.1176394294103047
244.13333333333333,0.55,0.25,36.45422760146279,-6.152332748751974,0.9508794108365117,0.5309811857707215,-1.1176394294103047
244.16666666666666,0.55,0.25,36.45422760146279,-6.152332748751974,0.9508794108365117,0.5309811857707215,-1.1176394294103047
244.2,0.55,0.25,36.45422760146279,-6.152332748751974,0.9508794108365117,0.5309811857707215,-1.1176394294103047
244.23333333333332,0.55,0.25,36.45422760146279,-6.152332748751974,0.9508794108365117,0.5309811857707215,-1.1176394294103047
244.26666666666665,0.55,0.25,36.45422760146279,-6.152332748751974,0.9508794108365117,0.5309811857707215,-1.1176394294103047
244.29999999999998,0.55,0.25,36.45422760146279,-6.152332748751974,0.9508794108365117,0.5309811857707215,-1.1176394294103047
244.33333333333334,0.55,0.25,36.45422760146279,-6.152332748751974,0.9508794108365117,0.5309811857707215,-1.1176394294103047
244.36666666666667,0.55,0.25,36.45422760146279,-6.152332748751974,0.9508794108365117,0.5309811857707215,-1.1176394294103047
244.4,0.55,0.25,36.45422760146279,-6.152332748751974,0.9508794108365117,0.5309811857707215,-1.1176394294103047
244.43333333333334,0.55,0.25,36.45422760146279,-6.152332748751974,0.9508794108365117,0.5309811857707215,-1.1176394294103047
244.46666666666667,0.55,0.25,36.45422760146279,-6.152332748751974,0.9508794108365117,0.5309811857707215,-1.1176394294103047
244.5,0.55,0.25,36.45422760146279,-6.152332748751974,0.9508794108365117,0.5309811857707215,-1.1176394294103047
244.53333333333333,0.55,0.25,36.45422760146279,-6.152332748751974,0.9508794108365117,0.5309811857707215,-1.1176394294103047
244.56666666666666,0.55,0.25,36.45422760146279,-6.152332748751974,0.9508794108365117,0.5309811857707215,-1.1176394294103047
244.6,0.55,0.25,36.45422760146279,-6.152332748751974,0.9508794108365117,0.5309811857707215,-1.1176394294103047
244.63333333333333,0.55,0.25,36.45422760146279,-6.152332748751974,0.9508794108365117,0.5309811857707215,-1.1176394294103047
244.66666666666666,0.55,0.25,36.45422760146279,-6.152332748751974,0.9508794108365117,0.5309811857707215,-1.1176394294103047
244.7,0.55,0.25,36.45422760146279,-6.152332748751974,0.9508794108365117,0.5309811857707215,-1.1176394294103047
244.73333333333332,0.55,0.25,36.45422760146279,-6.152332748751974,0.9508794108365117,0.5309811857707215,-1.1176394294103047
244.76666666666665,0.55,0.25,36.45422760146279,-6.152332748751974,0.9508794108365117,0.5309811857707215,-1.1176394294103047
244.79999999999998,0.55,0.25,36.45422760146279,-6.152332748751974,0.9508794108365117,0.5309811857707215,-1.1176394294103047
244.83333333333334,0.55,0.25,36.45422760146279,-6.152332748751974,0.9508794108365117,0.5309811857707215,-1.1176394294103047
244.86666666666667,0.55,0.25,36.45422760146279,-6.152332748751974,0.9508794108365117,0.5309811857707215,-1.1176394294103047
244.9,0.55,0.25,36.45422760146279,-6.152332748751974,0.9508794108365117,0.5309811857707215,-1.1176394294103047
244.93333333333334,0.55,0.25,36.45422760146279,-6.152332748751974,0.9508794108365117,0.5309811857707215,-1.1176394294103047
244.96666666666667,0.55,0.25,36.45422760146279,-6.152332748751974,0.9508794108365117,0.5309811857707215,-1.1176394294103047
245.0,0.55,0.25,36.45422760146279,-6.152332748751974,0.9508794108365117,0.5309811857707215,-1.1176394294103047
245.03333333333333,0.55,0.25,36.45422760146279,-6.152332748751974,0.9508794108365117,0.5309811857707215,-1.1176394294103047
245.06666666666666,0.55,0.25,36.45422760146279,-6.152332748751974,0.9508794108365117,0.5309811857707215,-1.1176394294103047
245.1,0.55,0.25,36.45422760146279,-6.152332748751974,0.9508794108365117,0.5309811857707215,-1.1176394294103047
245.13333333333333,0.55,0.25,36.45422760146279,-6.152332748751974,0.9508794108365117,0.5309811857707215,-1.1176394294103047
245.16666666666666,0.55,0.25,36.45422760146279,-6.152332748751974,0.9508794108365117,0.5309811857707215,-1.1176394294103047
245.2,0.55,0.25,36.45422760146279,-6.152332748751974,0.9508794108365117,0.5309811857707215,-1.1176394294103047
245.23333333333332,0.55,0.25,36.45422760146279,-6.152332748751974,0.9508794108365117,0.5309811857707215,-1.1176394294103047
245.26666666666665,0.55,0.25,36.45422760146279,-6.152332748751974,0.9508794108365117,0.5309811857707215,-1.1176394294103047
245.29999999999998,0.55,0.25,36.45422760146279,-6.152332748751974,0.9508794108365117,0.5309811857707215,-1.1176394294103047
245.33333333333334,0.55,0.25,36.45422760146279,-6.152332748751974,0.9508794108365117,0.5309811857707215,-1.1176394294103047
245.36666666666667,0.55,0.25,36.45422760146279,-6.152332748751974,0.9508794108365117,0.5309811857707215,-1.1176394294103047
245.4,0.55,0.25,36.45422760146279,-6.152332748751974,0.9508794108365117,0.5309811857707215,-1.1176394294103047
245.43333333333334,0.55,0.25,36.45422760146279,-6.152332748751974,0.9508794108365117,0.5309811857707215,-1.1176394294103047
245.46666666666667,0.55,0.25,36.45422760146279,-6.152332748751974,0.9508794108365117,0.5309811857707215,-1.1176394294103047
245.5,0.55,0.25,36.45422760146279,-6.152332748751974,0.9508794108365117,0.5309811857707215,-1.1176394294103047
245.53333333333333,0.55,0.25,36.45422760146279,-6.152332748751974,0.9508794108365117,0.5309811857707215,-1.1176394294103047
245.56666666666666,0.55,0.25,36.45422760146279,-6.152332748751974,0.9508794108365117,0.5309811857707215,-1.1176394294103047
245.6,0.55,0.25,36.45422760146279,-6.152332748751974,0.9508794108365117,0.5309811857707215,-1.1176394294103047
245.63333333333333,0.55,0.25,36.45422760146279,-6.152332748751974,0.9508794108365117,0.5309811857707215,-1.1176394294103047
245.66666666666666,0.55,0.25,36.45422760146279,-6.152332748751974,0.9508794108365117,0.5309811857707215,-1.1176394294103047
245.7,0.55,0.25,36.45422760146279,-6.152332748751974,0.9508794108365117,0.5309811857707215,-1.1176394294103047
245.73333333333332,0.55,0.25,36.45422760146279,-6.152332748751974,0.9508794108365117,0.5309811857707215,-1.1176394294103047
245.76666666666665,0.55,0.25,36.45422760146279,-6.152332748751974,0.9508794108365117,0.5309811857707215,-1.1176394294103047
245.79999999999998,0.55,0.25,36.45422760146279,-6.152332748751974,0.9508794108365117,0.5309811857707215,-1.1176394294103047
245.83333333333334,0.55,0.25,36.45422760146279,-6.152332748751974,0.9508794108365117,0.5309811857707215,-1.1176394294103047
245.86666666666667,0.55,0.25,36.45422760146279,-6.152332748751974,0.9508794108365117,0.5309811857707215,-1.1176394294103047
245.9,0.55,0.25,36.45422760146279,-6.152332748751974,0.9508794108365117,0.5309811857707215,-1.1176394294103047
245.93333333333334,0.55,0.25,36.45422760146279,-6.152332748751974,0.9508794108365117,0.5309811857707215,-1.1176394294103047
245.96666666666667,0.55,0.25,36.45422760146279,-6.152332748751974,0.9508794108365117,0.5309811857707215,-1.1176394294103047
246.0,0.55,0.25,36.45422760146279,-6.152332748751974,0.9508794108365117,0.5309811857707215,-1.1176394294103047
246.03333333333333,0.55,0.25,36.45422760146279,-6.152332748751974,0.9508794108365117,0.5309811857707215,-1.1176394294103047
246.06666666666666,0.55,0.25,36.45422760146279,-6.152332748751974,0.9508794108365117,0.5309811857707215,-1.1176394294103047
246.1,0.55,0.25,36.45422760146279,-6.152332748751974,0.9508794108365117,0.5309811857707215,-1.1176394294103047
246.13333333333333,0.55,0.25,36.45422760146279,-6.152332748751974,0.9508794108365117,0.5309811857707215,-1.1176394294103047
246.16666666666666,0.55,0.25,36.45422760146279,-6.152332748751974,0.9508794108365117,0.5309811857707215,-1.1176394294103047
246.2,0.55,0.25,36.45422760146279,-6.152332748751974,0.9508794108365117,0.5309811857707215,-1.1176394294103047
246.23333333333332,0.55,0.25,36.45422760146279,-6.152332748751974,0.9508794108365117,0.5309811857707215,-1.1176394294103047
246.26666666666665,0.55,0.25,36.45422760146279,-6.152332748751974,0.9508794108365117,0.5309811857707215,-1.1176394294103047
246.29999999999998,0.55,0.25,36.45422760146279,-6.152332748751974,0.9508794108365117,0.5309811857707215,-1.1176394294103047
246.33333333333334,0.55,0.25,36.45422760146279,-6.152332748751974,0.9508794108365117,0.5309811857707215,-1.1176394294103047
246.36666666666667,0.55,0.25,36.45422760146279,-6.152332748751974,0.9508794108365117,0.5309811857707215,-1.1176394294103047
246.4,0.55,0.25,36.45422760146279,-6.152332748751974,0.9508794108365117,0.5309811857707215,-1.1176394294103047
246.43333333333334,0.55,0.25,36.45422760146279,-6.152332748751974,0.9508794108365117,0.5309811857707215,-1.1176394294103047
246.46666666666667,0.55,0.25,36.45422760146279,-6.152332748751974,0.9508794108365117,0.5309811857707215,-1.1176394294103047
246.5,0.55,0.25,36.45422760146279,-6.152332748751974,0.9508794108365117,0.5309811857707215,-1.1176394294103047
246.53333333333333,0.55,0.25,36.45422760146279,-6.152332748751974,0.9508794108365117,0.5309811857707215,-1.1176394294103047
246.56666666666666,0.55,0.25,36.45422760146279,-6.152332748751974,0.9508794108365117,0.5309811857707215,-1.1176394294103047
246.6,0.55,0.25,36.45422760146279,-6.152332748751974,0.9508794108365117,0.5309811857707215,-1.1176394294103047
246.63333333333333,0.55,0.25,36.45422760146279,-6.152332748751974,0.9508794108365117,0.5309811857707215,-1.1176394294103047
246.66666666666666,0.55,0.25,36.45422760146279,-6.152332748751974,0.9508794108365117,0.5309811857707215,-1.1176394294103047
246.7,0.55,0.25,36.45422760146279,-6.152332748751974,0.9508794108365117,0.5309811857707215,-1.1176394294103047
246.73333333333332,0.55,0.25,36.45422760146279,-6.152332748751974,0.9508794108365117,0.5309811857707215,-1.1176394294103047
246.76666666666665,0.55,0.25,36.45422760146279,-6.152332748751974,0.9508794108365117,0.5309811857707215,-1.1176394294103047
246.79999999999998,0.55,0.25,36.45422760146279,-6.152332748751974,0.9508794108365117,0.5309811857707215,-1.1176394294103047
246.83333333333334,0.55,0.25,36.45422760146279,-6.152332748751974,0.9508794108365117,0.5309811857707215,-1.1176394294103047
246.86666666666667,0.55,0.25,36.45422760146279,-6.152332748751974,0.9508794108365117,0.5309811857707215,-1.1176394294103047
246.9,0.55,0.25,36.45422760146279,-6.152332748751974,0.9508794108365117,0.5309811857707215,-1.1176394294103047
246.93333333333334,0.55,0.25,36.45422760146279,-6.152332748751974,0.9508794108365117,0.5309811857707215,-1.1176394294103047
246.96666666666667,0.55,0.25,36.45422760146279,-6.152332748751974,0.9508794108365117,0.5309811857707215,-1.1176394294103047
247.0,0.55,0.25,36.45422760146279,-6.152332748751974,0.9508794108365117,0.5309811857707215,-1.1176394294103047
247.03333333333333,0.55,0.25,36.45422760146279,-6.152332748751974,0.9508794108365117,0.5309811857707215,-1.1176394294103047
247.06666666666666,0.55,0.25,36.45422760146279,-6.152332748751974,0.9508794108365117,0.5309811857707215,-1.1176394294103047
247.1,0.55,0.25,36.45422760146279,-6.152332748751974,0.9508794108365117,0.5309811857707215,-1.1176394294103047
247.13333333333333,0.55,0.25,36.45422760146279,-6.152332748751974,0.9508794108365117,0.5309811857707215,-1.1176394294103047
247.16666666666666,0.55,0.25,36.45422760146279,-6.152332748751974,0.9508794108365117,0.5309811857707215,-1.1176394294103047
247.2,0.55,0.25,36.45422760146279,-6.152332748751974,0.9508794108365117,0.5309811857707215,-1.1176394294103047
247.23333333333332,0.55,0.25,36.45422760146279,-6.152332748751974,0.9508794108365117,0.5309811857707215,-1.1176394294103047
247.26666666666665,0.55,0.25,36.45422760146279,-6.152332748751974,0.9508794108365117,0.5309811857707215,-1.1176394294103047
247.29999999999998,0.55,0.25,36.45422760146279,-6.152332748751974,0.9508794108365117,0.5309811857707215,-1.1176394294103047
247.33333333333334,0.55,0.25,36.45422760146279,-6.152332748751974,0.9508794108365117,0.5309811857707215,-1.1176394294103047
247.36666666666667,0.55,0.25,36.45422760146279,-6.152332748751974,0.9508794108365117,0.5309811857707215,-1.1176394294103047
247.4,0.55,0.25,36.45422760146279,-6.152332748751974,0.9508794108365117,0.5309811857707215,-1.1176394294103047
247.43333333333334,0.55,0.25,36.45422760146279,-6.152332748751974,0.9508794108365117,0.5309811857707215,-1.1176394294103047
247.46666666666667,0.55,0.25,36.45422760146279,-6.152332748751974,0.9508794108365117,0.5309811857707215,-1.1176394294103047
247.5,0.55,0.25,36.45422760146279,-6.152332748751974,0.9508794108365117,0.5309811857707215,-1.1176394294103047
247.53333333333333,0.55,0.25,36.45422760146279,-6.152332748751974,0.9508794108365117,0.5309811857707215,-1.1176394294103047
247.56666666666666,0.55,0.25,36.45422760146279,-6.152332748751974,0.9508794108365117,0.5309811857707215,-1.1176394294103047
247.6,0.55,0.25,36.45422760146279,-6.152332748751974,0.9508794108365117,0.5309811857707215,-1.1176394294103047
247.63333333333333,0.55,0.25,36.45422760146279,-6.152332748751974,0.9508794108365117,0.5309811857707215,-1.1176394294103047
247.66666666666666,0.55,0.25,36.45422760146279,-6.152332748751974,0.9508794108365117,0.5309811857707215,-1.1176394294103047
247.7,0.55,0.25,36.45422760146279,-6.152332748751974,0.9508794108365117,0.5309811857707215,-1.1176394294103047
247.73333333333332,0.55,0.25,36.45422760146279,-6.152332748751974,0.9508794108365117,0.5309811857707215,-1.1176394294103047
247.76666666666665,0.55,0.25,36.45422760146279,-6.152332748751974,0.9508794108365117,0.5309811857707215,-1.1176394294103047
247.79999999999998,0.55,0.25,36.45422760146279,-6.152332748751974,0.9508794108365117,0.5309811857707215,-1.1176394294103047
247.83333333333334,0.55,0.25,36.45422760146279,-6.152332748751974,0.9508794108365117,0.5309811857707215,-1.1176394294103047
247.86666666666667,0.55,0.25,36.45422760146279,-6.152332748751974,0.9508794108365117,0.5309811857707215,-1.1176394294103047
247.9,0.55,0.25,36.45422760146279,-6.152332748751974,0.9508794108365117,0.5309811857707215,-1.1176394294103047
247.93333333333334,0.55,0.25,36.45422760146279,-6.152332748751974,0.9508794108365117,0.5309811857707215,-1.1176394294103047
247.96666666666667,0.55,0.25,36.45422760146279,-6.152332748751974,0.9508794108365117,0.5309811857707215,-1.1176394294103047
248.0,0.55,0.25,36.45422760146279,-6.152332748751974,0.9508794108365117,0.5309811857707215,-1.1176394294103047
248.03333333333333,0.55,0.25,36.45422760146279,-6.152332748751974,0.9508794108365117,0.5309811857707215,-1.1176394294103047
248.06666666666666,0.55,0.25,36.45422760146279,-6.152332748751974,0.9508794108365117,0.5309811857707215,-1.1176394294103047
248.1,0.55,0.25,36.45422760146279,-6.152332748751974,0.9508794108365117,0.5309811857707215,-1.1176394294103047
248.13333333333333,0.55,0.25,36.45422760146279,-6.152332748751974,0.9508794108365117,0.5309811857707215,-1.1176394294103047
248.16666666666666,0.55,0.25,36.45422760146279,-6.152332748751974,0.9508794108365117,0.5309811857707215,-1.1176394294103047
248.2,0.55,0.25,36.45422760146279,-6.152332748751974,0.9508794108365117,0.5309811857707215,-1.1176394294103047
248.23333333333332,0.55,0.25,36.45422760146279,-6.152332748751974,0.9508794108365117,0.5309811857707215,-1.1176394294103047
248.26666666666665,0.55,0.25,36.45422760146279,-6.152332748751974,0.9508794108365117,0.5309811857707215,-1.1176394294103047
248.29999999999998,0.55,0.25,36.45422760146279,-6.152332748751974,0.9508794108365117,0.5309811857707215,-1.1176394294103047
248.33333333333334,0.55,0.25,36.45422760146279,-6.152332748751974,0.9508794108365117,0.5309811857707215,-1.1176394294103047
248.36666666666667,0.55,0.25,36.45422760146279,-6.152332748751974,0.9508794108365117,0.5309811857707215,-1.1176394294103047
248.4,0.55,0.25,36.45422760146279,-6.152332748751974,0.9508794108365117,0.5309811857707215,-1.1176394294103047
248.43333333333334,0.55,0.25,36.45422760146279,-6.152332748751974,0.9508794108365117,0.5309811857707215,-1.1176394294103047
248.46666666666667,0.55,0.25,36.45422760146279,-6.152332748751974,0.9508794108365117,0.5309811857707215,-1.1176394294103047
248.5,0.55,0.25,36.45422760146279,-6.152332748751974,0.9508794108365117,0.5309811857707215,-1.1176394294103047
248.53333333333333,0.55,0.25,36.45422760146279,-6.152332748751974,0.9508794108365117,0.5309811857707215,-1.1176394294103047
248.56666666666666,0.55,0.25,36.45422760146279,-6.152332748751974,0.9508794108365117,0.5309811857707215,-1.1176394294103047
248.6,0.55,0.25,36.45422760146279,-6.152332748751974,0.9508794108365117,0.5309811857707215,-1.1176394294103047
248.63333333333333,0.55,0.25,36.45422760146279,-6.152332748751974,0.9508794108365117,0.5309811857707215,-1.1176394294103047
248.66666666666666,0.55,0.25,36.45422760146279,-6.152332748751974,0.9508794108365117,0.5309811857707215,-1.1176394294103047
248.7,0.55,0.25,36.45422760146279,-6.152332748751974,0.9508794108365117,0.5309811857707215,-1.1176394294103047
248.73333333333332,0.55,0.25,36.45422760146279,-6.152332748751974,0.9508794108365117,0.5309811857707215,-1.1176394294103047
248.76666666666665,0.55,0.25,36.45422760146279,-6.152332748751974,0.9508794108365117,0.5309811857707215,-1.1176394294103047
248.79999999999998,0.55,0.25,36.45422760146279,-6.152332748751974,0.9508794108365117,0.5309811857707215,-1.1176394294103047
248.83333333333334,0.55,0.25,36.45422760146279,-6.152332748751974,0.9508794108365117,0.5309811857707215,-1.1176394294103047
248.86666666666667,0.55,0.25,36.45422760146279,-6.152332748751974,0.9508794108365117,0.5309811857707215,-1.1176394294103047
248.9,0.55,0.25,36.45422760146279,-6.152332748751974,0.9508794108365117,0.5309811857707215,-1.1176394294103047
248.93333333333334,0.55,0.25,36.45422760146279,-6.152332748751974,0.9508794108365117,0.5309811857707215,-1.1176394294103047
248.96666666666667,0.55,0.25,36.45422760146279,-6.152332748751974,0.9508794108365117,0.5309811857707215,-1.1176394294103047
249.0,0.55,0.25,36.45422760146279,-6.152332748751974,0.9508794108365117,0.5309811857707215,-1.1176394294103047
249.03333333333333,0.55,0.25,36.45422760146279,-6.152332748751974,0.9508794108365117,0.5309811857707215,-1.1176394294103047
249.06666666666666,0.55,0.25,36.45422760146279,-6.152332748751974,0.9508794108365117,0.5309811857707215,-1.1176394294103047
249.1,0.55,0.25,36.45422760146279,-6.152332748751974,0.9508794108365117,0.5309811857707215,-1.1176394294103047
249.13333333333333,0.55,0.25,36.45422760146279,-6.152332748751974,0.9508794108365117,0.5309811857707215,-1.1176394294103047
249.16666666666666,0.55,0.25,36.45422760146279,-6.152332748751974,0.9508794108365117,0.5309811857707215,-1.1176394294103047
249.2,0.55,0.25,36.45422760146279,-6.152332748751974,0.9508794108365117,0.5309811857707215,-1.1176394294103047
249.23333333333332,0.55,0.25,36.45422760146279,-6.152332748751974,0.9508794108365117,0.5309811857707215,-1.1176394294103047
249.26666666666665,0.55,0.25,36.45422760146279,-6.152332748751974,0.9508794108365117,0.5309811857707215,-1.1176394294103047
249.29999999999998,0.55,0.25,36.45422760146279,-6.152332748751974,0.9508794108365117,0.5309811857707215,-1.1176394294103047
249.33333333333334,0.55,0.25,36.45422760146279,-6.152332748751974,0.9508794108365117,0.5309811857707215,-1.1176394294103047
249.36666666666667,0.55,0.25,36.45422760146279,-6.152332748751974,0.9508794108365117,0.5309811857707215,-1.1176394294103047
249.4,0.55,0.25,36.45422760146279,-6.152332748751974,0.9508794108365117,0.5309811857707215,-1.1176394294103047
249.43333333333334,0.55,0.25,36.45422760146279,-6.152332748751974,0.9508794108365117,0.5309811857707215,-1.1176394294103047
249.46666666666667,0.55,0.25,36.45422760146279,-6.152332748751974,0.9508794108365117,0.5309811857707215,-1.1176394294103047
249.5,0.55,0.25,36.45422760146279,-6.152332748751974,0.9508794108365117,0.5309811857707215,-1.1176394294103047
249.53333333333333,0.55,0.25,36.45422760146279,-6.152332748751974,0.9508794108365117,0.5309811857707215,-1.1176394294103047
249.56666666666666,0.55,0.25,36.45422760146279,-6.152332748751974,0.9508794108365117,0.5309811857707215,-1.1176394294103047
249.6,0.55,0.25,36.45422760146279,-6.152332748751974,0.9508794108365117,0.5309811857707215,-1.1176394294103047
249.63333333333333,0.55,0.25,36.45422760146279,-6.152332748751974,0.9508794108365117,0.5309811857707215,-1.1176394294103047
249.66666666666666,0.55,0.25,36.45422760146279,-6.152332748751974,0.9508794108365117,0.5309811857707215,-1.1176394294103047
249.7,0.55,0.25,36.45422760146279,-6.152332748751974,0.9508794108365117,0.5309811857707215,-1.1176394294103047
249.73333333333332,0.55,0.25,36.45422760146279,-6.152332748751974,0.9508794108365117,0.5309811857707215,-1.1176394294103047
249.76666666666665,0.55,0.25,36.45422760146279,-6.152332748751974,0.9508794108365117,0.5309811857707215,-1.1176394294103047
249.79999999999998,0.55,0.25,36.45422760146279,-6.152332748751974,0.9508794108365117,0.5309811857707215,-1.1176394294103047
249.83333333333334,0.55,0.25,36.45422760146279,-6.152332748751974,0.9508794108365117,0.5309811857707215,-1.1176394294103047
249.86666666666667,0.55,0.25,36.45422760146279,-6.152332748751974,0.9508794108365117,0.5309811857707215,-1.1176394294103047
249.9,0.55,0.25,36.45422760146279,-6.152332748751974,0.9508794108365117,0.5309811857707215,-1.1176394294103047
249.93333333333334,0.55,0.25,36.45422760146279,-6.152332748751974,0.9508794108365117,0.5309811857707215,-1.1176394294103047
249.96666666666667,0.55,0.25,36.45422760146279,-6.152332748751974,0.9508794108365117,0.5309811857707215,-1.1176394294103047
250.0,0.55,0.25,36.45422760146279,-6.152332748751974,0.9508794108365117,0.5309811857707215,-1.1176394294103047
250.03333333333333,0.55,0.25,36.45422760146279,-6.152332748751974,0.9508794108365117,0.5309811857707215,-1.1176394294103047
250.06666666666666,0.55,0.25,36.45422760146279,-6.152332748751974,0.9508794108365117,0.5309811857707215,-1.1176394294103047
250.1,0.55,0.25,36.45422760146279,-6.152332748751974,0.9508794108365117,0.5309811857707215,-1.1176394294103047
250.13333333333333,0.55,0.25,36.45422760146279,-6.152332748751974,0.9508794108365117,0.5309811857707215,-1.1176394294103047
250.16666666666666,0.55,0.25,36.45422760146279,-6.152332748751974,0.9508794108365117,0.5309811857707215,-1.1176394294103047
250.2,0.55,0.25,36.45422760146279,-6.152332748751974,0.9508794108365117,0.5309811857707215,-1.1176394294103047
250.23333333333332,0.55,0.25,36.45422760146279,-6.152332748751974,0.9508794108365117,0.5309811857707215,-1.1176394294103047
250.26666666666665,0.55,0.25,36.45422760146279,-6.152332748751974,0.9508794108365117,0.5309811857707215,-1.1176394294103047
250.29999999999998,0.55,0.25,36.45422760146279,-6.152332748751974,0.9508794108365117,0.5309811857707215,-1.1176394294103047
250.33333333333334,0.55,0.25,36.45422760146279,-6.152332748751974,0.9508794108365117,0.5309811857707215,-1.1176394294103047
250.36666666666667,0.55,0.25,36.45422760146279,-6.152332748751974,0.9508794108365117,0.5309811857707215,-1.1176394294103047
250.4,0.55,0.25,36.45422760146279,-6.152332748751974,0.9508794108365117,0.5309811857707215,-1.1176394294103047
250.43333333333334,0.55,0.25,36.45422760146279,-6.152332748751974,0.9508794108365117,0.5309811857707215,-1.1176394294103047
250.46666666666667,0.55,0.25,36.45422760146279,-6.152332748751974,0.9508794108365117,0.5309811857707215,-1.1176394294103047
250.5,0.55,0.25,36.45422760146279,-6.152332748751974,0.9508794108365117,0.5309811857707215,-1.1176394294103047
250.53333333333333,0.55,0.25,36.45422760146279,-6.152332748751974,0.9508794108365117,0.5309811857707215,-1.1176394294103047
250.56666666666666,0.55,0.25,36.45422760146279,-6.152332748751974,0.9508794108365117,0.5309811857707215,-1.1176394294103047
250.6,0.55,0.25,36.45422760146279,-6.152332748751974,0.9508794108365117,0.5309811857707215,-1.1176394294103047
250.63333333333333,0.55,0.25,36.45422760146279,-6.152332748751974,0.9508794108365117,0.5309811857707215,-1.1176394294103047
250.66666666666666,0.55,0.25,36.45422760146279,-6.152332748751974,0.9508794108365117,0.5309811857707215,-1.1176394294103047
250.7,0.55,0.25,36.45422760146279,-6.152332748751974,0.9508794108365117,0.5309811857707215,-1.1176394294103047
250.73333333333332,0.55,0.25,36.45422760146279,-6.152332748751974,0.9508794108365117,0.5309811857707215,-1.1176394294103047
250.76666666666665,0.55,0.25,36.45422760146279,-6.152332748751974,0.9508794108365117,0.5309811857707215,-1.1176394294103047
250.79999999999998,0.55,0.25,36.45422760146279,-6.152332748751974,0.9508794108365117,0.5309811857707215,-1.1176394294103047
250.83333333333334,0.55,0.25,36.45422760146279,-6.152332748751974,0.9508794108365117,0.5309811857707215,-1.1176394294103047
250.86666666666667,0.55,0.25,36.45422760146279,-6.152332748751974,0.9508794108365117,0.5309811857707215,-1.1176394294103047
250.9,0.55,0.25,36.45422760146279,-6.152332748751974,0.9508794108365117,0.5309811857707215,-1.1176394294103047
250.93333333333334,0.55,0.25,36.45422760146279,-6.152332748751974,0.9508794108365117,0.5309811857707215,-1.1176394294103047
250.96666666666667,0.55,0.25,36.45422760146279,-6.152332748751974,0.9508794108365117,0.5309811857707215,-1.1176394294103047
251.0,0.55,0.25,36.45422760146279,-6.152332748751974,0.9508794108365117,0.5309811857707215,-1.1176394294103047
251.03333333333333,0.55,0.25,36.45422760146279,-6.152332748751974,0.9508794108365117,0.5309811857707215,-1.1176394294103047
251.06666666666666,0.55,0.25,36.45422760146279,-6.152332748751974,0.9508794108365117,0.5309811857707215,-1.1176394294103047
251.1,0.55,0.25,36.45422760146279,-6.152332748751974,0.9508794108365117,0.5309811857707215,-1.1176394294103047
251.13333333333333,0.55,0.25,36.45422760146279,-6.152332748751974,0.9508794108365117,0.5309811857707215,-1.1176394294103047
251.16666666666666,0.55,0.25,36.45422760146279,-6.152332748751974,0.9508794108365117,0.5309811857707215,-1.1176394294103047
251.2,0.55,0.25,36.45422760146279,-6.152332748751974,0.9508794108365117,0.5309811857707215,-1.1176394294103047
251.23333333333332,0.55,0.25,36.45422760146279,-6.152332748751974,0.9508794108365117,0.5309811857707215,-1.1176394294103047
251.26666666666665,0.55,0.25,36.45422760146279,-6.152332748751974,0.9508794108365117,0.5309811857707215,-1.1176394294103047
251.29999999999998,0.55,0.25,36.45422760146279,-6.152332748751974,0.9508794108365117,0.5309811857707215,-1.1176394294103047
251.33333333333334,0.55,0.25,36.45422760146279,-6.152332748751974,0.9508794108365117,0.5309811857707215,-1.1176394294103047
251.36666666666667,0.55,0.25,36.45422760146279,-6.152332748751974,0.9508794108365117,0.5309811857707215,-1.1176394294103047
251.4,0.55,0.25,36.45422760146279,-6.152332748751974,0.9508794108365117,0.5309811857707215,-1.1176394294103047
251.43333333333334,0.55,0.25,36.45422760146279,-6.152332748751974,0.9508794108365117,0.5309811857707215,-1.1176394294103047
251.46666666666667,0.55,0.25,36.45422760146279,-6.152332748751974,0.9508794108365117,0.5309811857707215,-1.1176394294103047
251.5,0.55,0.25,36.45422760146279,-6.152332748751974,0.9508794108365117,0.5309811857707215,-1.1176394294103047
251.53333333333333,0.55,0.25,36.45422760146279,-6.152332748751974,0.9508794108365117,0.5309811857707215,-1.1176394294103047
251.56666666666666,0.55,0.25,36.45422760146279,-6.152332748751974,0.9508794108365117,0.5309811857707215,-1.1176394294103047
251.6,0.55,0.25,36.45422760146279,-6.152332748751974,0.9508794108365117,0.5309811857707215,-1.1176394294103047
251.63333333333333,0.55,0.25,36.45422760146279,-6.152332748751974,0.9508794108365117,0.5309811857707215,-1.1176394294103047
251.66666666666666,0.55,0.25,36.45422760146279,-6.152332748751974,0.9508794108365117,0.5309811857707215,-1.1176394294103047
251.7,0.55,0.25,36.45422760146279,-6.152332748751974,0.9508794108365117,0.5309811857707215,-1.1176394294103047
251.73333333333332,0.55,0.25,36.45422760146279,-6.152332748751974,0.9508794108365117,0.5309811857707215,-1.1176394294103047
251.76666666666665,0.55,0.25,36.45422760146279,-6.152332748751974,0.9508794108365117,0.5309811857707215,-1.1176394294103047
251.79999999999998,0.55,0.25,36.45422760146279,-6.152332748751974,0.9508794108365117,0.5309811857707215,-1.1176394294103047
251.83333333333334,0.55,0.25,36.45422760146279,-6.152332748751974,0.9508794108365117,0.5309811857707215,-1.1176394294103047
251.86666666666667,0.55,0.25,36.45422760146279,-6.152332748751974,0.9508794108365117,0.5309811857707215,-1.1176394294103047
251.9,0.55,0.25,36.45422760146279,-6.152332748751974,0.9508794108365117,0.5309811857707215,-1.1176394294103047
251.93333333333334,0.55,0.25,36.45422760146279,-6.152332748751974,0.9508794108365117,0.5309811857707215,-1.1176394294103047
251.96666666666667,0.55,0.25,36.45422760146279,-6.152332748751974,0.9508794108365117,0.5309811857707215,-1.1176394294103047
252.0,0.55,0.25,36.45422760146279,-6.152332748751974,0.9508794108365117,0.5309811857707215,-1.1176394294103047
252.03333333333333,0.55,0.25,36.45422760146279,-6.152332748751974,0.9508794108365117,0.5309811857707215,-1.1176394294103047
252.06666666666666,0.55,0.25,36.45422760146279,-6.152332748751974,0.9508794108365117,0.5309811857707215,-1.1176394294103047
252.1,0.55,0.25,36.45422760146279,-6.152332748751974,0.9508794108365117,0.5309811857707215,-1.1176394294103047
252.13333333333333,0.55,0.25,36.45422760146279,-6.152332748751974,0.9508794108365117,0.5309811857707215,-1.1176394294103047
252.16666666666666,0.55,0.25,36.45422760146279,-6.152332748751974,0.9508794108365117,0.5309811857707215,-1.1176394294103047
252.2,0.55,0.25,36.45422760146279,-6.152332748751974,0.9508794108365117,0.5309811857707215,-1.1176394294103047
252.23333333333332,0.55,0.25,36.45422760146279,-6.152332748751974,0.9508794108365117,0.5309811857707215,-1.1176394294103047
252.26666666666665,0.55,0.25,36.45422760146279,-6.152332748751974,0.9508794108365117,0.5309811857707215,-1.1176394294103047
252.29999999999998,0.55,0.25,36.45422760146279,-6.152332748751974,0.9508794108365117,0.5309811857707215,-1.1176394294103047
252.33333333333334,0.55,0.25,36.45422760146279,-6.152332748751974,0.9508794108365117,0.5309811857707215,-1.1176394294103047
252.36666666666667,0.55,0.25,36.45422760146279,-6.152332748751974,0.9508794108365117,0.5309811857707215,-1.1176394294103047
252.4,0.55,0.25,36.45422760146279,-6.152332748751974,0.9508794108365117,0.5309811857707215,-1.1176394294103047
252.43333333333334,0.55,0.25,36.45422760146279,-6.152332748751974,0.9508794108365117,0.5309811857707215,-1.1176394294103047
252.46666666666667,0.55,0.25,36.45422760146279,-6.152332748751974,0.9508794108365117,0.5309811857707215,-1.1176394294103047
252.5,0.55,0.25,36.45422760146279,-6.152332748751974,0.9508794108365117,0.5309811857707215,-1.1176394294103047
252.53333333333333,0.55,0.25,36.45422760146279,-6.152332748751974,0.9508794108365117,0.5309811857707215,-1.1176394294103047
252.56666666666666,0.55,0.25,36.45422760146279,-6.152332748751974,0.9508794108365117,0.5309811857707215,-1.1176394294103047
252.6,0.55,0.25,36.45422760146279,-6.152332748751974,0.9508794108365117,0.5309811857707215,-1.1176394294103047
252.63333333333333,0.55,0.25,36.45422760146279,-6.152332748751974,0.9508794108365117,0.5309811857707215,-1.1176394294103047
252.66666666666666,0.55,0.25,36.45422760146279,-6.152332748751974,0.9508794108365117,0.5309811857707215,-1.1176394294103047
252.7,0.55,0.25,36.45422760146279,-6.152332748751974,0.9508794108365117,0.5309811857707215,-1.1176394294103047
252.73333333333332,0.55,0.25,36.45422760146279,-6.152332748751974,0.9508794108365117,0.5309811857707215,-1.1176394294103047
252.76666666666665,0.55,0.25,36.45422760146279,-6.152332748751974,0.9508794108365117,0.5309811857707215,-1.1176394294103047
252.79999999999998,0.55,0.25,36.45422760146279,-6.152332748751974,0.9508794108365117,0.5309811857707215,-1.1176394294103047
252.83333333333334,0.55,0.25,36.45422760146279,-6.152332748751974,0.9508794108365117,0.5309811857707215,-1.1176394294103047
252.86666666666667,0.55,0.25,36.45422760146279,-6.152332748751974,0.9508794108365117,0.5309811857707215,-1.1176394294103047
252.9,0.55,0.25,36.45422760146279,-6.152332748751974,0.9508794108365117,0.5309811857707215,-1.1176394294103047
252.93333333333334,0.55,0.25,36.45422760146279,-6.152332748751974,0.9508794108365117,0.5309811857707215,-1.1176394294103047
252.96666666666667,0.55,0.25,36.45422760146279,-6.152332748751974,0.9508794108365117,0.5309811857707215,-1.1176394294103047
253.0,0.55,0.25,36.45422760146279,-6.152332748751974,0.9508794108365117,0.5309811857707215,-1.1176394294103047
253.03333333333333,0.55,0.25,36.45422760146279,-6.152332748751974,0.9508794108365117,0.5309811857707215,-1.1176394294103047
253.06666666666666,0.55,0.25,36.45422760146279,-6.152332748751974,0.9508794108365117,0.5309811857707215,-1.1176394294103047
253.1,0.55,0.25,36.45422760146279,-6.152332748751974,0.9508794108365117,0.5309811857707215,-1.1176394294103047
253.13333333333333,0.55,0.25,36.45422760146279,-6.152332748751974,0.9508794108365117,0.5309811857707215,-1.1176394294103047
253.16666666666666,0.55,0.25,36.45422760146279,-6.152332748751974,0.9508794108365117,0.5309811857707215,-1.1176394294103047
253.2,0.55,0.25,36.45422760146279,-6.152332748751974,0.9508794108365117,0.5309811857707215,-1.1176394294103047
253.23333333333332,0.55,0.25,36.45422760146279,-6.152332748751974,0.9508794108365117,0.5309811857707215,-1.1176394294103047
253.26666666666665,0.55,0.25,36.45422760146279,-6.152332748751974,0.9508794108365117,0.5309811857707215,-1.1176394294103047
253.29999999999998,0.55,0.25,36.45422760146279,-6.152332748751974,0.9508794108365117,0.5309811857707215,-1.1176394294103047
253.33333333333334,0.55,0.25,36.45422760146279,-6.152332748751974,0.9508794108365117,0.5309811857707215,-1.1176394294103047
253.36666666666667,0.55,0.25,36.45422760146279,-6.152332748751974,0.9508794108365117,0.5309811857707215,-1.1176394294103047
253.4,0.55,0.25,36.45422760146279,-6.152332748751974,0.9508794108365117,0.5309811857707215,-1.1176394294103047
253.43333333333334,0.55,0.25,36.45422760146279,-6.152332748751974,0.9508794108365117,0.5309811857707215,-1.1176394294103047
253.46666666666667,0.55,0.25,36.45422760146279,-6.152332748751974,0.9508794108365117,0.5309811857707215,-1.1176394294103047
253.5,0.55,0.25,36.45422760146279,-6.152332748751974,0.9508794108365117,0.5309811857707215,-1.1176394294103047
253.53333333333333,0.55,0.25,36.45422760146279,-6.152332748751974,0.9508794108365117,0.5309811857707215,-1.1176394294103047
253.56666666666666,0.55,0.25,36.45422760146279,-6.152332748751974,0.9508794108365117,0.5309811857707215,-1.1176394294103047
253.6,0.55,0.25,36.45422760146279,-6.152332748751974,0.9508794108365117,0.5309811857707215,-1.1176394294103047
253.63333333333333,0.55,0.25,36.45422760146279,-6.152332748751974,0.9508794108365117,0.5309811857707215,-1.1176394294103047
253.66666666666666,0.55,0.25,36.45422760146279,-6.152332748751974,0.9508794108365117,0.5309811857707215,-1.1176394294103047
253.7,0.55,0.25,36.45422760146279,-6.152332748751974,0.9508794108365117,0.5309811857707215,-1.1176394294103047
253.73333333333332,0.55,0.25,36.45422760146279,-6.152332748751974,0.9508794108365117,0.5309811857707215,-1.1176394294103047
253.76666666666665,0.55,0.25,36.45422760146279,-6.152332748751974,0.9508794108365117,0.5309811857707215,-1.1176394294103047
253.79999999999998,0.55,0.25,36.45422760146279,-6.152332748751974,0.9508794108365117,0.5309811857707215,-1.1176394294103047
253.83333333333334,0.55,0.25,36.45422760146279,-6.152332748751974,0.9508794108365117,0.5309811857707215,-1.1176394294103047
253.86666666666667,0.55,0.25,36.45422760146279,-6.152332748751974,0.9508794108365117,0.5309811857707215,-1.1176394294103047
253.9,0.55,0.25,36.45422760146279,-6.152332748751974,0.9508794108365117,0.5309811857707215,-1.1176394294103047
253.93333333333334,0.55,0.25,36.45422760146279,-6.152332748751974,0.9508794108365117,0.5309811857707215,-1.1176394294103047
253.96666666666667,0.55,0.25,36.45422760146279,-6.152332748751974,0.9508794108365117,0.5309811857707215,-1.1176394294103047
254.0,0.55,0.25,36.45422760146279,-6.152332748751974,0.9508794108365117,0.5309811857707215,-1.1176394294103047
254.03333333333333,0.55,0.25,36.45422760146279,-6.152332748751974,0.9508794108365117,0.5309811857707215,-1.1176394294103047
254.06666666666666,0.55,0.25,36.45422760146279,-6.152332748751974,0.9508794108365117,0.5309811857707215,-1.1176394294103047
254.1,0.55,0.25,36.45422760146279,-6.152332748751974,0.9508794108365117,0.5309811857707215,-1.1176394294103047
254.13333333333333,0.55,0.25,36.45422760146279,-6.152332748751974,0.9508794108365117,0.5309811857707215,-1.1176394294103047
254.16666666666666,0.55,0.25,36.45422760146279,-6.152332748751974,0.9508794108365117,0.5309811857707215,-1.1176394294103047
254.2,0.55,0.25,36.45422760146279,-6.152332748751974,0.9508794108365117,0.5309811857707215,-1.1176394294103047
254.23333333333332,0.55,0.25,36.45422760146279,-6.152332748751974,0.9508794108365117,0.5309811857707215,-1.1176394294103047
254.26666666666665,0.55,0.25,36.45422760146279,-6.152332748751974,0.9508794108365117,0.5309811857707215,-1.1176394294103047
254.29999999999998,0.55,0.25,36.45422760146279,-6.152332748751974,0.9508794108365117,0.5309811857707215,-1.1176394294103047
254.33333333333334,0.55,0.25,36.45422760146279,-6.152332748751974,0.9508794108365117,0.5309811857707215,-1.1176394294103047
254.36666666666667,0.55,0.25,36.45422760146279,-6.152332748751974,0.9508794108365117,0.5309811857707215,-1.1176394294103047
254.4,0.55,0.25,36.45422760146279,-6.152332748751974,0.9508794108365117,0.5309811857707215,-1.1176394294103047
254.43333333333334,0.55,0.25,36.45422760146279,-6.152332748751974,0.9508794108365117,0.5309811857707215,-1.1176394294103047
254.46666666666667,0.55,0.25,36.45422760146279,-6.152332748751974,0.9508794108365117,0.5309811857707215,-1.1176394294103047
254.5,0.55,0.25,36.45422760146279,-6.152332748751974,0.9508794108365117,0.5309811857707215,-1.1176394294103047
254.53333333333333,0.55,0.25,36.45422760146279,-6.152332748751974,0.9508794108365117,0.5309811857707215,-1.1176394294103047
254.56666666666666,0.55,0.25,36.45422760146279,-6.152332748751974,0.9508794108365117,0.5309811857707215,-1.1176394294103047
254.6,0.55,0.25,36.45422760146279,-6.152332748751974,0.9508794108365117,0.5309811857707215,-1.1176394294103047
254.63333333333333,0.55,0.25,36.45422760146279,-6.152332748751974,0.9508794108365117,0.5309811857707215,-1.1176394294103047
254.66666666666666,0.55,0.25,36.45422760146279,-6.152332748751974,0.9508794108365117,0.5309811857707215,-1.1176394294103047
254.7,0.55,0.25,36.45422760146279,-6.152332748751974,0.9508794108365117,0.5309811857707215,-1.1176394294103047
254.73333333333332,0.55,0.25,36.45422760146279,-6.152332748751974,0.9508794108365117,0.5309811857707215,-1.1176394294103047
254.76666666666665,0.55,0.25,36.45422760146279,-6.152332748751974,0.9508794108365117,0.5309811857707215,-1.1176394294103047
254.79999999999998,0.55,0.25,36.45422760146279,-6.152332748751974,0.9508794108365117,0.5309811857707215,-1.1176394294103047
254.83333333333334,0.55,0.25,36.45422760146279,-6.152332748751974,0.9508794108365117,0.5309811857707215,-1.1176394294103047
254.86666666666667,0.55,0.25,36.45422760146279,-6.152332748751974,0.9508794108365117,0.5309811857707215,-1.1176394294103047
254.9,0.55,0.25,36.45422760146279,-6.152332748751974,0.9508794108365117,0.5309811857707215,-1.1176394294103047
254.93333333333334,0.55,0.25,36.45422760146279,-6.152332748751974,0.9508794108365117,0.5309811857707215,-1.1176394294103047
254.96666666666667,0.55,0.25,36.45422760146279,-6.152332748751974,0.9508794108365117,0.5309811857707215,-1.1176394294103047
255.0,0.55,0.25,36.45422760146279,-6.152332748751974,0.9508794108365117,0.5309811857707215,-1.1176394294103047
255.03333333333333,0.55,0.25,36.45422760146279,-6.152332748751974,0.9508794108365117,0.5309811857707215,-1.1176394294103047
255.06666666666666,0.55,0.25,36.45422760146279,-6.152332748751974,0.9508794108365117,0.5309811857707215,-1.1176394294103047
255.1,0.55,0.25,36.45422760146279,-6.152332748751974,0.9508794108365117,0.5309811857707215,-1.1176394294103047
255.13333333333333,0.55,0.25,36.45422760146279,-6.152332748751974,0.9508794108365117,0.5309811857707215,-1.1176394294103047
255.16666666666666,0.55,0.25,36.45422760146279,-6.152332748751974,0.9508794108365117,0.5309811857707215,-1.1176394294103047
255.2,0.55,0.25,36.45422760146279,-6.152332748751974,0.9508794108365117,0.5309811857707215,-1.1176394294103047
255.23333333333332,0.55,0.25,36.45422760146279,-6.152332748751974,0.9508794108365117,0.5309811857707215,-1.1176394294103047
255.26666666666665,0.55,0.25,36.45422760146279,-6.152332748751974,0.9508794108365117,0.5309811857707215,-1.1176394294103047
255.29999999999998,0.55,0.25,36.45422760146279,-6.152332748751974,0.9508794108365117,0.5309811857707215,-1.1176394294103047
255.33333333333334,0.55,0.25,36.45422760146279,-6.152332748751974,0.9508794108365117,0.5309811857707215,-1.1176394294103047
255.36666666666667,0.55,0.25,36.45422760146279,-6.152332748751974,0.9508794108365117,0.5309811857707215,-1.1176394294103047
255.4,0.55,0.25,36.45422760146279,-6.152332748751974,0.9508794108365117,0.5309811857707215,-1.1176394294103047
255.43333333333334,0.55,0.25,36.45422760146279,-6.152332748751974,0.9508794108365117,0.5309811857707215,-1.1176394294103047
255.46666666666667,0.55,0.25,36.45422760146279,-6.152332748751974,0.9508794108365117,0.5309811857707215,-1.1176394294103047
255.5,0.55,0.25,36.45422760146279,-6.152332748751974,0.9508794108365117,0.5309811857707215,-1.1176394294103047
255.53333333333333,0.55,0.25,36.45422760146279,-6.152332748751974,0.9508794108365117,0.5309811857707215,-1.1176394294103047
255.56666666666666,0.55,0.25,36.45422760146279,-6.152332748751974,0.9508794108365117,0.5309811857707215,-1.1176394294103047
255.6,0.55,0.25,36.45422760146279,-6.152332748751974,0.9508794108365117,0.5309811857707215,-1.1176394294103047
255.63333333333333,0.55,0.25,36.45422760146279,-6.152332748751974,0.9508794108365117,0.5309811857707215,-1.1176394294103047
255.66666666666666,0.55,0.25,36.45422760146279,-6.152332748751974,0.9508794108365117,0.5309811857707215,-1.1176394294103047
255.7,0.55,0.25,36.45422760146279,-6.152332748751974,0.9508794108365117,0.5309811857707215,-1.1176394294103047
255.73333333333332,0.55,0.25,36.45422760146279,-6.152332748751974,0.9508794108365117,0.5309811857707215,-1.1176394294103047
255.76666666666665,0.55,0.25,36.45422760146279,-6.152332748751974,0.9508794108365117,0.5309811857707215,-1.1176394294103047
255.79999999999998,0.55,0.25,36.45422760146279,-6.152332748751974,0.9508794108365117,0.5309811857707215,-1.1176394294103047
255.83333333333334,0.55,0.25,36.45422760146279,-6.152332748751974,0.9508794108365117,0.5309811857707215,-1.1176394294103047
255.86666666666667,0.55,0.25,36.45422760146279,-6.152332748751974,0.9508794108365117,0.5309811857707215,-1.1176394294103047
255.9,0.55,0.25,36.45422760146279,-6.152332748751974,0.9508794108365117,0.5309811857707215,-1.1176394294103047
255.93333333333334,0.55,0.25,36.45422760146279,-6.152332748751974,0.9508794108365117,0.5309811857707215,-1.1176394294103047
255.96666666666667,0.55,0.25,36.45422760146279,-6.152332748751974,0.9508794108365117,0.5309811857707215,-1.1176394294103047
256.0,0.55,0.25,36.45422760146279,-6.152332748751974,0.9508794108365117,0.5309811857707215,-1.1176394294103047
256.0333333333333,0.55,0.25,36.45422760146279,-6.152332748751974,0.9508794108365117,0.5309811857707215,-1.1176394294103047
256.06666666666666,0.55,0.25,36.45422760146279,-6.152332748751974,0.9508794108365117,0.5309811857707215,-1.1176394294103047
256.1,0.55,0.25,36.45422760146279,-6.152332748751974,0.9508794108365117,0.5309811857707215,-1.1176394294103047
256.1333333333333,0.55,0.25,36.45422760146279,-6.152332748751974,0.9508794108365117,0.5309811857707215,-1.1176394294103047
256.1666666666667,0.55,0.25,36.45422760146279,-6.152332748751974,0.9508794108365117,0.5309811857707215,-1.1176394294103047
256.2,0.55,0.25,36.45422760146279,-6.152332748751974,0.9508794108365117,0.5309811857707215,-1.1176394294103047
256.23333333333335,0.55,0.25,36.45422760146279,-6.152332748751974,0.9508794108365117,0.5309811857707215,-1.1176394294103047
256.26666666666665,0.55,0.25,36.45422760146279,-6.152332748751974,0.9508794108365117,0.5309811857707215,-1.1176394294103047
256.3,0.55,0.25,36.45422760146279,-6.152332748751974,0.9508794108365117,0.5309811857707215,-1.1176394294103047
256.3333333333333,0.55,0.25,36.45422760146279,-6.152332748751974,0.9508794108365117,0.5309811857707215,-1.1176394294103047
256.3666666666667,0.55,0.25,36.45422760146279,-6.152332748751974,0.9508794108365117,0.5309811857707215,-1.1176394294103047
256.4,0.55,0.25,36.45422760146279,-6.152332748751974,0.9508794108365117,0.5309811857707215,-1.1176394294103047
256.43333333333334,0.55,0.25,36.45422760146279,-6.152332748751974,0.9508794108365117,0.5309811857707215,-1.1176394294103047
256.46666666666664,0.55,0.25,36.45422760146279,-6.152332748751974,0.9508794108365117,0.5309811857707215,-1.1176394294103047
256.5,0.55,0.25,36.45422760146279,-6.152332748751974,0.9508794108365117,0.5309811857707215,-1.1176394294103047
256.5333333333333,0.55,0.25,36.45422760146279,-6.152332748751974,0.9508794108365117,0.5309811857707215,-1.1176394294103047
256.56666666666666,0.55,0.25,36.45422760146279,-6.152332748751974,0.9508794108365117,0.5309811857707215,-1.1176394294103047
256.6,0.55,0.25,36.45422760146279,-6.152332748751974,0.9508794108365117,0.5309811857707215,-1.1176394294103047
256.6333333333333,0.55,0.25,36.45422760146279,-6.152332748751974,0.9508794108365117,0.5309811857707215,-1.1176394294103047
256.6666666666667,0.55,0.25,36.45422760146279,-6.152332748751974,0.9508794108365117,0.5309811857707215,-1.1176394294103047
256.7,0.55,0.25,36.45422760146279,-6.152332748751974,0.9508794108365117,0.5309811857707215,-1.1176394294103047
256.73333333333335,0.55,0.25,36.45422760146279,-6.152332748751974,0.9508794108365117,0.5309811857707215,-1.1176394294103047
256.76666666666665,0.55,0.25,36.45422760146279,-6.152332748751974,0.9508794108365117,0.5309811857707215,-1.1176394294103047
256.8,0.55,0.25,36.45422760146279,-6.152332748751974,0.9508794108365117,0.5309811857707215,-1.1176394294103047
256.8333333333333,0.55,0.25,36.45422760146279,-6.152332748751974,0.9508794108365117,0.5309811857707215,-1.1176394294103047
256.8666666666667,0.55,0.25,36.45422760146279,-6.152332748751974,0.9508794108365117,0.5309811857707215,-1.1176394294103047
256.9,0.55,0.25,36.45422760146279,-6.152332748751974,0.9508794108365117,0.5309811857707215,-1.1176394294103047
256.93333333333334,0.55,0.25,36.45422760146279,-6.152332748751974,0.9508794108365117,0.5309811857707215,-1.1176394294103047
256.96666666666664,0.55,0.25,36.45422760146279,-6.152332748751974,0.9508794108365117,0.5309811857707215,-1.1176394294103047
257.0,0.55,0.25,36.45422760146279,-6.152332748751974,0.9508794108365117,0.5309811857707215,-1.1176394294103047
257.0333333333333,0.55,0.25,36.45422760146279,-6.152332748751974,0.9508794108365117,0.5309811857707215,-1.1176394294103047
257.06666666666666,0.55,0.25,36.45422760146279,-6.152332748751974,0.9508794108365117,0.5309811857707215,-1.1176394294103047
257.1,0.55,0.25,36.45422760146279,-6.152332748751974,0.9508794108365117,0.5309811857707215,-1.1176394294103047
257.1333333333333,0.55,0.25,36.45422760146279,-6.152332748751974,0.9508794108365117,0.5309811857707215,-1.1176394294103047
257.1666666666667,0.55,0.25,36.45422760146279,-6.152332748751974,0.9508794108365117,0.5309811857707215,-1.1176394294103047
257.2,0.55,0.25,36.45422760146279,-6.152332748751974,0.9508794108365117,0.5309811857707215,-1.1176394294103047
257.23333333333335,0.55,0.25,36.45422760146279,-6.152332748751974,0.9508794108365117,0.5309811857707215,-1.1176394294103047
257.26666666666665,0.55,0.25,36.45422760146279,-6.152332748751974,0.9508794108365117,0.5309811857707215,-1.1176394294103047
257.3,0.55,0.25,36.45422760146279,-6.152332748751974,0.9508794108365117,0.5309811857707215,-1.1176394294103047
257.3333333333333,0.55,0.25,36.45422760146279,-6.152332748751974,0.9508794108365117,0.5309811857707215,-1.1176394294103047
257.3666666666667,0.55,0.25,36.45422760146279,-6.152332748751974,0.9508794108365117,0.5309811857707215,-1.1176394294103047
257.4,0.55,0.25,36.45422760146279,-6.152332748751974,0.9508794108365117,0.5309811857707215,-1.1176394294103047
257.43333333333334,0.55,0.25,36.45422760146279,-6.152332748751974,0.9508794108365117,0.5309811857707215,-1.1176394294103047
257.46666666666664,0.55,0.25,36.45422760146279,-6.152332748751974,0.9508794108365117,0.5309811857707215,-1.1176394294103047
257.5,0.55,0.25,36.45422760146279,-6.152332748751974,0.9508794108365117,0.5309811857707215,-1.1176394294103047
257.5333333333333,0.55,0.25,36.45422760146279,-6.152332748751974,0.9508794108365117,0.5309811857707215,-1.1176394294103047
257.56666666666666,0.55,0.25,36.45422760146279,-6.152332748751974,0.9508794108365117,0.5309811857707215,-1.1176394294103047
257.6,0.55,0.25,36.45422760146279,-6.152332748751974,0.9508794108365117,0.5309811857707215,-1.1176394294103047
257.6333333333333,0.55,0.25,36.45422760146279,-6.152332748751974,0.9508794108365117,0.5309811857707215,-1.1176394294103047
257.6666666666667,0.55,0.25,36.45422760146279,-6.152332748751974,0.9508794108365117,0.5309811857707215,-1.1176394294103047
257.7,0.55,0.25,36.45422760146279,-6.152332748751974,0.9508794108365117,0.5309811857707215,-1.1176394294103047
257.73333333333335,0.55,0.25,36.45422760146279,-6.152332748751974,0.9508794108365117,0.5309811857707215,-1.1176394294103047
257.76666666666665,0.55,0.25,36.45422760146279,-6.152332748751974,0.9508794108365117,0.5309811857707215,-1.1176394294103047
257.8,0.55,0.25,36.45422760146279,-6.152332748751974,0.9508794108365117,0.5309811857707215,-1.1176394294103047
257.8333333333333,0.55,0.25,36.45422760146279,-6.152332748751974,0.9508794108365117,0.5309811857707215,-1.1176394294103047
257.8666666666667,0.55,0.25,36.45422760146279,-6.152332748751974,0.9508794108365117,0.5309811857707215,-1.1176394294103047
257.9,0.55,0.25,36.45422760146279,-6.152332748751974,0.9508794108365117,0.5309811857707215,-1.1176394294103047
257.93333333333334,0.55,0.25,36.45422760146279,-6.152332748751974,0.9508794108365117,0.5309811857707215,-1.1176394294103047
257.96666666666664,0.55,0.25,36.45422760146279,-6.152332748751974,0.9508794108365117,0.5309811857707215,-1.1176394294103047
258.0,0.55,0.25,36.45422760146279,-6.152332748751974,0.9508794108365117,0.5309811857707215,-1.1176394294103047
258.0333333333333,0.55,0.25,36.45422760146279,-6.152332748751974,0.9508794108365117,0.5309811857707215,-1.1176394294103047
258.06666666666666,0.55,0.25,36.45422760146279,-6.152332748751974,0.9508794108365117,0.5309811857707215,-1.1176394294103047
258.1,0.55,0.25,36.45422760146279,-6.152332748751974,0.9508794108365117,0.5309811857707215,-1.1176394294103047
258.1333333333333,0.55,0.25,36.45422760146279,-6.152332748751974,0.9508794108365117,0.5309811857707215,-1.1176394294103047
258.1666666666667,0.55,0.25,36.45422760146279,-6.152332748751974,0.9508794108365117,0.5309811857707215,-1.1176394294103047
258.2,0.55,0.25,36.45422760146279,-6.152332748751974,0.9508794108365117,0.5309811857707215,-1.1176394294103047
258.23333333333335,0.55,0.25,36.45422760146279,-6.152332748751974,0.9508794108365117,0.5309811857707215,-1.1176394294103047
258.26666666666665,0.55,0.25,36.45422760146279,-6.152332748751974,0.9508794108365117,0.5309811857707215,-1.1176394294103047
258.3,0.55,0.25,36.45422760146279,-6.152332748751974,0.9508794108365117,0.5309811857707215,-1.1176394294103047
258.3333333333333,0.55,0.25,36.45422760146279,-6.152332748751974,0.9508794108365117,0.5309811857707215,-1.1176394294103047
258.3666666666667,0.55,0.25,36.45422760146279,-6.152332748751974,0.9508794108365117,0.5309811857707215,-1.1176394294103047
258.4,0.55,0.25,36.45422760146279,-6.152332748751974,0.9508794108365117,0.5309811857707215,-1.1176394294103047
258.43333333333334,0.55,0.25,36.45422760146279,-6.152332748751974,0.9508794108365117,0.5309811857707215,-1.1176394294103047
258.46666666666664,0.55,0.25,36.45422760146279,-6.152332748751974,0.9508794108365117,0.5309811857707215,-1.1176394294103047
258.5,0.55,0.25,36.45422760146279,-6.152332748751974,0.9508794108365117,0.5309811857707215,-1.1176394294103047
258.5333333333333,0.55,0.25,36.45422760146279,-6.152332748751974,0.9508794108365117,0.5309811857707215,-1.1176394294103047
258.56666666666666,0.55,0.25,36.45422760146279,-6.152332748751974,0.9508794108365117,0.5309811857707215,-1.1176394294103047
258.6,0.55,0.25,36.45422760146279,-6.152332748751974,0.9508794108365117,0.5309811857707215,-1.1176394294103047
258.6333333333333,0.55,0.25,36.45422760146279,-6.152332748751974,0.9508794108365117,0.5309811857707215,-1.1176394294103047
258.6666666666667,0.55,0.25,36.45422760146279,-6.152332748751974,0.9508794108365117,0.5309811857707215,-1.1176394294103047
258.7,0.55,0.25,36.45422760146279,-6.152332748751974,0.9508794108365117,0.5309811857707215,-1.1176394294103047
258.73333333333335,0.55,0.25,36.45422760146279,-6.152332748751974,0.9508794108365117,0.5309811857707215,-1.1176394294103047
258.76666666666665,0.55,0.25,36.45422760146279,-6.152332748751974,0.9508794108365117,0.5309811857707215,-1.1176394294103047
258.8,0.55,0.25,36.45422760146279,-6.152332748751974,0.9508794108365117,0.5309811857707215,-1.1176394294103047
258.8333333333333,0.55,0.25,36.45422760146279,-6.152332748751974,0.9508794108365117,0.5309811857707215,-1.1176394294103047
258.8666666666667,0.55,0.25,36.45422760146279,-6.152332748751974,0.9508794108365117,0.5309811857707215,-1.1176394294103047
258.9,0.55,0.25,36.45422760146279,-6.152332748751974,0.9508794108365117,0.5309811857707215,-1.1176394294103047
258.93333333333334,0.55,0.25,36.45422760146279,-6.152332748751974,0.9508794108365117,0.5309811857707215,-1.1176394294103047
258.96666666666664,0.55,0.25,36.45422760146279,-6.152332748751974,0.9508794108365117,0.5309811857707215,-1.1176394294103047
259.0,0.55,0.25,36.45422760146279,-6.152332748751974,0.9508794108365117,0.5309811857707215,-1.1176394294103047
259.0333333333333,0.55,0.25,36.45422760146279,-6.152332748751974,0.9508794108365117,0.5309811857707215,-1.1176394294103047
259.06666666666666,0.55,0.25,36.45422760146279,-6.152332748751974,0.9508794108365117,0.5309811857707215,-1.1176394294103047
259.1,0.55,0.25,36.45422760146279,-6.152332748751974,0.9508794108365117,0.5309811857707215,-1.1176394294103047
259.1333333333333,0.55,0.25,36.45422760146279,-6.152332748751974,0.9508794108365117,0.5309811857707215,-1.1176394294103047
259.1666666666667,0.55,0.25,36.45422760146279,-6.152332748751974,0.9508794108365117,0.5309811857707215,-1.1176394294103047
259.2,0.55,0.25,36.45422760146279,-6.152332748751974,0.9508794108365117,0.5309811857707215,-1.1176394294103047
259.23333333333335,0.55,0.25,36.45422760146279,-6.152332748751974,0.9508794108365117,0.5309811857707215,-1.1176394294103047
259.26666666666665,0.55,0.25,36.45422760146279,-6.152332748751974,0.9508794108365117,0.5309811857707215,-1.1176394294103047
259.3,0.55,0.25,36.45422760146279,-6.152332748751974,0.9508794108365117,0.5309811857707215,-1.1176394294103047
259.3333333333333,0.55,0.25,36.45422760146279,-6.152332748751974,0.9508794108365117,0.5309811857707215,-1.1176394294103047
259.3666666666667,0.55,0.25,36.45422760146279,-6.152332748751974,0.9508794108365117,0.5309811857707215,-1.1176394294103047
259.4,0.55,0.25,36.45422760146279,-6.152332748751974,0.9508794108365117,0.5309811857707215,-1.1176394294103047
259.43333333333334,0.55,0.25,36.45422760146279,-6.152332748751974,0.9508794108365117,0.5309811857707215,-1.1176394294103047
259.46666666666664,0.55,0.25,36.45422760146279,-6.152332748751974,0.9508794108365117,0.5309811857707215,-1.1176394294103047
259.5,0.55,0.25,36.45422760146279,-6.152332748751974,0.9508794108365117,0.5309811857707215,-1.1176394294103047
259.5333333333333,0.55,0.25,36.45422760146279,-6.152332748751974,0.9508794108365117,0.5309811857707215,-1.1176394294103047
259.56666666666666,0.55,0.25,36.45422760146279,-6.152332748751974,0.9508794108365117,0.5309811857707215,-1.1176394294103047
259.6,0.55,0.25,36.45422760146279,-6.152332748751974,0.9508794108365117,0.5309811857707215,-1.1176394294103047
259.6333333333333,0.55,0.25,36.45422760146279,-6.152332748751974,0.9508794108365117,0.5309811857707215,-1.1176394294103047
259.6666666666667,0.55,0.25,36.45422760146279,-6.152332748751974,0.9508794108365117,0.5309811857707215,-1.1176394294103047
259.7,0.55,0.25,36.45422760146279,-6.152332748751974,0.9508794108365117,0.5309811857707215,-1.1176394294103047
259.73333333333335,0.55,0.25,36.45422760146279,-6.152332748751974,0.9508794108365117,0.5309811857707215,-1.1176394294103047
259.76666666666665,0.55,0.25,36.45422760146279,-6.152332748751974,0.9508794108365117,0.5309811857707215,-1.1176394294103047
259.8,0.55,0.25,36.45422760146279,-6.152332748751974,0.9508794108365117,0.5309811857707215,-1.1176394294103047
259.8333333333333,0.55,0.25,36.45422760146279,-6.152332748751974,0.9508794108365117,0.5309811857707215,-1.1176394294103047
259.8666666666667,0.55,0.25,36.45422760146279,-6.152332748751974,0.9508794108365117,0.5309811857707215,-1.1176394294103047
259.9,0.55,0.25,36.45422760146279,-6.152332748751974,0.9508794108365117,0.5309811857707215,-1.1176394294103047
259.93333333333334,0.55,0.25,36.45422760146279,-6.152332748751974,0.9508794108365117,0.5309811857707215,-1.1176394294103047
259.96666666666664,0.55,0.25,36.45422760146279,-6.152332748751974,0.9508794108365117,0.5309811857707215,-1.1176394294103047
260.0,0.55,0.25,36.45422760146279,-6.152332748751974,0.9508794108365117,0.5309811857707215,-1.1176394294103047
260.0333333333333,0.55,0.25,36.45422760146279,-6.152332748751974,0.9508794108365117,0.5309811857707215,-1.1176394294103047
260.06666666666666,0.55,0.25,36.45422760146279,-6.152332748751974,0.9508794108365117,0.5309811857707215,-1.1176394294103047
260.1,0.55,0.25,36.45422760146279,-6.152332748751974,0.9508794108365117,0.5309811857707215,-1.1176394294103047
260.1333333333333,0.55,0.25,36.45422760146279,-6.152332748751974,0.9508794108365117,0.5309811857707215,-1.1176394294103047
260.1666666666667,0.55,0.25,36.45422760146279,-6.152332748751974,0.9508794108365117,0.5309811857707215,-1.1176394294103047
260.2,0.55,0.25,36.45422760146279,-6.152332748751974,0.9508794108365117,0.5309811857707215,-1.1176394294103047
260.23333333333335,0.55,0.25,36.45422760146279,-6.152332748751974,0.9508794108365117,0.5309811857707215,-1.1176394294103047
260.26666666666665,0.55,0.25,36.45422760146279,-6.152332748751974,0.9508794108365117,0.5309811857707215,-1.1176394294103047
260.3,0.55,0.25,36.45422760146279,-6.152332748751974,0.9508794108365117,0.5309811857707215,-1.1176394294103047
260.3333333333333,0.55,0.25,36.45422760146279,-6.152332748751974,0.9508794108365117,0.5309811857707215,-1.1176394294103047
260.3666666666667,0.55,0.25,36.45422760146279,-6.152332748751974,0.9508794108365117,0.5309811857707215,-1.1176394294103047
260.4,0.55,0.25,36.45422760146279,-6.152332748751974,0.9508794108365117,0.5309811857707215,-1.1176394294103047
260.43333333333334,0.55,0.25,36.45422760146279,-6.152332748751974,0.9508794108365117,0.5309811857707215,-1.1176394294103047
260.46666666666664,0.55,0.25,36.45422760146279,-6.152332748751974,0.9508794108365117,0.5309811857707215,-1.1176394294103047
260.5,0.55,0.25,36.45422760146279,-6.152332748751974,0.9508794108365117,0.5309811857707215,-1.1176394294103047
260.5333333333333,0.55,0.25,36.45422760146279,-6.152332748751974,0.9508794108365117,0.5309811857707215,-1.1176394294103047
260.56666666666666,0.55,0.25,36.45422760146279,-6.152332748751974,0.9508794108365117,0.5309811857707215,-1.1176394294103047
260.6,0.55,0.25,36.45422760146279,-6.152332748751974,0.9508794108365117,0.5309811857707215,-1.1176394294103047
260.6333333333333,0.55,0.25,36.45422760146279,-6.152332748751974,0.9508794108365117,0.5309811857707215,-1.1176394294103047
260.6666666666667,0.55,0.25,36.45422760146279,-6.152332748751974,0.9508794108365117,0.5309811857707215,-1.1176394294103047
260.7,0.55,0.25,36.45422760146279,-6.152332748751974,0.9508794108365117,0.5309811857707215,-1.1176394294103047
260.73333333333335,0.55,0.25,36.45422760146279,-6.152332748751974,0.9508794108365117,0.5309811857707215,-1.1176394294103047
260.76666666666665,0.55,0.25,36.45422760146279,-6.152332748751974,0.9508794108365117,0.5309811857707215,-1.1176394294103047
260.8,0.55,0.25,36.45422760146279,-6.152332748751974,0.9508794108365117,0.5309811857707215,-1.1176394294103047
260.8333333333333,0.55,0.25,36.45422760146279,-6.152332748751974,0.9508794108365117,0.5309811857707215,-1.1176394294103047
260.8666666666667,0.55,0.25,36.45422760146279,-6.152332748751974,0.9508794108365117,0.5309811857707215,-1.1176394294103047
260.9,0.55,0.25,36.45422760146279,-6.152332748751974,0.9508794108365117,0.5309811857707215,-1.1176394294103047
260.93333333333334,0.55,0.25,36.45422760146279,-6.152332748751974,0.9508794108365117,0.5309811857707215,-1.1176394294103047
260.96666666666664,0.55,0.25,36.45422760146279,-6.152332748751974,0.9508794108365117,0.5309811857707215,-1.1176394294103047
261.0,0.55,0.25,36.45422760146279,-6.152332748751974,0.9508794108365117,0.5309811857707215,-1.1176394294103047
261.0333333333333,0.55,0.25,36.45422760146279,-6.152332748751974,0.9508794108365117,0.5309811857707215,-1.1176394294103047
261.06666666666666,0.55,0.25,36.45422760146279,-6.152332748751974,0.9508794108365117,0.5309811857707215,-1.1176394294103047
261.1,0.55,0.25,36.45422760146279,-6.152332748751974,0.9508794108365117,0.5309811857707215,-1.1176394294103047
261.1333333333333,0.55,0.25,36.45422760146279,-6.152332748751974,0.9508794108365117,0.5309811857707215,-1.1176394294103047
261.1666666666667,0.55,0.25,36.45422760146279,-6.152332748751974,0.9508794108365117,0.5309811857707215,-1.1176394294103047
261.2,0.55,0.25,36.45422760146279,-6.152332748751974,0.9508794108365117,0.5309811857707215,-1.1176394294103047
261.23333333333335,0.55,0.25,36.45422760146279,-6.152332748751974,0.9508794108365117,0.5309811857707215,-1.1176394294103047
261.26666666666665,0.55,0.25,36.45422760146279,-6.152332748751974,0.9508794108365117,0.5309811857707215,-1.1176394294103047
261.3,0.55,0.25,36.45422760146279,-6.152332748751974,0.9508794108365117,0.5309811857707215,-1.1176394294103047
261.3333333333333,0.55,0.25,36.45422760146279,-6.152332748751974,0.9508794108365117,0.5309811857707215,-1.1176394294103047
261.3666666666667,0.55,0.25,36.45422760146279,-6.152332748751974,0.9508794108365117,0.5309811857707215,-1.1176394294103047
261.4,0.55,0.25,36.45422760146279,-6.152332748751974,0.9508794108365117,0.5309811857707215,-1.1176394294103047
261.43333333333334,0.55,0.25,36.45422760146279,-6.152332748751974,0.9508794108365117,0.5309811857707215,-1.1176394294103047
261.46666666666664,0.55,0.25,36.45422760146279,-6.152332748751974,0.9508794108365117,0.5309811857707215,-1.1176394294103047
261.5,0.55,0.25,36.45422760146279,-6.152332748751974,0.9508794108365117,0.5309811857707215,-1.1176394294103047
261.5333333333333,0.55,0.25,36.45422760146279,-6.152332748751974,0.9508794108365117,0.5309811857707215,-1.1176394294103047
261.56666666666666,0.55,0.25,36.45422760146279,-6.152332748751974,0.9508794108365117,0.5309811857707215,-1.1176394294103047
261.6,0.55,0.25,36.45422760146279,-6.152332748751974,0.9508794108365117,0.5309811857707215,-1.1176394294103047
261.6333333333333,0.55,0.25,36.45422760146279,-6.152332748751974,0.9508794108365117,0.5309811857707215,-1.1176394294103047
261.6666666666667,0.55,0.25,36.45422760146279,-6.152332748751974,0.9508794108365117,0.5309811857707215,-1.1176394294103047
261.7,0.55,0.25,36.45422760146279,-6.152332748751974,0.9508794108365117,0.5309811857707215,-1.1176394294103047
261.73333333333335,0.55,0.25,36.45422760146279,-6.152332748751974,0.9508794108365117,0.5309811857707215,-1.1176394294103047
261.76666666666665,0.55,0.25,36.45422760146279,-6.152332748751974,0.9508794108365117,0.5309811857707215,-1.1176394294103047
261.8,0.55,0.25,36.45422760146279,-6.152332748751974,0.9508794108365117,0.5309811857707215,-1.1176394294103047
261.8333333333333,0.55,0.25,36.45422760146279,-6.152332748751974,0.9508794108365117,0.5309811857707215,-1.1176394294103047
261.8666666666667,0.55,0.25,36.45422760146279,-6.152332748751974,0.9508794108365117,0.5309811857707215,-1.1176394294103047
261.9,0.55,0.25,36.45422760146279,-6.152332748751974,0.9508794108365117,0.5309811857707215,-1.1176394294103047
261.93333333333334,0.55,0.25,36.45422760146279,-6.152332748751974,0.9508794108365117,0.5309811857707215,-1.1176394294103047
261.96666666666664,0.55,0.25,36.45422760146279,-6.152332748751974,0.9508794108365117,0.5309811857707215,-1.1176394294103047
262.0,0.55,0.25,36.45422760146279,-6.152332748751974,0.9508794108365117,0.5309811857707215,-1.1176394294103047
262.0333333333333,0.55,0.25,36.45422760146279,-6.152332748751974,0.9508794108365117,0.5309811857707215,-1.1176394294103047
262.06666666666666,0.55,0.25,36.45422760146279,-6.152332748751974,0.9508794108365117,0.5309811857707215,-1.1176394294103047
262.1,0.55,0.25,36.45422760146279,-6.152332748751974,0.9508794108365117,0.5309811857707215,-1.1176394294103047
262.1333333333333,0.55,0.25,36.45422760146279,-6.152332748751974,0.9508794108365117,0.5309811857707215,-1.1176394294103047
262.1666666666667,0.55,0.25,36.45422760146279,-6.152332748751974,0.9508794108365117,0.5309811857707215,-1.1176394294103047
262.2,0.55,0.25,36.45422760146279,-6.152332748751974,0.9508794108365117,0.5309811857707215,-1.1176394294103047
262.23333333333335,0.55,0.25,36.45422760146279,-6.152332748751974,0.9508794108365117,0.5309811857707215,-1.1176394294103047
262.26666666666665,0.55,0.25,36.45422760146279,-6.152332748751974,0.9508794108365117,0.5309811857707215,-1.1176394294103047
262.3,0.55,0.25,36.45422760146279,-6.152332748751974,0.9508794108365117,0.5309811857707215,-1.1176394294103047
262.3333333333333,0.55,0.25,36.45422760146279,-6.152332748751974,0.9508794108365117,0.5309811857707215,-1.1176394294103047
262.3666666666667,0.55,0.25,36.45422760146279,-6.152332748751974,0.9508794108365117,0.5309811857707215,-1.1176394294103047
262.4,0.55,0.25,36.45422760146279,-6.152332748751974,0.9508794108365117,0.5309811857707215,-1.1176394294103047
262.43333333333334,0.55,0.25,36.45422760146279,-6.152332748751974,0.9508794108365117,0.5309811857707215,-1.1176394294103047
262.46666666666664,0.55,0.25,36.45422760146279,-6.152332748751974,0.9508794108365117,0.5309811857707215,-1.1176394294103047
262.5,0.55,0.25,36.45422760146279,-6.152332748751974,0.9508794108365117,0.5309811857707215,-1.1176394294103047
262.5333333333333,0.55,0.25,36.45422760146279,-6.152332748751974,0.9508794108365117,0.5309811857707215,-1.1176394294103047
262.56666666666666,0.55,0.25,36.45422760146279,-6.152332748751974,0.9508794108365117,0.5309811857707215,-1.1176394294103047
262.6,0.55,0.25,36.45422760146279,-6.152332748751974,0.9508794108365117,0.5309811857707215,-1.1176394294103047
262.6333333333333,0.55,0.25,36.45422760146279,-6.152332748751974,0.9508794108365117,0.5309811857707215,-1.1176394294103047
262.6666666666667,0.55,0.25,36.45422760146279,-6.152332748751974,0.9508794108365117,0.5309811857707215,-1.1176394294103047
262.7,0.55,0.25,36.45422760146279,-6.152332748751974,0.9508794108365117,0.5309811857707215,-1.1176394294103047
262.73333333333335,0.55,0.25,36.45422760146279,-6.152332748751974,0.9508794108365117,0.5309811857707215,-1.1176394294103047
262.76666666666665,0.55,0.25,36.45422760146279,-6.152332748751974,0.9508794108365117,0.5309811857707215,-1.1176394294103047
262.8,0.55,0.25,36.45422760146279,-6.152332748751974,0.9508794108365117,0.5309811857707215,-1.1176394294103047
262.8333333333333,0.55,0.25,36.45422760146279,-6.152332748751974,0.9508794108365117,0.5309811857707215,-1.1176394294103047
262.8666666666667,0.55,0.25,36.45422760146279,-6.152332748751974,0.9508794108365117,0.5309811857707215,-1.1176394294103047
262.9,0.55,0.25,36.45422760146279,-6.152332748751974,0.9508794108365117,0.5309811857707215,-1.1176394294103047
262.93333333333334,0.55,0.25,36.45422760146279,-6.152332748751974,0.9508794108365117,0.5309811857707215,-1.1176394294103047
262.96666666666664,0.55,0.25,36.45422760146279,-6.152332748751974,0.9508794108365117,0.5309811857707215,-1.1176394294103047
263.0,0.55,0.25,36.45422760146279,-6.152332748751974,0.9508794108365117,0.5309811857707215,-1.1176394294103047
263.0333333333333,0.55,0.25,36.45422760146279,-6.152332748751974,0.9508794108365117,0.5309811857707215,-1.1176394294103047
263.06666666666666,0.55,0.25,36.45422760146279,-6.152332748751974,0.9508794108365117,0.5309811857707215,-1.1176394294103047
263.1,0.55,0.25,36.45422760146279,-6.152332748751974,0.9508794108365117,0.5309811857707215,-1.1176394294103047
263.1333333333333,0.55,0.25,36.45422760146279,-6.152332748751974,0.9508794108365117,0.5309811857707215,-1.1176394294103047
263.1666666666667,0.55,0.25,36.45422760146279,-6.152332748751974,0.9508794108365117,0.5309811857707215,-1.1176394294103047
263.2,0.55,0.25,36.45422760146279,-6.152332748751974,0.9508794108365117,0.5309811857707215,-1.1176394294103047
263.23333333333335,0.55,0.25,36.45422760146279,-6.152332748751974,0.9508794108365117,0.5309811857707215,-1.1176394294103047
263.26666666666665,0.55,0.25,36.45422760146279,-6.152332748751974,0.9508794108365117,0.5309811857707215,-1.1176394294103047
263.3,0.55,0.25,36.45422760146279,-6.152332748751974,0.9508794108365117,0.5309811857707215,-1.1176394294103047
263.3333333333333,0.55,0.25,36.45422760146279,-6.152332748751974,0.9508794108365117,0.5309811857707215,-1.1176394294103047
263.3666666666667,0.55,0.25,36.45422760146279,-6.152332748751974,0.9508794108365117,0.5309811857707215,-1.1176394294103047
263.4,0.55,0.25,36.45422760146279,-6.152332748751974,0.9508794108365117,0.5309811857707215,-1.1176394294103047
263.43333333333334,0.55,0.25,36.45422760146279,-6.152332748751974,0.9508794108365117,0.5309811857707215,-1.1176394294103047
263.46666666666664,0.55,0.25,36.45422760146279,-6.152332748751974,0.9508794108365117,0.5309811857707215,-1.1176394294103047
263.5,0.55,0.25,36.45422760146279,-6.152332748751974,0.9508794108365117,0.5309811857707215,-1.1176394294103047
263.5333333333333,0.55,0.25,36.45422760146279,-6.152332748751974,0.9508794108365117,0.5309811857707215,-1.1176394294103047
263.56666666666666,0.55,0.25,36.45422760146279,-6.152332748751974,0.9508794108365117,0.5309811857707215,-1.1176394294103047
263.6,0.55,0.25,36.45422760146279,-6.152332748751974,0.9508794108365117,0.5309811857707215,-1.1176394294103047
263.6333333333333,0.55,0.25,36.45422760146279,-6.152332748751974,0.9508794108365117,0.5309811857707215,-1.1176394294103047
263.6666666666667,0.55,0.25,36.45422760146279,-6.152332748751974,0.9508794108365117,0.5309811857707215,-1.1176394294103047
263.7,0.55,0.25,36.45422760146279,-6.152332748751974,0.9508794108365117,0.5309811857707215,-1.1176394294103047
263.73333333333335,0.55,0.25,36.45422760146279,-6.152332748751974,0.9508794108365117,0.5309811857707215,-1.1176394294103047
263.76666666666665,0.55,0.25,36.45422760146279,-6.152332748751974,0.9508794108365117,0.5309811857707215,-1.1176394294103047
263.8,0.55,0.25,36.45422760146279,-6.152332748751974,0.9508794108365117,0.5309811857707215,-1.1176394294103047
263.8333333333333,0.55,0.25,36.45422760146279,-6.152332748751974,0.9508794108365117,0.5309811857707215,-1.1176394294103047
263.8666666666667,0.55,0.25,36.45422760146279,-6.152332748751974,0.9508794108365117,0.5309811857707215,-1.1176394294103047
263.9,0.55,0.25,36.45422760146279,-6.152332748751974,0.9508794108365117,0.5309811857707215,-1.1176394294103047
263.93333333333334,0.55,0.25,36.45422760146279,-6.152332748751974,0.9508794108365117,0.5309811857707215,-1.1176394294103047
263.96666666666664,0.55,0.25,36.45422760146279,-6.152332748751974,0.9508794108365117,0.5309811857707215,-1.1176394294103047
264.0,0.55,0.25,36.45422760146279,-6.152332748751974,0.9508794108365117,0.5309811857707215,-1.1176394294103047
264.0333333333333,0.55,0.25,36.45422760146279,-6.152332748751974,0.9508794108365117,0.5309811857707215,-1.1176394294103047
264.06666666666666,0.55,0.25,36.45422760146279,-6.152332748751974,0.9508794108365117,0.5309811857707215,-1.1176394294103047
264.1,0.55,0.25,36.45422760146279,-6.152332748751974,0.9508794108365117,0.5309811857707215,-1.1176394294103047
264.1333333333333,0.55,0.25,36.45422760146279,-6.152332748751974,0.9508794108365117,0.5309811857707215,-1.1176394294103047
264.1666666666667,0.55,0.25,36.45422760146279,-6.152332748751974,0.9508794108365117,0.5309811857707215,-1.1176394294103047
264.2,0.55,0.25,36.45422760146279,-6.152332748751974,0.9508794108365117,0.5309811857707215,-1.1176394294103047
264.23333333333335,0.55,0.25,36.45422760146279,-6.152332748751974,0.9508794108365117,0.5309811857707215,-1.1176394294103047
264.26666666666665,0.55,0.25,36.45422760146279,-6.152332748751974,0.9508794108365117,0.5309811857707215,-1.1176394294103047
264.3,0.55,0.25,36.45422760146279,-6.152332748751974,0.9508794108365117,0.5309811857707215,-1.1176394294103047
264.3333333333333,0.55,0.25,36.45422760146279,-6.152332748751974,0.9508794108365117,0.5309811857707215,-1.1176394294103047
264.3666666666667,0.55,0.25,36.45422760146279,-6.152332748751974,0.9508794108365117,0.5309811857707215,-1.1176394294103047
264.4,0.55,0.25,36.45422760146279,-6.152332748751974,0.9508794108365117,0.5309811857707215,-1.1176394294103047
264.43333333333334,0.55,0.25,36.45422760146279,-6.152332748751974,0.9508794108365117,0.5309811857707215,-1.1176394294103047
264.46666666666664,0.55,0.25,36.45422760146279,-6.152332748751974,0.9508794108365117,0.5309811857707215,-1.1176394294103047
264.5,0.55,0.25,36.45422760146279,-6.152332748751974,0.9508794108365117,0.5309811857707215,-1.1176394294103047
264.5333333333333,0.55,0.25,36.45422760146279,-6.152332748751974,0.9508794108365117,0.5309811857707215,-1.1176394294103047
264.56666666666666,0.55,0.25,36.45422760146279,-6.152332748751974,0.9508794108365117,0.5309811857707215,-1.1176394294103047
264.6,0.55,0.25,36.45422760146279,-6.152332748751974,0.9508794108365117,0.5309811857707215,-1.1176394294103047
264.6333333333333,0.55,0.25,36.45422760146279,-6.152332748751974,0.9508794108365117,0.5309811857707215,-1.1176394294103047
264.6666666666667,0.55,0.25,36.45422760146279,-6.152332748751974,0.9508794108365117,0.5309811857707215,-1.1176394294103047
264.7,0.55,0.25,36.45422760146279,-6.152332748751974,0.9508794108365117,0.5309811857707215,-1.1176394294103047
264.73333333333335,0.55,0.25,36.45422760146279,-6.152332748751974,0.9508794108365117,0.5309811857707215,-1.1176394294103047
264.76666666666665,0.55,0.25,36.45422760146279,-6.152332748751974,0.9508794108365117,0.5309811857707215,-1.1176394294103047
264.8,0.55,0.25,36.45422760146279,-6.152332748751974,0.9508794108365117,0.5309811857707215,-1.1176394294103047
264.8333333333333,0.55,0.25,36.45422760146279,-6.152332748751974,0.9508794108365117,0.5309811857707215,-1.1176394294103047
264.8666666666667,0.55,0.25,36.45422760146279,-6.152332748751974,0.9508794108365117,0.5309811857707215,-1.1176394294103047
264.9,0.55,0.25,36.45422760146279,-6.152332748751974,0.9508794108365117,0.5309811857707215,-1.1176394294103047
264.93333333333334,0.55,0.25,36.45422760146279,-6.152332748751974,0.9508794108365117,0.5309811857707215,-1.1176394294103047
264.96666666666664,0.55,0.25,36.45422760146279,-6.152332748751974,0.9508794108365117,0.5309811857707215,-1.1176394294103047
265.0,0.55,0.25,36.45422760146279,-6.152332748751974,0.9508794108365117,0.5309811857707215,-1.1176394294103047
265.0333333333333,0.55,0.25,36.45422760146279,-6.152332748751974,0.9508794108365117,0.5309811857707215,-1.1176394294103047
265.06666666666666,0.55,0.25,36.45422760146279,-6.152332748751974,0.9508794108365117,0.5309811857707215,-1.1176394294103047
265.1,0.55,0.25,36.45422760146279,-6.152332748751974,0.9508794108365117,0.5309811857707215,-1.1176394294103047
265.1333333333333,0.55,0.25,36.45422760146279,-6.152332748751974,0.9508794108365117,0.5309811857707215,-1.1176394294103047
265.1666666666667,0.55,0.25,36.45422760146279,-6.152332748751974,0.9508794108365117,0.5309811857707215,-1.1176394294103047
265.2,0.55,0.25,36.45422760146279,-6.152332748751974,0.9508794108365117,0.5309811857707215,-1.1176394294103047
265.23333333333335,0.55,0.25,36.45422760146279,-6.152332748751974,0.9508794108365117,0.5309811857707215,-1.1176394294103047
265.26666666666665,0.55,0.25,36.45422760146279,-6.152332748751974,0.9508794108365117,0.5309811857707215,-1.1176394294103047
265.3,0.55,0.25,36.45422760146279,-6.152332748751974,0.9508794108365117,0.5309811857707215,-1.1176394294103047
265.3333333333333,0.55,0.25,36.45422760146279,-6.152332748751974,0.9508794108365117,0.5309811857707215,-1.1176394294103047
265.3666666666667,0.55,0.25,36.45422760146279,-6.152332748751974,0.9508794108365117,0.5309811857707215,-1.1176394294103047
265.4,0.55,0.25,36.45422760146279,-6.152332748751974,0.9508794108365117,0.5309811857707215,-1.1176394294103047
265.43333333333334,0.55,0.25,36.45422760146279,-6.152332748751974,0.9508794108365117,0.5309811857707215,-1.1176394294103047
265.46666666666664,0.55,0.25,36.45422760146279,-6.152332748751974,0.9508794108365117,0.5309811857707215,-1.1176394294103047
265.5,0.55,0.25,36.45422760146279,-6.152332748751974,0.9508794108365117,0.5309811857707215,-1.1176394294103047
265.5333333333333,0.55,0.25,36.45422760146279,-6.152332748751974,0.9508794108365117,0.5309811857707215,-1.1176394294103047
265.56666666666666,0.55,0.25,36.45422760146279,-6.152332748751974,0.9508794108365117,0.5309811857707215,-1.1176394294103047
265.6,0.55,0.25,36.45422760146279,-6.152332748751974,0.9508794108365117,0.5309811857707215,-1.1176394294103047
265.6333333333333,0.55,0.25,36.45422760146279,-6.152332748751974,0.9508794108365117,0.5309811857707215,-1.1176394294103047
265.6666666666667,0.55,0.25,36.45422760146279,-6.152332748751974,0.9508794108365117,0.5309811857707215,-1.1176394294103047
265.7,0.55,0.25,36.45422760146279,-6.152332748751974,0.9508794108365117,0.5309811857707215,-1.1176394294103047
265.73333333333335,0.55,0.25,36.45422760146279,-6.152332748751974,0.9508794108365117,0.5309811857707215,-1.1176394294103047
265.76666666666665,0.55,0.25,36.45422760146279,-6.152332748751974,0.9508794108365117,0.5309811857707215,-1.1176394294103047
265.8,0.55,0.25,36.45422760146279,-6.152332748751974,0.9508794108365117,0.5309811857707215,-1.1176394294103047
265.8333333333333,0.55,0.25,36.45422760146279,-6.152332748751974,0.9508794108365117,0.5309811857707215,-1.1176394294103047
265.8666666666667,0.55,0.25,36.45422760146279,-6.152332748751974,0.9508794108365117,0.5309811857707215,-1.1176394294103047
265.9,0.55,0.25,36.45422760146279,-6.152332748751974,0.9508794108365117,0.5309811857707215,-1.1176394294103047
265.93333333333334,0.55,0.25,36.45422760146279,-6.152332748751974,0.9508794108365117,0.5309811857707215,-1.1176394294103047
265.96666666666664,0.55,0.25,36.45422760146279,-6.152332748751974,0.9508794108365117,0.5309811857707215,-1.1176394294103047
266.0,0.0,0.0,0.0,-0.0,0.9508794108365117,0.5309811857707215,-1.1176394294103047
266.0333333333333,0.0,0.0,0.0,-0.0,0.8984891587268351,0.5251429310389567,-0.9326116693646642
266.06666666666666,0.0,0.0,0.0,-0.0,0.8514470420504547,0.5109660263764422,-0.8020146488191024
266.1,0.0,0.0,0.0,-0.0,0.8088594743975135,0.4918391998815895,-0.7042097661715857
266.1333333333333,0.0,0.0,0.0,-0.0,0.7700536300507212,0.46983566550764433,-0.6272389586875624
266.1666666666667,0.0,0.0,0.0,-0.0,0.7345075544241447,0.4462770872905742,-0.5641507023309642
266.2,0.0,0.0,0.0,-0.0,0.7018043008248168,0.4220328045958819,-0.5107437684492132
266.23333333333335,0.0,0.0,0.0,-0.0,0.6716022593791848,0.39768778621930023,-0.4643958736399372
266.26666666666665,0.0,0.0,0.0,-0.0,0.643615777419772,0.37364134789621645,-0.42342187116816343
266.3,0.0,0.0,0.0,-0.0,0.6176022219087944,0.350167534073988,-0.3867075121043404
266.3333333333333,0.0,0.0,0.0,-0.0,0.5933530820933958,0.3274534043805184,-0.3534938421491316
266.3666666666667,0.0,0.0,0.0,-0.0,0.5706876351290496,0.3056241330870723,-0.32324714112433917
266.4,0.0,0.0,0.0,-0.0,0.549448267898961,0.2847599840120657,-0.29557891482310195
266.43333333333334,0.0,0.0,0.0,-0.0,0.52949689597467,0.2649081271507538,-0.2701958789561467
266.46666666666664,0.0,0.0,0.0,-0.0,0.510712131928294,0.2460910838739006,-0.2468682649268803
266.5,0.0,0.0,0.0,-0.0,0.49298698372701405,0.2283129055207633,-0.2254094979961611
266.5333333333333,0.0,0.0,0.0,-0.0,0.47622694242902813,0.21156378608044873,-0.2056630296374321
266.56666666666666,0.0,0.0,0.0,-0.0,0.46034836662645756,0.19582356468000717,-0.187493722506432
266.6,0.0,0.0,0.0,-0.0,0.4452771009660145,0.18106442180447424,-0.17078216159813592
266.6333333333333,0.0,0.0,0.0,-0.0,0.4309472848149787,0.16725297704948644,-0.15542086279283107
266.6666666666667,0.0,0.0,0.0,-0.0,0.4173003190744606,0.15435193398371005,-0.1413117212514876
266.7,0.0,0.0,0.0,-0.0,0.4042839669058869,0.14232137651251606,-0.12836427547721918
266.73333333333335,0.0,0.0,0.0,-0.0,0.3918515693273356,0.13111979325315629,-0.11649451106579359
266.76666666666665,0.0,0.0,0.0,-0.0,0.37996136022529076,0.1207048871291406,-0.10562402317826795
266.8,0.0,0.0,0.0,-0.0,0.3685758679069483,0.11103421373150782,-0.09567941820403021
266.8333333333333,0.0,0.0,0.0,-0.0,0.3576613922505892,0.10206568212247571,-0.08659187513329922
266.8666666666667,0.0,0.0,0.0,-0.0,0.34718754801903695,0.0937579444805118,-0.07829681347625365
266.9,0.0,0.0,0.0,-0.0,0.3371268661209642,0.08607069552520678,-0.07073363199763345
266.93333333333334,0.0,0.0,0.0,-0.0,0.32745444562206777,0.07896489849550403,-0.06384549417459807
266.96666666666664,0.0,0.0,0.0,-0.0,0.3181476501765412,0.07240295123252316,-0.057579144120780135
267.0,0.0,0.0,0.0,-0.0,0.30918584330318943,0.06634880339363002,-0.051884742037747365
267.0333333333333,0.0,0.0,0.0,-0.0,0.30055015759252734,0.060768033824678144,-0.04671571189416011
267.06666666666666,0.0,0.0,0.0,-0.0,0.2922232935166381,0.05562789551811048,-0.04202859654127279
267.1,0.0,0.0,0.0,-0.0,0.28418934403336144,0.05089733429482576,-0.03778291721244269
267.1333333333333,0.0,0.0,0.0,-0.0,0.27643364163869905,0.04654698629967282,-0.0339410355637204
267.1666666666667,0.0,0.0,0.0,-0.0,0.2689426249326019,0.042549158543060996,-0.030468017252786955
267.2,0.0,0.0,0.0,-0.0,0.26170372212885407,0.03887779601545976,-0.02733149663286706
267.23333333333335,0.0,0.0,0.0,-0.0,0.2547052492641614,0.03550843831739768,-0.02450154253098642
267.26666666666665,0.0,0.0,0.0,-0.0,0.24793632114882908,0.03241816826151298,-0.021950525337636688
267.3,0.0,0.0,0.0,-0.0,0.24138677335521966,0.029585554496852334,-0.019652985794084123
267.3333333333333,0.0,0.0,0.0,-0.0,0.23504709376384822,0.02699058986442344,-0.017585505950586493
267.3666666666667,0.0,0.0,0.0,-0.0,0.22890836238355794,0.024614626905426394,-0.015726582803120535
267.4,0.0,0.0,0.0,-0.0,0.22296219833454092,0.022440311700386063,-0.014056505112497194
267.43333333333334,0.0,0.0,0.0,-0.0,0.21720071303362024,0.020451517011165633,-0.012557233879136619
267.46666666666664,0.0,0.0,0.0,-0.0,0.2116164687525721,0.018633275522567928,-0.011212286897938482
267.5,0.0,0.0,0.0,-0.0,0.2062024418345191,0.016971713831058034,-0.010006627757345492
267.5333333333333,0.0,0.0,0.0,-0.0,0.2009519899525553,0.01545398770108808,-0.008926559580090811
267.56666666666666,0.0,0.0,0.0,-0.0,0.19585882288057296,0.014068219001296942,-0.007959623734278923
267.6,0.0,0.0,0.0,-0.0,0.19091697632037843,0.01280343464077888,-0.007094503675435441
267.6333333333333,0.0,0.0,0.0,-0.0,0.18612078839307417,0.011649507747397763,-0.006320934015236094
267.6666666666667,0.0,0.0,0.0,-0.0,0.1814648784576543,0.01059710126385867,-0.005629614852390654
267.7,0.0,0.0,0.0,-0.0,0.17694412796698075,0.009637614081317556,-0.005012131346675122
267.73333333333335,0.0,0.0,0.0,-0.0,0.17255366311180592,0.008763129783328627,-0.004460878468996465
267.76666666666665,0.0,0.0,0.0,-0.0,0.16828883903820221,0.007966368033708015,-0.003968990818908609
267.8,0.0,0.0,0.0,-0.0,0.16414522545344698,0.007240638609400345,-0.003530277366170994
267.8333333333333,0.0,0.0,0.0,-0.0,0.1601185934607969,0.00657979805277481,-0.0031391609445376107
267.8666666666667,0.0,0.0,0.0,-0.0,0.15620490348527905,0.0059782088961647115,-0.0027906223036187013
267.9,0.0,0.0,0.0,-0.0,0.15240029417115847,0.005430701394210732,-0.0024801485078980953
267.93333333333334,0.0,0.0,0.0,-0.0,0.14870107214757358,0.004932537686068046,-0.002203685460280392
267.96666666666664,0.0,0.0,0.0,-0.0,0.14510370257235777,0.004479378299257372,-0.001957594320314949
268.0,0.0,0.0,0.0,-0.0,0.14160480037562903,0.00406725089941036,-0.0017386115839212784
268.0333333333333,0.0,0.0,0.0,-0.0,0.13820112213462216,0.0036925211849661525,-0.0015438125914583442
268.06666666666666,0.0,0.0,0.0,-0.0,0.1348895585197107,0.0033518658226543534,-0.0013705782338000391
268.1,0.0,0.0,0.0,-0.0,0.1316671272588306,0.0030422473180298443,-0.0012165646311986576
268.1333333333333,0.0,0.0,0.0,-0.0,0.12853096657375748,0.0027608907151265823,-0.0010796755666780955
268.1666666666667,0.0,0.0,0.0,-0.0,0.12547832904706063,0.0025052620202256465,-0.0009580374640856025
268.2,0.0,0.0,0.0,-0.0,0.12250657588318543,0.002273048246574152,-0.0008499767103794515
268.23333333333335,0.0,0.0,0.0,-0.0,0.11961317153112004,0.002062138979461314,-0.0007539991319209965
268.26666666666665,0.0,0.0,0.0,-0.0,0.11679567863957016,0.0018706093641964218,-0.0006687714451994603
268.3,0.0,0.0,0.0,-0.0,0.11405175331858021,0.0016967044231037617,-0.0005931045133148952
268.3333333333333,0.0,0.0,0.0,-0.0,0.11137914068416647,0.0015388246115347875,-0.0005259382504865434
268.3666666666667,0.0,0.0,0.0,-0.0,0.108775670664825,0.0013955125269989334,-0.0004663280276830136
268.4,0.0,0.0,0.0,-0.0,0.1062392540507916,0.0012654406897480248,-0.0004134324430615156
268.43333333333334,0.0,0.0,0.0,-0.0,0.10376787876870446,0.001147400317445664,-0.0003665023311578035
268.46666666666664,0.0,0.0,0.0,-0.0,0.10135960636588538,0.0010402910208547746,-0.0003248708946124793
268.5,0.0,0.0,0.0,-0.0,0.09901256868984251,0.0009431113517366972,-0.00028794485159957395
268.5333333333333,0.0,0.0,0.0,-0.0,0.0967249647498303,0.000854950138336071,-0.0002551965010039659
268.56666666666666,0.0,0.0,0.0,-0.0,0.09449505774840201,0.0007749785478972892,-0.00022615661575394307
268.6,0.0,0.0,0.0,-0.0,0.09232117227187378,0.0007024428195974665,-0.00020040808254476213
268.6333333333333,0.0,0.0,0.0,-0.0,0.09020169162950242,0.000636657615070272,-0.00017758021348884622
268.6666666666667,0.0,0.0,0.0,-0.0,0.08813505533197394,0.0005769999373222449,-0.00015734366200642405
268.7,0.0,0.0,0.0,-0.0,0.08611975670051775,0.0005229035723000191,-0.0001394058815410982
268.73333333333335,0.0,0.0,0.0,-0.0,0.08415434059861154,0.0004738540106484177,-0.00012350707146669158
268.76666666666665,0.0,0.0,0.0,-0.0,0.08223740127883172,0.00042938381030363884,-0.00010941655986670219
268.8,0.0,0.0,0.0,-0.0,0.08036758033794149,0.00038906836349310693,-9.692957773997383e-05
268.8333333333333,0.0,0.0,0.0,-0.0,0.0785435647737987,0.0003525220344662493,-8.586438364132867e-05
268.8666666666667,0.0,0.0,0.0,-0.0,0.07676408513811334,0.00031939463686222916,-7.605970183015439e-05
268.9,0.0,0.0,0.0,-0.0,0.07502791377949505,0.0002893682220364402,-6.737244069967584e-05
268.93333333333334,0.0,0.0,0.0,-0.0,0.07333386317160799,0.0002621541519231687,-5.967566162093582e-05
268.96666666666664,0.0,0.0,0.0,-0.0,0.07168078432159625,0.0002374904321137146,-5.285677138378234e-05
269.0,0.0,0.0,0.0,-0.0,0.07006756525426293,0.0002151392827843661,-4.681591417692854e-05
269.0333333333333,0.0,0.0,0.0,-0.0,0.06849312956777968,0.0001948849269241467,-4.146454154384744e-05
269.06666666666666,0.0,0.0,0.0,-0.0,0.06695643505697588,0.00017653157699556088,-3.672414100310939e-05
269.1,0.0,0.0,0.0,-0.0,0.06545647240050806,0.00015990160272004878,-3.25251060516994e-05
269.1333333333333,0.0,0.0,0.0,-0.0,0.0639922639084436,0.00014483386412086376,-2.8805732097473447e-05
269.1666666666667,0.0,0.0,0.0,-0.0,0.06256286232700825,0.00013118219528681857,-2.5511324510500503e-05
269.2,0.0,0.0,0.0,-0.0,0.061167349697448276,0.000118814025547835,-2.2593406459545304e-05
269.23333333333335,0.0,0.0,0.0,-0.0,0.05980483626614417,0.00010760912588427558,-2.000901552504281e-05
269.26666666666665,0.0,0.0,0.0,-0.0,0.05847445944328635,9.745846943317113e-05,-1.772007926802745e-05
269.3,0.0,0.0,0.0,-0.0,0.05717538280758484,8.826319591193605e-05,-1.5692860998852216e-05
269.3333333333333,0.0,0.0,0.0,-0.0,0.05590679515463527,7.993367065993867e-05,-1.3897467942286732e-05
269.3666666666667,0.0,0.0,0.0,-0.0,0.05466790958670383,7.238862980600977e-05,-1.2307414847787198e-05
269.4,0.0,0.0,0.0,-0.0,0.05345796264182495,6.555440381096399e-05,-1.0899236855463934e-05
269.43333333333334,0.0,0.0,0.0,-0.0,0.0522762134602274,5.93642123134978e-05,-9.652146108695887e-06
269.46666666666664,0.0,0.0,0.0,-0.0,0.05112194298621909,5.3757523830132286e-05,-8.547727211765342e-06
269.5,0.0,0.0,0.0,-0.0,0.04999445320376752,4.867947442960781e-05,-7.5696671728345854e-06
269.5333333333333,0.0,0.0,0.0,-0.0,0.048893066404112874,4.408034002343889e-05,-6.703515955860825e-06
269.56666666666666,0.0,0.0,0.0,-0.0,0.04781712448384431,3.991505739105202e-05,-5.93647419578537e-06
269.6,0.0,0.0,0.0,-0.0,0.046765988271957666,3.614278949363949e-05,-5.257205015071183e-06
269.6333333333333,0.0,0.0,0.0,-0.0,0.04573903688449514,3.272653102889651e-05,-4.655667221380532e-06
269.6666666666667,0.0,0.0,0.0,-0.0,0.0447356671054443,2.9632750542255018e-05,-4.1229674703600755e-06
269.7,0.0,0.0,0.0,-0.0,0.0437552927926463,2.683106574194273e-05,-3.65122924815663e-06
269.73333333333335,0.0,0.0,0.0,-0.0,0.04279734430753101,2.4293948967825093e-05,-3.2334767690319725e-06
269.76666666666665,0.0,0.0,0.0,-0.0,0.041861267967560456,2.1996460039971e-05,-2.8635320975143113e-06
269.8,0.0,0.0,0.0,-0.0,0.04094652552032191,1.9916003964473535e-05,-2.535923994814651e-06
269.8333333333333,0.0,0.0,0.0,-0.0,0.04005259363826822,1.8032111203328853e-05,-2.245807158340883e-06
269.8666666666667,0.0,0.0,0.0,-0.0,0.039178963433156126,1.6326238424040188e-05,-1.988890673379326e-06
269.9,0.0,0.0,0.0,-0.0,0.03832513998928273,1.47815878348263e-05,-1.7613746294542773e-06
269.93333333333334,0.0,0.0,0.0,-0.0,0.03749064191466767,1.3382943384488066e-05,-1.5598939723708095e-06
269.96666666666664,0.0,0.0,0.0,-0.0,0.036675000909372285,1.2116522263605215e-05,-1.3814687681455753e-06
270.0,0.0,0.0,0.0,-0.0,0.03587776135018894,1.0969840287156037e-05,-1.2234601484073586e-06
270.0333333333333,0.0,0.0,0.0,-0.0,0.035098479890972756,9.931589869122262e-06,-1.0835312897163304e-06
270.06666666666666,0.0,0.0,0.0,-0.0,0.034336725077924964,8.991529418299997e-06,-9.596128527782275e-07
270.1,0.0,0.0,0.0,-0.0,0.03359207697917202,8.140383092430249e-06,-8.498723727587986e-07
270.1333333333333,0.0,0.0,0.0,-0.0,0.03286412682801744,7.369749945844793e-06,-7.526871497624137e-07
270.1666666666667,0.0,0.0,0.0,-0.0,0.03215247667927443,6.672021594968573e-06,-6.666202398520953e-07
270.2,0.0,0.0,0.0,-0.0,0.03145673907811662,6.040307607027098e-06,-5.903991924907138e-07
270.23333333333335,0.0,0.0,0.0,-0.0,0.03077653674091202,5.468367890905624e-06,-5.228972206276509e-07
270.26666666666665,0.0,0.0,0.0,-0.0,0.030111502247531334,4.950551435962259e-06,-4.6311652542237994e-07
270.3,0.0,0.0,0.0,-0.0,0.02946127774464665,4.481740805317134e-06,-4.101735293020413e-07
270.3333333333333,0.0,0.0,0.0,-0.0,0.028825514659559803,4.057301845278735e-06,-3.6328579915255246e-07
270.3666666666667,0.0,0.0,0.0,-0.0,0.028203873424121853,3.6730381226318817e-06,-3.217604663492522e-07
270.4,0.0,0.0,0.0,-0.0,0.02759602320832612,3.3251496469603304e-06,-2.8498397240506366e-07
270.43333333333334,0.0,0.0,0.0,-0.0,0.02700164166317693,3.0101954764304157e-06,-2.52412988572679e-07
270.46666666666664,0.0,0.0,0.0,-0.0,0.026420414672455032,2.7250598429028696e-06,-2.235663750672468e-07
270.5,0.0,0.0,0.0,-0.0,0.02585203611301847,2.4669214662161977e-06,-1.9801806093033824e-07
270.5333333333333,0.0,0.0,0.0,-0.0,0.025296207623294403,2.2332257583137017e-06,-1.7539073915894747e-07
270.56666666666666,0.0,0.0,0.0,-0.0,0.02475263837963344,2.0216596458559163e-06,-1.553502837739907e-07
270.6,0.0,0.0,0.0,-0.0,0.024221044880213132,1.8301287653333084e-06,-1.3760080617775492e-07
270.6333333333333,0.0,0.0,0.0,-0.0,0.023701150736191615,1.6567368077093308e-06,-1.2188027760559598e-07
270.6666666666667,0.0,0.0,0.0,-0.0,0.023192686469825967,1.4997668104984184e-06,-1.079566528527396e-07
270.7,0.0,0.0,0.0,-0.0,0.02269538931928287,1.357664214114675e-06,-9.562443787540578e-08
270.73333333333335,0.0,0.0,0.0,-0.0,0.0222090030498813,1.2290215164942263e-06,-8.470165043579305e-08
270.76666666666665,0.0,0.0,0.0,-0.0,0.021733277771518643,1.1125643755605958e-06,-7.502712877946676e-08
270.8,0.0,0.0,0.0,-0.0,0.02126796976204279,1.0071390232161559e-06,-6.645814848713998e-08
270.8333333333333,0.0,0.0,0.0,-0.0,0.02081284129634309,9.117008673383136e-07,-5.886831220671013e-08
270.8666666666667,0.0,0.0,0.0,-0.0,0.02036766048094317,8.253041698588989e-07,-5.214568101305957e-08
270.9,0.0,0.0,0.0,-0.0,0.019932201093888033,7.47092699520243e-07,-4.61911197222181e-08
270.93333333333334,0.0,0.0,0.0,-0.0,0.019506242429726945,6.762912674325104e-07,-4.0916831655888095e-08
270.96666666666664,0.0,0.0,0.0,-0.0,0.019089569149402096,6.121980621955121e-07,-3.624506115889286e-08
271.0,0.0,0.0,0.0,-0.0,0.01868197113486127,5.54177709177573e-07,-3.210694465732149e-08
271.0333333333333,0.0,0.0,0.0,-0.0,0.018283243348220523,5.016549856394818e-07,-2.8441493245771385e-08
271.06666666666666,0.0,0.0,0.0,-0.0,0.0178931856953102,4.5410912982155806e-07,-2.519469174069458e-08
271.1,0.0,0.0,0.0,-0.0,0.017511602893444726,4.11068687938539e-07,-2.231870086227966e-08
271.1333333333333,0.0,0.0,0.0,-0.0,0.017138304343263296,3.721068483066805e-07,-1.977115073509377e-08
271.1666666666667,0.0,0.0,0.0,-0.0,0.016773104004494967,3.3683721661129537e-07,-1.751451525049549e-08
271.2,0.0,0.0,0.0,-0.0,0.01641582027550774,3.0490999065730526e-07,-1.5515558031647814e-08
271.23333333333335,0.0,0.0,0.0,-0.0,0.016066275876507042,2.760084968723207e-07,-1.3744841802557835e-08
271.26666666666665,0.0,0.0,0.0,-0.0,0.015724297736254545,2.49846054389439e-07,-1.2176293901662316e-08
271.3,0.0,0.0,0.0,-0.0,0.01538971688218351,2.2616313575996286e-07,-1.0786821511983275e-08
271.3333333333333,0.0,0.0,0.0,-0.0,0.015062368333791912,2.0472479626596247e-07,-9.555970916119994e-09
271.3666666666667,0.0,0.0,0.0,-0.0,0.014742090999199394,1.8531834644748537e-07,-8.465625736236573e-09
271.4,0.0,0.0,0.0,-0.0,0.014428727574758644,1.6775124485504166e-07,-7.499739696411316e-09
271.43333333333334,0.0,0.0,0.0,-0.0,0.014122124447616223,1.518491902081522e-07,-6.644099955792816e-09
271.46666666666664,0.0,0.0,0.0,-0.0,0.013822131601122004,1.374543941064296e-07,-5.886117513534692e-09
271.5,0.0,0.0,0.0,-0.0,0.01352860252299038,1.2442401722008599e-07,-5.2146415871653306e-09
271.5333333333333,0.0,0.0,0.0,-0.0,0.013241394116120223,1.1262875349934138e-07,-4.619795220831347e-09
271.56666666666666,0.0,0.0,0.0,-0.0,0.012960366611984193,1.0195154840272437e-07,-4.092829693993337e-09
271.6,0.0,0.0,0.0,-0.0,0.012685383486501509,9.228643846702105e-08,-3.625995579307118e-09
271.6333333333333,0.0,0.0,0.0,-0.0,0.012416311378311569,8.353750073959942e-08,-3.212428544716437e-09
271.6666666666667,0.0,0.0,0.0,-0.0,0.012153020009369048,7.561790167876482e-08,-2.8460482128649804e-09
271.7,0.0,0.0,0.0,-0.0,0.01189538210778408,6.84490361103317e-08,-2.5214685840389768e-09
271.73333333333335,0.0,0.0,0.0,-0.0,0.011643273332834094,6.195974771837412e-08,-2.23391869983883e-09
271.76666666666665,0.0,0.0,0.0,-0.0,0.011396572202076625,5.6085623353881464e-08,-1.979172376183104e-09
271.8,0.0,0.0,0.0,-0.0,0.011155160020495087,5.076835417471535e-08,-1.753485968314407e-09
271.8333333333333,0.0,0.0,0.0,-0.0,0.010918920811612057,4.595515729101289e-08,-1.5535432491908718e-09
271.8666666666667,0.0,0.0,0.0,-0.0,0.010687741250507055,4.159825218850885e-08,-1.3764065877677134e-09
271.9,0.0,0.0,0.0,-0.0,0.010461510598678132,3.7654386744043725e-08,-1.2194737067581651e-09
271.93333333333334,0.0,0.0,0.0,-0.0,0.010240120640688839,3.408440813811882e-08,-1.0804393818906046e-09
271.96666666666664,0.0,0.0,0.0,-0.0,0.010023465622544267,3.085287441358585e-08,-9.57261517669766e-10
272.0,0.0,0.0,0.0,-0.0,0.009811442191741923,2.7927702831792672e-08,-8.481310992854114e-10
272.0333333333333,0.0,0.0389,1.7972057285955247,0.5211896612927022,0.00960394933894518,2.5279851541713884e-08,-7.514455775487456e-10
272.06666666666666,0.0111,0.0778,3.8637643658012317,0.2882312507466471,0.012104772739824294,-4.8174090049482854e-06,0.01700849790068705
272.1,0.0167,0.1167,4.7326858750981895,0.5010316003921473,0.01766071368261359,-1.893631511090547e-05,0.02303211196782806
272.1333333333333,0.0222,0.1556,5.799668138323635,0.7704706150461924,0.024402936131932246,-4.6991681828632086e-05,0.034774827756011234
272.1666666666667,0.0278,0.1944,7.0895958758378566,1.1022674121216727,0.03260125062797319,-0.00010383032864150636,0.052895905130559806
272.2,0.0333,0.2333,8.629161188780119,1.5056299521173115,0.04255537419343722,-0.0002144165452605774,0.07805085716524288
272.23333333333335,0.0389,0.2722,10.437008459687803,1.9843531307240583,0.05459606981778817,-0.0004183030008854297,0.1109705349561777
272.26666666666665,0.0444,0.3111,12.523414504673994,2.5430004893205416,0.06907102000279239,-0.0007752767133539765,0.152226565362082
272.3,0.05,0.35,14.897555568367713,3.1825004678096285,0.08632998838292458,-0.0013719084757864647,0.20224094850384855
272.3333333333333,0.0556,0.3889,17.55672913018337,3.9028516826278037,0.10672054937958829,-0.002328607601289645,0.26115210367585884
272.3666666666667,0.0611,0.4278,20.490206570131555,4.70185349267638,0.13056687957161053,-0.003806394829231636,0.328806554032844
272.4,0.0667,0.4667,23.684563588968363,5.573686768266668,0.15815391558244077,-0.006012462126555657,0.40473032982286855
272.43333333333334,0.0722,0.5056,27.11285521343577,6.512440035887572,0.18971896546508893,-0.00920323699814018,0.4880903412793014
272.46666666666664,0.0778,0.5444,30.739774870496035,7.505811795614846,0.2254264688661054,-0.013684104457119846,0.5778119484722416
272.5,0.0833,0.5833,34.54594894681504,8.550225472327945,0.26535071886569517,-0.019804258649645603,0.6725073405128508
272.5333333333333,0.0889,0.6222,38.489140265486114,9.631226779757924,0.3094954248700862,-0.02794897412221099,0.7709244572232401
272.56666666666666,0.0944,0.6611,42.526780518315036,10.738658653153891,0.35775507056640676,-0.038528121252865796,0.8716826105257576
272.6,0.1,0.7,46.623973020707595,11.860046223950441,0.4099125148327787,-0.05196066954750755,0.9735612672024424
272.6333333333333,0.1,0.7,46.623973020707595,11.860046223950441,0.4656505470944905,-0.06865853698027778,1.0754954465885704
272.6666666666667,0.1,0.7,46.623973020707595,11.860046223950441,0.5184624488234744,-0.08840689053231077,1.1438172104830573
272.7,0.1,0.7,46.623973020707595,11.860046223950441,0.568261701212044,-0.11047669895681815,1.1907130263367043
272.73333333333335,0.1,0.7,46.623973020707595,11.860046223950441,0.61500565830417,-0.13426705525101348,1.2244901163216027
272.76666666666665,0.1,0.7,46.623973020707595,11.860046223950441,0.6586877408421187,-0.15930315502384074,1.2505562542710964
272.8,0.1,0.7,46.623973020707595,11.860046223950441,0.6993297663249571,-0.1852167381752595,1.2723131023010188
272.8333333333333,0.1,0.7,46.623973020707595,11.860046223950441,0.7369757148703578,-0.21172256466378936,1.2918340808133102
272.8666666666667,0.1,0.7,46.623973020707595,11.860046223950441,0.7716870190091671,-0.23859692186707415,1.3103367424472914
272.9,0.1,0.7,46.623973020707595,11.860046223950441,0.8035390720486391,-0.26566017895378785,1.328497363161908
272.93333333333334,0.1,0.7,46.623973020707595,11.860046223950441,0.8326186062273778,-0.2927635612658434,1.3466551589616913
272.96666666666664,0.1,0.7,46.623973020707595,11.860046223950441,0.8590216605674665,-0.31977959660076927,1.3649428969866269
273.0,0.1,0.7,46.623973020707595,11.860046223950441,0.882851941640015,-0.34659549649633326,1.3833697073661422
273.0333333333333,0.1,0.7,46.623973020707595,11.860046223950441,0.9042194475769789,-0.373108771945218,1.4018733270837311
273.06666666666666,0.1,0.7,46.623973020707595,11.860046223950441,0.9232392722169381,-0.39922449604134436,1.4203529692710517
273.1,0.1,0.7,46.623973020707595,11.860046223950441,0.940030536231062,-0.4248537500166846,1.4386899718587989
273.1333333333333,0.1,0.7,46.623973020707595,11.860046223950441,0.9547154106872953,-0.44991289849616367,1.4567607505565778
273.1666666666667,0.1,0.7,46.623973020707595,11.860046223950441,0.967418210074117,-0.47432342770714103,1.4744448975276758
273.2,0.1,0.7,46.623973020707595,11.860046223950441,0.9782645392808454,-0.49801214776550984,1.4916302000908983
273.23333333333335,0.1,0.7,46.623973020707595,11.860046223950441,0.9873804842510568,-0.5209116106468374,1.5082156828245528
273.26666666666665,0.1,0.7,46.623973020707595,11.860046223950441,0.9948918400166613,-0.5429606330645002,1.5241133576092707
273.3,0.1,0.7,46.623973020707595,11.860046223950441,1.0009233730909868,-0.5641048417369642,1.5392491067751215
273.3333333333333,0.1,0.7,46.623973020707595,11.860046223950441,1.0055981179513214,-0.5842971801806677,1.5535629654453875
273.3666666666667,0.1,0.7,46.623973020707595,11.860046223950441,1.0090367096140684,-0.6034983332049175,1.5670089727717813
273.4,0.1,0.7,46.623973020707595,11.860046223950441,1.0113567560694867,-0.6216770390692992,1.579554704176838
273.43333333333334,0.1,0.7,46.623973020707595,11.860046223950441,1.012672255556169,-0.6388102706659203,1.5911805628668503
273.46666666666664,0.1,0.7,46.623973020707595,11.860046223950441,1.0130930642951994,-0.6548832766356368,1.601878889237214
273.5,0.1,0.7,46.623973020707595,11.860046223950441,1.0127244203804984,-0.6698894813160483,1.6116529353956932
273.5333333333333,0.1,0.7,46.623973020707595,11.860046223950441,1.0116665290811253,-0.683830249006392,1.6205157451773027
273.56666666666666,0.1,0.7,46.623973020707595,11.860046223950441,1.0100142139304258,-0.6967145233043183,1.6284889754660432
273.6,0.1,0.7,46.623973020707595,11.860046223950441,1.0078566367558384,-0.7085583562790062,1.635601691051718
273.6333333333333,0.1,0.7,46.623973020707595,11.860046223950441,1.0052770883544622,-0.7193843450540577,1.6418891619080405
273.6666666666667,0.1,0.7,46.623973020707595,11.860046223950441,1.0023528499579875,-0.7292209950609893,1.6473916883331365
273.7,0.1,0.7,46.623973020707595,11.860046223950441,0.9991551240644224,-0.7381020298939369,1.652153475732505
273.73333333333335,0.1,0.7,46.623973020707595,11.860046223950441,0.995749031737417,-0.7460656674765457,1.6562215769742292
273.76666666666665,0.1,0.7,46.623973020707595,11.860046223950441,0.9921936721623756,-0.7531538812896305,1.6596449163081404
273.8,0.1,0.7,46.623973020707595,11.860046223950441,0.9885422391562663,-0.759411663860293,1.662473404947183
273.8333333333333,0.1,0.7,46.623973020707595,11.860046223950441,0.9848421884878484,-0.7648863077387514,1.664757154694953
273.8666666666667,0.1,0.7,46.623973020707595,11.860046223950441,0.9811354492896585,-0.769626716940705,1.6665457925867244
273.9,0.1,0.7,46.623973020707595,11.860046223950441,0.977458672527848,-0.7736827594498336,1.667887876484375
273.93333333333334,0.1,0.7,46.623973020707595,11.860046223950441,0.9738435094223293,-0.777104668977874,1.668830408989962
273.96666666666664,0.1,0.7,46.623973020707595,11.860046223950441,0.9703169128490537,-0.7799425018680971,1.6694184449490923
274.0,0.1,0.7,46.623973020707595,11.860046223950441,0.9669014550737196,-0.782245652878827,1.6696947862065292
274.0333333333333,0.1333,0.6667,43.97964606914165,10.648413038970563,0.9636156556239313,-0.7840624316516476,1.6696997561322582
274.06666666666666,0.1667,0.6333,41.5160191425547,9.399056098310568,0.9569505368888008,-0.7844233255122843,1.6354677050643838
274.1,0.2,0.6,39.288003112390996,8.121984309686718,0.9479841986854807,-0.7820244948068475,1.5795583102157056
274.1333333333333,0.2333,0.5667,37.32638210209518,6.8165641127440555,0.9376535078777171,-0.7762361105814295,1.508939394260004
274.1666666666667,0.2667,0.5333,35.66217886167396,5.482378821787641,0.9267805254462462,-0.7668187412420528,1.4272495099994797
274.2,0.3,0.5,34.33668095595582,4.131581031890573,0.9161104590897359,-0.7537526291262466,1.3363332162228048
274.23333333333335,0.3333,0.4667,33.37017879472675,2.764858358596738,0.9063444754241275,-0.7371459451874479,1.237407002808918
274.26666666666665,0.3667,0.4333,32.78069466642583,1.3831190182842192,0.8981191070659527,-0.7171743507352596,1.1310123906846978
274.3,0.4,0.4,32.583645022070634,-0.0,0.8920145604700895,-0.6940317539579416,1.017269830113778
274.3333333333333,0.4333,0.3667,32.78069466642583,-1.3831190182842192,0.8885561730132658,-0.6679027521701473,0.8963641389031249
274.3666666666667,0.4667,0.3333,33.37017879472675,-2.7648583585967375,0.8881995952991655,-0.6389363763491318,0.7680997089027545
274.4,0.5,0.3,34.33668095595582,-4.131581031890573,0.8913343272169745,-0.6072148499620786,0.6319380431207777
274.43333333333334,0.5333,0.2667,35.66217886167396,-5.48237882178764,0.8982665008780988,-0.57273418592832,0.48735221353886693
274.46666666666664,0.5667,0.2333,37.32638210209518,-6.8165641127440555,0.9092184481457197,-0.5353807088479741,0.33327345501773464
274.5,0.6,0.2,39.288003112390996,-8.121984309686718,0.9243288959834753,-0.49489689464148023,0.16801053794048118
274.5333333333333,0.6333,0.1667,41.5160191425547,-9.399056098310568,0.9436184909371551,-0.4508517537137715,-0.01054859291374488
274.56666666666666,0.6667,0.1333,43.97964606914165,-10.648413038970565,0.9669903570727202,-0.4026368026668882,-0.2026668683264989
274.6,0.7,0.1,46.623973020707595,-11.860046223950441,0.9941579452535795,-0.34974107937694493,-0.40048907341100504
274.6333333333333,0.7,0.1,46.623973020707595,-11.860046223950441,1.0245894772725999,-0.29197645914340775,-0.5959875364429845
274.6666666666667,0.7,0.1,46.623973020707595,-11.860046223950441,1.0533953563315563,-0.23045682566650874,-0.7481572867625236
274.7,0.7,0.1,46.623973020707595,-11.860046223950441,1.0799101394647517,-0.16704955535906116,-0.8676894372993669
274.73333333333335,0.7,0.1,46.623973020707595,-11.860046223950441,1.1037329712996051,-0.10312722626830353,-0.9638326052069552
274.76666666666665,0.7,0.1,46.623973020707595,-11.860046223950441,1.1246598301003348,-0.03964756477569949,-1.0437041537128684
274.8,0.7,0.1,46.623973020707595,-11.860046223950441,1.142621191034837,0.02274571129798998,-1.1123733319412197
274.8333333333333,0.7,0.1,46.623973020707595,-11.860046223950441,1.157634982522893,0.08361813365573753,-1.1732469746957905
274.8666666666667,0.7,0.1,46.623973020707595,-11.860046223950441,1.1697751445383824,0.14266628275930404,-1.228500609641741
274.9,0.7,0.1,46.623973020707595,-11.860046223950441,1.1791517375571254,0.19968050796915357,-1.2794555713061042
274.93333333333334,0.7,0.1,46.623973020707595,-11.860046223950441,1.1858988238835055,0.25450857572414265,-1.3268706001096997
274.96666666666664,0.7,0.1,46.623973020707595,-11.860046223950441,1.1901672923234154,0.30703202623568604,-1.3711504629161464
275.0,0.7,0.1,46.623973020707595,-11.860046223950441,1.1921204961897296,0.3571526548328484,-1.412488564011806
275.0333333333333,0.7,0.1,46.623973020707595,-11.860046223950441,1.1919313480507698,0.40478586844313647,-1.450961155934091
275.06666666666666,0.7,0.1,46.623973020707595,-11.860046223950441,1.1897800706452881,0.4498584122499072,-1.4865877630135707
275.1,0.7,0.1,46.623973020707595,-11.860046223950441,1.185852169614892,0.4923086437671231,-1.5193687675444556
275.1333333333333,0.7,0.1,46.623973020707595,-11.860046223950441,1.180336421915496,0.5320880846314782,-1.5493078925188815
275.1666666666667,0.7,0.1,46.623973020707595,-11.860046223950441,1.1734228097329122,0.5691634003266709,-1.5764248377587975
275.2,0.7,0.1,46.623973020707595,-11.860046223950441,1.1653004067788157,0.6035182649289667,-1.6007615529067931
275.23333333333335,0.7,0.1,46.623973020707595,-11.860046223950441,1.1561552640634956,0.6351547873095829,-1.6223844218357466
275.26666666666665,0.7,0.1,46.623973020707595,-11.860046223950441,1.1461683595259553,0.6640943300230183,-1.6413838381118186
275.3,0.7,0.1,46.623973020707595,-11.860046223950441,1.1355136788302784,0.6903776602902139,-1.6578721421342066
275.3333333333333,0.7,0.1,46.623973020707595,-11.860046223950441,1.1243564885926143,0.7140644469800312,-1.671980569870635
275.3666666666667,0.7,0.1,46.623973020707595,-11.860046223950441,1.1128518518390607,0.7352321672175202,-1.6838556613451319
275.4,0.7,0.1,46.623973020707595,-11.860046223950441,1.101143421128201,0.753974517291328,-1.693655447564856
275.43333333333334,0.7,0.1,46.623973020707595,-11.860046223950441,1.0893625293934193,0.7703994391799664,-1.7015456475875466
275.46666666666664,0.7,0.1,46.623973020707595,-11.860046223950441,1.0776275836163536,0.7846268794912239,-1.7076960448864336
275.5,0.7,0.1,46.623973020707595,-11.860046223950441,1.0660437530070541,0.7967863945402464,-1.7122771638141623
275.5333333333333,0.7,0.1,46.623973020707595,-11.860046223950441,1.0547029321645303,0.8070147059607198,-1.715457327433324
275.56666666666666,0.7,0.1,46.623973020707595,-11.860046223950441,1.0436839511255165,0.8154532976787491,-1.7174001447576748
275.6,0.7,0.1,46.623973020707595,-11.860046223950441,1.0330529983940175,0.8222461290671115,-1.7182624475404014
275.6333333333333,0.7,0.1,46.623973020707595,-11.860046223950441,1.0228642198583147,0.8275375221584258,-1.718192673837082
275.6666666666667,0.7,0.1,46.623973020707595,-11.860046223950441,1.0131604556506089,0.8314702641549139,-1.7173296775380134
275.7,0.7,0.1,46.623973020707595,-11.860046223950441,1.003974078083061,0.8341839510485033,-1.7158019297309286
275.73333333333335,0.7,0.1,46.623973020707595,-11.860046223950441,0.9953278963488009,0.8358135845786584,-1.7137270687962476
275.76666666666665,0.7,0.1,46.623973020707595,-11.860046223950441,0.9872360972536713,0.8364884233575993,-1.7112117510736582
275.8,0.7,0.1,46.623973020707595,-11.860046223950441,0.9797051954270828,0.8363310799076543,-1.7083517521762939
275.8333333333333,0.7,0.1,46.623973020707595,-11.860046223950441,0.9727349708918075,0.8354568485305947,-1.7052322699125264
275.8666666666667,0.7,0.1,46.623973020707595,-11.860046223950441,0.9663193762683093,0.8339732441850363,-1.7019283826463572
275.9,0.7,0.1,46.623973020707595,-11.860046223950441,0.9604474000387768,0.8319797296272057,-1.6985056211672396
275.93333333333334,0.7,0.1,46.623973020707595,-11.860046223950441,0.9551038760579295,0.8295676066749156,-1.695020617203013
275.96666666666664,0.7,0.1,46.623973020707595,-11.860046223950441,0.9502702327902143,0.8268200472785109,-1.6915217971401255
276.0,0.7,0.1,46.623973020707595,-11.860046223950441,0.9459251785428908,0.8238122408340411,-1.6880500949547574
276.0333333333333,0.7,0.1,46.623973020707595,-11.860046223950441,0.9420453212550836,0.8206116355899844,-1.6846396635419596
276.06666666666666,0.7,0.1,46.623973020707595,-11.860046223950441,0.9386057232232176,0.8172782538532597,-1.681318568377447
276.1,0.7,0.1,46.623973020707595,-11.860046223950441,0.935580392538687,0.8138650628064661,-1.6781094516504014
276.1333333333333,0.7,0.1,46.623973020707595,-11.860046223950441,0.9329427140380798,0.8104183849586255,-1.6750301586161043
276.1666666666667,0.7,0.1,46.623973020707595,-11.860046223950441,0.9306658232765519,0.8069783344542917,-1.6720943209294867
276.2,0.7,0.1,46.623973020707595,-11.860046223950441,0.9287229274864248,0.8035792675801142,-1.6693118941617728
276.23333333333335,0.7,0.1,46.623973020707595,-11.860046223950441,0.9270875777271548,0.8002502377794496,-1.6666896486203266
276.26666666666665,0.7,0.1,46.623973020707595,-11.860046223950441,0.9257338965152508,0.7970154472812391,-1.6642316140468665
276.3,0.7,0.1,46.623973020707595,-11.860046223950441,0.9246367651830035,0.7938946890524967,-1.6619394798268463
276.3333333333333,0.7,0.1,46.623973020707595,-11.860046223950441,0.9237719750861293,0.7909037741901247,-1.6598129530687322
276.3666666666667,0.7,0.1,46.623973020707595,-11.860046223950441,0.9231163465897267,0.7880549410820525,-1.657850077368447
276.4,0.7,0.1,46.623973020707595,-11.860046223950441,0.9226478195308968,0.785357243700541,-1.6560475153181926
276.43333333333334,0.7,0.1,46.623973020707595,-11.860046223950441,0.9223455186018635,0.7828169172563426,-1.654400797900162
276.46666666666664,0.7,0.1,46.623973020707595,-11.860046223950441,0.9221897968322565,0.7804377201577336,-1.6529045438670407
276.5,0.7,0.1,46.623973020707595,-11.860046223950441,0.9221622600828656,0.7782212518004356,-1.6515526520882418
276.5333333333333,0.7,0.1,46.623973020707595,-11.860046223950441,0.9222457752024338,0.776167246180179,-1.6503384696623316
276.56666666666666,0.7,0.1,46.623973020707595,-11.860046223950441,0.9224244642485706,0.7742738416853909,-1.649254938384835
276.6,0.7,0.1,46.623973020707595,-11.860046223950441,0.9226836869366408,0.7725378277082938,-1.6482947219340227
276.6333333333333,0.7,0.1,46.623973020707595,-11.860046223950441,0.9230100132582674,0.7709548689222812,-1.6474503159082574
276.6666666666667,0.7,0.1,46.623973020707595,-11.860046223950441,0.9233911880047015,0.769519708223984,-1.646714142626236
276.7,0.7,0.1,46.623973020707595,-11.860046223950441,0.923816088739914,0.7682263494406625,-1.6460786323921233
276.73333333333335,0.7,0.1,46.623973020707595,-11.860046223950441,0.9242746785935381,0.7670682209667243,-1.6455362927349082
276.76666666666665,0.7,0.1,46.623973020707595,-11.860046223950441,0.9247579550841303,0.766038321525196,-1.6450797669572301
276.8,0.7,0.1,46.623973020707595,-11.860046223950441,0.9252578960377938,0.7651293492575499,-1.6447018831740023
276.8333333333333,0.7,0.1,46.623973020707595,-11.860046223950441,0.925767403535112,0.7643338153340076,-1.6443956948849485
276.8666666666667,0.7,0.1,46.623973020707595,-11.860046223950441,0.9262802466996045,0.7636441432509087,-1.6441545140066116
276.9,0.7,0.1,46.623973020707595,-11.860046223950441,0.9267910040325833,0.7630527549457247,-1.6439719371869719
276.93333333333334,0.7,0.1,46.623973020707595,-11.860046223950441,0.9272950059014057,0.7625521448168429,-1.6438418661378091
276.96666666666664,0.7,0.1,46.623973020707595,-11.860046223950441,0.9277882776998233,0.7621349426867742,-1.6437585226445446
277.0,0.7,0.1,46.623973020707595,-11.860046223950441,0.9282674841195672,0.7617939666958363,-1.6437164588487367
277.0333333333333,0.7,0.1,46.623973020707595,-11.860046223950441,0.9287298749007303,0.7615222670601175,-1.643710563342969
277.06666666666666,0.7,0.1,46.623973020707595,-11.860046223950441,0.9291732323642116,0.7613131615737337,-1.6437360635700289
277.1,0.7,0.1,46.623973020707595,-11.860046223950441,0.9295958209718251,0.7611602636819019,-1.6437885249766417
277.1333333333333,0.7,0.1,46.623973020707595,-11.860046223950441,0.9299963391080887,0.7610575038987493,-1.6438638473353968
277.1666666666667,0.7,0.1,46.623973020707595,-11.860046223950441,0.9303738732316538,0.7609991452925065,-1.643958258615858
277.2,0.7,0.1,46.623973020707595,-11.860046223950441,0.9307278545033678,0.7609797937110604,-1.6440683067563449
277.23333333333335,0.7,0.1,46.623973020707595,-11.860046223950441,0.9310580179616293,0.7609944033729642,-1.6441908496608055
277.26666666666665,0.7,0.1,46.623973020707595,-11.860046223950441,0.931364364283637,0.7610382784030184,-1.6443230437200476
277.3,0.7,0.1,46.623973020707595,-11.860046223950441,0.9316471241429858,0.7611070708474992,-1.6444623311329176
277.3333333333333,0.7,0.1,46.623973020707595,-11.860046223950441,0.9319067251495103,0.7611967756620306,-1.6446064262805296
277.3666666666667,0.7,0.1,46.623973020707595,-11.860046223950441,0.9321437613360302,0.761303723124966,-1.6447533013851126
277.4,0.7,0.1,46.623973020707595,-11.860046223950441,0.9323589651384381,0.7614245690909284,-1.64490117166435
277.43333333333334,0.7,0.1,46.623973020707595,-11.860046223950441,0.9325531818001445,0.7615562834628308,-1.6450484801721226
277.46666666666664,0.7,0.1,46.623973020707595,-11.860046223950441,0.9327273461190175,0.7616961372262113,-1.645193882497324
277.5,0.7,0.1,46.623973020707595,-11.860046223950441,0.9328824614444167,0.7618416883570379,-1.6453362314738893
277.5333333333333,0.7,0.1,46.623973020707595,-11.860046223950441,0.9330195808235069,0.7619907668832246,-1.645474562037378
277.56666666666666,0.7,0.1,46.623973020707595,-11.860046223950441,0.9331397901895682,0.762141459350923,-1.6456080763464294
277.6,0.7,0.1,46.623973020707595,-11.860046223950441,0.9332441934802893,0.7622920929191658,-1.6457361292712074
277.6333333333333,0.7,0.1,46.623973020707595,-11.860046223950441,0.9333338995708961,0.7624412192806268,-1.6458582143356102
277.6666666666667,0.7,0.1,46.623973020707595,-11.860046223950441,0.9334100109052316,0.7625875985820783,-1.645973950185588
277.7,0.7,0.1,46.623973020707595,-11.860046223950441,0.9334736137074398,0.7627301834955434,-1.646083067642429
277.73333333333335,0.7,0.1,46.623973020707595,-11.860046223950441,0.9335257696575392,0.7628681035701396,-1.6461853973873608
277.76666666666665,0.7,0.1,46.623973020707595,-11.860046223950441,0.9335675089157861,0.7630006499751256,-1.6462808583122899
277.8,0.7,0.1,46.623973020707595,-11.860046223950441,0.9335998243831736,0.7631272607267002,-1.6463694465609906
277.8333333333333,0.7,0.1,46.623973020707595,-11.860046223950441,0.9336236670885781,0.7632475064745742,-1.646451225275526
277.8666666666667,0.7,0.1,46.623973020707595,-11.860046223950441,0.9336399425968271,0.7633610769092457,-1.6465263150541496
277.9,0.7,0.1,46.623973020707595,-11.860046223950441,0.9336495083362193,0.7634677678371714,-1.646594885119362
277.93333333333334,0.7,0.1,46.623973020707595,-11.860046223950441,0.9336531717486789,0.7635674689586114,-1.6466571451881482
277.96666666666664,0.7,0.1,46.623973020707595,-11.860046223950441,0.933651689170677,0.7636601523717792,-1.6467133380306798
278.0,0.7,0.1,46.623973020707595,-11.860046223950441,0.9336457653582259,0.763745861816978,-1.646763732698851
278.0333333333333,0.6667,0.1333,43.97964606914165,-10.648413038970565,0.9336360535745694,0.7638247026656108,-1.6468086184019226
278.06666666666666,0.6333,0.1667,41.5160191425547,-9.399056098310568,0.9300873304096758,0.7629064111105561,-1.6127835784018247
278.1,0.6,0.2,39.288003112390996,-8.121984309686718,0.9240486120243482,0.7596643874698703,-1.5571771930985465
278.1333333333333,0.5667,0.2333,37.32638210209518,-6.8165641127440555,0.9164375736772546,0.7534226765380465,-1.4869383021321352
278.1666666666667,0.5333,0.2667,35.66217886167396,-5.48237882178764,0.9080652969698535,0.7438872650347437,-1.405694157205612
278.2,0.5,0.3,34.33668095595582,-4.131581031890573,0.899672716272532,0.7309825275837363,-1.3152725007192319
278.23333333333335,0.4667,0.3333,33.37017879472675,-2.7648583585967375,0.8919622503566184,0.7147627219671105,-1.216866927194708
278.26666666666665,0.4333,0.3667,32.78069466642583,-1.3831190182842192,0.8855760950971214,0.6953532315829192,-1.1109920526513073
278.3,0.4,0.4,32.583645022070634,-0.0,0.8811034137754383,0.6729022420468794,-0.9977392216246168
278.3333333333333,0.3667,0.4333,32.78069466642583,1.3831190182842192,0.8790809040749964,0.647553430072115,-0.8772639156007127
278.3666666666667,0.3333,0.4667,33.37017879472675,2.764858358596738,0.8799771299462715,0.6194197368475131,-0.7493413452855004
278.4,0.3,0.5,34.33668095595582,4.131581031890573,0.884195218023886,0.5885519516890448,-0.613402868036171
278.43333333333334,0.2667,0.5333,35.66217886167396,5.482378821787641,0.8920550183183449,0.5549187900326847,-0.468889300560699
278.46666666666664,0.2333,0.5667,37.32638210209518,6.8165641127440555,0.9037920830432057,0.518382767750191,-0.31469472062276627
278.5,0.2,0.6,39.288003112390996,8.121984309686718,0.9195572463106996,0.47866519796797485,-0.14908077817474172
278.5333333333333,0.1667,0.6333,41.5160191425547,9.399056098310568,0.9393816309829885,0.4353153831491366,0.03009946316937806
278.56666666666666,0.1333,0.6667,43.97964606914165,10.648413038970563,0.9631732378675318,0.38772224153649726,0.22232607365263682
278.6,0.1,0.7,46.623973020707595,11.860046223950441,0.9906441646689186,0.3354105257836669,0.4193829909792366
278.6333333333333,0.1,0.7,46.623973020707595,11.860046223950441,1.0212680316255636,0.27822474996213215,0.6135340767699465
278.6666666666667,0.1,0.7,46.623973020707595,11.860046223950441,1.0501740094295289,0.21729741999215718,0.7641070335030753
278.7,0.1,0.7,46.623973020707595,11.860046223950441,1.0767219248695683,0.15450088326050818,0.8820497734119179
278.73333333333335,0.1,0.7,46.623973020707595,11.860046223950441,1.1005321367860863,0.09120555035213425,0.9767286547543812
278.76666666666665,0.1,0.7,46.623973020707595,11.860046223950441,1.1214172548537369,0.028364115830588635,1.0552937005640906
278.8,0.1,0.7,46.623973020707595,11.860046223950441,1.139320299166978,-0.03338461800001332,1.1228048474653434
278.8333333333333,0.1,0.7,46.623973020707595,11.860046223950441,1.1542685865533016,-0.09360685131927343,1.1826436100971172
278.8666666666667,0.1,0.7,46.623973020707595,11.860046223950441,1.1663431291849662,-0.15200303240820895,1.236958448469013
278.9,0.1,0.7,46.623973020707595,11.860046223950441,1.1756593315138053,-0.20836704772743075,1.2870485382890242
278.93333333333334,0.1,0.7,46.623973020707595,11.860046223950441,1.182355336223041,-0.26254950246093256,1.333656658087493
278.96666666666664,0.1,0.7,46.623973020707595,11.860046223950441,1.1865851523667006,-0.31443441052539356,1.3771772214385292
279.0,0.1,0.7,46.623973020707595,11.860046223950441,1.1885144803803738,-0.36392592521493544,1.4177976752727979
279.0333333333333,0.1,0.7,46.623973020707595,11.860046223950441,1.188317919614132,-0.4109418471230309,1.4555914497339604
279.06666666666666,0.1,0.7,46.623973020707595,11.860046223950441,1.1861767897384579,-0.45541141488493125,1.4905772996650757
279.1,0.1,0.7,46.623973020707595,11.860046223950441,1.1822771534916023,-0.49727557575593023,1.5227560450679996
279.1333333333333,0.1,0.7,46.623973020707595,11.860046223950441,1.1768078483428834,-0.5364884875310181,1.5521324295220653
279.1666666666667,0.1,0.7,46.623973020707595,11.860046223950441,1.1699584646950882,-0.5730194210872029,1.5787273147489949
279.2,0.1,0.7,46.623973020707595,11.860046223950441,1.1619172812094989,-0.6068545362795429,1.6025836542343312
279.23333333333335,0.1,0.7,46.623973020707595,11.860046223950441,1.1528692053371612,-0.6379982196557137,1.6237684859985515
279.26666666666665,0.1,0.7,46.623973020707595,11.860046223950441,1.1429937826948497,-0.6664738239039895,1.6423723973027848
279.3,0.1,0.7,46.623973020707595,11.860046223950441,1.132463340836606,-0.6923237542047528,1.6585074116510417
279.3333333333333,0.1,0.7,46.623973020707595,11.860046223950441,1.121441326431002,-0.7156089186702721,1.672303932651965
279.3666666666667,0.1,0.7,46.623973020707595,11.860046223950441,1.1100808832755675,-0.7364076077351993,1.68390718092964
279.4,0.1,0.7,46.623973020707595,11.860046223950441,1.0985237043742162,-0.754813896772616,1.6934734330995749
279.43333333333334,0.1,0.7,46.623973020707595,11.860046223950441,1.0868991762734526,-0.7709356816254359,1.701166286465303
279.46666666666664,0.1,0.7,46.623973020707595,11.860046223950441,1.0753238193695434,-0.7848924613634477,1.707153111817564
279.5,0.1,0.7,46.623973020707595,11.860046223950441,1.0639010149691066,-0.7968129790013163,1.7116018094799894
279.5333333333333,0.1,0.7,46.623973020707595,11.860046223950441,1.0527209991816266,-0.8068328213812778,1.7146779452730858
279.56666666666666,0.1,0.7,46.623973020707595,11.860046223950441,1.0418610956053,-0.8150920659119026,1.7165423108792854
279.6,0.1,0.7,46.623973020707595,11.860046223950441,1.0313861533246182,-0.8217330460885611,1.7173489261779358
279.6333333333333,0.1,0.7,46.623973020707595,11.860046223950441,1.021349153833779,-0.8268982911613179,1.717243479132348
279.6666666666667,0.1,0.7,46.623973020707595,11.860046223950441,1.011791949836568,-0.8307286791303996,1.716362181595081
279.7,0.1,0.7,46.623973020707595,11.860046223950441,1.0027461000525206,-0.8333618273073791,1.7148310067506842
279.73333333333335,0.1,0.7,46.623973020707595,11.860046223950441,0.9942337667391796,-0.8349307315630436,1.712765265498965
279.76666666666665,0.1,0.7,46.623973020707595,11.860046223950441,0.9862686461826282,-0.8355626544131777,1.7102694744158562
279.8,0.1,0.7,46.623973020707595,11.860046223950441,0.9788569065125824,-0.8353782533773855,1.7074374664274181
279.8333333333333,0.1,0.7,46.623973020707595,11.860046223950441,0.9719981115231089,-0.8344909345220535,1.7043526963573747
279.8666666666667,0.1,0.7,46.623973020707595,11.860046223950441,0.9656861134545459,-0.8330064115862459,1.7010886964217011
279.9,0.1,0.7,46.623973020707595,11.860046223950441,0.9599099017168774,-0.8310224483345189,1.6977096409492336
279.93333333333334,0.1,0.7,46.623973020707595,11.860046223950441,0.9546543981763912,-0.8286287604930299,1.6942709845810313
279.96666666666664,0.1,0.7,46.623973020707595,11.860046223950441,0.9499011928098262,-0.8259070535081658,1.690820143507501
280.0,0.1,0.7,46.623973020707595,11.860046223950441,0.9456292162233838,-0.8229311731382073,1.6873971945989963
280.0333333333333,0.1,0.7,46.623973020707595,11.860046223950441,0.9418153477427814,-0.819767347294729,1.6840355723209544
280.06666666666666,0.1,0.7,46.623973020707595,11.860046223950441,0.93843495953412,-0.8164744993738093,1.6807627479283291
280.1,0.1,0.7,46.623973020707595,11.860046223950441,0.9354623985581977,-0.8131046153784202,1.677600879505006
280.1333333333333,0.1,0.7,46.623973020707595,11.860046223950441,0.9328714091455383,-0.8097031492908852,1.67456742490663
280.1666666666667,0.1,0.7,46.623973020707595,11.860046223950441,0.9306354996608228,-0.8063094533007672,1.671675712576912
280.2,0.1,0.7,46.623973020707595,11.860046223950441,0.9287282571571958,-0.8029572215517995,1.668935467565371
280.23333333333335,0.1,0.7,46.623973020707595,11.860046223950441,0.9271236141526847,-0.7996749379895463,1.6663532919259836
280.26666666666665,0.1,0.7,46.623973020707595,11.860046223950441,0.9257960717368694,-0.7964863206377737,1.6639331000800952
280.3,0.1,0.7,46.623973020707595,11.860046223950441,0.9247208831740481,-0.7934107561902888,1.6616765107468694
280.3333333333333,0.1,0.7,46.623973020707595,11.860046223950441,0.9238742020414028,-0.7904637201724112,1.659583197744146
280.3666666666667,0.1,0.7,46.623973020707595,11.860046223950441,0.9232331987531593,-0.7876571791069478,1.657651202402173
280.4,0.1,0.7,46.623973020707595,11.860046223950441,0.9227761490953489,-0.7849999721239884,1.6558772105671162
280.43333333333334,0.1,0.7,46.623973020707595,11.860046223950441,0.9224824981467422,-0.7824981702960857,1.6542567972488134
280.46666666666664,0.1,0.7,46.623973020707595,11.860046223950441,0.9223329027022449,-0.7801554126764144,1.6527846419291554
280.5,0.1,0.7,46.623973020707595,11.860046223950441,0.9223092550546553,-0.7779732185840288,1.6514547174280525
280.5333333333333,0.1,0.7,46.623973020707595,11.860046223950441,0.9223946907357667,-0.7759512761338864,1.650260455050981
280.56666666666666,0.1,0.7,46.623973020707595,11.860046223950441,0.9225735825728436,-0.7740877073656549,1.6491948885375598
280.6,0.1,0.7,46.623973020707595,11.860046223950441,0.9228315231844343,-0.7723793105990981,1.6482507791112657
280.6333333333333,0.1,0.7,46.623973020707595,11.860046223950441,0.9231552978219993,-0.7708217808483241,1.6474207237087597
280.6666666666667,0.1,0.7,46.623973020707595,11.860046223950441,0.9235328492617455,-0.7694099092742189,1.6466972482521742
280.7,0.1,0.7,46.623973020707595,11.860046223950441,0.9239532362645221,-0.7681377627543661,1.6460728876250585
280.73333333333335,0.1,0.7,46.623973020707595,11.860046223950441,0.9244065869503655,-0.7669988447116658,1.6455402538261068
280.76666666666665,0.1,0.7,46.623973020707595,11.860046223950441,0.924884048277681,-0.7659862383744152,1.6450920936061557
280.8,0.1,0.7,46.623973020707595,11.860046223950441,0.9253777326743436,-0.7650927336482826,1.6447213367437687
280.8333333333333,0.1,0.7,46.623973020707595,11.860046223950441,0.9258806627382997,-0.7643109387698548,1.6444211359826286
280.8666666666667,0.1,0.7,46.623973020707595,11.860046223950441,0.9263867148076278,-0.7636333778867274,1.6441848995388684
280.9,0.1,0.7,46.623973020707595,11.860046223950441,0.9268905620935344,-0.7630525756741245,1.64400631698696
280.93333333333334,0.1,0.7,46.623973020707595,11.860046223950441,0.927387617973519,-0.7625611300557325,1.643879379247175
280.96666666666664,0.1,0.7,46.623973020707595,11.860046223950441,0.9278739799550776,-0.7621517740491617,1.6437983933241824
281.0,0.1,0.7,46.623973020707595,11.860046223950441,0.9283463747420186,-0.7618174277060901,1.6437579923833576
281.0333333333333,0.1,0.7,46.623973020707595,11.860046223950441,0.9288021047650047,-0.7615512410650922,1.6437531416971913
281.06666666666666,0.1,0.7,46.623973020707595,11.860046223950441,0.9292389964746129,-0.7613466289825511,1.6437791409473286
281.1,0.1,0.7,46.623973020707595,11.860046223950441,0.9296553506384193,-0.7611972986546689,1.643831623326911
281.1333333333333,0.1,0.7,46.623973020707595,11.860046223950441,0.9300498948327842,-0.7610972705920522,1.6439065518518596
281.1666666666667,0.1,0.7,46.623973020707595,11.860046223950441,0.9304217382746489,-0.7610408937580576,1.6440002132575673
281.2,0.1,0.7,46.623973020707595,11.860046223950441,0.9307703290982772,-0.761022855533333,1.644109209828325
281.23333333333335,0.1,0.7,46.623973020707595,11.860046223950441,0.9310954141460824,-0.7610381871219618,1.6442304494800466
281.26666666666665,0.1,0.7,46.623973020707595,11.860046223950441,0.9313970013110894,-0.761082264969421,1.644361134391937
281.3,0.1,0.7,46.623973020707595,11.860046223950441,0.9316753244408505,-0.7611508087192552,1.6444987484592917
281.3333333333333,0.1,0.7,46.623973020707595,11.860046223950441,0.93193081078845,-0.761239876193959,1.6446410438173065
281.3666666666667,0.1,0.7,46.623973020707595,11.860046223950441,0.932164050975307,-0.7613458558460529,1.6447860266644387
281.4,0.1,0.7,46.623973020707595,11.860046223950441,0.9323757714125582,-0.7614654570876989,1.64493194259332
281.43333333333334,0.1,0.7,46.623973020707595,11.860046223950441,0.9325668091126187,-0.7615956988714101,1.6450772616174467
281.46666666666664,0.1,0.7,46.623973020707595,11.860046223950441,0.932738088809855,-0.7617338968604211,1.6452206630628097
281.5,0.1,0.7,46.623973020707595,11.860046223950441,0.9328906022989486,-0.7618776494950745,1.645361020475266
281.5333333333333,0.1,0.7,46.623973020707595,11.860046223950441,0.9330253898912648,-0.7620248232311032,1.645497386676853
281.56666666666666,0.1,0.7,46.623973020707595,11.860046223950441,0.9331435238831955,-0.7621735371969187,1.6456289790874055
281.6,0.1,0.7,46.623973020707595,11.860046223950441,0.9332460939258218,-0.7623221474899193,1.6457551654118279
281.6333333333333,0.1,0.7,46.623973020707595,11.860046223950441,0.9333341941821783,-0.7624692313063773,1.6458754497782166
281.6666666666667,0.1,0.7,46.623973020707595,11.860046223950441,0.9334089121567307,-0.762613571075625,1.6459894593977955
281.7,0.1,0.7,46.623973020707595,11.860046223950441,0.9334713190812443,-0.762754138747,1.6460969318043166
281.73333333333335,0.1,0.7,46.623973020707595,11.860046223950441,0.9335224617418841,-0.7628900803573043,1.6461977027182533
281.76666666666665,0.1,0.7,46.623973020707595,11.860046223950441,0.9335633556340028,-0.7630207009873369,1.6462916945697605
281.8,0.1,0.7,46.623973020707595,11.860046223950441,0.9335949793335105,-0.7631454501983552,1.6463789057040243
281.8333333333333,0.1,0.7,46.623973020707595,11.860046223950441,0.9336182699768691,-0.7632639080230457,1.6464594002832538
281.8666666666667,0.1,0.7,46.623973020707595,11.860046223950441,0.9336341197454812,-0.7633757715707151,1.6465332988911743
281.9,0.1,0.7,46.623973020707595,11.860046223950441,0.9336433732544629,-0.7634808422928941,1.6466007698384388
281.93333333333334,0.1,0.7,46.623973020707595,11.860046223950441,0.9336468257503913,-0.7635790139433224,1.64666202116085
281.96666666666664,0.1,0.7,46.623973020707595,11.860046223950441,0.9336452220275114,-0.7636702612553146,1.6467172932966412
282.0,0.1,0.7,46.623973020707595,11.860046223950441,0.933639255977005,-0.7637546293497239,1.6467668524242587
282.0333333333333,0.1333,0.6667,43.97964606914165,10.648413038970563,0.9336295706891691,-0.7638322238780669,1.6468109844380636
282.06666666666666,0.1667,0.6333,41.5160191425547,9.399056098310568,0.9300809357272033,-0.7629127861550034,1.6127852732227357
282.1,0.2,0.6,39.288003112390996,8.121984309686718,0.9240423599087497,-0.7596697228996544,1.5571782978512079
282.1333333333333,0.2333,0.5667,37.32638210209518,6.8165641127440555,0.9164315089004378,-0.7534270805463942,1.4869388929653669
282.1666666666667,0.2667,0.5333,35.66217886167396,5.482378821787641,0.9080594543646067,-0.7438908441429205,1.4056943047307375
282.2,0.3,0.5,34.33668095595582,4.131581031890573,0.8996671213086326,-0.7309853843886872,1.3152722699068249
282.23333333333335,0.3333,0.4667,33.37017879472675,2.764858358596738,0.8919569201236502,-0.7147649535629221,1.216866377142903
282.26666666666665,0.3667,0.4333,32.78069466642583,1.3831190182842192,0.8855710394546529,-0.6953549284854601,1.110991236268129
282.3,0.4,0.4,32.583645022070634,-0.0,0.8810986365419984,-0.6729034875448956,0.9977381853550397
282.3333333333333,0.4333,0.3667,32.78069466642583,-1.3831190182842192,0.8790764041671142,-0.6475542998613982,0.8772626993144687
282.3666666666667,0.4667,0.3333,33.37017879472675,-2.7648583585967375,0.879972902429383,-0.6194202989166273,0.7493399823123003
282.4,0.5,0.3,34.33668095595582,-4.131581031890573,0.8841912550526105,-0.5885522664463101,0.6134013852944382
282.43333333333334,0.5333,0.2667,35.66217886167396,-5.48237882178764,0.8920513099471137,-0.5549189105741922,0.4688877187772768
282.46666666666664,0.5667,0.2333,37.32638210209518,-6.8165641127440555,0.9037886179060827,-0.5183827402485619,0.31469305451475493
282.5,0.6,0.2,39.288003112390996,-8.121984309686718,0.9195540121747277,-0.47866506217364485,0.14907903643461523
282.5333333333333,0.6333,0.1667,41.5160191425547,-9.399056098310568,0.9393786151791216,-0.4353151729224855,-0.030101274244241444
282.56666666666666,0.6667,0.1333,43.97964606914165,-10.648413038970565,0.9631704272336818,-0.38772198704241523,-0.22232787024330578
282.6,0.7,0.1,46.623973020707595,-11.860046223950441,0.9906415453480553,-0.3354102565252827,-0.4193846636429548
282.6333333333333,0.7,0.1,46.623973020707595,-11.860046223950441,1.0212655899525376,-0.27822449373715497,-0.6135355481052378
282.6666666666667,0.7,0.1,46.623973020707595,-11.860046223950441,1.0501717327515063,-0.2172971994486045,-0.7641082643388195
282.7,0.7,0.1,46.623973020707595,-11.860046223950441,1.0767198019836672,-0.15450071442560426,-0.8820507566621385
282.73333333333335,0.7,0.1,46.623973020707595,-11.860046223950441,1.1005301580358864,-0.09120544406386756,-0.9767294014541386
282.76666666666665,0.7,0.1,46.623973020707595,-11.860046223950441,1.1214154119884816,-0.028364078901352216,-1.0552942302629744
282.8,0.7,0.1,46.623973020707595,-11.860046223950441,1.1393185851170673,0.03338458187865944,-1.122805182673455
282.8333333333333,0.7,0.1,46.623973020707595,-11.860046223950441,1.1542669951992401,0.09360674092848245,-1.1826437735032602
282.8666666666667,0.7,0.1,46.623973020707595,-11.860046223950441,1.166341655148509,0.15200284852395624,-1.2369584617644553
282.9,0.7,0.1,46.623973020707595,-11.860046223950441,1.1756579699780894,0.20836679273598308,-1.2870484217871905
282.93333333333334,0.7,0.1,46.623973020707595,-11.860046223950441,1.182354082779875,0.26254918005995753,-1.3336564306846068
282.96666666666664,0.7,0.1,46.623973020707595,-11.860046223950441,1.186584002887171,0.31443402548090904,-1.3771769006894445
283.0,0.7,0.1,46.623973020707595,-11.860046223950441,1.1885134309056864,0.36392548315218837,-1.4177972774808627
283.0333333333333,0.7,0.1,46.623973020707595,-11.860046223950441,1.1883169662648332,0.4109413543373092,-1.455590990017875
283.06666666666666,0.7,0.1,46.623973020707595,-11.860046223950441,1.1861759286410891,0.45541087816441783,-1.4905767919957285
283.1,0.7,0.1,46.623973020707595,-11.860046223950441,1.1822763807222867,0.4972750022130887,-1.522755502280643
283.1333333333333,0.7,0.1,46.623973020707595,-11.860046223950441,1.1768071598873797,0.5364878844419352,-1.5521318633130956
283.1666666666667,0.7,0.1,46.623973020707595,-11.860046223950441,1.1699578564246256,0.5730187957401098,-1.5787267356667078
283.2,0.7,0.1,46.623973020707595,-11.860046223950441,1.1619167488713256,0.6068538958346701,-1.6025830716716234
283.23333333333335,0.7,0.1,46.623973020707595,-11.860046223950441,1.152868744558335,0.637997571018929,-1.6237679081936174
283.26666666666665,0.7,0.1,46.623973020707595,-11.860046223950441,1.1429933889974242,0.6664731736165038,-1.6423718313518956
283.3,0.7,0.1,46.623973020707595,-11.860046223950441,1.1324630096620893,0.692323108350703,-1.6585068635356626
283.3333333333333,0.7,0.1,46.623973020707595,-11.860046223950441,1.1214410531718013,0.7156082828033307,-1.672303407280863
283.3666666666667,0.7,0.1,46.623973020707595,-11.860046223950441,1.1100806633111049,0.7364069868246147,-1.6839066821953155
283.4,0.7,0.1,46.623973020707595,-11.860046223950441,1.0985235331094885,0.754813295168345,-1.6934729639473296
283.43333333333334,0.7,0.1,46.623973020707595,-11.860046223950441,1.086899049178008,0.7709351030413529,-1.701165848972543
283.46666666666664,0.7,0.1,46.623973020707595,-11.860046223950441,1.0753237320151199,0.7848919088770508,-1.7071527072805226
283.5,0.7,0.1,46.623973020707595,-11.860046223950441,1.0639009630645038,0.7968124550679281,-1.7116014385049017
283.5333333333333,0.7,0.1,46.623973020707595,-11.860046223950441,1.052720978603729,0.8068323278604652,-1.714677607868919
283.56666666666666,0.7,0.1,46.623973020707595,-11.860046223950441,1.041861102425517,0.8150916041037127,-1.7165420065493748
283.6,0.7,0.1,46.623973020707595,-11.860046223950441,1.0313861838303222,0.8217326167771736,-1.7173486540082403
283.6333333333333,0.7,0.1,46.623973020707595,-11.860046223950441,1.0213492045446075,0.8268978946638273,-1.7172432378744835
283.6666666666667,0.7,0.1,46.623973020707595,-11.860046223950441,1.0117920175156896,0.8307283153486357,-1.7163619697427452
283.7,0.7,0.1,46.623973020707595,-11.860046223950441,1.002746181713147,0.833361495780921,-1.7148308226085516
283.73333333333335,0.7,0.1,46.623973020707595,-11.860046223950441,0.9942338596467363,0.8349304315218703,-1.7127651072435415
283.76666666666665,0.7,0.1,46.623973020707595,-11.860046223950441,0.9862687478530877,0.8355623848286832,-1.7102693401481548
283.8,0.7,0.1,46.623973020707595,-11.860046223950441,0.9788570147075019,0.835378013010777,-1.707437354217611
283.8333333333333,0.7,0.1,46.623973020707595,-11.860046223950441,0.9719982242419323,0.8344907219694119,-1.7043526042818151
283.8666666666667,0.7,0.1,46.623973020707595,-11.860046223950441,0.9656862289247129,0.8330062253197684,-1.7010886225928759
283.9,0.7,0.1,46.623973020707595,-11.860046223950441,0.95991001838225,0.8310222867396663,-1.6977095835393154
283.93333333333334,0.7,0.1,46.623973020707595,-11.860046223950441,0.9546545146844635,0.8286286219014714,-1.69427094183976
283.96666666666664,0.7,0.1,46.623973020707595,-11.860046223950441,0.9499013079981292,0.8259069362265538,-1.6908201137751384
284.0,0.7,0.1,46.623973020707595,-11.860046223950441,0.9456293291054423,0.8229310754729167,-1.6873971763150872
284.0333333333333,0.6667,0.1333,43.97964606914165,-10.648413038970565,0.9418154574939239,0.8197672675727757,-1.6840355640295808
284.06666666666666,0.6333,0.1667,41.5160191425547,-9.399056098310568,0.9349239066125328,0.8154777178369871,-1.6467888846263627
284.1,0.6,0.2,39.288003112390996,-8.121984309686718,0.9260050876528615,0.8087946943866584,-1.5882208615795947
284.1333333333333,0.5667,0.2333,37.32638210209518,-6.8165641127440555,0.915956894231234,0.7991074335688397,-1.5152774931905928
284.1666666666667,0.5333,0.2667,35.66217886167396,-5.48237882178764,0.9055596051475812,0.7861820217993607,-1.431571875570692
284.2,0.5,0.3,34.33668095595582,-4.131581031890573,0.8955180662099654,0.7699940012163532,-1.3389238889426538
284.23333333333335,0.4667,0.3333,33.37017879472675,-2.7648583585967375,0.8864964578666481,0.7506390567361939,-1.2385257366245668
284.26666666666665,0.4333,0.3667,32.78069466642583,-1.3831190182842192,0.8790986167349577,0.7282745703820037,-1.1308943510267857
284.3,0.4,0.4,32.583645022070634,-0.0,0.8738767012799846,0.703072169137584,-1.016125185207284
284.3333333333333,0.3667,0.4333,32.78069466642583,1.3831190182842192,0.8713325799575293,0.6751914542735729,-0.8943779990397716
284.3666666666667,0.3333,0.4667,33.37017879472675,2.764858358596738,0.8719027690577419,0.6447549147569199,-0.7654326096378321
284.4,0.3,0.5,34.33668095595582,4.131581031890573,0.8759616233331868,0.6118178206322487,-0.6287269833039539
284.43333333333334,0.2667,0.5333,35.66217886167396,5.482378821787641,0.8838036533813162,0.5763495691384682,-0.4837122343025123
284.46666666666664,0.2333,0.5667,37.32638210209518,6.8165641127440555,0.8956426176420034,0.5382108718570461,-0.32929948505504175
284.5,0.2,0.6,39.288003112390996,8.121984309686718,0.9116112669512964,0.4971202385078211,-0.16377921385180821
284.5333333333333,0.1667,0.6333,41.5160191425547,9.399056098310568,0.9317264202072648,0.4526247055708174,0.01497304025450169
284.56666666666666,0.1333,0.6667,43.97964606914165,10.648413038970563,0.9558883403933949,0.4040991293561579,0.20704747649384794
284.6,0.1,0.7,46.623973020707595,11.860046223950441,0.9838073965185135,0.3510238084018552,0.4044987067132776
284.6333333333333,0.1,0.7,46.623973020707595,11.860046223950441,1.0149512163648182,0.2931986653607027,0.5993858668375103
284.6666666666667,0.1,0.7,46.623973020707595,11.860046223950441,1.0444310014719742,0.2317133366051754,0.7508122802335953
284.7,0.1,0.7,46.623973020707595,11.860046223950441,1.0715830760681184,0.16840681116369954,0.8695648952666799
284.73333333333335,0.1,0.7,46.623973020707595,11.860046223950441,1.0960095828522818,0.10463024764969435,0.9649516783738005
284.76666666666665,0.1,0.7,46.623973020707595,11.860046223950441,1.1175097436096033,0.04132518983849884,1.0441220107379248
284.8,0.1,0.7,46.623973020707595,11.860046223950441,1.136017039596407,-0.020877077636023082,1.1121599357048704
284.8333333333333,0.1,0.7,46.623973020707595,11.860046223950441,1.1515519628061464,-0.08155244949865464,1.1724774905312025
284.8666666666667,0.1,0.7,46.623973020707595,11.860046223950441,1.1641905151005665,-0.14040547784512902,1.22725049348776
284.9,0.1,0.7,46.623973020707595,11.860046223950441,1.174044337651851,-0.19723283849806592,1.27779806540368
284.93333333333334,0.1,0.7,46.623973020707595,11.860046223950441,1.1812486296351097,-0.2518874729569055,1.3248755258216993
284.96666666666664,0.1,0.7,46.623973020707595,11.860046223950441,1.1859550209115937,-0.3042551275279532,1.3688836360917693
285.0,0.1,0.7,46.623973020707595,11.860046223950441,1.1883272644003096,-0.35424093938071977,1.4100114836679905
285.0333333333333,0.1,0.7,46.623973020707595,11.860046223950441,1.1885383894411232,-0.4017628543909158,1.4483308044447767
285.06666666666666,0.1,0.7,46.623973020707595,11.860046223950441,1.1867685141799347,-0.4467493952966477,1.4838564524038655
285.1,0.1,0.7,46.623973020707595,11.860046223950441,1.1832028810279018,-0.4891399725341266,1.5165840132739716
285.1333333333333,0.1,0.7,46.623973020707595,11.860046223950441,1.1780299071066613,-0.5288864770737042,1.546512317123277
285.1666666666667,0.1,0.7,46.623973020707595,11.860046223950441,1.1714391773529986,-0.565955310148764,1.5736561145619314
285.2,0.1,0.7,46.623973020707595,11.860046223950441,1.163619385033141,-0.6003293085944806,1.5980524011669226
285.23333333333335,0.1,0.7,46.623973020707595,11.860046223950441,1.154756264879905,-0.6320092417461617,1.6197626624317834
285.26666666666665,0.1,0.7,46.623973020707595,11.860046223950441,1.145030581763711,-0.6610147092226338,1.6388725149786327
285.3,0.1,0.7,46.623973020707595,11.860046223950441,1.1346162412607825,-0.687384376225245,1.6554897101769728
285.3333333333333,0.1,0.7,46.623973020707595,11.860046223950441,1.123678583007776,-0.7111755570456737,1.6697411457245512
285.3666666666667,0.1,0.7,46.623973020707595,11.860046223950441,1.1123729068252142,-0.7324632071341195,1.6817693295713587
285.4,0.1,0.7,46.623973020707595,11.860046223950441,1.1008432677191333,-0.7513384153500803,1.6917286119834511
285.43333333333334,0.1,0.7,46.623973020707595,11.860046223950441,1.089221560884931,-0.7679065051110934,1.6997814155879964
285.46666666666664,0.1,0.7,46.623973020707595,11.860046223950441,1.077626903165498,-0.7822848592178453,1.7060946317396875
285.5,0.1,0.7,46.623973020707595,11.860046223950441,1.06616530412501,-0.7946005807221488,1.7108363041467862
285.5333333333333,0.1,0.7,46.623973020707595,11.860046223950441,1.054929608724195,-0.8049880935320488,1.7141726819523764
285.56666666666666,0.1,0.7,46.623973020707595,11.860046223950441,1.0439996849426727,-0.8135867734904986,1.7162656918320405
285.6,0.1,0.7,46.623973020707595,11.860046223950441,1.0334428237277504,-0.8205386851689482,1.7172708511374197
285.6333333333333,0.1,0.7,46.623973020707595,11.860046223950441,1.0233143152618438,-0.825986483082372,1.7173356213813085
285.6666666666667,0.1,0.7,46.623973020707595,11.860046223950441,1.0136581644626177,-0.8300715196756481,1.7165981833290507
285.7,0.1,0.7,46.623973020707595,11.860046223950441,1.004507909478354,-0.8329321871759129,1.7151866014940913
285.73333333333335,0.1,0.7,46.623973020707595,11.860046223950441,0.9958875092789923,-0.8347025068852486,1.713218336648353
285.76666666666665,0.1,0.7,46.623973020707595,11.860046223950441,0.9878122698286035,-0.83551096807219,1.7108000596100605
285.8,0.1,0.7,46.623973020707595,11.860046223950441,0.9802897823475032,-0.8354796094536172,1.708027717501493
285.8333333333333,0.1,0.7,46.623973020707595,11.860046223950441,0.973320851477755,-0.8347233293079598,1.7049868042491498
285.8666666666667,0.1,0.7,46.623973020707595,11.860046223950441,0.9669003954691692,-0.8333494053654948,1.7017527896893012
285.9,0.1,0.7,46.623973020707595,11.860046223950441,0.9610183045905392,-0.8314572025388679,1.6983916656369915
285.93333333333334,0.1,0.7,46.623973020707595,11.860046223950441,0.955660247696957,-0.8291380450009458,1.694960572136812
285.96666666666664,0.1,0.7,46.623973020707595,11.860046223950441,0.9508084201619516,-0.8264752287901965,1.691508472385432
286.0,0.1,0.7,46.623973020707595,11.860046223950441,0.9464422291746566,-0.8235441517396697,1.6880768501383598
286.0333333333333,0.1333,0.6667,43.97964606914165,10.648413038970563,0.9425389147060079,-0.8204125388242689,1.6847004085176407
286.06666666666666,0.1667,0.6333,41.5160191425547,9.399056098310568,0.9355633038645285,-0.8161434017837237,1.6474356455514902
286.1,0.2,0.6,39.288003112390996,8.121984309686718,0.9265664808985001,-0.8094698750934144,1.588848312444925
286.1333333333333,0.2333,0.5667,37.32638210209518,6.8165641127440555,0.9164467087109146,-0.7997826093153159,1.515884902443933
286.1666666666667,0.2667,0.5333,35.66217886167396,5.482378821787641,0.905984405038487,-0.7868492654978266,1.4321587613428124
286.2,0.3,0.5,34.33668095595582,4.131581031890573,0.8958843790933935,-0.770646941694139,1.3394901472964629
286.23333333333335,0.3333,0.4667,33.37017879472675,2.764858358596738,0.8868106380832944,-0.7512727832291203,1.2390717868859427
286.26666666666665,0.3667,0.4333,32.78069466642583,1.3831190182842192,0.8793667424476593,-0.7288855006840521,1.1314212272678457
286.3,0.4,0.4,32.583645022070634,-0.0,0.8741045032878985,-0.7036579012625958,1.016634582821661
286.3333333333333,0.4333,0.3667,32.78069466642583,-1.3831190182842192,0.8715253945809488,-0.675750617964132,0.8948722734740068
286.3666666666667,0.4667,0.3333,33.37017879472675,-2.7648583585967375,0.8720655131689019,-0.6452870282370168,0.765914769183043
286.4,0.5,0.3,34.33668095595582,-4.131581031890573,0.8760987906098041,-0.6123231577476169,0.6292007146558313
286.43333333333334,0.5333,0.2667,35.66217886167396,-5.48237882178764,0.8839193254195398,-0.5768290444230518,0.48418196055584717
286.46666666666664,0.5667,0.2333,37.32638210209518,-6.8165641127440555,0.8957404888219865,-0.5386659463165043,0.32977049730435903
286.5,0.6,0.2,39.288003112390996,-8.121984309686718,0.9116946836688495,-0.4975528507737704,0.16425793331330615
286.5333333333333,0.6333,0.1667,41.5160191425547,-9.399056098310568,0.931798431744341,-0.45303723613223734,-0.01447916356512266
286.56666666666666,0.6667,0.1333,43.97964606914165,-10.648413038970565,0.9559518440635202,-0.404494008051554,-0.2065501360610784
286.6,0.7,0.1,46.623973020707595,-11.860046223950441,0.9838653139345422,-0.35140252410098566,-0.40401974368953697
286.6333333333333,0.7,0.1,46.623973020707595,-11.860046223950441,1.015006329380894,-0.29356181371163587,-0.5989397994544562
286.6666666666667,0.7,0.1,46.623973020707595,-11.860046223950441,1.0444856056828158,-0.23206094140946243,-0.750405278527053
286.7,0.7,0.1,46.623973020707595,-11.860046223950441,1.0716388127729735,-0.16873866427678158,-0.8691967077212659
286.73333333333335,0.7,0.1,46.623973020707595,-11.860046223950441,1.0960675483784041,-0.10494611794145209,-0.964619143561308
286.76666666666665,0.7,0.1,46.623973020707595,-11.860046223950441,1.1175706097069893,-0.04162491638343438,-1.0438211987029216
286.8,0.7,0.1,46.623973020707595,-11.860046223950441,1.1360811595730782,0.020593571517361256,-1.1118871971802995
286.8333333333333,0.7,0.1,46.623973020707595,-11.860046223950441,1.1516194530821067,0.08128525378271967,-1.1722298475727098
286.8666666666667,0.7,0.1,46.623973020707595,-11.860046223950441,1.164261314091478,0.14015462643365817,-1.2270256768955146
286.9,0.7,0.1,46.623973020707595,-11.860046223950441,1.1741182492810596,0.19699829745644443,-1.2775943817286717
286.93333333333334,0.7,0.1,46.623973020707595,-11.860046223950441,1.1813253548757605,0.25166915476511065,-1.3246916916981457
286.96666666666664,0.7,0.1,46.623973020707595,-11.860046223950441,1.1860341814749034,0.30405289727257445,-1.3687186293851692
287.0,0.7,0.1,46.623973020707595,-11.860046223950441,1.1884084216626347,0.3540546147688514,-1.4098644269367282
287.0333333333333,0.7,0.1,46.623973020707595,-11.860046223950441,1.1886210605907779,0.4015922019668137,-1.448200881632035
287.06666666666666,0.7,0.1,46.623973020707595,-11.860046223950441,1.1868521867217572,0.4465941250648022,-1.483742853964149
287.1,0.7,0.1,46.623973020707595,-11.860046223950441,1.1832870262031558,0.4889997327394324,-1.5164859035399227
287.1333333333333,0.7,0.1,46.623973020707595,-11.860046223950441,1.1781139924160366,0.5287608503739851,-1.5464288181524573
287.1666666666667,0.7,0.1,46.623973020707595,-11.860046223950441,1.171522678154896,0.5658438119373188,-1.5735863017282454
287.2,0.7,0.1,46.623973020707595,-11.860046223950441,1.1637017950812996,0.600231387829388,-1.5979953068213901
287.23333333333335,0.7,0.1,46.623973020707595,-11.860046223950441,1.1548371056287277,0.6319242843275209,-1.61971728484975
287.26666666666665,0.7,0.1,46.623973020707595,-11.860046223950441,1.1451094102811092,0.6609420437244925,-1.6388378304985887
287.3,0.7,0.1,46.623973020707595,-11.860046223950441,1.1346926566287763,0.6873232816269348,-1.6554646869493483
287.3333333333333,0.7,0.1,46.623973020707595,-11.860046223950441,1.1237522311470745,0.7111252720078581,-1.6697247578734364
287.3666666666667,0.7,0.1,46.623973020707595,-11.860046223950441,1.1124434837415536,0.7324229403183131,-1.6817605708696037
287.4,0.7,0.1,46.623973020707595,-11.860046223950441,1.1009105212288064,0.751307356277176,-1.6917265083820936
287.43333333333334,0.7,0.1,46.623973020707595,-11.860046223950441,1.0892852909293809,0.7678838350851175,-1.699785036142884
287.46666666666664,0.7,0.1,46.623973020707595,-11.860046223950441,1.0776869608666297,0.7822697618965706,-1.7061030976510605
287.5,0.7,0.1,46.623973020707595,-11.860046223950441,1.0662215897622138,0.7945922519876177,-1.7108487957753136
287.5333333333333,0.7,0.1,46.623973020707595,-11.860046223950441,1.0549820688306668,0.8049857503935737,-1.7141884437985522
287.56666666666666,0.7,0.1,46.623973020707595,-11.860046223950441,1.044048308723266,0.8135896618335264,-1.7162840355648816
287.6,0.7,0.1,46.623973020707595,-11.860046223950441,1.0334876389949335,0.8205460862398758,-1.7172911568332065
287.6333333333333,0.7,0.1,46.623973020707595,-11.860046223950441,1.023355384072512,0.825997718668016,-1.7173573371847013
287.6666666666667,0.7,0.1,46.623973020707595,-11.860046223950441,1.0136955786188135,0.8300859559941098,-1.7166208237792606
287.7,0.7,0.1,46.623973020707595,-11.860046223950441,1.0045417860316537,0.8329492375418166,-1.7152097447706878
287.73333333333335,0.7,0.1,46.623973020707595,-11.860046223950441,0.9959179861534382,0.8347216332466593,-1.713241620988086
287.76666666666665,0.7,0.1,46.623973020707595,-11.860046223950441,0.9878395016522674,0.8355316815396328,-1.7108231791312951
287.8,0.7,0.1,46.623973020707595,-11.860046223950441,0.9803139365593431,0.8355014699547845,-1.708050417649952
287.8333333333333,0.7,0.1,46.623973020707595,-11.860046223950441,0.9733421047552493,0.8347459445064899,-1.7050088770507859
287.8666666666667,0.7,0.1,46.623973020707595,-11.860046223950441,0.9669189305038155,0.8333724289803308,-1.7017740689659477
287.9,0.7,0.1,46.623973020707595,-11.860046223950441,0.9610343072229081,0.8314803321938289,-1.6984120223101267
287.93333333333334,0.7,0.1,46.623973020707595,-11.860046223950441,0.9556739044105897,0.8291610197237824,-1.6949799097159342
287.96666666666664,0.7,0.1,46.623973020707595,-11.860046223950441,0.9508199159258143,0.8264978262678824,-1.6915267227112738
288.0,0.7,0.1,46.623973020707595,-11.860046223950441,0.9464517456168197,0.823566185423087,-1.6880939694281478
288.0333333333333,0.6667,0.1333,43.97964606914165,-10.648413038970565,0.9425466285963765,0.820433854961634,-1.6847163737401207
288.06666666666666,0.6333,0.1667,41.5160191425547,-9.399056098310568,0.9355693957930398,0.8161638700439562,-1.647450491032419
288.1,0.6,0.2,39.288003112390996,-8.121984309686718,0.9265711362291845,0.8094893906742874,-1.5888621100790463
288.1333333333333,0.5667,0.2333,37.32638210209518,-6.8165641127440555,0.9164501090766694,0.7998010985352821,-1.515897726945662
288.1666666666667,0.5333,0.2667,35.66217886167396,-5.48237882178764,0.9059867234132557,0.7868666851580576,-1.4321706849474596
288.2,0.5,0.3,34.33668095595582,-4.131581031890573,0.8958857769787453,0.770663276020257,-1.3395012424446566
288.23333333333335,0.4667,0.3333,33.37017879472675,-2.7648583585967375,0.8868112639173565,0.7512880400483183,-1.239082129095261
288.26666666666665,0.4333,0.3667,32.78069466642583,-1.3831190182842192,0.8793667308677529,0.7288997074665753,-1.131430896813922
288.3,0.4,0.4,32.583645022070634,-0.0,0.8741039750654261,0.7036711013377269,-1.0166436655501039
288.3333333333333,0.3667,0.4333,32.78069466642583,1.3831190182842192,0.8715244569755668,0.6757628670769158,-0.894880860809939
288.3666666666667,0.3333,0.4667,33.37017879472675,2.764858358596738,0.8720642606215242,0.6452983915112351,-0.7659229581624526
288.4,0.3,0.5,34.33668095595582,4.131581031890573,0.8760973057321417,0.6123337071385402,-0.6292086086963109
288.43333333333334,0.2667,0.5333,35.66217886167396,5.482378821787641,0.8839176801322052,0.5768388566968011,-0.4841896709591109
288.46666666666664,0.2333,0.5667,37.32638210209518,6.8165641127440555,0.8957387456191057,0.5386751015845048,-0.3297781461799103
288.5,0.2,0.6,39.288003112390996,8.121984309686718,0.9116928970278585,0.49756143166231065,-0.16426565889898373
288.5333333333333,0.1667,0.6333,41.5160191425547,9.399056098310568,0.931796649631696,0.4530453276512178,0.014471206928131197
288.56666666666666,0.1333,0.6667,43.97964606914165,10.648413038970563,0.9559501108590748,0.40450169178849144,0.20654210110525714
288.6,0.1,0.7,46.623973020707595,11.860046223950441,0.9838636736435394,0.3514098619545125,0.40401194859222783
288.6333333333333,0.1,0.7,46.623973020707595,11.860046223950441,1.015004823264699,0.2935688479077684,0.5989324500624887
288.6666666666667,0.1,0.7,46.623973020707595,11.860046223950441,1.0444842662187621,0.23206769722894224,0.750398454872094
288.7,0.1,0.7,46.623973020707595,11.860046223950441,1.0716376607992562,0.1687451552617294,0.8691903962063764
288.73333333333335,0.1,0.7,46.623973020707595,11.860046223950441,1.0960665954347966,0.10495235159136698,0.9646132922245134
288.76666666666665,0.1,0.7,46.623973020707595,11.860046223950441,1.117569860323188,0.041630897256558705,1.0438157496313374
288.8,0.1,0.7,46.623973020707595,11.860046223950441,1.1360806131683232,-0.020587840555805086,1.1118821014169546
288.8333333333333,0.1,0.7,46.623973020707595,11.860046223950441,1.1516191053578948,-0.08127977281411777,1.1722250698533385
288.8666666666667,0.1,0.7,46.623973020707595,11.860046223950441,1.1642611579899604,-0.14014939659226008,1.2270211950823475
288.9,0.1,0.7,46.623973020707595,11.860046223950441,1.1741182756648614,-0.19699332027179725,1.2775901837167978
288.93333333333334,0.1,0.7,46.623973020707595,11.860046223950441,1.1813255529963835,-0.2516644321251027,1.3246877720501773
288.96666666666664,0.1,0.7,46.623973020707595,11.860046223950441,1.1860345393083593,-0.3040484312856454,1.3687149864352433
289.0,0.1,0.7,46.623973020707595,11.860046223950441,1.1884089261710835,-0.35405040753954065,1.4098610605602593
289.0333333333333,0.1,0.7,46.623973020707595,11.860046223950441,1.1886216979478774,-0.40158825531715014,1.4481977916568558
289.06666666666666,0.1,0.7,46.623973020707595,11.860046223950441,1.1868529425235157,-0.4465904402369699,1.4837400391179825
289.1,0.1,0.7,46.623973020707595,11.860046223950441,1.1832878856749383,-0.4889963101107728,1.5164833608152692
289.1333333333333,0.1,0.7,46.623973020707595,11.860046223950441,1.1781149406190448,-0.5287576892082565,1.5464265424833243
289.1666666666667,0.1,0.7,46.623973020707595,11.860046223950441,1.171523700190895,-0.5658409101885485,1.5735842858940357
289.2,0.1,0.7,46.623973020707595,11.860046223950441,1.1637028762918145,-0.6002287420076823,1.5979935415131008
289.23333333333335,0.1,0.7,46.623973020707595,11.860046223950441,1.1548382317837782,-0.6319218894302476,1.6197157588495104
289.26666666666665,0.1,0.7,46.623973020707595,11.860046223950441,1.1451105677523776,-0.6609398932314309,1.638836530935239
289.3,0.1,0.7,46.623973020707595,11.860046223950441,1.134693832542598,-0.6873213675542715,1.65546359960108
289.3333333333333,0.1,0.7,46.623973020707595,11.860046223950441,1.1237534135135734,-0.7111235850132369,1.6697238674944639
289.3666666666667,0.1,0.7,46.623973020707595,11.860046223950441,1.1124446615574237,-0.7324214698474295,1.6817598615223524
289.4,0.1,0.7,46.623973020707595,11.860046223950441,1.1009116845525113,-0.7513060907415539,1.691725963760066
289.43333333333334,0.1,0.7,46.623973020707595,11.860046223950441,1.0892864309287906,-0.7678827620605846,1.6997846398726042
289.46666666666664,0.1,0.7,46.623973020707595,11.860046223950441,1.0776880698402285,-0.782268868332448,1.706102833564472
289.5,0.1,0.7,46.623973020707595,11.860046223950441,1.0662226611359413,-0.7945915244175927,1.7108486481467577
289.5333333333333,0.1,0.7,46.623973020707595,11.860046223950441,1.0549830971331542,-0.80498517514051,1.7141883975429768
289.56666666666666,0.1,0.7,46.623973020707595,11.860046223950441,1.0440492895426883,-0.8135892252019274,1.7162840763961416
289.6,0.1,0.7,46.623973020707595,11.860046223950441,1.0334885689209314,-0.8205457746912381,1.7172912713831971
289.6333333333333,0.1,0.7,46.623973020707595,11.860046223950441,1.023356260626666,-0.8259975189757934,1.717357513085548
289.6666666666667,0.1,0.7,46.623973020707595,11.860046223950441,1.013696400177011,-0.8300858553763631,1.7166210497118972
289.7,0.1,0.7,46.623973020707595,11.860046223950441,1.0045425517414315,-0.8329492237708136,1.715210010483873
289.73333333333335,0.1,0.7,46.623973020707595,11.860046223950441,0.9959186958490255,-0.8347216947356737,1.7132419172923028
289.76666666666665,0.1,0.7,46.623973020707595,11.860046223950441,0.9878401557696586,-0.8355318074079636,1.7108234978720729
289.8,0.1,0.7,46.623973020707595,11.860046223950441,0.9803145360533138,-0.8355016500725857,1.7080507516650272
289.8333333333333,0.1,0.7,46.623973020707595,11.860046223950441,0.9733426510198214,-0.8347461695213843,1.7050092201152116
289.8666666666667,0.1,0.7,46.623973020707595,11.860046223950441,0.9669194252972954,-0.8333726903279997,1.7017744157288497
289.9,0.1,0.7,46.623973020707595,11.860046223950441,0.9610347525982816,-0.8314806220948548,1.69841236822632
289.93333333333334,0.1,0.7,46.623973020707595,11.860046223950441,0.9556743026517632,-0.8291613311690019,1.6949802509751053
289.96666666666664,0.1,0.7,46.623973020707595,11.860046223950441,0.9508202694899398,-0.8264981529944037,1.6915270561669313
290.0,0.1,0.7,46.623973020707595,11.860046223950441,0.9464520570827467,-0.8235665218829741,1.6880942925280675
290.0333333333333,0.1,0.7,46.623973020707595,11.860046223950441,0.9425469006191121,-0.8204341962850659,1.6847166844595862
290.06666666666666,0.1,0.7,46.623973020707595,11.860046223950441,0.9390804235770462,-0.8171615593966381,1.6814228562083717
290.1,0.1,0.7,46.623973020707595,11.860046223950441,0.9360271321469114,-0.8138019769678985,1.6782359888558496
290.1333333333333,0.1,0.7,46.623973020707595,11.860046223950441,0.9333608496250546,-0.8104021963276157,1.6751744415242233
290.1666666666667,0.1,0.7,46.623973020707595,11.860046223950441,0.9310550941333392,-0.807002772794601,1.672252331229015
290.2,0.1,0.7,46.623973020707595,11.860046223950441,0.9290834034981316,-0.8036385117301567,1.6694800682741302
290.23333333333335,0.1,0.7,46.623973020707595,11.860046223950441,0.9274196113905986,-0.8003389164359315,1.6668648460356341
290.26666666666665,0.1,0.7,46.623973020707595,11.860046223950441,0.9260380789341088,-0.797128633885271,1.6644110854700285
290.3,0.1,0.7,46.623973020707595,11.860046223950441,0.9249138859634553,-0.7940278918742129,1.6621208357752715
290.3333333333333,0.1,0.7,46.623973020707595,11.860046223950441,0.9240229860077062,-0.7910529225848106,1.65999413339205
290.3666666666667,0.1,0.7,46.623973020707595,11.860046223950441,0.9233423288909917,-0.7882163687716766,1.658029322020175
290.4,0.1,0.7,46.623973020707595,11.860046223950441,0.9228499546253329,-0.7855276698220057,1.6562233365965326
290.43333333333334,0.1,0.7,46.623973020707595,11.860046223950441,0.9225250620238461,-0.7829934258133717,1.654571954286464
290.46666666666664,0.1,0.7,46.623973020707595,11.860046223950441,0.9223480552044234,-0.7806177384180002,1.653070015522463
290.5,0.1,0.7,46.623973020707595,11.860046223950441,0.9223005708930584,-0.7784025280936798,1.6517116180183578
290.5333333333333,0.1,0.7,46.623973020707595,11.860046223950441,0.92236548917939,-0.7763478274766092,1.6504902865227853
290.56666666666666,0.1,0.7,46.623973020707595,11.860046223950441,0.9225269301296669,-0.774452051266269,1.6493991208758236
290.6,0.1,0.7,46.623973020707595,11.860046223950441,0.9227702384273779,-0.7727122431817481,1.648430924714942
290.6333333333333,0.1,0.7,46.623973020707595,11.860046223950441,0.9230819579911816,-0.7711243007864138,1.6475783169542206
290.6666666666667,0.1,0.7,46.623973020707595,11.860046223950441,0.9234497983144554,-0.7696831791355359,1.6468338279436177
290.7,0.1,0.7,46.623973020707595,11.860046223950441,0.9238625940810501,-0.7683830743101409,1.6461899820093744
290.73333333333335,0.1,0.7,46.623973020707595,11.860046223950441,0.9243102594374639,-0.7672175879692569,1.6456393678865007
290.76666666666665,0.1,0.7,46.623973020707595,11.860046223950441,0.9247837381420955,-0.7661798740897717,1.6451746983818323
290.8,0.1,0.7,46.623973020707595,11.860046223950441,0.9252749506667506,-0.7652627690750928,1.6447888604521768
290.8333333333333,0.1,0.7,46.623973020707595,11.860046223950441,0.9257767391932896,-0.7644589064063131,1.6444749567463044
290.8666666666667,0.1,0.7,46.623973020707595,11.860046223950441,0.9262828113282838,-0.7637608169873228,1.6442263395410752
290.9,0.1,0.7,46.623973020707595,11.860046223950441,0.9267876832498669,-0.7631610163020854,1.6440366378994125
290.93333333333334,0.1,0.7,46.623973020707595,11.860046223950441,0.9272866229027078,-0.7626520794612133,1.6438997787895284
290.96666666666664,0.1,0.7,46.623973020707595,11.860046223950441,0.9277755937683203,-0.7622267051685045,1.6438100028290177
291.0,0.1,0.7,46.623973020707595,11.860046223950441,0.9282511996579497,-0.7618777695881922,1.643761875252443
291.0333333333333,0.1,0.7,46.623973020707595,11.860046223950441,0.9287106309032732,-0.7615983710418162,1.6437502926451877
291.06666666666666,0.1,0.7,46.623973020707595,11.860046223950441,0.9291516122554357,-0.7613818664110237,1.643770485938114
291.1,0.1,0.7,46.623973020707595,11.860046223950441,0.9295723527448696,-0.7612219000700937,1.6438180201155803
291.1333333333333,0.1,0.7,46.623973020707595,11.860046223950441,0.9299714977023558,-0.7611124261202026,1.6438887910524527
291.1666666666667,0.1,0.7,46.623973020707595,11.860046223950441,0.9303480830953423,-0.7610477246468554,1.6439790198628503
291.2,0.1,0.7,46.623973020707595,11.860046223950441,0.9307014922921849,-0.7610224126728057,1.6440852451136758
291.23333333333335,0.1,0.7,46.623973020707595,11.860046223950441,0.9310314153302822,-0.76103145043138,1.6442043132287698
291.26666666666665,0.1,0.7,46.623973020707595,11.860046223950441,0.931337810731666,-0.7610701435395341,1.6443333673842864
291.3,0.1,0.7,46.623973020707595,11.860046223950441,0.9316208698811179,-0.7611341416062573,1.6444698351721438
291.3333333333333,0.1,0.7,46.623973020707595,11.860046223950441,0.9318809839570086,-0.7612194337701369,1.6446114152858926
291.3666666666667,0.1,0.7,46.623973020707595,11.860046223950441,0.9321187133834922,-0.7613223416199898,1.644756063461808
291.4,0.1,0.7,46.623973020707595,11.860046223950441,0.9323347597541747,-0.7614395099144421,1.6449019778873242
291.43333333333334,0.1,0.7,46.623973020707595,11.860046223950441,0.9325299401616571,-0.7615678954801672,1.6450475842690018
291.46666666666664,0.1,0.7,46.623973020707595,11.860046223950441,0.9327051638542004,-0.7617047546341316,1.6451915207329961
291.5,0.1,0.7,46.623973020707595,11.860046223950441,0.9328614111299514,-0.7618476294426225,1.6453326227125067
291.5333333333333,0.1,0.7,46.623973020707595,11.860046223950441,0.9329997143705027,-0.7619943330990018,1.6454699079589112
291.56666666666666,0.1,0.7,46.623973020707595,11.860046223950441,0.9331211411088418,-0.7621429346730074,1.6456025617962973
291.6,0.1,0.7,46.623973020707595,11.860046223950441,0.9332267790217877,-0.76229174345699,1.6457299227229152
291.6333333333333,0.1,0.7,46.623973020707595,11.860046223950441,0.9333177227336515,-0.7624392931086792,1.6458514684477457
291.6666666666667,0.1,0.7,46.623973020707595,11.860046223950441,0.9333950623159188,-0.7625843257659067,1.6459668024359444
291.7,0.1,0.7,46.623973020707595,11.860046223950441,0.933459873367084,-0.7627257762861325,1.6460756410234298
291.73333333333335,0.1,0.7,46.623973020707595,11.860046223950441,0.9335132085572192,-0.762862756742596,1.6461778011483479
291.76666666666665,0.1,0.7,46.623973020707595,11.860046223950441,0.9335560905232985,-0.7629945412894196,1.6462731887355975
291.8,0.1,0.7,46.623973020707595,11.860046223950441,0.9335895060035816,-0.7631205514899764,1.6463617877600434
291.8333333333333,0.1,0.7,46.623973020707595,11.860046223950441,0.9336144011023776,-0.7632403421862786,1.646443650004473
291.8666666666667,0.1,0.7,46.623973020707595,11.860046223950441,0.9336316775801314,-0.7633535879719869,1.6465188855197666
291.9,0.1,0.7,46.623973020707595,11.860046223950441,0.9336421900679066,-0.7634600703178509,1.6465876537871105
291.93333333333334,0.1,0.7,46.623973020707595,11.860046223950441,0.9336467441098691,-0.7635596653859077,1.646650155575384
291.96666666666664,0.1,0.7,46.623973020707595,11.860046223950441,0.9336460949422273,-0.7636523325575483,1.6467066254810216
292.0,0.1,0.7,46.623973020707595,11.860046223950441,0.9336409469221547,-0.7637381036905374,1.6467573251326864
292.0333333333333,0.1333,0.6667,43.97964606914165,10.648413038970563,0.9336319535254599,-0.7638170731111991,1.646802537038913
292.06666666666666,0.1667,0.6333,41.5160191425547,9.399056098310568,0.9300838883684435,-0.7628989702827521,1.6127778229945373
292.1,0.2,0.6,39.288003112390996,8.121984309686718,0.9240457641095108,-0.75965718794315,1.557171748839116
292.1333333333333,0.2333,0.5667,37.32638210209518,6.8165641127440555,0.9164352556304765,-0.7534157600590089,1.48693315274363
292.1666666666667,0.2667,0.5333,35.66217886167396,5.482378821787641,0.9080634461235817,-0.743880662000292,1.405689286798218
292.2,0.3,0.5,34.33668095595582,4.131581031890573,0.8996712728018704,-0.730976257681041,1.3152678924984085
292.23333333333335,0.3333,0.4667,33.37017879472675,2.764858358596738,0.8919611581017339,-0.714756795254166,1.216862562087761
292.26666666666665,0.3667,0.4333,32.78069466642583,1.3831190182842192,0.8855753020703382,-0.6953476497309763,1.1109879084345238
292.3,0.4,0.4,32.583645022070634,-0.0,0.8811028724055227,-0.6728969996079812,0.9977352724451282
292.3333333333333,0.4333,0.3667,32.78069466642583,-1.3831190182842192,0.8790805712760039,-0.6475485156811831,0.8772601318846187
292.3666666666667,0.4667,0.3333,33.37017879472675,-2.7648583585967375,0.8799769670351673,-0.6194151343255899,0.7493376936839264
292.4,0.5,0.3,34.33668095595582,-4.131581031890573,0.8841951904978166,-0.5885476410087905,0.6133993110918377
292.43333333333334,0.5333,0.2667,35.66217886167396,-5.48237882178764,0.892055095547197,-0.5549147481109494,0.4688857960867877
292.46666666666664,0.5667,0.2333,37.32638210209518,-6.8165641127440555,0.9037922378845898,-0.5183789690480407,0.31469122047203335
292.5,0.6,0.2,39.288003112390996,-8.121984309686718,0.919557454638565,-0.4786616148584748,0.14907722594500034
292.5333333333333,0.6333,0.1667,41.5160191425547,-9.399056098310568,0.939381871149114,-0.4353119860070785,-0.030103127887498554
292.56666666666666,0.6667,0.1333,43.97964606914165,-10.648413038970565,0.963173489385417,-0.3877190021882344,-0.22232975661327603
292.6,0.7,0.1,46.623973020707595,-11.860046223950441,0.9906444070814949,-0.33540742444805277,-0.4193865434099774
292.6333333333333,0.7,0.1,46.623973020707595,-11.860046223950441,1.021268245719159,-0.27822177468336523,-0.613537402464581
292.6666666666667,0.7,0.1,46.623973020707595,-11.860046223950441,1.0501741798535116,-0.2172945648767029,-0.764110094883748
292.7,0.7,0.1,46.623973020707595,-11.860046223950441,1.0767220413660572,-0.15449814603563417,-0.8820525766659298
292.73333333333335,0.7,0.1,46.623973020707595,-11.860046223950441,1.1005321932106091,-0.09120293024766601,-0.9767312243993275
292.76666666666665,0.7,0.1,46.623973020707595,-11.860046223950441,1.1214172481907574,-0.028361612513052845,-1.0552960645019482
292.8,0.7,0.1,46.623973020707595,-11.860046223950441,1.1393202287019113,0.033387004690106865,-1.1228070300410131
292.8333333333333,0.7,0.1,46.623973020707595,-11.860046223950441,1.1542684532619478,0.09360912071893668,-1.1826456297817505
292.8666666666667,0.7,0.1,46.623973020707595,-11.860046223950441,1.166342935300942,0.15200518398458326,-1.2369603180590172
292.9,0.7,0.1,46.623973020707595,-11.860046223950441,1.1756590802168838,0.2083690810929317,-1.287050266203063
292.93333333333334,0.7,0.1,46.623973020707595,-11.860046223950441,1.1823550314204578,0.26255141733720333,-1.3336582497795764
292.96666666666664,0.7,0.1,46.623973020707595,-11.860046223950441,1.1865847985322808,0.314436206759575,-1.3771786806191415
293.0,0.7,0.1,46.623973020707595,-11.860046223950441,1.1885140824268414,0.363927602837543,-1.4177990048470932
293.0333333333333,0.7,0.1,46.623973020707595,-11.860046223950441,1.1883174827829817,0.4109434064309407,-1.4555926524655634
293.06666666666666,0.7,0.1,46.623973020707595,-11.860046223950441,1.1861763194985098,0.4554128565331555,-1.4905783786105382
293.1,0.7,0.1,46.623973020707595,-11.860046223950441,1.182276655442011,0.4972769008446627,-1.5227570038335536
293.1333333333333,0.7,0.1,46.623973020707595,-11.860046223950441,1.1768073281193547,0.536489697678043,-1.552133272388741
293.1666666666667,0.7,0.1,46.623973020707595,-11.860046223950441,1.1699579278798495,0.5730205184793025,-1.578728046703163
293.2,0.7,0.1,46.623973020707595,-11.860046223950441,1.161916733246501,0.606855523699631,-1.6025842809321051
293.23333333333335,0.7,0.1,46.623973020707595,-11.860046223950441,1.1528686514543527,0.6379991004849553,-1.6237690136854983
293.26666666666665,0.7,0.1,46.623973020707595,-11.860046223950441,1.1429932278353236,0.6664746021001238,-1.642372832705179
293.3,0.7,0.1,46.623973020707595,-11.860046223950441,1.1324627896001358,0.6923244342592723,-1.6585077618511024
293.3333333333333,0.7,0.1,46.623973020707595,-11.860046223950441,1.1214407830270379,0.7156095055480676,-1.672304204956742
293.3666666666667,0.7,0.1,46.623973020707595,-11.860046223950441,1.1100803514882562,0.7364081068008168,-1.6839073827410744
293.4,0.7,0.1,46.623973020707595,-11.860046223950441,1.0985231875394805,0.7548143137074551,-1.693473571791525
293.43333333333334,0.7,0.1,46.623973020707595,-11.860046223950441,1.0868986772676899,0.770936022340104,-1.7011663692718244
293.46666666666664,0.7,0.1,46.623973020707595,-11.860046223950441,1.0753233406090874,0.7848927319091442,-1.7071531457354092
293.5,0.7,0.1,46.623973020707595,-11.860046223950441,1.0639005584192813,0.7968131854836142,-1.711601801187104
293.5333333333333,0.7,0.1,46.623973020707595,-11.860046223950441,1.0527205663740007,0.8068329698790697,-1.7146779010638489
293.56666666666666,0.7,0.1,46.623973020707595,-11.860046223950441,1.0418606876616385,0.8150921624036295,-1.7165422366163687
293.6,0.7,0.1,46.623973020707595,-11.860046223950441,1.0313857709859973,0.8217330963872043,-1.7173488272599546
293.6333333333333,0.7,0.1,46.623973020707595,-11.860046223950441,1.0213487974933821,0.8268983008590378,-1.7172433604759587
293.6666666666667,0.7,0.1,46.623973020707595,-11.860046223950441,1.0117916195747902,0.8307286535531774,-1.7163620476298183
293.7,0.7,0.1,46.623973020707595,-11.860046223950441,1.0027457956731591,0.8333617714795748,-1.7148308614246373
293.73333333333335,0.7,0.1,46.623973020707595,-11.860046223950441,0.9942334878056608,0.8349306501814371,-1.7127651122933176
293.76666666666665,0.7,0.1,46.623973020707595,-11.860046223950441,0.986268392053411,0.8355625518297949,-1.7102693163663611
293.8,0.7,0.1,46.623973020707595,-11.860046223950441,0.9788566763750552,0.8353781335902405,-1.70743730615099
293.8333333333333,0.7,0.1,46.623973020707595,-11.860046223950441,0.9719979044254731,0.8344908011728308,-1.7043525360821687
293.8666666666667,0.7,0.1,46.623973020707595,-11.860046223950441,0.9656859283353315,0.8330062679639104,-1.7010885380192509
293.9,0.7,0.1,46.623973020707595,-11.860046223950441,0.9599097374318726,0.831022297383845,-1.6977094859674493
293.93333333333334,0.7,0.1,46.623973020707595,-11.860046223950441,0.9546542535228794,0.8286286048270894,-1.6942708342770807
293.96666666666664,0.7,0.1,46.623973020707595,-11.860046223950441,0.9499010665481167,0.825906895423882,-1.6908199988798116
294.0,0.7,0.1,46.623973020707595,-11.860046223950441,0.9456291070956924,0.822931014634171,-1.6873970564178096
294.0333333333333,0.7,0.1,46.623973020707595,-11.860046223950441,0.9418152544895714,0.8197671900905671,-1.6840354411570326
294.06666666666666,0.7,0.1,46.623973020707595,-11.860046223950441,0.9384348809080514,0.816474344930493,-1.680762624179561
294.1,0.7,0.1,46.623973020707595,-11.860046223950441,0.9354623333358564,0.8131044649189965,-1.677600763420775
294.1333333333333,0.7,0.1,46.623973020707595,-11.860046223950441,0.9328713561371319,0.8097030038212055,-1.6745673166099064
294.1666666666667,0.7,0.1,46.623973020707595,-11.860046223950441,0.9306354577180335,0.8063093136298685,-1.6716756120840977
294.2,0.7,0.1,46.623973020707595,-11.860046223950441,0.928728225179381,0.8029570883116682,-1.6689353748039861
294.23333333333335,0.7,0.1,46.623973020707595,-11.860046223950441,0.927123591091611,0.7996748116540611,-1.666353206750314
294.26666666666665,0.7,0.1,46.623973020707595,-11.860046223950441,0.9257960566001527,0.7964862015406774,-1.663933022284947
294.3,0.7,0.1,46.623973020707595,-11.860046223950441,0.9247208750274678,0.7934106445420888,-1.66167644007959
294.3333333333333,0.7,0.1,46.623973020707595,-11.860046223950441,0.9238742000102392,0.7904636160761461,-1.6595831339150704
294.3666666666667,0.7,0.1,46.623973020707595,-11.860046223950441,0.9232332020226959,0.7876570825727918,-1.6576511450936573
294.4,0.7,0.1,46.623973020707595,-11.860046223950441,0.9227761569106632,0.784999883082688,-1.6558771594413098
294.43333333333334,0.7,0.1,46.623973020707595,-11.860046223950441,0.922482509811902,0.7824980886112474,-1.654256751954315
294.46666666666664,0.7,0.1,46.623973020707595,-11.860046223950441,0.9223329175790093,0.780155338155674,-1.6527846021066839
294.5,0.7,0.1,46.623973020707595,-11.860046223950441,0.9223092725607719,0.7779731509891467,-1.6514546827152523
294.5333333333333,0.7,0.1,46.623973020707595,-11.860046223950441,0.9223947103429454,0.7759512151898207,-1.650260425086471
294.56666666666666,0.7,0.1,46.623973020707595,-11.860046223950441,0.9225736038044768,0.7740876527686696,-1.6491948629643196
294.6,0.7,0.1,46.623973020707595,-11.860046223950441,0.9228315456131259,0.7723792620239665,-1.6482507575794467
294.6333333333333,0.7,0.1,46.623973020707595,-11.860046223950441,0.9231553210669553,0.7708217379546894,-1.6474207058779924
294.6666666666667,0.7,0.1,46.623973020707595,-11.860046223950441,0.9235328729860741,0.7694098717121755,-1.6466972337934376
294.7,0.7,0.1,46.623973020707595,-11.860046223950441,0.9239532601724826,0.7681377301693196,-1.6460728762221686
294.73333333333335,0.7,0.1,46.623973020707595,-11.860046223950441,0.9244066107846008,0.7669988167485351,-1.6455402451768726
294.76666666666665,0.7,0.1,46.623973020707595,-11.860046223950441,0.9248840718164628,0.7659862146812297,-1.6450920874232453
294.8,0.7,0.1,46.623973020707595,-11.860046223950441,0.9253777557288552,0.7650927138792324,-1.6447213327553243
294.8333333333333,0.7,0.1,46.623973020707595,-11.860046223950441,0.9258806851499771,0.7643109225878426,-1.6444211339326607
294.8666666666667,0.7,0.1,46.623973020707595,-11.860046223950441,0.9263867364455766,0.7636333649654727,-1.6441848991874595
294.9,0.7,0.1,46.623973020707595,-11.860046223950441,0.9268905828520352,0.7630525656998643,-1.6440063181103033
294.93333333333334,0.7,0.1,46.623973020707595,-11.860046223950441,0.9273876377696342,0.7625611227285607,-1.6438793816374686
294.96666666666664,0.7,0.1,46.623973020707595,-11.860046223950441,0.9278739987263658,0.7621517690840478,-1.6437983967894012
295.0,0.7,0.1,46.623973020707595,-11.860046223950441,0.9283463924443656,0.761817424833612,-1.6437579967469191
295.0333333333333,0.7,0.1,46.623973020707595,-11.860046223950441,0.9288021213705732,0.761551240031918,-1.6437531467975317
295.06666666666666,0.7,0.1,46.623973020707595,-11.860046223950441,0.9292390119699158,0.7613466295516996,-1.6437791466374057
295.1,0.7,0.1,46.623973020707595,-11.860046223950441,0.9296553650225157,0.7611973006055791,-1.6438316294736435
295.1333333333333,0.7,0.1,46.623973020707595,-11.860046223950441,0.9300499081156,0.761097273720486,-1.6439065583355184
295.1666666666667,0.7,0.1,46.623973020707595,-11.860046223950441,0.93042175047542,0.7610408978758604,-1.6440002199711263
295.2,0.7,0.1,46.623973020707595,-11.860046223950441,0.9307703402441133,0.7610228604680742,-1.6441092166767854
295.23333333333335,0.7,0.1,46.623973020707595,-11.860046223950441,0.931095424270649,0.7610381927164743,-1.6442304563797394
295.26666666666665,0.7,0.1,46.623973020707595,-11.860046223950441,0.9313970104534036,0.7610822710812586,-1.6443611412698147
295.3,0.7,0.1,46.623973020707595,-11.860046223950441,0.9316753326441879,0.7611508152200825,-1.6444987552522148
295.3333333333333,0.7,0.1,46.623973020707595,-11.860046223950441,0.9319308180993567,0.7612398829688903,-1.6446410504713338
295.3666666666667,0.7,0.1,46.623973020707595,-11.860046223950441,0.9321640574427135,0.7613458627929518,-1.6447860331341237
295.4,0.7,0.1,46.623973020707595,-11.860046223950441,0.9323757770869879,0.7614654641164508,-1.6449319488410203
295.43333333333334,0.7,0.1,46.623973020707595,-11.860046223950441,0.9325668140454879,0.7615957059031777,-1.6450772676126526
295.46666666666664,0.7,0.1,46.623973020707595,-11.860046223950441,0.9327380930528576,0.7617339038268928,-1.6452206687814916
295.5,0.7,0.1,46.623973020707595,-11.860046223950441,0.9328906059035205,0.7618776563377122,-1.6453610258992473
295.5333333333333,0.7,0.1,46.623973020707595,-11.860046223950441,0.9330253929081221,0.7620248299003984,-1.6454973917932094
295.56666666666666,0.7,0.1,46.623973020707595,-11.860046223950441,0.9331435263619416,0.7621735436516612,-1.6456289838878944
295.6,0.7,0.1,46.623973020707595,-11.860046223950441,0.9332460959146174,0.7623221536964844,-1.645755169892346
295.6333333333333,0.7,0.1,46.623973020707595,-11.860046223950441,0.9333341957274695,0.7624692372380352,-1.6458754539382918
295.6666666666667,0.7,0.1,46.623973020707595,-11.860046223950441,0.9334089133030299,0.762613576711877,-1.6459894632401082
295.7,0.7,0.1,46.623973020707595,-11.860046223950441,0.933471319870959,0.7627541440729435,-1.6460969353342563
295.73333333333335,0.7,0.1,46.623973020707595,-11.860046223950441,0.9335224622151891,0.7628900853630279,-1.6461977059435062
295.76666666666665,0.7,0.1,46.623973020707595,-11.860046223950441,0.9335633558287503,0.7630207056673494,-1.64629169749993
295.8,0.7,0.1,46.623973020707595,-11.860046223950441,0.9335949792851753,0.7631454545510472,-1.646378908350283
295.8333333333333,0.7,0.1,46.623973020707595,-11.860046223950441,0.9336182697185239,0.7632639120501866,-1.6464594026580268
295.8666666666667,0.7,0.1,46.623973020707595,-11.860046223950441,0.9336341193077982,0.7633757752769845,-1.6465333010078513
295.9,0.7,0.1,46.623973020707595,-11.860046223950441,0.9336433726657387,0.763480845685447,-1.6466007717111166
295.93333333333334,0.7,0.1,46.623973020707595,-11.860046223950441,0.933646825036591,0.7635790170313892,-1.6466620228041011
295.96666666666664,0.7,0.1,46.623973020707595,-11.860046223950441,0.9336452212123301,0.7636702640498343,-1.6467172947253093
296.0,0.0,0.0,0.0,-0.0,0.9336392550819419,0.7637546318630098,-1.646766853653278
296.0333333333333,0.0,0.0,0.0,-0.0,0.8684571431464452,0.7531876540902374,-1.3065935530970383
296.06666666666666,0.0,0.0,0.0,-0.0,0.8126673599041441,0.7284575767417191,-1.0854108829090041
296.1,0.0,0.0,0.0,-0.0,0.7640581571647128,0.6962083753113991,-0.9294772304465213
296.1333333333333,0.0,0.0,0.0,-0.0,0.7211478578391752,0.6601290514741187,-0.8122984962736599
296.1666666666667,0.0,0.0,0.0,-0.0,0.6828911041551025,0.6223925609073426,-0.7196784845602764
296.2,0.0,0.0,0.0,-0.0,0.6485150613169167,0.5843310880307258,-0.6435331629216693
296.23333333333335,0.0,0.0,0.0,-0.0,0.6174255101372412,0.5467816117103106,-0.5790312129659345
296.26666666666665,0.0,0.0,0.0,-0.0,0.5891510791291533,0.5102750111180561,-0.5231625599140284
296.3,0.0,0.0,0.0,-0.0,0.5633088167449187,0.47514538712841514,-0.4739781976182292
296.3333333333333,0.0,0.0,0.0,-0.0,0.5395820375141266,0.4415962867911714,-0.430167925789589
296.3666666666667,0.0,0.0,0.0,-0.0,0.5177054370951863,0.40974249288992115,-0.39081733618116166
296.4,0.0,0.0,0.0,-0.0,0.49745465051471643,0.3796373579975208,-0.35526385590898435
296.43333333333334,0.0,0.0,0.0,-0.0,0.47863862215933184,0.351291251824358,-0.32300935080799564
296.46666666666664,0.0,0.0,0.0,-0.0,0.461093823428677,0.3246843493341134,-0.2936659006119667
296.5,0.0,0.0,0.0,-0.0,0.44467973369734143,0.2997756963625057,-0.266921474204058
296.5333333333333,0.0,0.0,0.0,-0.0,0.4292752201976515,0.27650975350138896,-0.24251778095485862
296.56666666666666,0.0,0.0,0.0,-0.0,0.4147755822247267,0.2548211860891829,-0.22023570579422203
296.6,0.0,0.0,0.0,-0.0,0.401090103209002,0.23463840586159573,-0.1998855465304199
296.6333333333333,0.0,0.0,0.0,-0.0,0.38814000234029394,0.21588620632608302,-0.1813003406630116
296.6666666666667,0.0,0.0,0.0,-0.0,0.37585670787461056,0.19848772917220966,-0.16433121090075975
296.7,0.0,0.0,0.0,-0.0,0.36418039410097164,0.18236593011129665,-0.14884405026267697
296.73333333333335,0.0,0.0,0.0,-0.0,0.3530587373217877,0.16744466603697772,-0.13471710998989342
296.76666666666665,0.0,0.0,0.0,-0.0,0.34244585554295515,0.15364949327306576,-0.12183920543171638
296.8,0.0,0.0,0.0,-0.0,0.3323014033340862,0.1409082439963981,-0.11010835152544024
296.8333333333333,0.0,0.0,0.0,-0.0,0.32258979838752644,0.12915143159795556,-0.09943070148859161
296.8666666666667,0.0,0.0,0.0,-0.0,0.31327956022121034,0.11831252379182888,-0.08971970269868607
296.9,0.0,0.0,0.0,-0.0,0.3043427445775018,0.10832811339711168,-0.08089541035056079
296.93333333333334,0.0,0.0,0.0,-0.0,0.2957544595887564,0.09913801002977377,-0.07288391727785773
296.96666666666664,0.0,0.0,0.0,-0.0,0.2874924518567,0.09068527085221445,-0.0656168704000181
297.0,0.0,0.0,0.0,-0.0,0.27953675232673414,0.08291618461976855,-0.059031052574870034
297.0333333333333,0.0,0.0,0.0,-0.0,0.2718693733004005,0.07578022023856694,-0.05306801445825195
297.06666666666666,0.0,0.0,0.0,-0.0,0.2644740491707909,0.0692299486925715,-0.04767374510933617
297.1,0.0,0.0,0.0,-0.0,0.25733601452524824,0.06322094535114862,-0.04279837306382283
297.1333333333333,0.0,0.0,0.0,-0.0,0.25044181416710226,0.05771167821450617,-0.03839589177662077
297.1666666666667,0.0,0.0,0.0,-0.0,0.2437791403870677,0.05266338650412096,-0.034423904944380086
297.2,0.0,0.0,0.0,-0.0,0.23733669348444827,0.048039953091666414,-0.030843388414318034
297.23333333333335,0.0,0.0,0.0,-0.0,0.23110406211421008,0.04380777353144512,-0.0276184662780647
297.26666666666665,0.0,0.0,0.0,-0.0,0.22507162053148178,0.03993562387831178,-0.02471619941426962
297.3,0.0,0.0,0.0,-0.0,0.2192304402312345,0.036394529004873284,-0.022106385236442073
297.3333333333333,0.0,0.0,0.0,-0.0,0.21357221384726657,0.03315763275454265,-0.019761367763388514
297.3666666666667,0.0,0.0,0.0,-0.0,0.20808918948929434,0.030200070962217537,-0.017655857389092644
297.4,0.0,0.0,0.0,-0.0,0.2027741139669395,0.02749884812740981,-0.015766759910339656
297.43333333333334,0.0,0.0,0.0,-0.0,0.19762018358076316,0.02503271832415927,-0.014073014492091376
297.46666666666664,0.0,0.0,0.0,-0.0,0.19262100135848945,0.022782070769038775,-0.012555440327038557
297.5,0.0,0.0,0.0,-0.0,0.1877705397837549,0.02072882033590418,-0.011196591788423568
297.5333333333333,0.0,0.0,0.0,-0.0,0.18306310820908736,0.018856303198135624,-0.009980621893357416
297.56666666666666,0.0,0.0,0.0,-0.0,0.17849332426781606,0.017149177691476683,-0.008893153894792002
297.6,0.0,0.0,0.0,-0.0,0.17405608870424996,0.015593330419620355,-0.007921160809856956
297.6333333333333,0.0,0.0,0.0,-0.0,0.16974656313034017,0.014175787567529302,-0.007052852674960656
297.6666666666667,0.0,0.0,0.0,-0.0,0.1655601502924323,0.012884631341775577,-0.006277571297358986
297.7,0.0,0.0,0.0,-0.0,0.16149247649557535,0.011708921421034807,-0.005585692251406899
297.73333333333335,0.0,0.0,0.0,-0.0,0.15753937588687858,0.010638621271705145,-0.004968533847298657
297.76666666666665,0.0,0.0,0.0,-0.0,0.153696876345061,0.009664529162144867,-0.004418272782056326
297.8,0.0,0.0,0.0,-0.0,0.14996118676187636,0.008778213693152317,-0.003927866167654846
297.8333333333333,0.0,0.0,0.0,-0.0,0.14632868553360076,0.00797195365113923,-0.0034909796199170014
297.8666666666667,0.0,0.0,0.0,-0.0,0.1427959101081647,0.007238681983204653,-0.0031019210843288196
297.9,0.0,0.0,0.0,-0.0,0.13935954745658954,0.006571933689348667,-0.002755580071159142
297.93333333333334,0.0,0.0,0.0,-0.0,0.13601642535682143,0.005965797425814525,-0.0024473719720079904
297.96666666666664,0.0,0.0,0.0,-0.0,0.1327635043944193,0.005414870614536576,-0.002173187132846427
298.0,0.0,0.0,0.0,-0.0,0.12959787059833386,0.004914217856488219,-0.0019293443643727758
298.0333333333333,0.0,0.0,0.0,-0.0,0.1265167286416221,0.004459332451015825,-0.001712548578692077
298.06666666666666,0.0,0.0,0.0,-0.0,0.12351739554672836,0.004046100828706833,-0.0015198522515158749
298.1,0.0,0.0,0.0,-0.0,0.12059729484321721,0.0036707697117120564,-0.0013486204208766248
298.1333333333333,0.0,0.0,0.0,-0.0,0.11775395113281852,0.00332991582249971,-0.0011964989463767303
298.1666666666667,0.0,0.0,0.0,-0.0,0.1149849850225425,0.0030204179695705927,-0.0010613857668991377
298.2,0.0,0.0,0.0,-0.0,0.11228810839162233,0.0027394313465479267,-0.0009414049091831491
298.23333333333335,0.0,0.0,0.0,-0.0,0.10966111996228588,0.002484363889134078,-0.0008348830144425258
298.26666666666665,0.0,0.0,0.0,-0.0,0.10710190114797082,0.00225285454258479,-0.0007403281650384186
298.3,0.0,0.0,0.0,-0.0,0.10460841215568036,0.002042753300493827,-0.00065641080791987
298.3333333333333,0.0,0.0,0.0,-0.0,0.10217868832181506,0.001852102883728378,-0.0005819465859474595
298.3666666666667,0.0,0.0,0.0,-0.0,0.09981083666308135,0.001679121936244362,-0.0005158809021913114
298.4,0.0,0.0,0.0,-0.0,0.0975030326260287,0.0015221896221899727,-0.00045727505574244813
298.43333333333334,0.0,0.0,0.0,-0.0,0.09525351702045456,0.0013798315161356977,-0.00040529380042148277
298.46666666666664,0.0,0.0,0.0,-0.0,0.09306059312338014,0.0012507066854195639,-0.0003591941899583911
298.5,0.0,0.0,0.0,-0.0,0.09092262394157553,0.0011335958704457216,-0.0003183155847182975
298.5333333333333,0.0,0.0,0.0,-0.0,0.088838029621729,0.0010273906753079304,-0.00028207070584369874
298.56666666666666,0.0,0.0,0.0,-0.0,0.08680528499833448,0.0009310836873182281,-0.00024993763276954275
298.6,0.0,0.0,0.0,-0.0,0.08482291727023653,0.0008437594499012605,-0.0002214526494511301
298.6333333333333,0.0,0.0,0.0,-0.0,0.08288950379753672,0.0007645862188666915,-0.0001962038533415753
298.6666666666667,0.0,0.0,0.0,-0.0,0.08100367001124632,0.0006928084372995062,-0.00017382544918787403
298.7,0.0,0.0,0.0,-0.0,0.0791640874286774,0.0006277398692172607,-0.0001539926571097655
298.73333333333335,0.0,0.0,0.0,-0.0,0.07736947176810874,0.0005687573367429969,-0.00013641717121438694
298.76666666666665,0.0,0.0,0.0,-0.0,0.07561858115675266,0.0005152950098428706,-0.0001208431112153643
298.8,0.0,0.0,0.0,-0.0,0.07391021442649003,0.0004668392016900246,-0.0001070434152019791
298.8333333333333,0.0,0.0,0.0,-0.0,0.07224320949224135,0.0004229236264532906,-9.481662687743863e-05
298.8666666666667,0.0,0.0,0.0,-0.0,0.07061644180820444,0.00038312507978388745,-8.398403528998025e-05
298.9,0.0,0.0,0.0,-0.0,0.06902882289752052,0.00034705950549875737,-7.438712935084785e-05
298.93333333333334,0.0,0.0,0.0,-0.0,0.06747929895123264,0.0003143784149490028,-6.588533330236075e-05
298.96666666666664,0.0,0.0,0.0,-0.0,0.06596684949267714,0.0002847656283294868,-5.835399279930755e-05
299.0,0.0,0.0,0.0,-0.0,0.06449048610370288,0.0002579343097442976,-5.168258442817647e-05
299.0333333333333,0.0,0.0,0.0,-0.0,0.06304925120934685,0.00023362427020541646,-4.577312434006041e-05
299.06666666666666,0.0,0.0,0.0,-0.0,0.06164221691780996,0.0002115995149211518,-4.053875424149606e-05
299.1,0.0,0.0,0.0,-0.0,0.06026848391277586,0.0001916460132388733,-3.5902485298289764e-05
299.1333333333333,0.0,0.0,0.0,-0.0,0.05892718039529967,0.00017356967145493548,-3.179608258405804e-05
299.1666666666667,0.0,0.0,0.0,-0.0,0.05761746107266394,0.00015719449040457316,-2.8159074569544444e-05
299.2,0.0,0.0,0.0,-0.0,0.05633850619175725,0.0001423608913065525,-2.4937873820855672e-05
299.23333333333335,0.0,0.0,0.0,-0.0,0.055089520614677985,0.0001289241947715109,-2.2084996573062785e-05
299.26666666666665,0.0,0.0,0.0,-0.0,0.053869732934402205,0.00011675323919868077,-1.9558370187071787e-05
299.3,0.0,0.0,0.0,-0.0,0.0526783946284821,0.00010572912599198376,-1.7320718697762128e-05
299.3333333333333,0.0,0.0,0.0,-0.0,0.0515147792488599,9.574408013166828e-05,-1.533901773423781e-05
299.3666666666667,0.0,0.0,0.0,-0.0,0.050378181645992906,8.670041564958324e-05,-1.3584011051475775e-05
299.4,0.0,0.0,0.0,-0.0,0.049267917225588646,7.850959648215305e-05,-1.2029781768349181e-05
299.43333333333334,0.0,0.0,0.0,-0.0,0.04818332123634579,7.10913840219698e-05,-1.0653372170514114e-05
299.46666666666664,0.0,0.0,0.0,-0.0,0.04712374808718674,6.437306346300029e-05,-9.434446617533402e-06
299.5,0.0,0.0,0.0,-0.0,0.046088570692552455,5.8288741741618086e-05,-8.354992700501762e-06
299.5333333333333,0.0,0.0,0.0,-0.0,0.04507717984440941,5.2778710521486836e-05,-7.3990563371152595e-06
299.56666666666666,0.0,0.0,0.0,-0.0,0.04408898360969256,4.778886825980915e-05,-6.552506972604475e-06
299.6,0.0,0.0,0.0,-0.0,0.04312340675197815,4.327019593030173e-05,-5.8028294835292135e-06
299.6333333333333,0.0,0.0,0.0,-0.0,0.042179890176245384,3.9178281468792375e-05,-5.138939762777112e-06
299.6666666666667,0.0,0.0,0.0,-0.0,0.041257890395647416,3.5472888454550756e-05,-4.551021303302147e-06
299.7,0.0,0.0,0.0,-0.0,0.04035687901926973,3.211756494804411e-05,-4.030380399739358e-06
299.73333333333335,0.0,0.0,0.0,-0.0,0.03947634225990828,2.907928877713849e-05,-3.5693178551212912e-06
299.76666666666665,0.0,0.0,0.0,-0.0,0.038615780460950565,2.6328145901963264e-05,-3.1610153181534224e-06
299.8,0.0,0.0,0.0,-0.0,0.03777470764149096,2.383703879658375e-05,-2.79943458814762e-06
299.8333333333333,0.0,0.0,0.0,-0.0,0.0369526510588566,2.158142206591428e-05,-2.4792284126844493e-06
299.8666666666667,0.0,0.0,0.0,-0.0,0.03614915078776275,1.9539062771362795e-05,-2.1956614699844893e-06
299.9,0.0,0.0,0.0,-0.0,0.035363759315356486,1.7689823170740078e-05,-1.9445403761431004e-06
299.93333333333334,0.0,0.0,0.0,-0.0,0.03459604115144554,1.6015463789017582e-05,-1.722151688898114e-06
299.96666666666664,0.0,0.0,0.0,-0.0,0.03384557245324434,1.4499464928431843e-05,-1.5252069963063136e-06
