t,cmd_left,cmd_right
0.0000,0.0000,0.0000
0.0333,0.0000,0.0000
0.0667,0.0000,0.0000
0.1000,0.0000,0.0000
0.1333,0.0000,0.0000
0.1667,0.0000,0.0000
0.2000,0.0000,0.0000
0.2333,0.0000,0.0000
0.2667,0.0000,0.0000
0.3000,0.0000,0.0000
0.3333,0.0000,0.0000
0.3667,0.0000,0.0000
0.4000,0.0000,0.0000
0.4333,0.0000,0.0000
0.4667,0.0000,0.0000
0.5000,0.0000,0.0000
0.5333,0.0000,0.0000
0.5667,0.0000,0.0000
0.6000,0.0000,0.0000
0.6333,0.0000,0.0000
0.6667,0.0000,0.0000
0.7000,0.0000,0.0000
0.7333,0.0000,0.0000
0.7667,0.0000,0.0000
0.8000,0.0000,0.0000
0.8333,0.0000,0.0000
0.8667,0.0000,0.0000
0.9000,0.0000,0.0000
0.9333,0.0000,0.0000
0.9667,0.0000,0.0000
1.0000,0.0000,0.0000
1.0333,0.0000,0.0000
1.0667,0.0000,0.0000
1.1000,0.0000,0.0000
1.1333,0.0000,0.0000
1.1667,0.0000,0.0000
1.2000,0.0000,0.0000
1.2333,0.0000,0.0000
1.2667,0.0000,0.0000
1.3000,0.0000,0.0000
1.3333,0.0000,0.0000
1.3667,0.0000,0.0000
1.4000,0.0000,0.0000
1.4333,0.0000,0.0000
1.4667,0.0000,0.0000
1.5000,0.0000,0.0000
1.5333,0.0000,0.0000
1.5667,0.0000,0.0000
1.6000,0.0000,0.0000
1.6333,0.0000,0.0000
1.6667,0.0000,0.0000
1.7000,0.0000,0.0000
1.7333,0.0000,0.0000
1.7667,0.0000,0.0000
1.8000,0.0000,0.0000
1.8333,0.0000,0.0000
1.8667,0.0000,0.0000
1.9000,0.0000,0.0000
1.9333,0.0000,0.0000
1.9667,0.0000,0.0000
2.0000,0.0000,0.0000
2.0333,0.0000,0.0000
2.0667,0.0000,0.0000
2.1000,0.0000,0.0000
2.1333,0.0000,0.0000
2.1667,0.0000,0.0000
2.2000,0.0000,0.0000
2.2333,0.0000,0.0000
2.2667,0.0000,0.0000
2.3000,0.0000,0.0000
2.3333,0.0000,0.0000
2.3667,0.0000,0.0000
2.4000,0.0000,0.0000
2.4333,0.0000,0.0000
2.4667,0.0000,0.0000
2.5000,0.0000,0.0000
2.5333,0.0000,0.0000
2.5667,0.0000,0.0000
2.6000,0.0000,0.0000
2.6333,0.0000,0.0000
2.6667,0.0000,0.0000
2.7000,0.0000,0.0000
2.7333,0.0000,0.0000
2.7667,0.0000,0.0000
2.8000,0.0000,0.0000
2.8333,0.0000,0.0000
2.8667,0.0000,0.0000
2.9000,0.0000,0.0000
2.9333,0.0000,0.0000
2.9667,0.0000,0.0000
3.0000,0.0000,0.0000
3.0333,0.0450,0.0450
3.0667,0.0900,0.0900
3.1000,0.1350,0.1350
3.1333,0.1800,0.1800
3.1667,0.2250,0.2250
3.2000,0.2700,0.2700
3.2333,0.3150,0.3150
3.2667,0.3600,0.3600
3.3000,0.4050,0.4050
3.3333,0.4500,0.4500
3.3667,0.4500,0.4500
3.4000,0.4500,0.4500
3.4333,0.4500,0.4500
3.4667,0.4500,0.4500
3.5000,0.4500,0.4500
3.5333,0.4500,0.4500
3.5667,0.4500,0.4500
3.6000,0.4500,0.4500
3.6333,0.4500,0.4500
3.6667,0.4500,0.4500
3.7000,0.4500,0.4500
3.7333,0.4500,0.4500
3.7667,0.4500,0.4500
3.8000,0.4500,0.4500
3.8333,0.4500,0.4500
3.8667,0.4500,0.4500
3.9000,0.4500,0.4500
3.9333,0.4500,0.4500
3.9667,0.4500,0.4500
4.0000,0.4500,0.4500
4.0333,0.4500,0.4500
4.0667,0.4500,0.4500
4.1000,0.4500,0.4500
4.1333,0.4500,0.4500
4.1667,0.4500,0.4500
4.2000,0.4500,0.4500
4.2333,0.4500,0.4500
4.2667,0.4500,0.4500
4.3000,0.4500,0.4500
4.3333,0.4500,0.4500
4.3667,0.4500,0.4500
4.4000,0.4500,0.4500
4.4333,0.4500,0.4500
4.4667,0.4500,0.4500
4.5000,0.4500,0.4500
4.5333,0.4500,0.4500
4.5667,0.4500,0.4500
4.6000,0.4500,0.4500
4.6333,0.4500,0.4500
4.6667,0.4500,0.4500
4.7000,0.4500,0.4500
4.7333,0.4500,0.4500
4.7667,0.4500,0.4500
4.8000,0.4500,0.4500
4.8333,0.4500,0.4500
4.8667,0.4500,0.4500
4.9000,0.4500,0.4500
4.9333,0.4500,0.4500
4.9667,0.4500,0.4500
5.0000,0.4500,0.4500
5.0333,0.4500,0.4500
5.0667,0.4500,0.4500
5.1000,0.4500,0.4500
5.1333,0.4500,0.4500
5.1667,0.4500,0.4500
5.2000,0.4500,0.4500
5.2333,0.4500,0.4500
5.2667,0.4500,0.4500
5.3000,0.4500,0.4500
5.3333,0.4500,0.4500
5.3667,0.4500,0.4500
5.4000,0.4500,0.4500
5.4333,0.4500,0.4500
5.4667,0.4500,0.4500
5.5000,0.4500,0.4500
5.5333,0.4500,0.4500
5.5667,0.4500,0.4500
5.6000,0.4500,0.4500
5.6333,0.4500,0.4500
5.6667,0.4500,0.4500
5.7000,0.4500,0.4500
5.7333,0.4500,0.4500
5.7667,0.4500,0.4500
5.8000,0.4500,0.4500
5.8333,0.4500,0.4500
5.8667,0.4500,0.4500
5.9000,0.4500,0.4500
5.9333,0.4500,0.4500
5.9667,0.4500,0.4500
6.0000,0.4500,0.4500
6.0333,0.4500,0.4500
6.0667,0.4500,0.4500
6.1000,0.4500,0.4500
6.1333,0.4500,0.4500
6.1667,0.4500,0.4500
6.2000,0.4500,0.4500
6.2333,0.4500,0.4500
6.2667,0.4500,0.4500
6.3000,0.4500,0.4500
6.3333,0.4500,0.4500
6.3667,0.4500,0.4500
6.4000,0.4500,0.4500
6.4333,0.4500,0.4500
6.4667,0.4500,0.4500
6.5000,0.4500,0.4500
6.5333,0.4500,0.4500
6.5667,0.4500,0.4500
6.6000,0.4500,0.4500
6.6333,0.4500,0.4500
6.6667,0.4500,0.4500
6.7000,0.4500,0.4500
6.7333,0.4500,0.4500
6.7667,0.4500,0.4500
6.8000,0.4500,0.4500
6.8333,0.4500,0.4500
6.8667,0.4500,0.4500
6.9000,0.4500,0.4500
6.9333,0.4500,0.4500
6.9667,0.4500,0.4500
7.0000,0.4500,0.4500
7.0333,0.4500,0.4500
7.0667,0.4500,0.4500
7.1000,0.4500,0.4500
7.1333,0.4500,0.4500
7.1667,0.4500,0.4500
7.2000,0.4500,0.4500
7.2333,0.4500,0.4500
7.2667,0.4500,0.4500
7.3000,0.4500,0.4500
7.3333,0.4500,0.4500
7.3667,0.4500,0.4500
7.4000,0.4500,0.4500
7.4333,0.4500,0.4500
7.4667,0.4500,0.4500
7.5000,0.4500,0.4500
7.5333,0.4500,0.4500
7.5667,0.4500,0.4500
7.6000,0.4500,0.4500
7.6333,0.4500,0.4500
7.6667,0.4500,0.4500
7.7000,0.4500,0.4500
7.7333,0.4500,0.4500
7.7667,0.4500,0.4500
7.8000,0.4500,0.4500
7.8333,0.4500,0.4500
7.8667,0.4500,0.4500
7.9000,0.4500,0.4500
7.9333,0.4500,0.4500
7.9667,0.4500,0.4500
8.0000,0.4500,0.4500
8.0333,0.4500,0.4500
8.0667,0.4500,0.4500
8.1000,0.4500,0.4500
8.1333,0.4500,0.4500
8.1667,0.4500,0.4500
8.2000,0.4500,0.4500
8.2333,0.4500,0.4500
8.2667,0.4500,0.4500
8.3000,0.4500,0.4500
8.3333,0.4500,0.4500
8.3667,0.4500,0.4500
8.4000,0.4500,0.4500
8.4333,0.4500,0.4500
8.4667,0.4500,0.4500
8.5000,0.4500,0.4500
8.5333,0.4500,0.4500
8.5667,0.4500,0.4500
8.6000,0.4500,0.4500
8.6333,0.4500,0.4500
8.6667,0.4500,0.4500
8.7000,0.4500,0.4500
8.7333,0.4500,0.4500
8.7667,0.4500,0.4500
8.8000,0.4500,0.4500
8.8333,0.4500,0.4500
8.8667,0.4500,0.4500
8.9000,0.4500,0.4500
8.9333,0.4500,0.4500
8.9667,0.4500,0.4500
9.0000,0.4500,0.4500
9.0333,0.4500,0.4500
9.0667,0.4500,0.4500
9.1000,0.4500,0.4500
9.1333,0.4500,0.4500
9.1667,0.4500,0.4500
9.2000,0.4500,0.4500
9.2333,0.4500,0.4500
9.2667,0.4500,0.4500
9.3000,0.4500,0.4500
9.3333,0.4500,0.4500
9.3667,0.4500,0.4500
9.4000,0.4500,0.4500
9.4333,0.4500,0.4500
9.4667,0.4500,0.4500
9.5000,0.4500,0.4500
9.5333,0.4500,0.4500
9.5667,0.4500,0.4500
9.6000,0.4500,0.4500
9.6333,0.4500,0.4500
9.6667,0.4500,0.4500
9.7000,0.4500,0.4500
9.7333,0.4500,0.4500
9.7667,0.4500,0.4500
9.8000,0.4500,0.4500
9.8333,0.4500,0.4500
9.8667,0.4500,0.4500
9.9000,0.4500,0.4500
9.9333,0.4500,0.4500
9.9667,0.4500,0.4500
10.0000,0.4500,0.4500
10.0333,0.4500,0.4500
10.0667,0.4500,0.4500
10.1000,0.4500,0.4500
10.1333,0.4500,0.4500
10.1667,0.4500,0.4500
10.2000,0.4500,0.4500
10.2333,0.4500,0.4500
10.2667,0.4500,0.4500
10.3000,0.4500,0.4500
10.3333,0.4500,0.4500
10.3667,0.4500,0.4500
10.4000,0.4500,0.4500
10.4333,0.4500,0.4500
10.4667,0.4500,0.4500
10.5000,0.4500,0.4500
10.5333,0.4500,0.4500
10.5667,0.4500,0.4500
10.6000,0.4500,0.4500
10.6333,0.4500,0.4500
10.6667,0.4500,0.4500
10.7000,0.4500,0.4500
10.7333,0.4500,0.4500
10.7667,0.4500,0.4500
10.8000,0.4500,0.4500
10.8333,0.4500,0.4500
10.8667,0.4500,0.4500
10.9000,0.4500,0.4500
10.9333,0.4500,0.4500
10.9667,0.4500,0.4500
11.0000,0.4500,0.4500
11.0333,0.4500,0.4500
11.0667,0.4500,0.4500
11.1000,0.4500,0.4500
11.1333,0.4500,0.4500
11.1667,0.4500,0.4500
11.2000,0.4500,0.4500
11.2333,0.4500,0.4500
11.2667,0.4500,0.4500
11.3000,0.4500,0.4500
11.3333,0.4500,0.4500
11.3667,0.4500,0.4500
11.4000,0.4500,0.4500
11.4333,0.4500,0.4500
11.4667,0.4500,0.4500
11.5000,0.4500,0.4500
11.5333,0.4500,0.4500
11.5667,0.4500,0.4500
11.6000,0.4500,0.4500
11.6333,0.4500,0.4500
11.6667,0.4500,0.4500
11.7000,0.4500,0.4500
11.7333,0.4500,0.4500
11.7667,0.4500,0.4500
11.8000,0.4500,0.4500
11.8333,0.4500,0.4500
11.8667,0.4500,0.4500
11.9000,0.4500,0.4500
11.9333,0.4500,0.4500
11.9667,0.4500,0.4500
12.0000,0.4500,0.4500
12.0333,0.4500,0.4500
12.0667,0.4500,0.4500
12.1000,0.4500,0.4500
12.1333,0.4500,0.4500
12.1667,0.4500,0.4500
12.2000,0.4500,0.4500
12.2333,0.4500,0.4500
12.2667,0.4500,0.4500
12.3000,0.4500,0.4500
12.3333,0.4500,0.4500
12.3667,0.4500,0.4500
12.4000,0.4500,0.4500
12.4333,0.4500,0.4500
12.4667,0.4500,0.4500
12.5000,0.4500,0.4500
12.5333,0.4500,0.4500
12.5667,0.4500,0.4500
12.6000,0.4500,0.4500
12.6333,0.4500,0.4500
12.6667,0.4500,0.4500
12.7000,0.4500,0.4500
12.7333,0.4500,0.4500
12.7667,0.4500,0.4500
12.8000,0.4500,0.4500
12.8333,0.4500,0.4500
12.8667,0.4500,0.4500
12.9000,0.4500,0.4500
12.9333,0.4500,0.4500
12.9667,0.4500,0.4500
13.0000,0.4500,0.4500
13.0333,0.4500,0.4500
13.0667,0.4500,0.4500
13.1000,0.4500,0.4500
13.1333,0.4500,0.4500
13.1667,0.4500,0.4500
13.2000,0.4500,0.4500
13.2333,0.4500,0.4500
13.2667,0.4500,0.4500
13.3000,0.4500,0.4500
13.3333,0.4500,0.4500
13.3667,0.4850,0.4850
13.4000,0.5200,0.5200
13.4333,0.5550,0.5550
13.4667,0.5900,0.5900
13.5000,0.6250,0.6250
13.5333,0.6600,0.6600
13.5667,0.6950,0.6950
13.6000,0.7300,0.7300
13.6333,0.7650,0.7650
13.6667,0.8000,0.8000
13.7000,0.8000,0.8000
13.7333,0.8000,0.8000
13.7667,0.8000,0.8000
13.8000,0.8000,0.8000
13.8333,0.8000,0.8000
13.8667,0.8000,0.8000
13.9000,0.8000,0.8000
13.9333,0.8000,0.8000
13.9667,0.8000,0.8000
14.0000,0.8000,0.8000
14.0333,0.8000,0.8000
14.0667,0.8000,0.8000
14.1000,0.8000,0.8000
14.1333,0.8000,0.8000
14.1667,0.8000,0.8000
14.2000,0.8000,0.8000
14.2333,0.8000,0.8000
14.2667,0.8000,0.8000
14.3000,0.8000,0.8000
14.3333,0.8000,0.8000
14.3667,0.8000,0.8000
14.4000,0.8000,0.8000
14.4333,0.8000,0.8000
14.4667,0.8000,0.8000
14.5000,0.8000,0.8000
14.5333,0.8000,0.8000
14.5667,0.8000,0.8000
14.6000,0.8000,0.8000
14.6333,0.8000,0.8000
14.6667,0.8000,0.8000
14.7000,0.8000,0.8000
14.7333,0.8000,0.8000
14.7667,0.8000,0.8000
14.8000,0.8000,0.8000
14.8333,0.8000,0.8000
14.8667,0.8000,0.8000
14.9000,0.8000,0.8000
14.9333,0.8000,0.8000
14.9667,0.8000,0.8000
15.0000,0.8000,0.8000
15.0333,0.8000,0.8000
15.0667,0.8000,0.8000
15.1000,0.8000,0.8000
15.1333,0.8000,0.8000
15.1667,0.8000,0.8000
15.2000,0.8000,0.8000
15.2333,0.8000,0.8000
15.2667,0.8000,0.8000
15.3000,0.8000,0.8000
15.3333,0.8000,0.8000
15.3667,0.8000,0.8000
15.4000,0.8000,0.8000
15.4333,0.8000,0.8000
15.4667,0.8000,0.8000
15.5000,0.8000,0.8000
15.5333,0.8000,0.8000
15.5667,0.8000,0.8000
15.6000,0.8000,0.8000
15.6333,0.8000,0.8000
15.6667,0.8000,0.8000
15.7000,0.8000,0.8000
15.7333,0.8000,0.8000
15.7667,0.8000,0.8000
15.8000,0.8000,0.8000
15.8333,0.8000,0.8000
15.8667,0.8000,0.8000
15.9000,0.8000,0.8000
15.9333,0.8000,0.8000
15.9667,0.8000,0.8000
16.0000,0.8000,0.8000
16.0333,0.8000,0.8000
16.0667,0.8000,0.8000
16.1000,0.8000,0.8000
16.1333,0.8000,0.8000
16.1667,0.8000,0.8000
16.2000,0.8000,0.8000
16.2333,0.8000,0.8000
16.2667,0.8000,0.8000
16.3000,0.8000,0.8000
16.3333,0.8000,0.8000
16.3667,0.8000,0.8000
16.4000,0.8000,0.8000
16.4333,0.8000,0.8000
16.4667,0.8000,0.8000
16.5000,0.8000,0.8000
16.5333,0.8000,0.8000
16.5667,0.8000,0.8000
16.6000,0.8000,0.8000
16.6333,0.8000,0.8000
16.6667,0.8000,0.8000
16.7000,0.8000,0.8000
16.7333,0.8000,0.8000
16.7667,0.8000,0.8000
16.8000,0.8000,0.8000
16.8333,0.8000,0.8000
16.8667,0.8000,0.8000
16.9000,0.8000,0.8000
16.9333,0.8000,0.8000
16.9667,0.8000,0.8000
17.0000,0.8000,0.8000
17.0333,0.8000,0.8000
17.0667,0.8000,0.8000
17.1000,0.8000,0.8000
17.1333,0.8000,0.8000
17.1667,0.8000,0.8000
17.2000,0.8000,0.8000
17.2333,0.8000,0.8000
17.2667,0.8000,0.8000
17.3000,0.8000,0.8000
17.3333,0.8000,0.8000
17.3667,0.8000,0.8000
17.4000,0.8000,0.8000
17.4333,0.8000,0.8000
17.4667,0.8000,0.8000
17.5000,0.8000,0.8000
17.5333,0.8000,0.8000
17.5667,0.8000,0.8000
17.6000,0.8000,0.8000
17.6333,0.8000,0.8000
17.6667,0.8000,0.8000
17.7000,0.8000,0.8000
17.7333,0.8000,0.8000
17.7667,0.8000,0.8000
17.8000,0.8000,0.8000
17.8333,0.8000,0.8000
17.8667,0.8000,0.8000
17.9000,0.8000,0.8000
17.9333,0.8000,0.8000
17.9667,0.8000,0.8000
18.0000,0.8000,0.8000
18.0333,0.8000,0.8000
18.0667,0.8000,0.8000
18.1000,0.8000,0.8000
18.1333,0.8000,0.8000
18.1667,0.8000,0.8000
18.2000,0.8000,0.8000
18.2333,0.8000,0.8000
18.2667,0.8000,0.8000
18.3000,0.8000,0.8000
18.3333,0.8000,0.8000
18.3667,0.8000,0.8000
18.4000,0.8000,0.8000
18.4333,0.8000,0.8000
18.4667,0.8000,0.8000
18.5000,0.8000,0.8000
18.5333,0.8000,0.8000
18.5667,0.8000,0.8000
18.6000,0.8000,0.8000
18.6333,0.8000,0.8000
18.6667,0.8000,0.8000
18.7000,0.8000,0.8000
18.7333,0.8000,0.8000
18.7667,0.8000,0.8000
18.8000,0.8000,0.8000
18.8333,0.8000,0.8000
18.8667,0.8000,0.8000
18.9000,0.8000,0.8000
18.9333,0.8000,0.8000
18.9667,0.8000,0.8000
19.0000,0.8000,0.8000
19.0333,0.8000,0.8000
19.0667,0.8000,0.8000
19.1000,0.8000,0.8000
19.1333,0.8000,0.8000
19.1667,0.8000,0.8000
19.2000,0.8000,0.8000
19.2333,0.8000,0.8000
19.2667,0.8000,0.8000
19.3000,0.8000,0.8000
19.3333,0.8000,0.8000
19.3667,0.8000,0.8000
19.4000,0.8000,0.8000
19.4333,0.8000,0.8000
19.4667,0.8000,0.8000
19.5000,0.8000,0.8000
19.5333,0.8000,0.8000
19.5667,0.8000,0.8000
19.6000,0.8000,0.8000
19.6333,0.8000,0.8000
19.6667,0.8000,0.8000
19.7000,0.8000,0.8000
19.7333,0.8000,0.8000
19.7667,0.8000,0.8000
19.8000,0.8000,0.8000
19.8333,0.8000,0.8000
19.8667,0.8000,0.8000
19.9000,0.8000,0.8000
19.9333,0.8000,0.8000
19.9667,0.8000,0.8000
20.0000,0.8000,0.8000
20.0333,0.8000,0.8000
20.0667,0.8000,0.8000
20.1000,0.8000,0.8000
20.1333,0.8000,0.8000
20.1667,0.8000,0.8000
20.2000,0.8000,0.8000
20.2333,0.8000,0.8000
20.2667,0.8000,0.8000
20.3000,0.8000,0.8000
20.3333,0.8000,0.8000
20.3667,0.8000,0.8000
20.4000,0.8000,0.8000
20.4333,0.8000,0.8000
20.4667,0.8000,0.8000
20.5000,0.8000,0.8000
20.5333,0.8000,0.8000
20.5667,0.8000,0.8000
20.6000,0.8000,0.8000
20.6333,0.8000,0.8000
20.6667,0.8000,0.8000
20.7000,0.8000,0.8000
20.7333,0.8000,0.8000
20.7667,0.8000,0.8000
20.8000,0.8000,0.8000
20.8333,0.8000,0.8000
20.8667,0.8000,0.8000
20.9000,0.8000,0.8000
20.9333,0.8000,0.8000
20.9667,0.8000,0.8000
21.0000,0.8000,0.8000
21.0333,0.8000,0.8000
21.0667,0.8000,0.8000
21.1000,0.8000,0.8000
21.1333,0.8000,0.8000
21.1667,0.8000,0.8000
21.2000,0.8000,0.8000
21.2333,0.8000,0.8000
21.2667,0.8000,0.8000
21.3000,0.8000,0.8000
21.3333,0.8000,0.8000
21.3667,0.8000,0.8000
21.4000,0.8000,0.8000
21.4333,0.8000,0.8000
21.4667,0.8000,0.8000
21.5000,0.8000,0.8000
21.5333,0.8000,0.8000
21.5667,0.8000,0.8000
21.6000,0.8000,0.8000
21.6333,0.8000,0.8000
21.6667,0.8000,0.8000
21.7000,0.6750,0.6750
21.7333,0.5500,0.5500
21.7667,0.4250,0.4250
21.8000,0.3000,0.3000
21.8333,0.1750,0.1750
21.8667,0.0500,0.0500
21.9000,-0.0750,-0.0750
21.9333,-0.2000,-0.2000
21.9667,-0.3250,-0.3250
22.0000,-0.4500,-0.4500
22.0333,-0.4500,-0.4500
22.0667,-0.4500,-0.4500
22.1000,-0.4500,-0.4500
22.1333,-0.4500,-0.4500
22.1667,-0.4500,-0.4500
22.2000,-0.4500,-0.4500
22.2333,-0.4500,-0.4500
22.2667,-0.4500,-0.4500
22.3000,-0.4500,-0.4500
22.3333,-0.4500,-0.4500
22.3667,-0.4500,-0.4500
22.4000,-0.4500,-0.4500
22.4333,-0.4500,-0.4500
22.4667,-0.4500,-0.4500
22.5000,-0.4500,-0.4500
22.5333,-0.4500,-0.4500
22.5667,-0.4500,-0.4500
22.6000,-0.4500,-0.4500
22.6333,-0.4500,-0.4500
22.6667,-0.4500,-0.4500
22.7000,-0.4500,-0.4500
22.7333,-0.4500,-0.4500
22.7667,-0.4500,-0.4500
22.8000,-0.4500,-0.4500
22.8333,-0.4500,-0.4500
22.8667,-0.4500,-0.4500
22.9000,-0.4500,-0.4500
22.9333,-0.4500,-0.4500
22.9667,-0.4500,-0.4500
23.0000,-0.4500,-0.4500
23.0333,-0.4500,-0.4500
23.0667,-0.4500,-0.4500
23.1000,-0.4500,-0.4500
23.1333,-0.4500,-0.4500
23.1667,-0.4500,-0.4500
23.2000,-0.4500,-0.4500
23.2333,-0.4500,-0.4500
23.2667,-0.4500,-0.4500
23.3000,-0.4500,-0.4500
23.3333,-0.4500,-0.4500
23.3667,-0.4500,-0.4500
23.4000,-0.4500,-0.4500
23.4333,-0.4500,-0.4500
23.4667,-0.4500,-0.4500
23.5000,-0.4500,-0.4500
23.5333,-0.4500,-0.4500
23.5667,-0.4500,-0.4500
23.6000,-0.4500,-0.4500
23.6333,-0.4500,-0.4500
23.6667,-0.4500,-0.4500
23.7000,-0.4500,-0.4500
23.7333,-0.4500,-0.4500
23.7667,-0.4500,-0.4500
23.8000,-0.4500,-0.4500
23.8333,-0.4500,-0.4500
23.8667,-0.4500,-0.4500
23.9000,-0.4500,-0.4500
23.9333,-0.4500,-0.4500
23.9667,-0.4500,-0.4500
24.0000,-0.4500,-0.4500
24.0333,-0.4500,-0.4500
24.0667,-0.4500,-0.4500
24.1000,-0.4500,-0.4500
24.1333,-0.4500,-0.4500
24.1667,-0.4500,-0.4500
24.2000,-0.4500,-0.4500
24.2333,-0.4500,-0.4500
24.2667,-0.4500,-0.4500
24.3000,-0.4500,-0.4500
24.3333,-0.4500,-0.4500
24.3667,-0.4500,-0.4500
24.4000,-0.4500,-0.4500
24.4333,-0.4500,-0.4500
24.4667,-0.4500,-0.4500
24.5000,-0.4500,-0.4500
24.5333,-0.4500,-0.4500
24.5667,-0.4500,-0.4500
24.6000,-0.4500,-0.4500
24.6333,-0.4500,-0.4500
24.6667,-0.4500,-0.4500
24.7000,-0.4500,-0.4500
24.7333,-0.4500,-0.4500
24.7667,-0.4500,-0.4500
24.8000,-0.4500,-0.4500
24.8333,-0.4500,-0.4500
24.8667,-0.4500,-0.4500
24.9000,-0.4500,-0.4500
24.9333,-0.4500,-0.4500
24.9667,-0.4500,-0.4500
25.0000,-0.4500,-0.4500
25.0333,-0.4500,-0.4500
25.0667,-0.4500,-0.4500
25.1000,-0.4500,-0.4500
25.1333,-0.4500,-0.4500
25.1667,-0.4500,-0.4500
25.2000,-0.4500,-0.4500
25.2333,-0.4500,-0.4500
25.2667,-0.4500,-0.4500
25.3000,-0.4500,-0.4500
25.3333,-0.4500,-0.4500
25.3667,-0.4500,-0.4500
25.4000,-0.4500,-0.4500
25.4333,-0.4500,-0.4500
25.4667,-0.4500,-0.4500
25.5000,-0.4500,-0.4500
25.5333,-0.4500,-0.4500
25.5667,-0.4500,-0.4500
25.6000,-0.4500,-0.4500
25.6333,-0.4500,-0.4500
25.6667,-0.4500,-0.4500
25.7000,-0.4500,-0.4500
25.7333,-0.4500,-0.4500
25.7667,-0.4500,-0.4500
25.8000,-0.4500,-0.4500
25.8333,-0.4500,-0.4500
25.8667,-0.4500,-0.4500
25.9000,-0.4500,-0.4500
25.9333,-0.4500,-0.4500
25.9667,-0.4500,-0.4500
26.0000,-0.4500,-0.4500
26.0333,-0.4500,-0.4500
26.0667,-0.4500,-0.4500
26.1000,-0.4500,-0.4500
26.1333,-0.4500,-0.4500
26.1667,-0.4500,-0.4500
26.2000,-0.4500,-0.4500
26.2333,-0.4500,-0.4500
26.2667,-0.4500,-0.4500
26.3000,-0.4500,-0.4500
26.3333,-0.4500,-0.4500
26.3667,-0.4500,-0.4500
26.4000,-0.4500,-0.4500
26.4333,-0.4500,-0.4500
26.4667,-0.4500,-0.4500
26.5000,-0.4500,-0.4500
26.5333,-0.4500,-0.4500
26.5667,-0.4500,-0.4500
26.6000,-0.4500,-0.4500
26.6333,-0.4500,-0.4500
26.6667,-0.4500,-0.4500
26.7000,-0.4500,-0.4500
26.7333,-0.4500,-0.4500
26.7667,-0.4500,-0.4500
26.8000,-0.4500,-0.4500
26.8333,-0.4500,-0.4500
26.8667,-0.4500,-0.4500
26.9000,-0.4500,-0.4500
26.9333,-0.4500,-0.4500
26.9667,-0.4500,-0.4500
27.0000,-0.4500,-0.4500
27.0333,-0.4500,-0.4500
27.0667,-0.4500,-0.4500
27.1000,-0.4500,-0.4500
27.1333,-0.4500,-0.4500
27.1667,-0.4500,-0.4500
27.2000,-0.4500,-0.4500
27.2333,-0.4500,-0.4500
27.2667,-0.4500,-0.4500
27.3000,-0.4500,-0.4500
27.3333,-0.4500,-0.4500
27.3667,-0.4500,-0.4500
27.4000,-0.4500,-0.4500
27.4333,-0.4500,-0.4500
27.4667,-0.4500,-0.4500
27.5000,-0.4500,-0.4500
27.5333,-0.4500,-0.4500
27.5667,-0.4500,-0.4500
27.6000,-0.4500,-0.4500
27.6333,-0.4500,-0.4500
27.6667,-0.4500,-0.4500
27.7000,-0.4500,-0.4500
27.7333,-0.4500,-0.4500
27.7667,-0.4500,-0.4500
27.8000,-0.4500,-0.4500
27.8333,-0.4500,-0.4500
27.8667,-0.4500,-0.4500
27.9000,-0.4500,-0.4500
27.9333,-0.4500,-0.4500
27.9667,-0.4500,-0.4500
28.0000,-0.4500,-0.4500
28.0333,-0.4500,-0.4500
28.0667,-0.4500,-0.4500
28.1000,-0.4500,-0.4500
28.1333,-0.4500,-0.4500
28.1667,-0.4500,-0.4500
28.2000,-0.4500,-0.4500
28.2333,-0.4500,-0.4500
28.2667,-0.4500,-0.4500
28.3000,-0.4500,-0.4500
28.3333,-0.4500,-0.4500
28.3667,-0.4500,-0.4500
28.4000,-0.4500,-0.4500
28.4333,-0.4500,-0.4500
28.4667,-0.4500,-0.4500
28.5000,-0.4500,-0.4500
28.5333,-0.4500,-0.4500
28.5667,-0.4500,-0.4500
28.6000,-0.4500,-0.4500
28.6333,-0.4500,-0.4500
28.6667,-0.4500,-0.4500
28.7000,-0.4500,-0.4500
28.7333,-0.4500,-0.4500
28.7667,-0.4500,-0.4500
28.8000,-0.4500,-0.4500
28.8333,-0.4500,-0.4500
28.8667,-0.4500,-0.4500
28.9000,-0.4500,-0.4500
28.9333,-0.4500,-0.4500
28.9667,-0.4500,-0.4500
29.0000,-0.4500,-0.4500
29.0333,-0.4500,-0.4500
29.0667,-0.4500,-0.4500
29.1000,-0.4500,-0.4500
29.1333,-0.4500,-0.4500
29.1667,-0.4500,-0.4500
29.2000,-0.4500,-0.4500
29.2333,-0.4500,-0.4500
29.2667,-0.4500,-0.4500
29.3000,-0.4500,-0.4500
29.3333,-0.4500,-0.4500
29.3667,-0.4500,-0.4500
29.4000,-0.4500,-0.4500
29.4333,-0.4500,-0.4500
29.4667,-0.4500,-0.4500
29.5000,-0.4500,-0.4500
29.5333,-0.4500,-0.4500
29.5667,-0.4500,-0.4500
29.6000,-0.4500,-0.4500
29.6333,-0.4500,-0.4500
29.6667,-0.4500,-0.4500
29.7000,-0.4500,-0.4500
29.7333,-0.4500,-0.4500
29.7667,-0.4500,-0.4500
29.8000,-0.4500,-0.4500
29.8333,-0.4500,-0.4500
29.8667,-0.4500,-0.4500
29.9000,-0.4500,-0.4500
29.9333,-0.4500,-0.4500
29.9667,-0.4500,-0.4500
30.0000,-0.4500,-0.4500
30.0333,-0.4500,-0.4500
30.0667,-0.4500,-0.4500
30.1000,-0.4500,-0.4500
30.1333,-0.4500,-0.4500
30.1667,-0.4500,-0.4500
30.2000,-0.4500,-0.4500
30.2333,-0.4500,-0.4500
30.2667,-0.4500,-0.4500
30.3000,-0.4500,-0.4500
30.3333,-0.4500,-0.4500
30.3667,-0.4500,-0.4500
30.4000,-0.4500,-0.4500
30.4333,-0.4500,-0.4500
30.4667,-0.4500,-0.4500
30.5000,-0.4500,-0.4500
30.5333,-0.4500,-0.4500
30.5667,-0.4500,-0.4500
30.6000,-0.4500,-0.4500
30.6333,-0.4500,-0.4500
30.6667,-0.4500,-0.4500
30.7000,-0.4500,-0.4500
30.7333,-0.4500,-0.4500
30.7667,-0.4500,-0.4500
30.8000,-0.4500,-0.4500
30.8333,-0.4500,-0.4500
30.8667,-0.4500,-0.4500
30.9000,-0.4500,-0.4500
30.9333,-0.4500,-0.4500
30.9667,-0.4500,-0.4500
31.0000,-0.4500,-0.4500
31.0333,-0.4500,-0.4500
31.0667,-0.4500,-0.4500
31.1000,-0.4500,-0.4500
31.1333,-0.4500,-0.4500
31.1667,-0.4500,-0.4500
31.2000,-0.4500,-0.4500
31.2333,-0.4500,-0.4500
31.2667,-0.4500,-0.4500
31.3000,-0.4500,-0.4500
31.3333,-0.4500,-0.4500
31.3667,-0.4500,-0.4500
31.4000,-0.4500,-0.4500
31.4333,-0.4500,-0.4500
31.4667,-0.4500,-0.4500
31.5000,-0.4500,-0.4500
31.5333,-0.4500,-0.4500
31.5667,-0.4500,-0.4500
31.6000,-0.4500,-0.4500
31.6333,-0.4500,-0.4500
31.6667,-0.4500,-0.4500
31.7000,-0.4500,-0.4500
31.7333,-0.4500,-0.4500
31.7667,-0.4500,-0.4500
31.8000,-0.4500,-0.4500
31.8333,-0.4500,-0.4500
31.8667,-0.4500,-0.4500
31.9000,-0.4500,-0.4500
31.9333,-0.4500,-0.4500
31.9667,-0.4500,-0.4500
32.0000,-0.4500,-0.4500
32.0333,-0.4850,-0.4850
32.0667,-0.5200,-0.5200
32.1000,-0.5550,-0.5550
32.1333,-0.5900,-0.5900
32.1667,-0.6250,-0.6250
32.2000,-0.6600,-0.6600
32.2333,-0.6950,-0.6950
32.2667,-0.7300,-0.7300
32.3000,-0.7650,-0.7650
32.3333,-0.8000,-0.8000
32.3667,-0.8000,-0.8000
32.4000,-0.8000,-0.8000
32.4333,-0.8000,-0.8000
32.4667,-0.8000,-0.8000
32.5000,-0.8000,-0.8000
32.5333,-0.8000,-0.8000
32.5667,-0.8000,-0.8000
32.6000,-0.8000,-0.8000
32.6333,-0.8000,-0.8000
32.6667,-0.8000,-0.8000
32.7000,-0.8000,-0.8000
32.7333,-0.8000,-0.8000
32.7667,-0.8000,-0.8000
32.8000,-0.8000,-0.8000
32.8333,-0.8000,-0.8000
32.8667,-0.8000,-0.8000
32.9000,-0.8000,-0.8000
32.9333,-0.8000,-0.8000
32.9667,-0.8000,-0.8000
33.0000,-0.8000,-0.8000
33.0333,-0.8000,-0.8000
33.0667,-0.8000,-0.8000
33.1000,-0.8000,-0.8000
33.1333,-0.8000,-0.8000
33.1667,-0.8000,-0.8000
33.2000,-0.8000,-0.8000
33.2333,-0.8000,-0.8000
33.2667,-0.8000,-0.8000
33.3000,-0.8000,-0.8000
33.3333,-0.8000,-0.8000
33.3667,-0.8000,-0.8000
33.4000,-0.8000,-0.8000
33.4333,-0.8000,-0.8000
33.4667,-0.8000,-0.8000
33.5000,-0.8000,-0.8000
33.5333,-0.8000,-0.8000
33.5667,-0.8000,-0.8000
33.6000,-0.8000,-0.8000
33.6333,-0.8000,-0.8000
33.6667,-0.8000,-0.8000
33.7000,-0.8000,-0.8000
33.7333,-0.8000,-0.8000
33.7667,-0.8000,-0.8000
33.8000,-0.8000,-0.8000
33.8333,-0.8000,-0.8000
33.8667,-0.8000,-0.8000
33.9000,-0.8000,-0.8000
33.9333,-0.8000,-0.8000
33.9667,-0.8000,-0.8000
34.0000,-0.8000,-0.8000
34.0333,-0.8000,-0.8000
34.0667,-0.8000,-0.8000
34.1000,-0.8000,-0.8000
34.1333,-0.8000,-0.8000
34.1667,-0.8000,-0.8000
34.2000,-0.8000,-0.8000
34.2333,-0.8000,-0.8000
34.2667,-0.8000,-0.8000
34.3000,-0.8000,-0.8000
34.3333,-0.8000,-0.8000
34.3667,-0.8000,-0.8000
34.4000,-0.8000,-0.8000
34.4333,-0.8000,-0.8000
34.4667,-0.8000,-0.8000
34.5000,-0.8000,-0.8000
34.5333,-0.8000,-0.8000
34.5667,-0.8000,-0.8000
34.6000,-0.8000,-0.8000
34.6333,-0.8000,-0.8000
34.6667,-0.8000,-0.8000
34.7000,-0.8000,-0.8000
34.7333,-0.8000,-0.8000
34.7667,-0.8000,-0.8000
34.8000,-0.8000,-0.8000
34.8333,-0.8000,-0.8000
34.8667,-0.8000,-0.8000
34.9000,-0.8000,-0.8000
34.9333,-0.8000,-0.8000
34.9667,-0.8000,-0.8000
35.0000,-0.8000,-0.8000
35.0333,-0.8000,-0.8000
35.0667,-0.8000,-0.8000
35.1000,-0.8000,-0.8000
35.1333,-0.8000,-0.8000
35.1667,-0.8000,-0.8000
35.2000,-0.8000,-0.8000
35.2333,-0.8000,-0.8000
35.2667,-0.8000,-0.8000
35.3000,-0.8000,-0.8000
35.3333,-0.8000,-0.8000
35.3667,-0.8000,-0.8000
35.4000,-0.8000,-0.8000
35.4333,-0.8000,-0.8000
35.4667,-0.8000,-0.8000
35.5000,-0.8000,-0.8000
35.5333,-0.8000,-0.8000
35.5667,-0.8000,-0.8000
35.6000,-0.8000,-0.8000
35.6333,-0.8000,-0.8000
35.6667,-0.8000,-0.8000
35.7000,-0.8000,-0.8000
35.7333,-0.8000,-0.8000
35.7667,-0.8000,-0.8000
35.8000,-0.8000,-0.8000
35.8333,-0.8000,-0.8000
35.8667,-0.8000,-0.8000
35.9000,-0.8000,-0.8000
35.9333,-0.8000,-0.8000
35.9667,-0.8000,-0.8000
36.0000,-0.8000,-0.8000
36.0333,-0.8000,-0.8000
36.0667,-0.8000,-0.8000
36.1000,-0.8000,-0.8000
36.1333,-0.8000,-0.8000
36.1667,-0.8000,-0.8000
36.2000,-0.8000,-0.8000
36.2333,-0.8000,-0.8000
36.2667,-0.8000,-0.8000
36.3000,-0.8000,-0.8000
36.3333,-0.8000,-0.8000
36.3667,-0.8000,-0.8000
36.4000,-0.8000,-0.8000
36.4333,-0.8000,-0.8000
36.4667,-0.8000,-0.8000
36.5000,-0.8000,-0.8000
36.5333,-0.8000,-0.8000
36.5667,-0.8000,-0.8000
36.6000,-0.8000,-0.8000
36.6333,-0.8000,-0.8000
36.6667,-0.8000,-0.8000
36.7000,-0.8000,-0.8000
36.7333,-0.8000,-0.8000
36.7667,-0.8000,-0.8000
36.8000,-0.8000,-0.8000
36.8333,-0.8000,-0.8000
36.8667,-0.8000,-0.8000
36.9000,-0.8000,-0.8000
36.9333,-0.8000,-0.8000
36.9667,-0.8000,-0.8000
37.0000,-0.8000,-0.8000
37.0333,-0.8000,-0.8000
37.0667,-0.8000,-0.8000
37.1000,-0.8000,-0.8000
37.1333,-0.8000,-0.8000
37.1667,-0.8000,-0.8000
37.2000,-0.8000,-0.8000
37.2333,-0.8000,-0.8000
37.2667,-0.8000,-0.8000
37.3000,-0.8000,-0.8000
37.3333,-0.8000,-0.8000
37.3667,-0.8000,-0.8000
37.4000,-0.8000,-0.8000
37.4333,-0.8000,-0.8000
37.4667,-0.8000,-0.8000
37.5000,-0.8000,-0.8000
37.5333,-0.8000,-0.8000
37.5667,-0.8000,-0.8000
37.6000,-0.8000,-0.8000
37.6333,-0.8000,-0.8000
37.6667,-0.8000,-0.8000
37.7000,-0.8000,-0.8000
37.7333,-0.8000,-0.8000
37.7667,-0.8000,-0.8000
37.8000,-0.8000,-0.8000
37.8333,-0.8000,-0.8000
37.8667,-0.8000,-0.8000
37.9000,-0.8000,-0.8000
37.9333,-0.8000,-0.8000
37.9667,-0.8000,-0.8000
38.0000,-0.8000,-0.8000
38.0333,-0.8000,-0.8000
38.0667,-0.8000,-0.8000
38.1000,-0.8000,-0.8000
38.1333,-0.8000,-0.8000
38.1667,-0.8000,-0.8000
38.2000,-0.8000,-0.8000
38.2333,-0.8000,-0.8000
38.2667,-0.8000,-0.8000
38.3000,-0.8000,-0.8000
38.3333,-0.8000,-0.8000
38.3667,-0.8000,-0.8000
38.4000,-0.8000,-0.8000
38.4333,-0.8000,-0.8000
38.4667,-0.8000,-0.8000
38.5000,-0.8000,-0.8000
38.5333,-0.8000,-0.8000
38.5667,-0.8000,-0.8000
38.6000,-0.8000,-0.8000
38.6333,-0.8000,-0.8000
38.6667,-0.8000,-0.8000
38.7000,-0.8000,-0.8000
38.7333,-0.8000,-0.8000
38.7667,-0.8000,-0.8000
38.8000,-0.8000,-0.8000
38.8333,-0.8000,-0.8000
38.8667,-0.8000,-0.8000
38.9000,-0.8000,-0.8000
38.9333,-0.8000,-0.8000
38.9667,-0.8000,-0.8000
39.0000,-0.8000,-0.8000
39.0333,-0.8000,-0.8000
39.0667,-0.8000,-0.8000
39.1000,-0.8000,-0.8000
39.1333,-0.8000,-0.8000
39.1667,-0.8000,-0.8000
39.2000,-0.8000,-0.8000
39.2333,-0.8000,-0.8000
39.2667,-0.8000,-0.8000
39.3000,-0.8000,-0.8000
39.3333,-0.8000,-0.8000
39.3667,-0.8000,-0.8000
39.4000,-0.8000,-0.8000
39.4333,-0.8000,-0.8000
39.4667,-0.8000,-0.8000
39.5000,-0.8000,-0.8000
39.5333,-0.8000,-0.8000
39.5667,-0.8000,-0.8000
39.6000,-0.8000,-0.8000
39.6333,-0.8000,-0.8000
39.6667,-0.8000,-0.8000
39.7000,-0.8000,-0.8000
39.7333,-0.8000,-0.8000
39.7667,-0.8000,-0.8000
39.8000,-0.8000,-0.8000
39.8333,-0.8000,-0.8000
39.8667,-0.8000,-0.8000
39.9000,-0.8000,-0.8000
39.9333,-0.8000,-0.8000
39.9667,-0.8000,-0.8000
40.0000,-0.8000,-0.8000
40.0333,-0.8000,-0.8000
40.0667,-0.8000,-0.8000
40.1000,-0.8000,-0.8000
40.1333,-0.8000,-0.8000
40.1667,-0.8000,-0.8000
40.2000,-0.8000,-0.8000
40.2333,-0.8000,-0.8000
40.2667,-0.8000,-0.8000
40.3000,-0.8000,-0.8000
40.3333,-0.8000,-0.8000
40.3667,-0.6750,-0.7650
40.4000,-0.5500,-0.7300
40.4333,-0.4250,-0.6950
40.4667,-0.3000,-0.6600
40.5000,-0.1750,-0.6250
40.5333,-0.0500,-0.5900
40.5667,0.0750,-0.5550
40.6000,0.2000,-0.5200
40.6333,0.3250,-0.4850
40.6667,0.4500,-0.4500
40.7000,0.4500,-0.4500
40.7333,0.4500,-0.4500
40.7667,0.4500,-0.4500
40.8000,0.4500,-0.4500
40.8333,0.4500,-0.4500
40.8667,0.4500,-0.4500
40.9000,0.4500,-0.4500
40.9333,0.4500,-0.4500
40.9667,0.4500,-0.4500
41.0000,0.4500,-0.4500
41.0333,0.4500,-0.4500
41.0667,0.4500,-0.4500
41.1000,0.4500,-0.4500
41.1333,0.4500,-0.4500
41.1667,0.4500,-0.4500
41.2000,0.4500,-0.4500
41.2333,0.4500,-0.4500
41.2667,0.4500,-0.4500
41.3000,0.4500,-0.4500
41.3333,0.4500,-0.4500
41.3667,0.4500,-0.4500
41.4000,0.4500,-0.4500
41.4333,0.4500,-0.4500
41.4667,0.4500,-0.4500
41.5000,0.4500,-0.4500
41.5333,0.4500,-0.4500
41.5667,0.4500,-0.4500
41.6000,0.4500,-0.4500
41.6333,0.4500,-0.4500
41.6667,0.4500,-0.4500
41.7000,0.4500,-0.4500
41.7333,0.4500,-0.4500
41.7667,0.4500,-0.4500
41.8000,0.4500,-0.4500
41.8333,0.4500,-0.4500
41.8667,0.4500,-0.4500
41.9000,0.4500,-0.4500
41.9333,0.4500,-0.4500
41.9667,0.4500,-0.4500
42.0000,0.4500,-0.4500
42.0333,0.4500,-0.4500
42.0667,0.4500,-0.4500
42.1000,0.4500,-0.4500
42.1333,0.4500,-0.4500
42.1667,0.4500,-0.4500
42.2000,0.4500,-0.4500
42.2333,0.4500,-0.4500
42.2667,0.4500,-0.4500
42.3000,0.4500,-0.4500
42.3333,0.4500,-0.4500
42.3667,0.4500,-0.4500
42.4000,0.4500,-0.4500
42.4333,0.4500,-0.4500
42.4667,0.4500,-0.4500
42.5000,0.4500,-0.4500
42.5333,0.4500,-0.4500
42.5667,0.4500,-0.4500
42.6000,0.4500,-0.4500
42.6333,0.4500,-0.4500
42.6667,0.4500,-0.4500
42.7000,0.4500,-0.4500
42.7333,0.4500,-0.4500
42.7667,0.4500,-0.4500
42.8000,0.4500,-0.4500
42.8333,0.4500,-0.4500
42.8667,0.4500,-0.4500
42.9000,0.4500,-0.4500
42.9333,0.4500,-0.4500
42.9667,0.4500,-0.4500
43.0000,0.4500,-0.4500
43.0333,0.4500,-0.4500
43.0667,0.4500,-0.4500
43.1000,0.4500,-0.4500
43.1333,0.4500,-0.4500
43.1667,0.4500,-0.4500
43.2000,0.4500,-0.4500
43.2333,0.4500,-0.4500
43.2667,0.4500,-0.4500
43.3000,0.4500,-0.4500
43.3333,0.4500,-0.4500
43.3667,0.4500,-0.4500
43.4000,0.4500,-0.4500
43.4333,0.4500,-0.4500
43.4667,0.4500,-0.4500
43.5000,0.4500,-0.4500
43.5333,0.4500,-0.4500
43.5667,0.4500,-0.4500
43.6000,0.4500,-0.4500
43.6333,0.4500,-0.4500
43.6667,0.4500,-0.4500
43.7000,0.4500,-0.4500
43.7333,0.4500,-0.4500
43.7667,0.4500,-0.4500
43.8000,0.4500,-0.4500
43.8333,0.4500,-0.4500
43.8667,0.4500,-0.4500
43.9000,0.4500,-0.4500
43.9333,0.4500,-0.4500
43.9667,0.4500,-0.4500
44.0000,0.4500,-0.4500
44.0333,0.4500,-0.4500
44.0667,0.4500,-0.4500
44.1000,0.4500,-0.4500
44.1333,0.4500,-0.4500
44.1667,0.4500,-0.4500
44.2000,0.4500,-0.4500
44.2333,0.4500,-0.4500
44.2667,0.4500,-0.4500
44.3000,0.4500,-0.4500
44.3333,0.4500,-0.4500
44.3667,0.4500,-0.4500
44.4000,0.4500,-0.4500
44.4333,0.4500,-0.4500
44.4667,0.4500,-0.4500
44.5000,0.4500,-0.4500
44.5333,0.4500,-0.4500
44.5667,0.4500,-0.4500
44.6000,0.4500,-0.4500
44.6333,0.4500,-0.4500
44.6667,0.4500,-0.4500
44.7000,0.4500,-0.4500
44.7333,0.4500,-0.4500
44.7667,0.4500,-0.4500
44.8000,0.4500,-0.4500
44.8333,0.4500,-0.4500
44.8667,0.4500,-0.4500
44.9000,0.4500,-0.4500
44.9333,0.4500,-0.4500
44.9667,0.4500,-0.4500
45.0000,0.4500,-0.4500
45.0333,0.4500,-0.4500
45.0667,0.4500,-0.4500
45.1000,0.4500,-0.4500
45.1333,0.4500,-0.4500
45.1667,0.4500,-0.4500
45.2000,0.4500,-0.4500
45.2333,0.4500,-0.4500
45.2667,0.4500,-0.4500
45.3000,0.4500,-0.4500
45.3333,0.4500,-0.4500
45.3667,0.4500,-0.4500
45.4000,0.4500,-0.4500
45.4333,0.4500,-0.4500
45.4667,0.4500,-0.4500
45.5000,0.4500,-0.4500
45.5333,0.4500,-0.4500
45.5667,0.4500,-0.4500
45.6000,0.4500,-0.4500
45.6333,0.4500,-0.4500
45.6667,0.4500,-0.4500
45.7000,0.4500,-0.4500
45.7333,0.4500,-0.4500
45.7667,0.4500,-0.4500
45.8000,0.4500,-0.4500
45.8333,0.4500,-0.4500
45.8667,0.4500,-0.4500
45.9000,0.4500,-0.4500
45.9333,0.4500,-0.4500
45.9667,0.4500,-0.4500
46.0000,0.4500,-0.4500
46.0333,0.4500,-0.4500
46.0667,0.4500,-0.4500
46.1000,0.4500,-0.4500
46.1333,0.4500,-0.4500
46.1667,0.4500,-0.4500
46.2000,0.4500,-0.4500
46.2333,0.4500,-0.4500
46.2667,0.4500,-0.4500
46.3000,0.4500,-0.4500
46.3333,0.4500,-0.4500
46.3667,0.4500,-0.4500
46.4000,0.4500,-0.4500
46.4333,0.4500,-0.4500
46.4667,0.4500,-0.4500
46.5000,0.4500,-0.4500
46.5333,0.4500,-0.4500
46.5667,0.4500,-0.4500
46.6000,0.4500,-0.4500
46.6333,0.4500,-0.4500
46.6667,0.4500,-0.4500
46.7000,0.4500,-0.4500
46.7333,0.4500,-0.4500
46.7667,0.4500,-0.4500
46.8000,0.4500,-0.4500
46.8333,0.4500,-0.4500
46.8667,0.4500,-0.4500
46.9000,0.4500,-0.4500
46.9333,0.4500,-0.4500
46.9667,0.4500,-0.4500
47.0000,0.4500,-0.4500
47.0333,0.4500,-0.4500
47.0667,0.4500,-0.4500
47.1000,0.4500,-0.4500
47.1333,0.4500,-0.4500
47.1667,0.4500,-0.4500
47.2000,0.4500,-0.4500
47.2333,0.4500,-0.4500
47.2667,0.4500,-0.4500
47.3000,0.4500,-0.4500
47.3333,0.4500,-0.4500
47.3667,0.4500,-0.4500
47.4000,0.4500,-0.4500
47.4333,0.4500,-0.4500
47.4667,0.4500,-0.4500
47.5000,0.4500,-0.4500
47.5333,0.4500,-0.4500
47.5667,0.4500,-0.4500
47.6000,0.4500,-0.4500
47.6333,0.4500,-0.4500
47.6667,0.4500,-0.4500
47.7000,0.4500,-0.4500
47.7333,0.4500,-0.4500
47.7667,0.4500,-0.4500
47.8000,0.4500,-0.4500
47.8333,0.4500,-0.4500
47.8667,0.4500,-0.4500
47.9000,0.4500,-0.4500
47.9333,0.4500,-0.4500
47.9667,0.4500,-0.4500
48.0000,0.4500,-0.4500
48.0333,0.4500,-0.4500
48.0667,0.4500,-0.4500
48.1000,0.4500,-0.4500
48.1333,0.4500,-0.4500
48.1667,0.4500,-0.4500
48.2000,0.4500,-0.4500
48.2333,0.4500,-0.4500
48.2667,0.4500,-0.4500
48.3000,0.4500,-0.4500
48.3333,0.4500,-0.4500
48.3667,0.4500,-0.4500
48.4000,0.4500,-0.4500
48.4333,0.4500,-0.4500
48.4667,0.4500,-0.4500
48.5000,0.4500,-0.4500
48.5333,0.4500,-0.4500
48.5667,0.4500,-0.4500
48.6000,0.4500,-0.4500
48.6333,0.4500,-0.4500
48.6667,0.4500,-0.4500
48.7000,0.3600,-0.3600
48.7333,0.2700,-0.2700
48.7667,0.1800,-0.1800
48.8000,0.0900,-0.0900
48.8333,0.0000,-0.0000
48.8667,-0.0900,0.0900
48.9000,-0.1800,0.1800
48.9333,-0.2700,0.2700
48.9667,-0.3600,0.3600
49.0000,-0.4500,0.4500
49.0333,-0.4500,0.4500
49.0667,-0.4500,0.4500
49.1000,-0.4500,0.4500
49.1333,-0.4500,0.4500
49.1667,-0.4500,0.4500
49.2000,-0.4500,0.4500
49.2333,-0.4500,0.4500
49.2667,-0.4500,0.4500
49.3000,-0.4500,0.4500
49.3333,-0.4500,0.4500
49.3667,-0.4500,0.4500
49.4000,-0.4500,0.4500
49.4333,-0.4500,0.4500
49.4667,-0.4500,0.4500
49.5000,-0.4500,0.4500
49.5333,-0.4500,0.4500
49.5667,-0.4500,0.4500
49.6000,-0.4500,0.4500
49.6333,-0.4500,0.4500
49.6667,-0.4500,0.4500
49.7000,-0.4500,0.4500
49.7333,-0.4500,0.4500
49.7667,-0.4500,0.4500
49.8000,-0.4500,0.4500
49.8333,-0.4500,0.4500
49.8667,-0.4500,0.4500
49.9000,-0.4500,0.4500
49.9333,-0.4500,0.4500
49.9667,-0.4500,0.4500
50.0000,-0.4500,0.4500
50.0333,-0.4500,0.4500
50.0667,-0.4500,0.4500
50.1000,-0.4500,0.4500
50.1333,-0.4500,0.4500
50.1667,-0.4500,0.4500
50.2000,-0.4500,0.4500
50.2333,-0.4500,0.4500
50.2667,-0.4500,0.4500
50.3000,-0.4500,0.4500
50.3333,-0.4500,0.4500
50.3667,-0.4500,0.4500
50.4000,-0.4500,0.4500
50.4333,-0.4500,0.4500
50.4667,-0.4500,0.4500
50.5000,-0.4500,0.4500
50.5333,-0.4500,0.4500
50.5667,-0.4500,0.4500
50.6000,-0.4500,0.4500
50.6333,-0.4500,0.4500
50.6667,-0.4500,0.4500
50.7000,-0.4500,0.4500
50.7333,-0.4500,0.4500
50.7667,-0.4500,0.4500
50.8000,-0.4500,0.4500
50.8333,-0.4500,0.4500
50.8667,-0.4500,0.4500
50.9000,-0.4500,0.4500
50.9333,-0.4500,0.4500
50.9667,-0.4500,0.4500
51.0000,-0.4500,0.4500
51.0333,-0.4500,0.4500
51.0667,-0.4500,0.4500
51.1000,-0.4500,0.4500
51.1333,-0.4500,0.4500
51.1667,-0.4500,0.4500
51.2000,-0.4500,0.4500
51.2333,-0.4500,0.4500
51.2667,-0.4500,0.4500
51.3000,-0.4500,0.4500
51.3333,-0.4500,0.4500
51.3667,-0.4500,0.4500
51.4000,-0.4500,0.4500
51.4333,-0.4500,0.4500
51.4667,-0.4500,0.4500
51.5000,-0.4500,0.4500
51.5333,-0.4500,0.4500
51.5667,-0.4500,0.4500
51.6000,-0.4500,0.4500
51.6333,-0.4500,0.4500
51.6667,-0.4500,0.4500
51.7000,-0.4500,0.4500
51.7333,-0.4500,0.4500
51.7667,-0.4500,0.4500
51.8000,-0.4500,0.4500
51.8333,-0.4500,0.4500
51.8667,-0.4500,0.4500
51.9000,-0.4500,0.4500
51.9333,-0.4500,0.4500
51.9667,-0.4500,0.4500
52.0000,-0.4500,0.4500
52.0333,-0.4500,0.4500
52.0667,-0.4500,0.4500
52.1000,-0.4500,0.4500
52.1333,-0.4500,0.4500
52.1667,-0.4500,0.4500
52.2000,-0.4500,0.4500
52.2333,-0.4500,0.4500
52.2667,-0.4500,0.4500
52.3000,-0.4500,0.4500
52.3333,-0.4500,0.4500
52.3667,-0.4500,0.4500
52.4000,-0.4500,0.4500
52.4333,-0.4500,0.4500
52.4667,-0.4500,0.4500
52.5000,-0.4500,0.4500
52.5333,-0.4500,0.4500
52.5667,-0.4500,0.4500
52.6000,-0.4500,0.4500
52.6333,-0.4500,0.4500
52.6667,-0.4500,0.4500
52.7000,-0.4500,0.4500
52.7333,-0.4500,0.4500
52.7667,-0.4500,0.4500
52.8000,-0.4500,0.4500
52.8333,-0.4500,0.4500
52.8667,-0.4500,0.4500
52.9000,-0.4500,0.4500
52.9333,-0.4500,0.4500
52.9667,-0.4500,0.4500
53.0000,-0.4500,0.4500
53.0333,-0.4500,0.4500
53.0667,-0.4500,0.4500
53.1000,-0.4500,0.4500
53.1333,-0.4500,0.4500
53.1667,-0.4500,0.4500
53.2000,-0.4500,0.4500
53.2333,-0.4500,0.4500
53.2667,-0.4500,0.4500
53.3000,-0.4500,0.4500
53.3333,-0.4500,0.4500
53.3667,-0.4500,0.4500
53.4000,-0.4500,0.4500
53.4333,-0.4500,0.4500
53.4667,-0.4500,0.4500
53.5000,-0.4500,0.4500
53.5333,-0.4500,0.4500
53.5667,-0.4500,0.4500
53.6000,-0.4500,0.4500
53.6333,-0.4500,0.4500
53.6667,-0.4500,0.4500
53.7000,-0.4500,0.4500
53.7333,-0.4500,0.4500
53.7667,-0.4500,0.4500
53.8000,-0.4500,0.4500
53.8333,-0.4500,0.4500
53.8667,-0.4500,0.4500
53.9000,-0.4500,0.4500
53.9333,-0.4500,0.4500
53.9667,-0.4500,0.4500
54.0000,-0.4500,0.4500
54.0333,-0.4500,0.4500
54.0667,-0.4500,0.4500
54.1000,-0.4500,0.4500
54.1333,-0.4500,0.4500
54.1667,-0.4500,0.4500
54.2000,-0.4500,0.4500
54.2333,-0.4500,0.4500
54.2667,-0.4500,0.4500
54.3000,-0.4500,0.4500
54.3333,-0.4500,0.4500
54.3667,-0.4500,0.4500
54.4000,-0.4500,0.4500
54.4333,-0.4500,0.4500
54.4667,-0.4500,0.4500
54.5000,-0.4500,0.4500
54.5333,-0.4500,0.4500
54.5667,-0.4500,0.4500
54.6000,-0.4500,0.4500
54.6333,-0.4500,0.4500
54.6667,-0.4500,0.4500
54.7000,-0.4500,0.4500
54.7333,-0.4500,0.4500
54.7667,-0.4500,0.4500
54.8000,-0.4500,0.4500
54.8333,-0.4500,0.4500
54.8667,-0.4500,0.4500
54.9000,-0.4500,0.4500
54.9333,-0.4500,0.4500
54.9667,-0.4500,0.4500
55.0000,-0.4500,0.4500
55.0333,-0.4500,0.4500
55.0667,-0.4500,0.4500
55.1000,-0.4500,0.4500
55.1333,-0.4500,0.4500
55.1667,-0.4500,0.4500
55.2000,-0.4500,0.4500
55.2333,-0.4500,0.4500
55.2667,-0.4500,0.4500
55.3000,-0.4500,0.4500
55.3333,-0.4500,0.4500
55.3667,-0.4500,0.4500
55.4000,-0.4500,0.4500
55.4333,-0.4500,0.4500
55.4667,-0.4500,0.4500
55.5000,-0.4500,0.4500
55.5333,-0.4500,0.4500
55.5667,-0.4500,0.4500
55.6000,-0.4500,0.4500
55.6333,-0.4500,0.4500
55.6667,-0.4500,0.4500
55.7000,-0.4500,0.4500
55.7333,-0.4500,0.4500
55.7667,-0.4500,0.4500
55.8000,-0.4500,0.4500
55.8333,-0.4500,0.4500
55.8667,-0.4500,0.4500
55.9000,-0.4500,0.4500
55.9333,-0.4500,0.4500
55.9667,-0.4500,0.4500
56.0000,-0.4500,0.4500
56.0333,-0.4500,0.4500
56.0667,-0.4500,0.4500
56.1000,-0.4500,0.4500
56.1333,-0.4500,0.4500
56.1667,-0.4500,0.4500
56.2000,-0.4500,0.4500
56.2333,-0.4500,0.4500
56.2667,-0.4500,0.4500
56.3000,-0.4500,0.4500
56.3333,-0.4500,0.4500
56.3667,-0.4500,0.4500
56.4000,-0.4500,0.4500
56.4333,-0.4500,0.4500
56.4667,-0.4500,0.4500
56.5000,-0.4500,0.4500
56.5333,-0.4500,0.4500
56.5667,-0.4500,0.4500
56.6000,-0.4500,0.4500
56.6333,-0.4500,0.4500
56.6667,-0.4500,0.4500
56.7000,-0.4500,0.4500
56.7333,-0.4500,0.4500
56.7667,-0.4500,0.4500
56.8000,-0.4500,0.4500
56.8333,-0.4500,0.4500
56.8667,-0.4500,0.4500
56.9000,-0.4500,0.4500
56.9333,-0.4500,0.4500
56.9667,-0.4500,0.4500
57.0000,-0.4500,0.4500
57.0333,-0.3200,0.3200
57.0667,-0.1900,0.1900
57.1000,-0.0600,0.0600
57.1333,0.0700,-0.0700
57.1667,0.2000,-0.2000
57.2000,0.3300,-0.3300
57.2333,0.4600,-0.4600
57.2667,0.5900,-0.5900
57.3000,0.7200,-0.7200
57.3333,0.8500,-0.8500
57.3667,0.8500,-0.8500
57.4000,0.8500,-0.8500
57.4333,0.8500,-0.8500
57.4667,0.8500,-0.8500
57.5000,0.8500,-0.8500
57.5333,0.8500,-0.8500
57.5667,0.8500,-0.8500
57.6000,0.8500,-0.8500
57.6333,0.8500,-0.8500
57.6667,0.8500,-0.8500
57.7000,0.8500,-0.8500
57.7333,0.8500,-0.8500
57.7667,0.8500,-0.8500
57.8000,0.8500,-0.8500
57.8333,0.8500,-0.8500
57.8667,0.8500,-0.8500
57.9000,0.8500,-0.8500
57.9333,0.8500,-0.8500
57.9667,0.8500,-0.8500
58.0000,0.8500,-0.8500
58.0333,0.8500,-0.8500
58.0667,0.8500,-0.8500
58.1000,0.8500,-0.8500
58.1333,0.8500,-0.8500
58.1667,0.8500,-0.8500
58.2000,0.8500,-0.8500
58.2333,0.8500,-0.8500
58.2667,0.8500,-0.8500
58.3000,0.8500,-0.8500
58.3333,0.8500,-0.8500
58.3667,0.8500,-0.8500
58.4000,0.8500,-0.8500
58.4333,0.8500,-0.8500
58.4667,0.8500,-0.8500
58.5000,0.8500,-0.8500
58.5333,0.8500,-0.8500
58.5667,0.8500,-0.8500
58.6000,0.8500,-0.8500
58.6333,0.8500,-0.8500
58.6667,0.8500,-0.8500
58.7000,0.8500,-0.8500
58.7333,0.8500,-0.8500
58.7667,0.8500,-0.8500
58.8000,0.8500,-0.8500
58.8333,0.8500,-0.8500
58.8667,0.8500,-0.8500
58.9000,0.8500,-0.8500
58.9333,0.8500,-0.8500
58.9667,0.8500,-0.8500
59.0000,0.8500,-0.8500
59.0333,0.8500,-0.8500
59.0667,0.8500,-0.8500
59.1000,0.8500,-0.8500
59.1333,0.8500,-0.8500
59.1667,0.8500,-0.8500
59.2000,0.8500,-0.8500
59.2333,0.8500,-0.8500
59.2667,0.8500,-0.8500
59.3000,0.8500,-0.8500
59.3333,0.8500,-0.8500
59.3667,0.8500,-0.8500
59.4000,0.8500,-0.8500
59.4333,0.8500,-0.8500
59.4667,0.8500,-0.8500
59.5000,0.8500,-0.8500
59.5333,0.8500,-0.8500
59.5667,0.8500,-0.8500
59.6000,0.8500,-0.8500
59.6333,0.8500,-0.8500
59.6667,0.8500,-0.8500
59.7000,0.8500,-0.8500
59.7333,0.8500,-0.8500
59.7667,0.8500,-0.8500
59.8000,0.8500,-0.8500
59.8333,0.8500,-0.8500
59.8667,0.8500,-0.8500
59.9000,0.8500,-0.8500
59.9333,0.8500,-0.8500
59.9667,0.8500,-0.8500
60.0000,0.8500,-0.8500
60.0333,0.8500,-0.8500
60.0667,0.8500,-0.8500
60.1000,0.8500,-0.8500
60.1333,0.8500,-0.8500
60.1667,0.8500,-0.8500
60.2000,0.8500,-0.8500
60.2333,0.8500,-0.8500
60.2667,0.8500,-0.8500
60.3000,0.8500,-0.8500
60.3333,0.8500,-0.8500
60.3667,0.8500,-0.8500
60.4000,0.8500,-0.8500
60.4333,0.8500,-0.8500
60.4667,0.8500,-0.8500
60.5000,0.8500,-0.8500
60.5333,0.8500,-0.8500
60.5667,0.8500,-0.8500
60.6000,0.8500,-0.8500
60.6333,0.8500,-0.8500
60.6667,0.8500,-0.8500
60.7000,0.8500,-0.8500
60.7333,0.8500,-0.8500
60.7667,0.8500,-0.8500
60.8000,0.8500,-0.8500
60.8333,0.8500,-0.8500
60.8667,0.8500,-0.8500
60.9000,0.8500,-0.8500
60.9333,0.8500,-0.8500
60.9667,0.8500,-0.8500
61.0000,0.8500,-0.8500
61.0333,0.8500,-0.8500
61.0667,0.8500,-0.8500
61.1000,0.8500,-0.8500
61.1333,0.8500,-0.8500
61.1667,0.8500,-0.8500
61.2000,0.8500,-0.8500
61.2333,0.8500,-0.8500
61.2667,0.8500,-0.8500
61.3000,0.8500,-0.8500
61.3333,0.8500,-0.8500
61.3667,0.8500,-0.8500
61.4000,0.8500,-0.8500
61.4333,0.8500,-0.8500
61.4667,0.8500,-0.8500
61.5000,0.8500,-0.8500
61.5333,0.8500,-0.8500
61.5667,0.8500,-0.8500
61.6000,0.8500,-0.8500
61.6333,0.8500,-0.8500
61.6667,0.8500,-0.8500
61.7000,0.8500,-0.8500
61.7333,0.8500,-0.8500
61.7667,0.8500,-0.8500
61.8000,0.8500,-0.8500
61.8333,0.8500,-0.8500
61.8667,0.8500,-0.8500
61.9000,0.8500,-0.8500
61.9333,0.8500,-0.8500
61.9667,0.8500,-0.8500
62.0000,0.8500,-0.8500
62.0333,0.8500,-0.8500
62.0667,0.8500,-0.8500
62.1000,0.8500,-0.8500
62.1333,0.8500,-0.8500
62.1667,0.8500,-0.8500
62.2000,0.8500,-0.8500
62.2333,0.8500,-0.8500
62.2667,0.8500,-0.8500
62.3000,0.8500,-0.8500
62.3333,0.8500,-0.8500
62.3667,0.8500,-0.8500
62.4000,0.8500,-0.8500
62.4333,0.8500,-0.8500
62.4667,0.8500,-0.8500
62.5000,0.8500,-0.8500
62.5333,0.8500,-0.8500
62.5667,0.8500,-0.8500
62.6000,0.8500,-0.8500
62.6333,0.8500,-0.8500
62.6667,0.8500,-0.8500
62.7000,0.8500,-0.8500
62.7333,0.8500,-0.8500
62.7667,0.8500,-0.8500
62.8000,0.8500,-0.8500
62.8333,0.8500,-0.8500
62.8667,0.8500,-0.8500
62.9000,0.8500,-0.8500
62.9333,0.8500,-0.8500
62.9667,0.8500,-0.8500
63.0000,0.8500,-0.8500
63.0333,0.8500,-0.8500
63.0667,0.8500,-0.8500
63.1000,0.8500,-0.8500
63.1333,0.8500,-0.8500
63.1667,0.8500,-0.8500
63.2000,0.8500,-0.8500
63.2333,0.8500,-0.8500
63.2667,0.8500,-0.8500
63.3000,0.8500,-0.8500
63.3333,0.8500,-0.8500
63.3667,0.6800,-0.6800
63.4000,0.5100,-0.5100
63.4333,0.3400,-0.3400
63.4667,0.1700,-0.1700
63.5000,0.0000,-0.0000
63.5333,-0.1700,0.1700
63.5667,-0.3400,0.3400
63.6000,-0.5100,0.5100
63.6333,-0.6800,0.6800
63.6667,-0.8500,0.8500
63.7000,-0.8500,0.8500
63.7333,-0.8500,0.8500
63.7667,-0.8500,0.8500
63.8000,-0.8500,0.8500
63.8333,-0.8500,0.8500
63.8667,-0.8500,0.8500
63.9000,-0.8500,0.8500
63.9333,-0.8500,0.8500
63.9667,-0.8500,0.8500
64.0000,-0.8500,0.8500
64.0333,-0.8500,0.8500
64.0667,-0.8500,0.8500
64.1000,-0.8500,0.8500
64.1333,-0.8500,0.8500
64.1667,-0.8500,0.8500
64.2000,-0.8500,0.8500
64.2333,-0.8500,0.8500
64.2667,-0.8500,0.8500
64.3000,-0.8500,0.8500
64.3333,-0.8500,0.8500
64.3667,-0.8500,0.8500
64.4000,-0.8500,0.8500
64.4333,-0.8500,0.8500
64.4667,-0.8500,0.8500
64.5000,-0.8500,0.8500
64.5333,-0.8500,0.8500
64.5667,-0.8500,0.8500
64.6000,-0.8500,0.8500
64.6333,-0.8500,0.8500
64.6667,-0.8500,0.8500
64.7000,-0.8500,0.8500
64.7333,-0.8500,0.8500
64.7667,-0.8500,0.8500
64.8000,-0.8500,0.8500
64.8333,-0.8500,0.8500
64.8667,-0.8500,0.8500
64.9000,-0.8500,0.8500
64.9333,-0.8500,0.8500
64.9667,-0.8500,0.8500
65.0000,-0.8500,0.8500
65.0333,-0.8500,0.8500
65.0667,-0.8500,0.8500
65.1000,-0.8500,0.8500
65.1333,-0.8500,0.8500
65.1667,-0.8500,0.8500
65.2000,-0.8500,0.8500
65.2333,-0.8500,0.8500
65.2667,-0.8500,0.8500
65.3000,-0.8500,0.8500
65.3333,-0.8500,0.8500
65.3667,-0.8500,0.8500
65.4000,-0.8500,0.8500
65.4333,-0.8500,0.8500
65.4667,-0.8500,0.8500
65.5000,-0.8500,0.8500
65.5333,-0.8500,0.8500
65.5667,-0.8500,0.8500
65.6000,-0.8500,0.8500
65.6333,-0.8500,0.8500
65.6667,-0.8500,0.8500
65.7000,-0.8500,0.8500
65.7333,-0.8500,0.8500
65.7667,-0.8500,0.8500
65.8000,-0.8500,0.8500
65.8333,-0.8500,0.8500
65.8667,-0.8500,0.8500
65.9000,-0.8500,0.8500
65.9333,-0.8500,0.8500
65.9667,-0.8500,0.8500
66.0000,-0.8500,0.8500
66.0333,-0.8500,0.8500
66.0667,-0.8500,0.8500
66.1000,-0.8500,0.8500
66.1333,-0.8500,0.8500
66.1667,-0.8500,0.8500
66.2000,-0.8500,0.8500
66.2333,-0.8500,0.8500
66.2667,-0.8500,0.8500
66.3000,-0.8500,0.8500
66.3333,-0.8500,0.8500
66.3667,-0.8500,0.8500
66.4000,-0.8500,0.8500
66.4333,-0.8500,0.8500
66.4667,-0.8500,0.8500
66.5000,-0.8500,0.8500
66.5333,-0.8500,0.8500
66.5667,-0.8500,0.8500
66.6000,-0.8500,0.8500
66.6333,-0.8500,0.8500
66.6667,-0.8500,0.8500
66.7000,-0.8500,0.8500
66.7333,-0.8500,0.8500
66.7667,-0.8500,0.8500
66.8000,-0.8500,0.8500
66.8333,-0.8500,0.8500
66.8667,-0.8500,0.8500
66.9000,-0.8500,0.8500
66.9333,-0.8500,0.8500
66.9667,-0.8500,0.8500
67.0000,-0.8500,0.8500
67.0333,-0.8500,0.8500
67.0667,-0.8500,0.8500
67.1000,-0.8500,0.8500
67.1333,-0.8500,0.8500
67.1667,-0.8500,0.8500
67.2000,-0.8500,0.8500
67.2333,-0.8500,0.8500
67.2667,-0.8500,0.8500
67.3000,-0.8500,0.8500
67.3333,-0.8500,0.8500
67.3667,-0.8500,0.8500
67.4000,-0.8500,0.8500
67.4333,-0.8500,0.8500
67.4667,-0.8500,0.8500
67.5000,-0.8500,0.8500
67.5333,-0.8500,0.8500
67.5667,-0.8500,0.8500
67.6000,-0.8500,0.8500
67.6333,-0.8500,0.8500
67.6667,-0.8500,0.8500
67.7000,-0.8500,0.8500
67.7333,-0.8500,0.8500
67.7667,-0.8500,0.8500
67.8000,-0.8500,0.8500
67.8333,-0.8500,0.8500
67.8667,-0.8500,0.8500
67.9000,-0.8500,0.8500
67.9333,-0.8500,0.8500
67.9667,-0.8500,0.8500
68.0000,-0.8500,0.8500
68.0333,-0.8500,0.8500
68.0667,-0.8500,0.8500
68.1000,-0.8500,0.8500
68.1333,-0.8500,0.8500
68.1667,-0.8500,0.8500
68.2000,-0.8500,0.8500
68.2333,-0.8500,0.8500
68.2667,-0.8500,0.8500
68.3000,-0.8500,0.8500
68.3333,-0.8500,0.8500
68.3667,-0.8500,0.8500
68.4000,-0.8500,0.8500
68.4333,-0.8500,0.8500
68.4667,-0.8500,0.8500
68.5000,-0.8500,0.8500
68.5333,-0.8500,0.8500
68.5667,-0.8500,0.8500
68.6000,-0.8500,0.8500
68.6333,-0.8500,0.8500
68.6667,-0.8500,0.8500
68.7000,-0.8500,0.8500
68.7333,-0.8500,0.8500
68.7667,-0.8500,0.8500
68.8000,-0.8500,0.8500
68.8333,-0.8500,0.8500
68.8667,-0.8500,0.8500
68.9000,-0.8500,0.8500
68.9333,-0.8500,0.8500
68.9667,-0.8500,0.8500
69.0000,-0.8500,0.8500
69.0333,-0.8500,0.8500
69.0667,-0.8500,0.8500
69.1000,-0.8500,0.8500
69.1333,-0.8500,0.8500
69.1667,-0.8500,0.8500
69.2000,-0.8500,0.8500
69.2333,-0.8500,0.8500
69.2667,-0.8500,0.8500
69.3000,-0.8500,0.8500
69.3333,-0.8500,0.8500
69.3667,-0.8500,0.8500
69.4000,-0.8500,0.8500
69.4333,-0.8500,0.8500
69.4667,-0.8500,0.8500
69.5000,-0.8500,0.8500
69.5333,-0.8500,0.8500
69.5667,-0.8500,0.8500
69.6000,-0.8500,0.8500
69.6333,-0.8500,0.8500
69.6667,-0.8500,0.8500
69.7000,-0.6650,0.7950
69.7333,-0.4800,0.7400
69.7667,-0.2950,0.6850
69.8000,-0.1100,0.6300
69.8333,0.0750,0.5750
69.8667,0.2600,0.5200
69.9000,0.4450,0.4650
69.9333,0.6300,0.4100
69.9667,0.8150,0.3550
70.0000,1.0000,0.3000
70.0333,1.0000,0.3000
70.0667,1.0000,0.3000
70.1000,1.0000,0.3000
70.1333,1.0000,0.3000
70.1667,1.0000,0.3000
70.2000,1.0000,0.3000
70.2333,1.0000,0.3000
70.2667,1.0000,0.3000
70.3000,1.0000,0.3000
70.3333,1.0000,0.3000
70.3667,1.0000,0.3000
70.4000,1.0000,0.3000
70.4333,1.0000,0.3000
70.4667,1.0000,0.3000
70.5000,1.0000,0.3000
70.5333,1.0000,0.3000
70.5667,1.0000,0.3000
70.6000,1.0000,0.3000
70.6333,1.0000,0.3000
70.6667,1.0000,0.3000
70.7000,1.0000,0.3000
70.7333,1.0000,0.3000
70.7667,1.0000,0.3000
70.8000,1.0000,0.3000
70.8333,1.0000,0.3000
70.8667,1.0000,0.3000
70.9000,1.0000,0.3000
70.9333,1.0000,0.3000
70.9667,1.0000,0.3000
71.0000,1.0000,0.3000
71.0333,1.0000,0.3000
71.0667,1.0000,0.3000
71.1000,1.0000,0.3000
71.1333,1.0000,0.3000
71.1667,1.0000,0.3000
71.2000,1.0000,0.3000
71.2333,1.0000,0.3000
71.2667,1.0000,0.3000
71.3000,1.0000,0.3000
71.3333,1.0000,0.3000
71.3667,1.0000,0.3000
71.4000,1.0000,0.3000
71.4333,1.0000,0.3000
71.4667,1.0000,0.3000
71.5000,1.0000,0.3000
71.5333,1.0000,0.3000
71.5667,1.0000,0.3000
71.6000,1.0000,0.3000
71.6333,1.0000,0.3000
71.6667,1.0000,0.3000
71.7000,1.0000,0.3000
71.7333,1.0000,0.3000
71.7667,1.0000,0.3000
71.8000,1.0000,0.3000
71.8333,1.0000,0.3000
71.8667,1.0000,0.3000
71.9000,1.0000,0.3000
71.9333,1.0000,0.3000
71.9667,1.0000,0.3000
72.0000,1.0000,0.3000
72.0333,1.0000,0.3000
72.0667,1.0000,0.3000
72.1000,1.0000,0.3000
72.1333,1.0000,0.3000
72.1667,1.0000,0.3000
72.2000,1.0000,0.3000
72.2333,1.0000,0.3000
72.2667,1.0000,0.3000
72.3000,1.0000,0.3000
72.3333,1.0000,0.3000
72.3667,1.0000,0.3000
72.4000,1.0000,0.3000
72.4333,1.0000,0.3000
72.4667,1.0000,0.3000
72.5000,1.0000,0.3000
72.5333,1.0000,0.3000
72.5667,1.0000,0.3000
72.6000,1.0000,0.3000
72.6333,1.0000,0.3000
72.6667,1.0000,0.3000
72.7000,1.0000,0.3000
72.7333,1.0000,0.3000
72.7667,1.0000,0.3000
72.8000,1.0000,0.3000
72.8333,1.0000,0.3000
72.8667,1.0000,0.3000
72.9000,1.0000,0.3000
72.9333,1.0000,0.3000
72.9667,1.0000,0.3000
73.0000,1.0000,0.3000
73.0333,1.0000,0.3000
73.0667,1.0000,0.3000
73.1000,1.0000,0.3000
73.1333,1.0000,0.3000
73.1667,1.0000,0.3000
73.2000,1.0000,0.3000
73.2333,1.0000,0.3000
73.2667,1.0000,0.3000
73.3000,1.0000,0.3000
73.3333,1.0000,0.3000
73.3667,1.0000,0.3000
73.4000,1.0000,0.3000
73.4333,1.0000,0.3000
73.4667,1.0000,0.3000
73.5000,1.0000,0.3000
73.5333,1.0000,0.3000
73.5667,1.0000,0.3000
73.6000,1.0000,0.3000
73.6333,1.0000,0.3000
73.6667,1.0000,0.3000
73.7000,1.0000,0.3000
73.7333,1.0000,0.3000
73.7667,1.0000,0.3000
73.8000,1.0000,0.3000
73.8333,1.0000,0.3000
73.8667,1.0000,0.3000
73.9000,1.0000,0.3000
73.9333,1.0000,0.3000
73.9667,1.0000,0.3000
74.0000,1.0000,0.3000
74.0333,1.0000,0.3000
74.0667,1.0000,0.3000
74.1000,1.0000,0.3000
74.1333,1.0000,0.3000
74.1667,1.0000,0.3000
74.2000,1.0000,0.3000
74.2333,1.0000,0.3000
74.2667,1.0000,0.3000
74.3000,1.0000,0.3000
74.3333,1.0000,0.3000
74.3667,1.0000,0.3000
74.4000,1.0000,0.3000
74.4333,1.0000,0.3000
74.4667,1.0000,0.3000
74.5000,1.0000,0.3000
74.5333,1.0000,0.3000
74.5667,1.0000,0.3000
74.6000,1.0000,0.3000
74.6333,1.0000,0.3000
74.6667,1.0000,0.3000
74.7000,1.0000,0.3000
74.7333,1.0000,0.3000
74.7667,1.0000,0.3000
74.8000,1.0000,0.3000
74.8333,1.0000,0.3000
74.8667,1.0000,0.3000
74.9000,1.0000,0.3000
74.9333,1.0000,0.3000
74.9667,1.0000,0.3000
75.0000,1.0000,0.3000
75.0333,1.0000,0.3000
75.0667,1.0000,0.3000
75.1000,1.0000,0.3000
75.1333,1.0000,0.3000
75.1667,1.0000,0.3000
75.2000,1.0000,0.3000
75.2333,1.0000,0.3000
75.2667,1.0000,0.3000
75.3000,1.0000,0.3000
75.3333,1.0000,0.3000
75.3667,1.0000,0.3000
75.4000,1.0000,0.3000
75.4333,1.0000,0.3000
75.4667,1.0000,0.3000
75.5000,1.0000,0.3000
75.5333,1.0000,0.3000
75.5667,1.0000,0.3000
75.6000,1.0000,0.3000
75.6333,1.0000,0.3000
75.6667,1.0000,0.3000
75.7000,1.0000,0.3000
75.7333,1.0000,0.3000
75.7667,1.0000,0.3000
75.8000,1.0000,0.3000
75.8333,1.0000,0.3000
75.8667,1.0000,0.3000
75.9000,1.0000,0.3000
75.9333,1.0000,0.3000
75.9667,1.0000,0.3000
76.0000,1.0000,0.3000
76.0333,1.0000,0.3000
76.0667,1.0000,0.3000
76.1000,1.0000,0.3000
76.1333,1.0000,0.3000
76.1667,1.0000,0.3000
76.2000,1.0000,0.3000
76.2333,1.0000,0.3000
76.2667,1.0000,0.3000
76.3000,1.0000,0.3000
76.3333,1.0000,0.3000
76.3667,1.0000,0.3000
76.4000,1.0000,0.3000
76.4333,1.0000,0.3000
76.4667,1.0000,0.3000
76.5000,1.0000,0.3000
76.5333,1.0000,0.3000
76.5667,1.0000,0.3000
76.6000,1.0000,0.3000
76.6333,1.0000,0.3000
76.6667,1.0000,0.3000
76.7000,1.0000,0.3000
76.7333,1.0000,0.3000
76.7667,1.0000,0.3000
76.8000,1.0000,0.3000
76.8333,1.0000,0.3000
76.8667,1.0000,0.3000
76.9000,1.0000,0.3000
76.9333,1.0000,0.3000
76.9667,1.0000,0.3000
77.0000,1.0000,0.3000
77.0333,1.0000,0.3000
77.0667,1.0000,0.3000
77.1000,1.0000,0.3000
77.1333,1.0000,0.3000
77.1667,1.0000,0.3000
77.2000,1.0000,0.3000
77.2333,1.0000,0.3000
77.2667,1.0000,0.3000
77.3000,1.0000,0.3000
77.3333,1.0000,0.3000
77.3667,1.0000,0.3000
77.4000,1.0000,0.3000
77.4333,1.0000,0.3000
77.4667,1.0000,0.3000
77.5000,1.0000,0.3000
77.5333,1.0000,0.3000
77.5667,1.0000,0.3000
77.6000,1.0000,0.3000
77.6333,1.0000,0.3000
77.6667,1.0000,0.3000
77.7000,1.0000,0.3000
77.7333,1.0000,0.3000
77.7667,1.0000,0.3000
77.8000,1.0000,0.3000
77.8333,1.0000,0.3000
77.8667,1.0000,0.3000
77.9000,1.0000,0.3000
77.9333,1.0000,0.3000
77.9667,1.0000,0.3000
78.0000,1.0000,0.3000
78.0333,1.0000,0.3000
78.0667,1.0000,0.3000
78.1000,1.0000,0.3000
78.1333,1.0000,0.3000
78.1667,1.0000,0.3000
78.2000,1.0000,0.3000
78.2333,1.0000,0.3000
78.2667,1.0000,0.3000
78.3000,1.0000,0.3000
78.3333,1.0000,0.3000
78.3667,1.0000,0.3000
78.4000,1.0000,0.3000
78.4333,1.0000,0.3000
78.4667,1.0000,0.3000
78.5000,1.0000,0.3000
78.5333,1.0000,0.3000
78.5667,1.0000,0.3000
78.6000,1.0000,0.3000
78.6333,1.0000,0.3000
78.6667,1.0000,0.3000
78.7000,1.0000,0.3000
78.7333,1.0000,0.3000
78.7667,1.0000,0.3000
78.8000,1.0000,0.3000
78.8333,1.0000,0.3000
78.8667,1.0000,0.3000
78.9000,1.0000,0.3000
78.9333,1.0000,0.3000
78.9667,1.0000,0.3000
79.0000,1.0000,0.3000
79.0333,1.0000,0.3000
79.0667,1.0000,0.3000
79.1000,1.0000,0.3000
79.1333,1.0000,0.3000
79.1667,1.0000,0.3000
79.2000,1.0000,0.3000
79.2333,1.0000,0.3000
79.2667,1.0000,0.3000
79.3000,1.0000,0.3000
79.3333,1.0000,0.3000
79.3667,1.0000,0.3000
79.4000,1.0000,0.3000
79.4333,1.0000,0.3000
79.4667,1.0000,0.3000
79.5000,1.0000,0.3000
79.5333,1.0000,0.3000
79.5667,1.0000,0.3000
79.6000,1.0000,0.3000
79.6333,1.0000,0.3000
79.6667,1.0000,0.3000
79.7000,1.0000,0.3000
79.7333,1.0000,0.3000
79.7667,1.0000,0.3000
79.8000,1.0000,0.3000
79.8333,1.0000,0.3000
79.8667,1.0000,0.3000
79.9000,1.0000,0.3000
79.9333,1.0000,0.3000
79.9667,1.0000,0.3000
80.0000,1.0000,0.3000
80.0333,1.0000,0.3000
80.0667,1.0000,0.3000
80.1000,1.0000,0.3000
80.1333,1.0000,0.3000
80.1667,1.0000,0.3000
80.2000,1.0000,0.3000
80.2333,1.0000,0.3000
80.2667,1.0000,0.3000
80.3000,1.0000,0.3000
80.3333,1.0000,0.3000
80.3667,1.0000,0.3000
80.4000,1.0000,0.3000
80.4333,1.0000,0.3000
80.4667,1.0000,0.3000
80.5000,1.0000,0.3000
80.5333,1.0000,0.3000
80.5667,1.0000,0.3000
80.6000,1.0000,0.3000
80.6333,1.0000,0.3000
80.6667,1.0000,0.3000
80.7000,1.0000,0.3000
80.7333,1.0000,0.3000
80.7667,1.0000,0.3000
80.8000,1.0000,0.3000
80.8333,1.0000,0.3000
80.8667,1.0000,0.3000
80.9000,1.0000,0.3000
80.9333,1.0000,0.3000
80.9667,1.0000,0.3000
81.0000,1.0000,0.3000
81.0333,1.0000,0.3000
81.0667,1.0000,0.3000
81.1000,1.0000,0.3000
81.1333,1.0000,0.3000
81.1667,1.0000,0.3000
81.2000,1.0000,0.3000
81.2333,1.0000,0.3000
81.2667,1.0000,0.3000
81.3000,1.0000,0.3000
81.3333,1.0000,0.3000
81.3667,1.0000,0.3000
81.4000,1.0000,0.3000
81.4333,1.0000,0.3000
81.4667,1.0000,0.3000
81.5000,1.0000,0.3000
81.5333,1.0000,0.3000
81.5667,1.0000,0.3000
81.6000,1.0000,0.3000
81.6333,1.0000,0.3000
81.6667,1.0000,0.3000
81.7000,1.0000,0.3000
81.7333,1.0000,0.3000
81.7667,1.0000,0.3000
81.8000,1.0000,0.3000
81.8333,1.0000,0.3000
81.8667,1.0000,0.3000
81.9000,1.0000,0.3000
81.9333,1.0000,0.3000
81.9667,1.0000,0.3000
82.0000,1.0000,0.3000
82.0333,1.0000,0.3000
82.0667,1.0000,0.3000
82.1000,1.0000,0.3000
82.1333,1.0000,0.3000
82.1667,1.0000,0.3000
82.2000,1.0000,0.3000
82.2333,1.0000,0.3000
82.2667,1.0000,0.3000
82.3000,1.0000,0.3000
82.3333,1.0000,0.3000
82.3667,1.0000,0.3000
82.4000,1.0000,0.3000
82.4333,1.0000,0.3000
82.4667,1.0000,0.3000
82.5000,1.0000,0.3000
82.5333,1.0000,0.3000
82.5667,1.0000,0.3000
82.6000,1.0000,0.3000
82.6333,1.0000,0.3000
82.6667,1.0000,0.3000
82.7000,1.0000,0.3000
82.7333,1.0000,0.3000
82.7667,1.0000,0.3000
82.8000,1.0000,0.3000
82.8333,1.0000,0.3000
82.8667,1.0000,0.3000
82.9000,1.0000,0.3000
82.9333,1.0000,0.3000
82.9667,1.0000,0.3000
83.0000,1.0000,0.3000
83.0333,1.0000,0.3000
83.0667,1.0000,0.3000
83.1000,1.0000,0.3000
83.1333,1.0000,0.3000
83.1667,1.0000,0.3000
83.2000,1.0000,0.3000
83.2333,1.0000,0.3000
83.2667,1.0000,0.3000
83.3000,1.0000,0.3000
83.3333,1.0000,0.3000
83.3667,1.0000,0.3000
83.4000,1.0000,0.3000
83.4333,1.0000,0.3000
83.4667,1.0000,0.3000
83.5000,1.0000,0.3000
83.5333,1.0000,0.3000
83.5667,1.0000,0.3000
83.6000,1.0000,0.3000
83.6333,1.0000,0.3000
83.6667,1.0000,0.3000
83.7000,1.0000,0.3000
83.7333,1.0000,0.3000
83.7667,1.0000,0.3000
83.8000,1.0000,0.3000
83.8333,1.0000,0.3000
83.8667,1.0000,0.3000
83.9000,1.0000,0.3000
83.9333,1.0000,0.3000
83.9667,1.0000,0.3000
84.0000,1.0000,0.3000
84.0333,1.0000,0.3000
84.0667,1.0000,0.3000
84.1000,1.0000,0.3000
84.1333,1.0000,0.3000
84.1667,1.0000,0.3000
84.2000,1.0000,0.3000
84.2333,1.0000,0.3000
84.2667,1.0000,0.3000
84.3000,1.0000,0.3000
84.3333,1.0000,0.3000
84.3667,1.0000,0.3000
84.4000,1.0000,0.3000
84.4333,1.0000,0.3000
84.4667,1.0000,0.3000
84.5000,1.0000,0.3000
84.5333,1.0000,0.3000
84.5667,1.0000,0.3000
84.6000,1.0000,0.3000
84.6333,1.0000,0.3000
84.6667,1.0000,0.3000
84.7000,1.0000,0.3000
84.7333,1.0000,0.3000
84.7667,1.0000,0.3000
84.8000,1.0000,0.3000
84.8333,1.0000,0.3000
84.8667,1.0000,0.3000
84.9000,1.0000,0.3000
84.9333,1.0000,0.3000
84.9667,1.0000,0.3000
85.0000,1.0000,0.3000
85.0333,1.0000,0.3000
85.0667,1.0000,0.3000
85.1000,1.0000,0.3000
85.1333,1.0000,0.3000
85.1667,1.0000,0.3000
85.2000,1.0000,0.3000
85.2333,1.0000,0.3000
85.2667,1.0000,0.3000
85.3000,1.0000,0.3000
85.3333,1.0000,0.3000
85.3667,1.0000,0.3000
85.4000,1.0000,0.3000
85.4333,1.0000,0.3000
85.4667,1.0000,0.3000
85.5000,1.0000,0.3000
85.5333,1.0000,0.3000
85.5667,1.0000,0.3000
85.6000,1.0000,0.3000
85.6333,1.0000,0.3000
85.6667,1.0000,0.3000
85.7000,1.0000,0.3000
85.7333,1.0000,0.3000
85.7667,1.0000,0.3000
85.8000,1.0000,0.3000
85.8333,1.0000,0.3000
85.8667,1.0000,0.3000
85.9000,1.0000,0.3000
85.9333,1.0000,0.3000
85.9667,1.0000,0.3000
86.0000,1.0000,0.3000
86.0333,1.0000,0.3000
86.0667,1.0000,0.3000
86.1000,1.0000,0.3000
86.1333,1.0000,0.3000
86.1667,1.0000,0.3000
86.2000,1.0000,0.3000
86.2333,1.0000,0.3000
86.2667,1.0000,0.3000
86.3000,1.0000,0.3000
86.3333,1.0000,0.3000
86.3667,1.0000,0.3000
86.4000,1.0000,0.3000
86.4333,1.0000,0.3000
86.4667,1.0000,0.3000
86.5000,1.0000,0.3000
86.5333,1.0000,0.3000
86.5667,1.0000,0.3000
86.6000,1.0000,0.3000
86.6333,1.0000,0.3000
86.6667,1.0000,0.3000
86.7000,1.0000,0.3000
86.7333,1.0000,0.3000
86.7667,1.0000,0.3000
86.8000,1.0000,0.3000
86.8333,1.0000,0.3000
86.8667,1.0000,0.3000
86.9000,1.0000,0.3000
86.9333,1.0000,0.3000
86.9667,1.0000,0.3000
87.0000,1.0000,0.3000
87.0333,1.0000,0.3000
87.0667,1.0000,0.3000
87.1000,1.0000,0.3000
87.1333,1.0000,0.3000
87.1667,1.0000,0.3000
87.2000,1.0000,0.3000
87.2333,1.0000,0.3000
87.2667,1.0000,0.3000
87.3000,1.0000,0.3000
87.3333,1.0000,0.3000
87.3667,1.0000,0.3000
87.4000,1.0000,0.3000
87.4333,1.0000,0.3000
87.4667,1.0000,0.3000
87.5000,1.0000,0.3000
87.5333,1.0000,0.3000
87.5667,1.0000,0.3000
87.6000,1.0000,0.3000
87.6333,1.0000,0.3000
87.6667,1.0000,0.3000
87.7000,1.0000,0.3000
87.7333,1.0000,0.3000
87.7667,1.0000,0.3000
87.8000,1.0000,0.3000
87.8333,1.0000,0.3000
87.8667,1.0000,0.3000
87.9000,1.0000,0.3000
87.9333,1.0000,0.3000
87.9667,1.0000,0.3000
88.0000,1.0000,0.3000
88.0333,0.9300,0.3700
88.0667,0.8600,0.4400
88.1000,0.7900,0.5100
88.1333,0.7200,0.5800
88.1667,0.6500,0.6500
88.2000,0.5800,0.7200
88.2333,0.5100,0.7900
88.2667,0.4400,0.8600
88.3000,0.3700,0.9300
88.3333,0.3000,1.0000
88.3667,0.3000,1.0000
88.4000,0.3000,1.0000
88.4333,0.3000,1.0000
88.4667,0.3000,1.0000
88.5000,0.3000,1.0000
88.5333,0.3000,1.0000
88.5667,0.3000,1.0000
88.6000,0.3000,1.0000
88.6333,0.3000,1.0000
88.6667,0.3000,1.0000
88.7000,0.3000,1.0000
88.7333,0.3000,1.0000
88.7667,0.3000,1.0000
88.8000,0.3000,1.0000
88.8333,0.3000,1.0000
88.8667,0.3000,1.0000
88.9000,0.3000,1.0000
88.9333,0.3000,1.0000
88.9667,0.3000,1.0000
89.0000,0.3000,1.0000
89.0333,0.3000,1.0000
89.0667,0.3000,1.0000
89.1000,0.3000,1.0000
89.1333,0.3000,1.0000
89.1667,0.3000,1.0000
89.2000,0.3000,1.0000
89.2333,0.3000,1.0000
89.2667,0.3000,1.0000
89.3000,0.3000,1.0000
89.3333,0.3000,1.0000
89.3667,0.3000,1.0000
89.4000,0.3000,1.0000
89.4333,0.3000,1.0000
89.4667,0.3000,1.0000
89.5000,0.3000,1.0000
89.5333,0.3000,1.0000
89.5667,0.3000,1.0000
89.6000,0.3000,1.0000
89.6333,0.3000,1.0000
89.6667,0.3000,1.0000
89.7000,0.3000,1.0000
89.7333,0.3000,1.0000
89.7667,0.3000,1.0000
89.8000,0.3000,1.0000
89.8333,0.3000,1.0000
89.8667,0.3000,1.0000
89.9000,0.3000,1.0000
89.9333,0.3000,1.0000
89.9667,0.3000,1.0000
90.0000,0.3000,1.0000
90.0333,0.3000,1.0000
90.0667,0.3000,1.0000
90.1000,0.3000,1.0000
90.1333,0.3000,1.0000
90.1667,0.3000,1.0000
90.2000,0.3000,1.0000
90.2333,0.3000,1.0000
90.2667,0.3000,1.0000
90.3000,0.3000,1.0000
90.3333,0.3000,1.0000
90.3667,0.3000,1.0000
90.4000,0.3000,1.0000
90.4333,0.3000,1.0000
90.4667,0.3000,1.0000
90.5000,0.3000,1.0000
90.5333,0.3000,1.0000
90.5667,0.3000,1.0000
90.6000,0.3000,1.0000
90.6333,0.3000,1.0000
90.6667,0.3000,1.0000
90.7000,0.3000,1.0000
90.7333,0.3000,1.0000
90.7667,0.3000,1.0000
90.8000,0.3000,1.0000
90.8333,0.3000,1.0000
90.8667,0.3000,1.0000
90.9000,0.3000,1.0000
90.9333,0.3000,1.0000
90.9667,0.3000,1.0000
91.0000,0.3000,1.0000
91.0333,0.3000,1.0000
91.0667,0.3000,1.0000
91.1000,0.3000,1.0000
91.1333,0.3000,1.0000
91.1667,0.3000,1.0000
91.2000,0.3000,1.0000
91.2333,0.3000,1.0000
91.2667,0.3000,1.0000
91.3000,0.3000,1.0000
91.3333,0.3000,1.0000
91.3667,0.3000,1.0000
91.4000,0.3000,1.0000
91.4333,0.3000,1.0000
91.4667,0.3000,1.0000
91.5000,0.3000,1.0000
91.5333,0.3000,1.0000
91.5667,0.3000,1.0000
91.6000,0.3000,1.0000
91.6333,0.3000,1.0000
91.6667,0.3000,1.0000
91.7000,0.3000,1.0000
91.7333,0.3000,1.0000
91.7667,0.3000,1.0000
91.8000,0.3000,1.0000
91.8333,0.3000,1.0000
91.8667,0.3000,1.0000
91.9000,0.3000,1.0000
91.9333,0.3000,1.0000
91.9667,0.3000,1.0000
92.0000,0.3000,1.0000
92.0333,0.3000,1.0000
92.0667,0.3000,1.0000
92.1000,0.3000,1.0000
92.1333,0.3000,1.0000
92.1667,0.3000,1.0000
92.2000,0.3000,1.0000
92.2333,0.3000,1.0000
92.2667,0.3000,1.0000
92.3000,0.3000,1.0000
92.3333,0.3000,1.0000
92.3667,0.3000,1.0000
92.4000,0.3000,1.0000
92.4333,0.3000,1.0000
92.4667,0.3000,1.0000
92.5000,0.3000,1.0000
92.5333,0.3000,1.0000
92.5667,0.3000,1.0000
92.6000,0.3000,1.0000
92.6333,0.3000,1.0000
92.6667,0.3000,1.0000
92.7000,0.3000,1.0000
92.7333,0.3000,1.0000
92.7667,0.3000,1.0000
92.8000,0.3000,1.0000
92.8333,0.3000,1.0000
92.8667,0.3000,1.0000
92.9000,0.3000,1.0000
92.9333,0.3000,1.0000
92.9667,0.3000,1.0000
93.0000,0.3000,1.0000
93.0333,0.3000,1.0000
93.0667,0.3000,1.0000
93.1000,0.3000,1.0000
93.1333,0.3000,1.0000
93.1667,0.3000,1.0000
93.2000,0.3000,1.0000
93.2333,0.3000,1.0000
93.2667,0.3000,1.0000
93.3000,0.3000,1.0000
93.3333,0.3000,1.0000
93.3667,0.3000,1.0000
93.4000,0.3000,1.0000
93.4333,0.3000,1.0000
93.4667,0.3000,1.0000
93.5000,0.3000,1.0000
93.5333,0.3000,1.0000
93.5667,0.3000,1.0000
93.6000,0.3000,1.0000
93.6333,0.3000,1.0000
93.6667,0.3000,1.0000
93.7000,0.3000,1.0000
93.7333,0.3000,1.0000
93.7667,0.3000,1.0000
93.8000,0.3000,1.0000
93.8333,0.3000,1.0000
93.8667,0.3000,1.0000
93.9000,0.3000,1.0000
93.9333,0.3000,1.0000
93.9667,0.3000,1.0000
94.0000,0.3000,1.0000
94.0333,0.3000,1.0000
94.0667,0.3000,1.0000
94.1000,0.3000,1.0000
94.1333,0.3000,1.0000
94.1667,0.3000,1.0000
94.2000,0.3000,1.0000
94.2333,0.3000,1.0000
94.2667,0.3000,1.0000
94.3000,0.3000,1.0000
94.3333,0.3000,1.0000
94.3667,0.3000,1.0000
94.4000,0.3000,1.0000
94.4333,0.3000,1.0000
94.4667,0.3000,1.0000
94.5000,0.3000,1.0000
94.5333,0.3000,1.0000
94.5667,0.3000,1.0000
94.6000,0.3000,1.0000
94.6333,0.3000,1.0000
94.6667,0.3000,1.0000
94.7000,0.3000,1.0000
94.7333,0.3000,1.0000
94.7667,0.3000,1.0000
94.8000,0.3000,1.0000
94.8333,0.3000,1.0000
94.8667,0.3000,1.0000
94.9000,0.3000,1.0000
94.9333,0.3000,1.0000
94.9667,0.3000,1.0000
95.0000,0.3000,1.0000
95.0333,0.3000,1.0000
95.0667,0.3000,1.0000
95.1000,0.3000,1.0000
95.1333,0.3000,1.0000
95.1667,0.3000,1.0000
95.2000,0.3000,1.0000
95.2333,0.3000,1.0000
95.2667,0.3000,1.0000
95.3000,0.3000,1.0000
95.3333,0.3000,1.0000
95.3667,0.3000,1.0000
95.4000,0.3000,1.0000
95.4333,0.3000,1.0000
95.4667,0.3000,1.0000
95.5000,0.3000,1.0000
95.5333,0.3000,1.0000
95.5667,0.3000,1.0000
95.6000,0.3000,1.0000
95.6333,0.3000,1.0000
95.6667,0.3000,1.0000
95.7000,0.3000,1.0000
95.7333,0.3000,1.0000
95.7667,0.3000,1.0000
95.8000,0.3000,1.0000
95.8333,0.3000,1.0000
95.8667,0.3000,1.0000
95.9000,0.3000,1.0000
95.9333,0.3000,1.0000
95.9667,0.3000,1.0000
96.0000,0.3000,1.0000
96.0333,0.3000,1.0000
96.0667,0.3000,1.0000
96.1000,0.3000,1.0000
96.1333,0.3000,1.0000
96.1667,0.3000,1.0000
96.2000,0.3000,1.0000
96.2333,0.3000,1.0000
96.2667,0.3000,1.0000
96.3000,0.3000,1.0000
96.3333,0.3000,1.0000
96.3667,0.3000,1.0000
96.4000,0.3000,1.0000
96.4333,0.3000,1.0000
96.4667,0.3000,1.0000
96.5000,0.3000,1.0000
96.5333,0.3000,1.0000
96.5667,0.3000,1.0000
96.6000,0.3000,1.0000
96.6333,0.3000,1.0000
96.6667,0.3000,1.0000
96.7000,0.3000,1.0000
96.7333,0.3000,1.0000
96.7667,0.3000,1.0000
96.8000,0.3000,1.0000
96.8333,0.3000,1.0000
96.8667,0.3000,1.0000
96.9000,0.3000,1.0000
96.9333,0.3000,1.0000
96.9667,0.3000,1.0000
97.0000,0.3000,1.0000
97.0333,0.3000,1.0000
97.0667,0.3000,1.0000
97.1000,0.3000,1.0000
97.1333,0.3000,1.0000
97.1667,0.3000,1.0000
97.2000,0.3000,1.0000
97.2333,0.3000,1.0000
97.2667,0.3000,1.0000
97.3000,0.3000,1.0000
97.3333,0.3000,1.0000
97.3667,0.3000,1.0000
97.4000,0.3000,1.0000
97.4333,0.3000,1.0000
97.4667,0.3000,1.0000
97.5000,0.3000,1.0000
97.5333,0.3000,1.0000
97.5667,0.3000,1.0000
97.6000,0.3000,1.0000
97.6333,0.3000,1.0000
97.6667,0.3000,1.0000
97.7000,0.3000,1.0000
97.7333,0.3000,1.0000
97.7667,0.3000,1.0000
97.8000,0.3000,1.0000
97.8333,0.3000,1.0000
97.8667,0.3000,1.0000
97.9000,0.3000,1.0000
97.9333,0.3000,1.0000
97.9667,0.3000,1.0000
98.0000,0.3000,1.0000
98.0333,0.3000,1.0000
98.0667,0.3000,1.0000
98.1000,0.3000,1.0000
98.1333,0.3000,1.0000
98.1667,0.3000,1.0000
98.2000,0.3000,1.0000
98.2333,0.3000,1.0000
98.2667,0.3000,1.0000
98.3000,0.3000,1.0000
98.3333,0.3000,1.0000
98.3667,0.3000,1.0000
98.4000,0.3000,1.0000
98.4333,0.3000,1.0000
98.4667,0.3000,1.0000
98.5000,0.3000,1.0000
98.5333,0.3000,1.0000
98.5667,0.3000,1.0000
98.6000,0.3000,1.0000
98.6333,0.3000,1.0000
98.6667,0.3000,1.0000
98.7000,0.3000,1.0000
98.7333,0.3000,1.0000
98.7667,0.3000,1.0000
98.8000,0.3000,1.0000
98.8333,0.3000,1.0000
98.8667,0.3000,1.0000
98.9000,0.3000,1.0000
98.9333,0.3000,1.0000
98.9667,0.3000,1.0000
99.0000,0.3000,1.0000
99.0333,0.3000,1.0000
99.0667,0.3000,1.0000
99.1000,0.3000,1.0000
99.1333,0.3000,1.0000
99.1667,0.3000,1.0000
99.2000,0.3000,1.0000
99.2333,0.3000,1.0000
99.2667,0.3000,1.0000
99.3000,0.3000,1.0000
99.3333,0.3000,1.0000
99.3667,0.3000,1.0000
99.4000,0.3000,1.0000
99.4333,0.3000,1.0000
99.4667,0.3000,1.0000
99.5000,0.3000,1.0000
99.5333,0.3000,1.0000
99.5667,0.3000,1.0000
99.6000,0.3000,1.0000
99.6333,0.3000,1.0000
99.6667,0.3000,1.0000
99.7000,0.3000,1.0000
99.7333,0.3000,1.0000
99.7667,0.3000,1.0000
99.8000,0.3000,1.0000
99.8333,0.3000,1.0000
99.8667,0.3000,1.0000
99.9000,0.3000,1.0000
99.9333,0.3000,1.0000
99.9667,0.3000,1.0000
100.0000,0.3000,1.0000
100.0333,0.3000,1.0000
100.0667,0.3000,1.0000
100.1000,0.3000,1.0000
100.1333,0.3000,1.0000
100.1667,0.3000,1.0000
100.2000,0.3000,1.0000
100.2333,0.3000,1.0000
100.2667,0.3000,1.0000
100.3000,0.3000,1.0000
100.3333,0.3000,1.0000
100.3667,0.3000,1.0000
100.4000,0.3000,1.0000
100.4333,0.3000,1.0000
100.4667,0.3000,1.0000
100.5000,0.3000,1.0000
100.5333,0.3000,1.0000
100.5667,0.3000,1.0000
100.6000,0.3000,1.0000
100.6333,0.3000,1.0000
100.6667,0.3000,1.0000
100.7000,0.3000,1.0000
100.7333,0.3000,1.0000
100.7667,0.3000,1.0000
100.8000,0.3000,1.0000
100.8333,0.3000,1.0000
100.8667,0.3000,1.0000
100.9000,0.3000,1.0000
100.9333,0.3000,1.0000
100.9667,0.3000,1.0000
101.0000,0.3000,1.0000
101.0333,0.3000,1.0000
101.0667,0.3000,1.0000
101.1000,0.3000,1.0000
101.1333,0.3000,1.0000
101.1667,0.3000,1.0000
101.2000,0.3000,1.0000
101.2333,0.3000,1.0000
101.2667,0.3000,1.0000
101.3000,0.3000,1.0000
101.3333,0.3000,1.0000
101.3667,0.3000,1.0000
101.4000,0.3000,1.0000
101.4333,0.3000,1.0000
101.4667,0.3000,1.0000
101.5000,0.3000,1.0000
101.5333,0.3000,1.0000
101.5667,0.3000,1.0000
101.6000,0.3000,1.0000
101.6333,0.3000,1.0000
101.6667,0.3000,1.0000
101.7000,0.3000,1.0000
101.7333,0.3000,1.0000
101.7667,0.3000,1.0000
101.8000,0.3000,1.0000
101.8333,0.3000,1.0000
101.8667,0.3000,1.0000
101.9000,0.3000,1.0000
101.9333,0.3000,1.0000
101.9667,0.3000,1.0000
102.0000,0.3000,1.0000
102.0333,0.3000,1.0000
102.0667,0.3000,1.0000
102.1000,0.3000,1.0000
102.1333,0.3000,1.0000
102.1667,0.3000,1.0000
102.2000,0.3000,1.0000
102.2333,0.3000,1.0000
102.2667,0.3000,1.0000
102.3000,0.3000,1.0000
102.3333,0.3000,1.0000
102.3667,0.3000,1.0000
102.4000,0.3000,1.0000
102.4333,0.3000,1.0000
102.4667,0.3000,1.0000
102.5000,0.3000,1.0000
102.5333,0.3000,1.0000
102.5667,0.3000,1.0000
102.6000,0.3000,1.0000
102.6333,0.3000,1.0000
102.6667,0.3000,1.0000
102.7000,0.3000,1.0000
102.7333,0.3000,1.0000
102.7667,0.3000,1.0000
102.8000,0.3000,1.0000
102.8333,0.3000,1.0000
102.8667,0.3000,1.0000
102.9000,0.3000,1.0000
102.9333,0.3000,1.0000
102.9667,0.3000,1.0000
103.0000,0.3000,1.0000
103.0333,0.3000,1.0000
103.0667,0.3000,1.0000
103.1000,0.3000,1.0000
103.1333,0.3000,1.0000
103.1667,0.3000,1.0000
103.2000,0.3000,1.0000
103.2333,0.3000,1.0000
103.2667,0.3000,1.0000
103.3000,0.3000,1.0000
103.3333,0.3000,1.0000
103.3667,0.3000,1.0000
103.4000,0.3000,1.0000
103.4333,0.3000,1.0000
103.4667,0.3000,1.0000
103.5000,0.3000,1.0000
103.5333,0.3000,1.0000
103.5667,0.3000,1.0000
103.6000,0.3000,1.0000
103.6333,0.3000,1.0000
103.6667,0.3000,1.0000
103.7000,0.3000,1.0000
103.7333,0.3000,1.0000
103.7667,0.3000,1.0000
103.8000,0.3000,1.0000
103.8333,0.3000,1.0000
103.8667,0.3000,1.0000
103.9000,0.3000,1.0000
103.9333,0.3000,1.0000
103.9667,0.3000,1.0000
104.0000,0.3000,1.0000
104.0333,0.3000,1.0000
104.0667,0.3000,1.0000
104.1000,0.3000,1.0000
104.1333,0.3000,1.0000
104.1667,0.3000,1.0000
104.2000,0.3000,1.0000
104.2333,0.3000,1.0000
104.2667,0.3000,1.0000
104.3000,0.3000,1.0000
104.3333,0.3000,1.0000
104.3667,0.3000,1.0000
104.4000,0.3000,1.0000
104.4333,0.3000,1.0000
104.4667,0.3000,1.0000
104.5000,0.3000,1.0000
104.5333,0.3000,1.0000
104.5667,0.3000,1.0000
104.6000,0.3000,1.0000
104.6333,0.3000,1.0000
104.6667,0.3000,1.0000
104.7000,0.3000,1.0000
104.7333,0.3000,1.0000
104.7667,0.3000,1.0000
104.8000,0.3000,1.0000
104.8333,0.3000,1.0000
104.8667,0.3000,1.0000
104.9000,0.3000,1.0000
104.9333,0.3000,1.0000
104.9667,0.3000,1.0000
105.0000,0.3000,1.0000
105.0333,0.3000,1.0000
105.0667,0.3000,1.0000
105.1000,0.3000,1.0000
105.1333,0.3000,1.0000
105.1667,0.3000,1.0000
105.2000,0.3000,1.0000
105.2333,0.3000,1.0000
105.2667,0.3000,1.0000
105.3000,0.3000,1.0000
105.3333,0.3000,1.0000
105.3667,0.3000,1.0000
105.4000,0.3000,1.0000
105.4333,0.3000,1.0000
105.4667,0.3000,1.0000
105.5000,0.3000,1.0000
105.5333,0.3000,1.0000
105.5667,0.3000,1.0000
105.6000,0.3000,1.0000
105.6333,0.3000,1.0000
105.6667,0.3000,1.0000
105.7000,0.3000,1.0000
105.7333,0.3000,1.0000
105.7667,0.3000,1.0000
105.8000,0.3000,1.0000
105.8333,0.3000,1.0000
105.8667,0.3000,1.0000
105.9000,0.3000,1.0000
105.9333,0.3000,1.0000
105.9667,0.3000,1.0000
106.0000,0.3000,1.0000
106.0333,0.3000,1.0000
106.0667,0.3000,1.0000
106.1000,0.3000,1.0000
106.1333,0.3000,1.0000
106.1667,0.3000,1.0000
106.2000,0.3000,1.0000
106.2333,0.3000,1.0000
106.2667,0.3000,1.0000
106.3000,0.3000,1.0000
106.3333,0.3000,1.0000
106.3667,0.3700,0.9150
106.4000,0.4400,0.8300
106.4333,0.5100,0.7450
106.4667,0.5800,0.6600
106.5000,0.6500,0.5750
106.5333,0.7200,0.4900
106.5667,0.7900,0.4050
106.6000,0.8600,0.3200
106.6333,0.9300,0.2350
106.6667,1.0000,0.1500
106.7000,1.0000,0.1500
106.7333,1.0000,0.1500
106.7667,1.0000,0.1500
106.8000,1.0000,0.1500
106.8333,1.0000,0.1500
106.8667,1.0000,0.1500
106.9000,1.0000,0.1500
106.9333,1.0000,0.1500
106.9667,1.0000,0.1500
107.0000,1.0000,0.1500
107.0333,1.0000,0.1500
107.0667,1.0000,0.1500
107.1000,1.0000,0.1500
107.1333,1.0000,0.1500
107.1667,1.0000,0.1500
107.2000,1.0000,0.1500
107.2333,1.0000,0.1500
107.2667,1.0000,0.1500
107.3000,1.0000,0.1500
107.3333,1.0000,0.1500
107.3667,1.0000,0.1500
107.4000,1.0000,0.1500
107.4333,1.0000,0.1500
107.4667,1.0000,0.1500
107.5000,1.0000,0.1500
107.5333,1.0000,0.1500
107.5667,1.0000,0.1500
107.6000,1.0000,0.1500
107.6333,1.0000,0.1500
107.6667,1.0000,0.1500
107.7000,1.0000,0.1500
107.7333,1.0000,0.1500
107.7667,1.0000,0.1500
107.8000,1.0000,0.1500
107.8333,1.0000,0.1500
107.8667,1.0000,0.1500
107.9000,1.0000,0.1500
107.9333,1.0000,0.1500
107.9667,1.0000,0.1500
108.0000,1.0000,0.1500
108.0333,1.0000,0.1500
108.0667,1.0000,0.1500
108.1000,1.0000,0.1500
108.1333,1.0000,0.1500
108.1667,1.0000,0.1500
108.2000,1.0000,0.1500
108.2333,1.0000,0.1500
108.2667,1.0000,0.1500
108.3000,1.0000,0.1500
108.3333,1.0000,0.1500
108.3667,1.0000,0.1500
108.4000,1.0000,0.1500
108.4333,1.0000,0.1500
108.4667,1.0000,0.1500
108.5000,1.0000,0.1500
108.5333,1.0000,0.1500
108.5667,1.0000,0.1500
108.6000,1.0000,0.1500
108.6333,1.0000,0.1500
108.6667,1.0000,0.1500
108.7000,1.0000,0.1500
108.7333,1.0000,0.1500
108.7667,1.0000,0.1500
108.8000,1.0000,0.1500
108.8333,1.0000,0.1500
108.8667,1.0000,0.1500
108.9000,1.0000,0.1500
108.9333,1.0000,0.1500
108.9667,1.0000,0.1500
109.0000,1.0000,0.1500
109.0333,1.0000,0.1500
109.0667,1.0000,0.1500
109.1000,1.0000,0.1500
109.1333,1.0000,0.1500
109.1667,1.0000,0.1500
109.2000,1.0000,0.1500
109.2333,1.0000,0.1500
109.2667,1.0000,0.1500
109.3000,1.0000,0.1500
109.3333,1.0000,0.1500
109.3667,1.0000,0.1500
109.4000,1.0000,0.1500
109.4333,1.0000,0.1500
109.4667,1.0000,0.1500
109.5000,1.0000,0.1500
109.5333,1.0000,0.1500
109.5667,1.0000,0.1500
109.6000,1.0000,0.1500
109.6333,1.0000,0.1500
109.6667,1.0000,0.1500
109.7000,1.0000,0.1500
109.7333,1.0000,0.1500
109.7667,1.0000,0.1500
109.8000,1.0000,0.1500
109.8333,1.0000,0.1500
109.8667,1.0000,0.1500
109.9000,1.0000,0.1500
109.9333,1.0000,0.1500
109.9667,1.0000,0.1500
110.0000,1.0000,0.1500
110.0333,1.0000,0.1500
110.0667,1.0000,0.1500
110.1000,1.0000,0.1500
110.1333,1.0000,0.1500
110.1667,1.0000,0.1500
110.2000,1.0000,0.1500
110.2333,1.0000,0.1500
110.2667,1.0000,0.1500
110.3000,1.0000,0.1500
110.3333,1.0000,0.1500
110.3667,1.0000,0.1500
110.4000,1.0000,0.1500
110.4333,1.0000,0.1500
110.4667,1.0000,0.1500
110.5000,1.0000,0.1500
110.5333,1.0000,0.1500
110.5667,1.0000,0.1500
110.6000,1.0000,0.1500
110.6333,1.0000,0.1500
110.6667,1.0000,0.1500
110.7000,1.0000,0.1500
110.7333,1.0000,0.1500
110.7667,1.0000,0.1500
110.8000,1.0000,0.1500
110.8333,1.0000,0.1500
110.8667,1.0000,0.1500
110.9000,1.0000,0.1500
110.9333,1.0000,0.1500
110.9667,1.0000,0.1500
111.0000,1.0000,0.1500
111.0333,1.0000,0.1500
111.0667,1.0000,0.1500
111.1000,1.0000,0.1500
111.1333,1.0000,0.1500
111.1667,1.0000,0.1500
111.2000,1.0000,0.1500
111.2333,1.0000,0.1500
111.2667,1.0000,0.1500
111.3000,1.0000,0.1500
111.3333,1.0000,0.1500
111.3667,1.0000,0.1500
111.4000,1.0000,0.1500
111.4333,1.0000,0.1500
111.4667,1.0000,0.1500
111.5000,1.0000,0.1500
111.5333,1.0000,0.1500
111.5667,1.0000,0.1500
111.6000,1.0000,0.1500
111.6333,1.0000,0.1500
111.6667,1.0000,0.1500
111.7000,1.0000,0.1500
111.7333,1.0000,0.1500
111.7667,1.0000,0.1500
111.8000,1.0000,0.1500
111.8333,1.0000,0.1500
111.8667,1.0000,0.1500
111.9000,1.0000,0.1500
111.9333,1.0000,0.1500
111.9667,1.0000,0.1500
112.0000,1.0000,0.1500
112.0333,1.0000,0.1500
112.0667,1.0000,0.1500
112.1000,1.0000,0.1500
112.1333,1.0000,0.1500
112.1667,1.0000,0.1500
112.2000,1.0000,0.1500
112.2333,1.0000,0.1500
112.2667,1.0000,0.1500
112.3000,1.0000,0.1500
112.3333,1.0000,0.1500
112.3667,1.0000,0.1500
112.4000,1.0000,0.1500
112.4333,1.0000,0.1500
112.4667,1.0000,0.1500
112.5000,1.0000,0.1500
112.5333,1.0000,0.1500
112.5667,1.0000,0.1500
112.6000,1.0000,0.1500
112.6333,1.0000,0.1500
112.6667,1.0000,0.1500
112.7000,1.0000,0.1500
112.7333,1.0000,0.1500
112.7667,1.0000,0.1500
112.8000,1.0000,0.1500
112.8333,1.0000,0.1500
112.8667,1.0000,0.1500
112.9000,1.0000,0.1500
112.9333,1.0000,0.1500
112.9667,1.0000,0.1500
113.0000,1.0000,0.1500
113.0333,1.0000,0.1500
113.0667,1.0000,0.1500
113.1000,1.0000,0.1500
113.1333,1.0000,0.1500
113.1667,1.0000,0.1500
113.2000,1.0000,0.1500
113.2333,1.0000,0.1500
113.2667,1.0000,0.1500
113.3000,1.0000,0.1500
113.3333,1.0000,0.1500
113.3667,1.0000,0.1500
113.4000,1.0000,0.1500
113.4333,1.0000,0.1500
113.4667,1.0000,0.1500
113.5000,1.0000,0.1500
113.5333,1.0000,0.1500
113.5667,1.0000,0.1500
113.6000,1.0000,0.1500
113.6333,1.0000,0.1500
113.6667,1.0000,0.1500
113.7000,1.0000,0.1500
113.7333,1.0000,0.1500
113.7667,1.0000,0.1500
113.8000,1.0000,0.1500
113.8333,1.0000,0.1500
113.8667,1.0000,0.1500
113.9000,1.0000,0.1500
113.9333,1.0000,0.1500
113.9667,1.0000,0.1500
114.0000,1.0000,0.1500
114.0333,1.0000,0.1500
114.0667,1.0000,0.1500
114.1000,1.0000,0.1500
114.1333,1.0000,0.1500
114.1667,1.0000,0.1500
114.2000,1.0000,0.1500
114.2333,1.0000,0.1500
114.2667,1.0000,0.1500
114.3000,1.0000,0.1500
114.3333,1.0000,0.1500
114.3667,1.0000,0.1500
114.4000,1.0000,0.1500
114.4333,1.0000,0.1500
114.4667,1.0000,0.1500
114.5000,1.0000,0.1500
114.5333,1.0000,0.1500
114.5667,1.0000,0.1500
114.6000,1.0000,0.1500
114.6333,1.0000,0.1500
114.6667,1.0000,0.1500
114.7000,1.0000,0.1500
114.7333,1.0000,0.1500
114.7667,1.0000,0.1500
114.8000,1.0000,0.1500
114.8333,1.0000,0.1500
114.8667,1.0000,0.1500
114.9000,1.0000,0.1500
114.9333,1.0000,0.1500
114.9667,1.0000,0.1500
115.0000,1.0000,0.1500
115.0333,1.0000,0.1500
115.0667,1.0000,0.1500
115.1000,1.0000,0.1500
115.1333,1.0000,0.1500
115.1667,1.0000,0.1500
115.2000,1.0000,0.1500
115.2333,1.0000,0.1500
115.2667,1.0000,0.1500
115.3000,1.0000,0.1500
115.3333,1.0000,0.1500
115.3667,1.0000,0.1500
115.4000,1.0000,0.1500
115.4333,1.0000,0.1500
115.4667,1.0000,0.1500
115.5000,1.0000,0.1500
115.5333,1.0000,0.1500
115.5667,1.0000,0.1500
115.6000,1.0000,0.1500
115.6333,1.0000,0.1500
115.6667,1.0000,0.1500
115.7000,1.0000,0.1500
115.7333,1.0000,0.1500
115.7667,1.0000,0.1500
115.8000,1.0000,0.1500
115.8333,1.0000,0.1500
115.8667,1.0000,0.1500
115.9000,1.0000,0.1500
115.9333,1.0000,0.1500
115.9667,1.0000,0.1500
116.0000,1.0000,0.1500
116.0333,1.0000,0.1500
116.0667,1.0000,0.1500
116.1000,1.0000,0.1500
116.1333,1.0000,0.1500
116.1667,1.0000,0.1500
116.2000,1.0000,0.1500
116.2333,1.0000,0.1500
116.2667,1.0000,0.1500
116.3000,1.0000,0.1500
116.3333,1.0000,0.1500
116.3667,1.0000,0.1500
116.4000,1.0000,0.1500
116.4333,1.0000,0.1500
116.4667,1.0000,0.1500
116.5000,1.0000,0.1500
116.5333,1.0000,0.1500
116.5667,1.0000,0.1500
116.6000,1.0000,0.1500
116.6333,1.0000,0.1500
116.6667,1.0000,0.1500
116.7000,1.0000,0.1500
116.7333,1.0000,0.1500
116.7667,1.0000,0.1500
116.8000,1.0000,0.1500
116.8333,1.0000,0.1500
116.8667,1.0000,0.1500
116.9000,1.0000,0.1500
116.9333,1.0000,0.1500
116.9667,1.0000,0.1500
117.0000,1.0000,0.1500
117.0333,1.0000,0.1500
117.0667,1.0000,0.1500
117.1000,1.0000,0.1500
117.1333,1.0000,0.1500
117.1667,1.0000,0.1500
117.2000,1.0000,0.1500
117.2333,1.0000,0.1500
117.2667,1.0000,0.1500
117.3000,1.0000,0.1500
117.3333,1.0000,0.1500
117.3667,1.0000,0.1500
117.4000,1.0000,0.1500
117.4333,1.0000,0.1500
117.4667,1.0000,0.1500
117.5000,1.0000,0.1500
117.5333,1.0000,0.1500
117.5667,1.0000,0.1500
117.6000,1.0000,0.1500
117.6333,1.0000,0.1500
117.6667,1.0000,0.1500
117.7000,1.0000,0.1500
117.7333,1.0000,0.1500
117.7667,1.0000,0.1500
117.8000,1.0000,0.1500
117.8333,1.0000,0.1500
117.8667,1.0000,0.1500
117.9000,1.0000,0.1500
117.9333,1.0000,0.1500
117.9667,1.0000,0.1500
118.0000,1.0000,0.1500
118.0333,1.0000,0.1500
118.0667,1.0000,0.1500
118.1000,1.0000,0.1500
118.1333,1.0000,0.1500
118.1667,1.0000,0.1500
118.2000,1.0000,0.1500
118.2333,1.0000,0.1500
118.2667,1.0000,0.1500
118.3000,1.0000,0.1500
118.3333,1.0000,0.1500
118.3667,1.0000,0.1500
118.4000,1.0000,0.1500
118.4333,1.0000,0.1500
118.4667,1.0000,0.1500
118.5000,1.0000,0.1500
118.5333,1.0000,0.1500
118.5667,1.0000,0.1500
118.6000,1.0000,0.1500
118.6333,1.0000,0.1500
118.6667,1.0000,0.1500
118.7000,1.0000,0.1500
118.7333,1.0000,0.1500
118.7667,1.0000,0.1500
118.8000,1.0000,0.1500
118.8333,1.0000,0.1500
118.8667,1.0000,0.1500
118.9000,1.0000,0.1500
118.9333,1.0000,0.1500
118.9667,1.0000,0.1500
119.0000,1.0000,0.1500
119.0333,1.0000,0.1500
119.0667,1.0000,0.1500
119.1000,1.0000,0.1500
119.1333,1.0000,0.1500
119.1667,1.0000,0.1500
119.2000,1.0000,0.1500
119.2333,1.0000,0.1500
119.2667,1.0000,0.1500
119.3000,1.0000,0.1500
119.3333,1.0000,0.1500
119.3667,1.0000,0.1500
119.4000,1.0000,0.1500
119.4333,1.0000,0.1500
119.4667,1.0000,0.1500
119.5000,1.0000,0.1500
119.5333,1.0000,0.1500
119.5667,1.0000,0.1500
119.6000,1.0000,0.1500
119.6333,1.0000,0.1500
119.6667,1.0000,0.1500
119.7000,1.0000,0.1500
119.7333,1.0000,0.1500
119.7667,1.0000,0.1500
119.8000,1.0000,0.1500
119.8333,1.0000,0.1500
119.8667,1.0000,0.1500
119.9000,1.0000,0.1500
119.9333,1.0000,0.1500
119.9667,1.0000,0.1500
120.0000,1.0000,0.1500
120.0333,1.0000,0.1500
120.0667,1.0000,0.1500
120.1000,1.0000,0.1500
120.1333,1.0000,0.1500
120.1667,1.0000,0.1500
120.2000,1.0000,0.1500
120.2333,1.0000,0.1500
120.2667,1.0000,0.1500
120.3000,1.0000,0.1500
120.3333,1.0000,0.1500
120.3667,1.0000,0.1500
120.4000,1.0000,0.1500
120.4333,1.0000,0.1500
120.4667,1.0000,0.1500
120.5000,1.0000,0.1500
120.5333,1.0000,0.1500
120.5667,1.0000,0.1500
120.6000,1.0000,0.1500
120.6333,1.0000,0.1500
120.6667,1.0000,0.1500
120.7000,1.0000,0.1500
120.7333,1.0000,0.1500
120.7667,1.0000,0.1500
120.8000,1.0000,0.1500
120.8333,1.0000,0.1500
120.8667,1.0000,0.1500
120.9000,1.0000,0.1500
120.9333,1.0000,0.1500
120.9667,1.0000,0.1500
121.0000,1.0000,0.1500
121.0333,1.0000,0.1500
121.0667,1.0000,0.1500
121.1000,1.0000,0.1500
121.1333,1.0000,0.1500
121.1667,1.0000,0.1500
121.2000,1.0000,0.1500
121.2333,1.0000,0.1500
121.2667,1.0000,0.1500
121.3000,1.0000,0.1500
121.3333,1.0000,0.1500
121.3667,1.0000,0.1500
121.4000,1.0000,0.1500
121.4333,1.0000,0.1500
121.4667,1.0000,0.1500
121.5000,1.0000,0.1500
121.5333,1.0000,0.1500
121.5667,1.0000,0.1500
121.6000,1.0000,0.1500
121.6333,1.0000,0.1500
121.6667,1.0000,0.1500
121.7000,0.9150,0.2350
121.7333,0.8300,0.3200
121.7667,0.7450,0.4050
121.8000,0.6600,0.4900
121.8333,0.5750,0.5750
121.8667,0.4900,0.6600
121.9000,0.4050,0.7450
121.9333,0.3200,0.8300
121.9667,0.2350,0.9150
122.0000,0.1500,1.0000
122.0333,0.1500,1.0000
122.0667,0.1500,1.0000
122.1000,0.1500,1.0000
122.1333,0.1500,1.0000
122.1667,0.1500,1.0000
122.2000,0.1500,1.0000
122.2333,0.1500,1.0000
122.2667,0.1500,1.0000
122.3000,0.1500,1.0000
122.3333,0.1500,1.0000
122.3667,0.1500,1.0000
122.4000,0.1500,1.0000
122.4333,0.1500,1.0000
122.4667,0.1500,1.0000
122.5000,0.1500,1.0000
122.5333,0.1500,1.0000
122.5667,0.1500,1.0000
122.6000,0.1500,1.0000
122.6333,0.1500,1.0000
122.6667,0.1500,1.0000
122.7000,0.1500,1.0000
122.7333,0.1500,1.0000
122.7667,0.1500,1.0000
122.8000,0.1500,1.0000
122.8333,0.1500,1.0000
122.8667,0.1500,1.0000
122.9000,0.1500,1.0000
122.9333,0.1500,1.0000
122.9667,0.1500,1.0000
123.0000,0.1500,1.0000
123.0333,0.1500,1.0000
123.0667,0.1500,1.0000
123.1000,0.1500,1.0000
123.1333,0.1500,1.0000
123.1667,0.1500,1.0000
123.2000,0.1500,1.0000
123.2333,0.1500,1.0000
123.2667,0.1500,1.0000
123.3000,0.1500,1.0000
123.3333,0.1500,1.0000
123.3667,0.1500,1.0000
123.4000,0.1500,1.0000
123.4333,0.1500,1.0000
123.4667,0.1500,1.0000
123.5000,0.1500,1.0000
123.5333,0.1500,1.0000
123.5667,0.1500,1.0000
123.6000,0.1500,1.0000
123.6333,0.1500,1.0000
123.6667,0.1500,1.0000
123.7000,0.1500,1.0000
123.7333,0.1500,1.0000
123.7667,0.1500,1.0000
123.8000,0.1500,1.0000
123.8333,0.1500,1.0000
123.8667,0.1500,1.0000
123.9000,0.1500,1.0000
123.9333,0.1500,1.0000
123.9667,0.1500,1.0000
124.0000,0.1500,1.0000
124.0333,0.1500,1.0000
124.0667,0.1500,1.0000
124.1000,0.1500,1.0000
124.1333,0.1500,1.0000
124.1667,0.1500,1.0000
124.2000,0.1500,1.0000
124.2333,0.1500,1.0000
124.2667,0.1500,1.0000
124.3000,0.1500,1.0000
124.3333,0.1500,1.0000
124.3667,0.1500,1.0000
124.4000,0.1500,1.0000
124.4333,0.1500,1.0000
124.4667,0.1500,1.0000
124.5000,0.1500,1.0000
124.5333,0.1500,1.0000
124.5667,0.1500,1.0000
124.6000,0.1500,1.0000
124.6333,0.1500,1.0000
124.6667,0.1500,1.0000
124.7000,0.1500,1.0000
124.7333,0.1500,1.0000
124.7667,0.1500,1.0000
124.8000,0.1500,1.0000
124.8333,0.1500,1.0000
124.8667,0.1500,1.0000
124.9000,0.1500,1.0000
124.9333,0.1500,1.0000
124.9667,0.1500,1.0000
125.0000,0.1500,1.0000
125.0333,0.1500,1.0000
125.0667,0.1500,1.0000
125.1000,0.1500,1.0000
125.1333,0.1500,1.0000
125.1667,0.1500,1.0000
125.2000,0.1500,1.0000
125.2333,0.1500,1.0000
125.2667,0.1500,1.0000
125.3000,0.1500,1.0000
125.3333,0.1500,1.0000
125.3667,0.1500,1.0000
125.4000,0.1500,1.0000
125.4333,0.1500,1.0000
125.4667,0.1500,1.0000
125.5000,0.1500,1.0000
125.5333,0.1500,1.0000
125.5667,0.1500,1.0000
125.6000,0.1500,1.0000
125.6333,0.1500,1.0000
125.6667,0.1500,1.0000
125.7000,0.1500,1.0000
125.7333,0.1500,1.0000
125.7667,0.1500,1.0000
125.8000,0.1500,1.0000
125.8333,0.1500,1.0000
125.8667,0.1500,1.0000
125.9000,0.1500,1.0000
125.9333,0.1500,1.0000
125.9667,0.1500,1.0000
126.0000,0.1500,1.0000
126.0333,0.1500,1.0000
126.0667,0.1500,1.0000
126.1000,0.1500,1.0000
126.1333,0.1500,1.0000
126.1667,0.1500,1.0000
126.2000,0.1500,1.0000
126.2333,0.1500,1.0000
126.2667,0.1500,1.0000
126.3000,0.1500,1.0000
126.3333,0.1500,1.0000
126.3667,0.1500,1.0000
126.4000,0.1500,1.0000
126.4333,0.1500,1.0000
126.4667,0.1500,1.0000
126.5000,0.1500,1.0000
126.5333,0.1500,1.0000
126.5667,0.1500,1.0000
126.6000,0.1500,1.0000
126.6333,0.1500,1.0000
126.6667,0.1500,1.0000
126.7000,0.1500,1.0000
126.7333,0.1500,1.0000
126.7667,0.1500,1.0000
126.8000,0.1500,1.0000
126.8333,0.1500,1.0000
126.8667,0.1500,1.0000
126.9000,0.1500,1.0000
126.9333,0.1500,1.0000
126.9667,0.1500,1.0000
127.0000,0.1500,1.0000
127.0333,0.1500,1.0000
127.0667,0.1500,1.0000
127.1000,0.1500,1.0000
127.1333,0.1500,1.0000
127.1667,0.1500,1.0000
127.2000,0.1500,1.0000
127.2333,0.1500,1.0000
127.2667,0.1500,1.0000
127.3000,0.1500,1.0000
127.3333,0.1500,1.0000
127.3667,0.1500,1.0000
127.4000,0.1500,1.0000
127.4333,0.1500,1.0000
127.4667,0.1500,1.0000
127.5000,0.1500,1.0000
127.5333,0.1500,1.0000
127.5667,0.1500,1.0000
127.6000,0.1500,1.0000
127.6333,0.1500,1.0000
127.6667,0.1500,1.0000
127.7000,0.1500,1.0000
127.7333,0.1500,1.0000
127.7667,0.1500,1.0000
127.8000,0.1500,1.0000
127.8333,0.1500,1.0000
127.8667,0.1500,1.0000
127.9000,0.1500,1.0000
127.9333,0.1500,1.0000
127.9667,0.1500,1.0000
128.0000,0.1500,1.0000
128.0333,0.1500,1.0000
128.0667,0.1500,1.0000
128.1000,0.1500,1.0000
128.1333,0.1500,1.0000
128.1667,0.1500,1.0000
128.2000,0.1500,1.0000
128.2333,0.1500,1.0000
128.2667,0.1500,1.0000
128.3000,0.1500,1.0000
128.3333,0.1500,1.0000
128.3667,0.1500,1.0000
128.4000,0.1500,1.0000
128.4333,0.1500,1.0000
128.4667,0.1500,1.0000
128.5000,0.1500,1.0000
128.5333,0.1500,1.0000
128.5667,0.1500,1.0000
128.6000,0.1500,1.0000
128.6333,0.1500,1.0000
128.6667,0.1500,1.0000
128.7000,0.1500,1.0000
128.7333,0.1500,1.0000
128.7667,0.1500,1.0000
128.8000,0.1500,1.0000
128.8333,0.1500,1.0000
128.8667,0.1500,1.0000
128.9000,0.1500,1.0000
128.9333,0.1500,1.0000
128.9667,0.1500,1.0000
129.0000,0.1500,1.0000
129.0333,0.1500,1.0000
129.0667,0.1500,1.0000
129.1000,0.1500,1.0000
129.1333,0.1500,1.0000
129.1667,0.1500,1.0000
129.2000,0.1500,1.0000
129.2333,0.1500,1.0000
129.2667,0.1500,1.0000
129.3000,0.1500,1.0000
129.3333,0.1500,1.0000
129.3667,0.1500,1.0000
129.4000,0.1500,1.0000
129.4333,0.1500,1.0000
129.4667,0.1500,1.0000
129.5000,0.1500,1.0000
129.5333,0.1500,1.0000
129.5667,0.1500,1.0000
129.6000,0.1500,1.0000
129.6333,0.1500,1.0000
129.6667,0.1500,1.0000
129.7000,0.1500,1.0000
129.7333,0.1500,1.0000
129.7667,0.1500,1.0000
129.8000,0.1500,1.0000
129.8333,0.1500,1.0000
129.8667,0.1500,1.0000
129.9000,0.1500,1.0000
129.9333,0.1500,1.0000
129.9667,0.1500,1.0000
130.0000,0.1500,1.0000
130.0333,0.1500,1.0000
130.0667,0.1500,1.0000
130.1000,0.1500,1.0000
130.1333,0.1500,1.0000
130.1667,0.1500,1.0000
130.2000,0.1500,1.0000
130.2333,0.1500,1.0000
130.2667,0.1500,1.0000
130.3000,0.1500,1.0000
130.3333,0.1500,1.0000
130.3667,0.1500,1.0000
130.4000,0.1500,1.0000
130.4333,0.1500,1.0000
130.4667,0.1500,1.0000
130.5000,0.1500,1.0000
130.5333,0.1500,1.0000
130.5667,0.1500,1.0000
130.6000,0.1500,1.0000
130.6333,0.1500,1.0000
130.6667,0.1500,1.0000
130.7000,0.1500,1.0000
130.7333,0.1500,1.0000
130.7667,0.1500,1.0000
130.8000,0.1500,1.0000
130.8333,0.1500,1.0000
130.8667,0.1500,1.0000
130.9000,0.1500,1.0000
130.9333,0.1500,1.0000
130.9667,0.1500,1.0000
131.0000,0.1500,1.0000
131.0333,0.1500,1.0000
131.0667,0.1500,1.0000
131.1000,0.1500,1.0000
131.1333,0.1500,1.0000
131.1667,0.1500,1.0000
131.2000,0.1500,1.0000
131.2333,0.1500,1.0000
131.2667,0.1500,1.0000
131.3000,0.1500,1.0000
131.3333,0.1500,1.0000
131.3667,0.1500,1.0000
131.4000,0.1500,1.0000
131.4333,0.1500,1.0000
131.4667,0.1500,1.0000
131.5000,0.1500,1.0000
131.5333,0.1500,1.0000
131.5667,0.1500,1.0000
131.6000,0.1500,1.0000
131.6333,0.1500,1.0000
131.6667,0.1500,1.0000
131.7000,0.1500,1.0000
131.7333,0.1500,1.0000
131.7667,0.1500,1.0000
131.8000,0.1500,1.0000
131.8333,0.1500,1.0000
131.8667,0.1500,1.0000
131.9000,0.1500,1.0000
131.9333,0.1500,1.0000
131.9667,0.1500,1.0000
132.0000,0.1500,1.0000
132.0333,0.1500,1.0000
132.0667,0.1500,1.0000
132.1000,0.1500,1.0000
132.1333,0.1500,1.0000
132.1667,0.1500,1.0000
132.2000,0.1500,1.0000
132.2333,0.1500,1.0000
132.2667,0.1500,1.0000
132.3000,0.1500,1.0000
132.3333,0.1500,1.0000
132.3667,0.1500,1.0000
132.4000,0.1500,1.0000
132.4333,0.1500,1.0000
132.4667,0.1500,1.0000
132.5000,0.1500,1.0000
132.5333,0.1500,1.0000
132.5667,0.1500,1.0000
132.6000,0.1500,1.0000
132.6333,0.1500,1.0000
132.6667,0.1500,1.0000
132.7000,0.1500,1.0000
132.7333,0.1500,1.0000
132.7667,0.1500,1.0000
132.8000,0.1500,1.0000
132.8333,0.1500,1.0000
132.8667,0.1500,1.0000
132.9000,0.1500,1.0000
132.9333,0.1500,1.0000
132.9667,0.1500,1.0000
133.0000,0.1500,1.0000
133.0333,0.1500,1.0000
133.0667,0.1500,1.0000
133.1000,0.1500,1.0000
133.1333,0.1500,1.0000
133.1667,0.1500,1.0000
133.2000,0.1500,1.0000
133.2333,0.1500,1.0000
133.2667,0.1500,1.0000
133.3000,0.1500,1.0000
133.3333,0.1500,1.0000
133.3667,0.1500,1.0000
133.4000,0.1500,1.0000
133.4333,0.1500,1.0000
133.4667,0.1500,1.0000
133.5000,0.1500,1.0000
133.5333,0.1500,1.0000
133.5667,0.1500,1.0000
133.6000,0.1500,1.0000
133.6333,0.1500,1.0000
133.6667,0.1500,1.0000
133.7000,0.1500,1.0000
133.7333,0.1500,1.0000
133.7667,0.1500,1.0000
133.8000,0.1500,1.0000
133.8333,0.1500,1.0000
133.8667,0.1500,1.0000
133.9000,0.1500,1.0000
133.9333,0.1500,1.0000
133.9667,0.1500,1.0000
134.0000,0.1500,1.0000
134.0333,0.1500,1.0000
134.0667,0.1500,1.0000
134.1000,0.1500,1.0000
134.1333,0.1500,1.0000
134.1667,0.1500,1.0000
134.2000,0.1500,1.0000
134.2333,0.1500,1.0000
134.2667,0.1500,1.0000
134.3000,0.1500,1.0000
134.3333,0.1500,1.0000
134.3667,0.1500,1.0000
134.4000,0.1500,1.0000
134.4333,0.1500,1.0000
134.4667,0.1500,1.0000
134.5000,0.1500,1.0000
134.5333,0.1500,1.0000
134.5667,0.1500,1.0000
134.6000,0.1500,1.0000
134.6333,0.1500,1.0000
134.6667,0.1500,1.0000
134.7000,0.1500,1.0000
134.7333,0.1500,1.0000
134.7667,0.1500,1.0000
134.8000,0.1500,1.0000
134.8333,0.1500,1.0000
134.8667,0.1500,1.0000
134.9000,0.1500,1.0000
134.9333,0.1500,1.0000
134.9667,0.1500,1.0000
135.0000,0.1500,1.0000
135.0333,0.1500,1.0000
135.0667,0.1500,1.0000
135.1000,0.1500,1.0000
135.1333,0.1500,1.0000
135.1667,0.1500,1.0000
135.2000,0.1500,1.0000
135.2333,0.1500,1.0000
135.2667,0.1500,1.0000
135.3000,0.1500,1.0000
135.3333,0.1500,1.0000
135.3667,0.1500,1.0000
135.4000,0.1500,1.0000
135.4333,0.1500,1.0000
135.4667,0.1500,1.0000
135.5000,0.1500,1.0000
135.5333,0.1500,1.0000
135.5667,0.1500,1.0000
135.6000,0.1500,1.0000
135.6333,0.1500,1.0000
135.6667,0.1500,1.0000
135.7000,0.1500,1.0000
135.7333,0.1500,1.0000
135.7667,0.1500,1.0000
135.8000,0.1500,1.0000
135.8333,0.1500,1.0000
135.8667,0.1500,1.0000
135.9000,0.1500,1.0000
135.9333,0.1500,1.0000
135.9667,0.1500,1.0000
136.0000,0.1500,1.0000
136.0333,0.1500,1.0000
136.0667,0.1500,1.0000
136.1000,0.1500,1.0000
136.1333,0.1500,1.0000
136.1667,0.1500,1.0000
136.2000,0.1500,1.0000
136.2333,0.1500,1.0000
136.2667,0.1500,1.0000
136.3000,0.1500,1.0000
136.3333,0.1500,1.0000
136.3667,0.1500,1.0000
136.4000,0.1500,1.0000
136.4333,0.1500,1.0000
136.4667,0.1500,1.0000
136.5000,0.1500,1.0000
136.5333,0.1500,1.0000
136.5667,0.1500,1.0000
136.6000,0.1500,1.0000
136.6333,0.1500,1.0000
136.6667,0.1500,1.0000
136.7000,0.1500,1.0000
136.7333,0.1500,1.0000
136.7667,0.1500,1.0000
136.8000,0.1500,1.0000
136.8333,0.1500,1.0000
136.8667,0.1500,1.0000
136.9000,0.1500,1.0000
136.9333,0.1500,1.0000
136.9667,0.1500,1.0000
137.0000,0.1500,1.0000
137.0333,0.2350,0.9150
137.0667,0.3200,0.8300
137.1000,0.4050,0.7450
137.1333,0.4900,0.6600
137.1667,0.5750,0.5750
137.2000,0.6600,0.4900
137.2333,0.7450,0.4050
137.2667,0.8300,0.3200
137.3000,0.9150,0.2350
137.3333,1.0000,0.1500
137.3667,1.0000,0.1500
137.4000,1.0000,0.1500
137.4333,1.0000,0.1500
137.4667,1.0000,0.1500
137.5000,1.0000,0.1500
137.5333,1.0000,0.1500
137.5667,1.0000,0.1500
137.6000,1.0000,0.1500
137.6333,1.0000,0.1500
137.6667,1.0000,0.1500
137.7000,1.0000,0.1500
137.7333,1.0000,0.1500
137.7667,1.0000,0.1500
137.8000,1.0000,0.1500
137.8333,1.0000,0.1500
137.8667,1.0000,0.1500
137.9000,1.0000,0.1500
137.9333,1.0000,0.1500
137.9667,1.0000,0.1500
138.0000,1.0000,0.1500
138.0333,1.0000,0.1500
138.0667,1.0000,0.1500
138.1000,1.0000,0.1500
138.1333,1.0000,0.1500
138.1667,1.0000,0.1500
138.2000,1.0000,0.1500
138.2333,1.0000,0.1500
138.2667,1.0000,0.1500
138.3000,1.0000,0.1500
138.3333,1.0000,0.1500
138.3667,1.0000,0.1500
138.4000,1.0000,0.1500
138.4333,1.0000,0.1500
138.4667,1.0000,0.1500
138.5000,1.0000,0.1500
138.5333,1.0000,0.1500
138.5667,1.0000,0.1500
138.6000,1.0000,0.1500
138.6333,1.0000,0.1500
138.6667,1.0000,0.1500
138.7000,1.0000,0.1500
138.7333,1.0000,0.1500
138.7667,1.0000,0.1500
138.8000,1.0000,0.1500
138.8333,0.1500,1.0000
138.8667,0.1500,1.0000
138.9000,0.1500,1.0000
138.9333,0.1500,1.0000
138.9667,0.1500,1.0000
139.0000,0.1500,1.0000
139.0333,0.1500,1.0000
139.0667,0.1500,1.0000
139.1000,0.1500,1.0000
139.1333,0.1500,1.0000
139.1667,0.1500,1.0000
139.2000,0.1500,1.0000
139.2333,0.1500,1.0000
139.2667,0.1500,1.0000
139.3000,0.1500,1.0000
139.3333,0.1500,1.0000
139.3667,0.1500,1.0000
139.4000,0.1500,1.0000
139.4333,0.1500,1.0000
139.4667,0.1500,1.0000
139.5000,0.1500,1.0000
139.5333,0.1500,1.0000
139.5667,0.1500,1.0000
139.6000,0.1500,1.0000
139.6333,0.1500,1.0000
139.6667,0.1500,1.0000
139.7000,0.1500,1.0000
139.7333,0.1500,1.0000
139.7667,0.1500,1.0000
139.8000,0.1500,1.0000
139.8333,0.1500,1.0000
139.8667,0.1500,1.0000
139.9000,0.1500,1.0000
139.9333,0.1500,1.0000
139.9667,0.1500,1.0000
140.0000,0.1500,1.0000
140.0333,0.1500,1.0000
140.0667,0.1500,1.0000
140.1000,0.1500,1.0000
140.1333,0.1500,1.0000
140.1667,0.1500,1.0000
140.2000,0.1500,1.0000
140.2333,0.1500,1.0000
140.2667,0.1500,1.0000
140.3000,0.1500,1.0000
140.3333,1.0000,0.1500
140.3667,1.0000,0.1500
140.4000,1.0000,0.1500
140.4333,1.0000,0.1500
140.4667,1.0000,0.1500
140.5000,1.0000,0.1500
140.5333,1.0000,0.1500
140.5667,1.0000,0.1500
140.6000,1.0000,0.1500
140.6333,1.0000,0.1500
140.6667,1.0000,0.1500
140.7000,1.0000,0.1500
140.7333,1.0000,0.1500
140.7667,1.0000,0.1500
140.8000,1.0000,0.1500
140.8333,1.0000,0.1500
140.8667,1.0000,0.1500
140.9000,1.0000,0.1500
140.9333,1.0000,0.1500
140.9667,1.0000,0.1500
141.0000,1.0000,0.1500
141.0333,1.0000,0.1500
141.0667,1.0000,0.1500
141.1000,1.0000,0.1500
141.1333,1.0000,0.1500
141.1667,1.0000,0.1500
141.2000,1.0000,0.1500
141.2333,1.0000,0.1500
141.2667,1.0000,0.1500
141.3000,1.0000,0.1500
141.3333,1.0000,0.1500
141.3667,1.0000,0.1500
141.4000,1.0000,0.1500
141.4333,1.0000,0.1500
141.4667,1.0000,0.1500
141.5000,1.0000,0.1500
141.5333,1.0000,0.1500
141.5667,1.0000,0.1500
141.6000,1.0000,0.1500
141.6333,1.0000,0.1500
141.6667,1.0000,0.1500
141.7000,1.0000,0.1500
141.7333,1.0000,0.1500
141.7667,1.0000,0.1500
141.8000,1.0000,0.1500
141.8333,0.1500,1.0000
141.8667,0.1500,1.0000
141.9000,0.1500,1.0000
141.9333,0.1500,1.0000
141.9667,0.1500,1.0000
142.0000,0.1500,1.0000
142.0333,0.1500,1.0000
142.0667,0.1500,1.0000
142.1000,0.1500,1.0000
142.1333,0.1500,1.0000
142.1667,0.1500,1.0000
142.2000,0.1500,1.0000
142.2333,0.1500,1.0000
142.2667,0.1500,1.0000
142.3000,0.1500,1.0000
142.3333,0.1500,1.0000
142.3667,0.1500,1.0000
142.4000,0.1500,1.0000
142.4333,0.1500,1.0000
142.4667,0.1500,1.0000
142.5000,0.1500,1.0000
142.5333,0.1500,1.0000
142.5667,0.1500,1.0000
142.6000,0.1500,1.0000
142.6333,0.1500,1.0000
142.6667,0.1500,1.0000
142.7000,0.1500,1.0000
142.7333,0.1500,1.0000
142.7667,0.1500,1.0000
142.8000,0.1500,1.0000
142.8333,0.1500,1.0000
142.8667,0.1500,1.0000
142.9000,0.1500,1.0000
142.9333,0.1500,1.0000
142.9667,0.1500,1.0000
143.0000,0.1500,1.0000
143.0333,0.1500,1.0000
143.0667,0.1500,1.0000
143.1000,0.1500,1.0000
143.1333,0.1500,1.0000
143.1667,0.1500,1.0000
143.2000,0.1500,1.0000
143.2333,0.1500,1.0000
143.2667,0.1500,1.0000
143.3000,0.1500,1.0000
143.3333,1.0000,0.1500
143.3667,1.0000,0.1500
143.4000,1.0000,0.1500
143.4333,1.0000,0.1500
143.4667,1.0000,0.1500
143.5000,1.0000,0.1500
143.5333,1.0000,0.1500
143.5667,1.0000,0.1500
143.6000,1.0000,0.1500
143.6333,1.0000,0.1500
143.6667,1.0000,0.1500
143.7000,1.0000,0.1500
143.7333,1.0000,0.1500
143.7667,1.0000,0.1500
143.8000,1.0000,0.1500
143.8333,1.0000,0.1500
143.8667,1.0000,0.1500
143.9000,1.0000,0.1500
143.9333,1.0000,0.1500
143.9667,1.0000,0.1500
144.0000,1.0000,0.1500
144.0333,1.0000,0.1500
144.0667,1.0000,0.1500
144.1000,1.0000,0.1500
144.1333,1.0000,0.1500
144.1667,1.0000,0.1500
144.2000,1.0000,0.1500
144.2333,1.0000,0.1500
144.2667,1.0000,0.1500
144.3000,1.0000,0.1500
144.3333,1.0000,0.1500
144.3667,1.0000,0.1500
144.4000,1.0000,0.1500
144.4333,1.0000,0.1500
144.4667,1.0000,0.1500
144.5000,1.0000,0.1500
144.5333,1.0000,0.1500
144.5667,1.0000,0.1500
144.6000,1.0000,0.1500
144.6333,1.0000,0.1500
144.6667,1.0000,0.1500
144.7000,1.0000,0.1500
144.7333,1.0000,0.1500
144.7667,1.0000,0.1500
144.8000,1.0000,0.1500
144.8333,0.1500,1.0000
144.8667,0.1500,1.0000
144.9000,0.1500,1.0000
144.9333,0.1500,1.0000
144.9667,0.1500,1.0000
145.0000,0.1500,1.0000
145.0333,0.1500,1.0000
145.0667,0.1500,1.0000
145.1000,0.1500,1.0000
145.1333,0.1500,1.0000
145.1667,0.1500,1.0000
145.2000,0.1500,1.0000
145.2333,0.1500,1.0000
145.2667,0.1500,1.0000
145.3000,0.1500,1.0000
145.3333,0.1500,1.0000
145.3667,0.1500,1.0000
145.4000,0.1500,1.0000
145.4333,0.1500,1.0000
145.4667,0.1500,1.0000
145.5000,0.1500,1.0000
145.5333,0.1500,1.0000
145.5667,0.1500,1.0000
145.6000,0.1500,1.0000
145.6333,0.1500,1.0000
145.6667,0.1500,1.0000
145.7000,0.1500,1.0000
145.7333,0.1500,1.0000
145.7667,0.1500,1.0000
145.8000,0.1500,1.0000
145.8333,0.1500,1.0000
145.8667,0.1500,1.0000
145.9000,0.1500,1.0000
145.9333,0.1500,1.0000
145.9667,0.1500,1.0000
146.0000,0.1500,1.0000
146.0333,0.1500,1.0000
146.0667,0.1500,1.0000
146.1000,0.1500,1.0000
146.1333,0.1500,1.0000
146.1667,0.1500,1.0000
146.2000,0.1500,1.0000
146.2333,0.1500,1.0000
146.2667,0.1500,1.0000
146.3000,0.1500,1.0000
146.3333,1.0000,0.1500
146.3667,1.0000,0.1500
146.4000,1.0000,0.1500
146.4333,1.0000,0.1500
146.4667,1.0000,0.1500
146.5000,1.0000,0.1500
146.5333,1.0000,0.1500
146.5667,1.0000,0.1500
146.6000,1.0000,0.1500
146.6333,1.0000,0.1500
146.6667,1.0000,0.1500
146.7000,1.0000,0.1500
146.7333,1.0000,0.1500
146.7667,1.0000,0.1500
146.8000,1.0000,0.1500
146.8333,1.0000,0.1500
146.8667,1.0000,0.1500
146.9000,1.0000,0.1500
146.9333,1.0000,0.1500
146.9667,1.0000,0.1500
147.0000,1.0000,0.1500
147.0333,1.0000,0.1500
147.0667,1.0000,0.1500
147.1000,1.0000,0.1500
147.1333,1.0000,0.1500
147.1667,1.0000,0.1500
147.2000,1.0000,0.1500
147.2333,1.0000,0.1500
147.2667,1.0000,0.1500
147.3000,1.0000,0.1500
147.3333,1.0000,0.1500
147.3667,1.0000,0.1500
147.4000,1.0000,0.1500
147.4333,1.0000,0.1500
147.4667,1.0000,0.1500
147.5000,1.0000,0.1500
147.5333,1.0000,0.1500
147.5667,1.0000,0.1500
147.6000,1.0000,0.1500
147.6333,1.0000,0.1500
147.6667,1.0000,0.1500
147.7000,1.0000,0.1500
147.7333,1.0000,0.1500
147.7667,1.0000,0.1500
147.8000,1.0000,0.1500
147.8333,0.1500,1.0000
147.8667,0.1500,1.0000
147.9000,0.1500,1.0000
147.9333,0.1500,1.0000
147.9667,0.1500,1.0000
148.0000,0.1500,1.0000
148.0333,0.1500,1.0000
148.0667,0.1500,1.0000
148.1000,0.1500,1.0000
148.1333,0.1500,1.0000
148.1667,0.1500,1.0000
148.2000,0.1500,1.0000
148.2333,0.1500,1.0000
148.2667,0.1500,1.0000
148.3000,0.1500,1.0000
148.3333,0.1500,1.0000
148.3667,0.1500,1.0000
148.4000,0.1500,1.0000
148.4333,0.1500,1.0000
148.4667,0.1500,1.0000
148.5000,0.1500,1.0000
148.5333,0.1500,1.0000
148.5667,0.1500,1.0000
148.6000,0.1500,1.0000
148.6333,0.1500,1.0000
148.6667,0.1500,1.0000
148.7000,0.1500,1.0000
148.7333,0.1500,1.0000
148.7667,0.1500,1.0000
148.8000,0.1500,1.0000
148.8333,0.1500,1.0000
148.8667,0.1500,1.0000
148.9000,0.1500,1.0000
148.9333,0.1500,1.0000
148.9667,0.1500,1.0000
149.0000,0.1500,1.0000
149.0333,0.1500,1.0000
149.0667,0.1500,1.0000
149.1000,0.1500,1.0000
149.1333,0.1500,1.0000
149.1667,0.1500,1.0000
149.2000,0.1500,1.0000
149.2333,0.1500,1.0000
149.2667,0.1500,1.0000
149.3000,0.1500,1.0000
149.3333,1.0000,0.1500
149.3667,1.0000,0.1500
149.4000,1.0000,0.1500
149.4333,1.0000,0.1500
149.4667,1.0000,0.1500
149.5000,1.0000,0.1500
149.5333,1.0000,0.1500
149.5667,1.0000,0.1500
149.6000,1.0000,0.1500
149.6333,1.0000,0.1500
149.6667,1.0000,0.1500
149.7000,1.0000,0.1500
149.7333,1.0000,0.1500
149.7667,1.0000,0.1500
149.8000,1.0000,0.1500
149.8333,1.0000,0.1500
149.8667,1.0000,0.1500
149.9000,1.0000,0.1500
149.9333,1.0000,0.1500
149.9667,1.0000,0.1500
150.0000,1.0000,0.1500
150.0333,1.0000,0.1500
150.0667,1.0000,0.1500
150.1000,1.0000,0.1500
150.1333,1.0000,0.1500
150.1667,1.0000,0.1500
150.2000,1.0000,0.1500
150.2333,1.0000,0.1500
150.2667,1.0000,0.1500
150.3000,1.0000,0.1500
150.3333,1.0000,0.1500
150.3667,1.0000,0.1500
150.4000,1.0000,0.1500
150.4333,1.0000,0.1500
150.4667,1.0000,0.1500
150.5000,1.0000,0.1500
150.5333,1.0000,0.1500
150.5667,1.0000,0.1500
150.6000,1.0000,0.1500
150.6333,1.0000,0.1500
150.6667,1.0000,0.1500
150.7000,1.0000,0.1500
150.7333,1.0000,0.1500
150.7667,1.0000,0.1500
150.8000,1.0000,0.1500
150.8333,0.1500,1.0000
150.8667,0.1500,1.0000
150.9000,0.1500,1.0000
150.9333,0.1500,1.0000
150.9667,0.1500,1.0000
151.0000,0.1500,1.0000
151.0333,0.1500,1.0000
151.0667,0.1500,1.0000
151.1000,0.1500,1.0000
151.1333,0.1500,1.0000
151.1667,0.1500,1.0000
151.2000,0.1500,1.0000
151.2333,0.1500,1.0000
151.2667,0.1500,1.0000
151.3000,0.1500,1.0000
151.3333,0.1500,1.0000
151.3667,0.1500,1.0000
151.4000,0.1500,1.0000
151.4333,0.1500,1.0000
151.4667,0.1500,1.0000
151.5000,0.1500,1.0000
151.5333,0.1500,1.0000
151.5667,0.1500,1.0000
151.6000,0.1500,1.0000
151.6333,0.1500,1.0000
151.6667,0.1500,1.0000
151.7000,0.1500,1.0000
151.7333,0.1500,1.0000
151.7667,0.1500,1.0000
151.8000,0.1500,1.0000
151.8333,0.1500,1.0000
151.8667,0.1500,1.0000
151.9000,0.1500,1.0000
151.9333,0.1500,1.0000
151.9667,0.1500,1.0000
152.0000,0.1500,1.0000
152.0333,0.1500,1.0000
152.0667,0.1500,1.0000
152.1000,0.1500,1.0000
152.1333,0.1500,1.0000
152.1667,0.1500,1.0000
152.2000,0.1500,1.0000
152.2333,0.1500,1.0000
152.2667,0.1500,1.0000
152.3000,0.1500,1.0000
152.3333,1.0000,0.1500
152.3667,1.0000,0.1500
152.4000,1.0000,0.1500
152.4333,1.0000,0.1500
152.4667,1.0000,0.1500
152.5000,1.0000,0.1500
152.5333,1.0000,0.1500
152.5667,1.0000,0.1500
152.6000,1.0000,0.1500
152.6333,1.0000,0.1500
152.6667,1.0000,0.1500
152.7000,1.0000,0.1500
152.7333,1.0000,0.1500
152.7667,1.0000,0.1500
152.8000,1.0000,0.1500
152.8333,1.0000,0.1500
152.8667,1.0000,0.1500
152.9000,1.0000,0.1500
152.9333,1.0000,0.1500
152.9667,1.0000,0.1500
153.0000,1.0000,0.1500
153.0333,1.0000,0.1500
153.0667,1.0000,0.1500
153.1000,1.0000,0.1500
153.1333,1.0000,0.1500
153.1667,1.0000,0.1500
153.2000,1.0000,0.1500
153.2333,1.0000,0.1500
153.2667,1.0000,0.1500
153.3000,1.0000,0.1500
153.3333,1.0000,0.1500
153.3667,1.0000,0.1500
153.4000,1.0000,0.1500
153.4333,1.0000,0.1500
153.4667,1.0000,0.1500
153.5000,1.0000,0.1500
153.5333,1.0000,0.1500
153.5667,1.0000,0.1500
153.6000,1.0000,0.1500
153.6333,1.0000,0.1500
153.6667,1.0000,0.1500
153.7000,1.0000,0.1500
153.7333,1.0000,0.1500
153.7667,1.0000,0.1500
153.8000,1.0000,0.1500
153.8333,0.1500,1.0000
153.8667,0.1500,1.0000
153.9000,0.1500,1.0000
153.9333,0.1500,1.0000
153.9667,0.1500,1.0000
154.0000,0.1500,1.0000
154.0333,0.1500,1.0000
154.0667,0.1500,1.0000
154.1000,0.1500,1.0000
154.1333,0.1500,1.0000
154.1667,0.1500,1.0000
154.2000,0.1500,1.0000
154.2333,0.1500,1.0000
154.2667,0.1500,1.0000
154.3000,0.1500,1.0000
154.3333,0.1500,1.0000
154.3667,0.1500,1.0000
154.4000,0.1500,1.0000
154.4333,0.1500,1.0000
154.4667,0.1500,1.0000
154.5000,0.1500,1.0000
154.5333,0.1500,1.0000
154.5667,0.1500,1.0000
154.6000,0.1500,1.0000
154.6333,0.1500,1.0000
154.6667,0.1500,1.0000
154.7000,0.1500,1.0000
154.7333,0.1500,1.0000
154.7667,0.1500,1.0000
154.8000,0.1500,1.0000
154.8333,0.1500,1.0000
154.8667,0.1500,1.0000
154.9000,0.1500,1.0000
154.9333,0.1500,1.0000
154.9667,0.1500,1.0000
155.0000,0.1500,1.0000
155.0333,0.1500,1.0000
155.0667,0.1500,1.0000
155.1000,0.1500,1.0000
155.1333,0.1500,1.0000
155.1667,0.1500,1.0000
155.2000,0.1500,1.0000
155.2333,0.1500,1.0000
155.2667,0.1500,1.0000
155.3000,0.1500,1.0000
155.3333,1.0000,0.1500
155.3667,1.0000,0.1500
155.4000,1.0000,0.1500
155.4333,1.0000,0.1500
155.4667,1.0000,0.1500
155.5000,1.0000,0.1500
155.5333,1.0000,0.1500
155.5667,1.0000,0.1500
155.6000,1.0000,0.1500
155.6333,1.0000,0.1500
155.6667,1.0000,0.1500
155.7000,1.0000,0.1500
155.7333,1.0000,0.1500
155.7667,1.0000,0.1500
155.8000,1.0000,0.1500
155.8333,1.0000,0.1500
155.8667,1.0000,0.1500
155.9000,1.0000,0.1500
155.9333,1.0000,0.1500
155.9667,1.0000,0.1500
156.0000,1.0000,0.1500
156.0333,1.0000,0.1500
156.0667,1.0000,0.1500
156.1000,1.0000,0.1500
156.1333,1.0000,0.1500
156.1667,1.0000,0.1500
156.2000,1.0000,0.1500
156.2333,1.0000,0.1500
156.2667,1.0000,0.1500
156.3000,1.0000,0.1500
156.3333,1.0000,0.1500
156.3667,1.0000,0.1500
156.4000,1.0000,0.1500
156.4333,1.0000,0.1500
156.4667,1.0000,0.1500
156.5000,1.0000,0.1500
156.5333,1.0000,0.1500
156.5667,1.0000,0.1500
156.6000,1.0000,0.1500
156.6333,1.0000,0.1500
156.6667,1.0000,0.1500
156.7000,1.0000,0.1500
156.7333,1.0000,0.1500
156.7667,1.0000,0.1500
156.8000,1.0000,0.1500
156.8333,0.1500,1.0000
156.8667,0.1500,1.0000
156.9000,0.1500,1.0000
156.9333,0.1500,1.0000
156.9667,0.1500,1.0000
157.0000,0.1500,1.0000
157.0333,0.1500,1.0000
157.0667,0.1500,1.0000
157.1000,0.1500,1.0000
157.1333,0.1500,1.0000
157.1667,0.1500,1.0000
157.2000,0.1500,1.0000
157.2333,0.1500,1.0000
157.2667,0.1500,1.0000
157.3000,0.1500,1.0000
157.3333,0.1500,1.0000
157.3667,0.1500,1.0000
157.4000,0.1500,1.0000
157.4333,0.1500,1.0000
157.4667,0.1500,1.0000
157.5000,0.1500,1.0000
157.5333,0.1500,1.0000
157.5667,0.1500,1.0000
157.6000,0.1500,1.0000
157.6333,0.1500,1.0000
157.6667,0.1500,1.0000
157.7000,0.1500,1.0000
157.7333,0.1500,1.0000
157.7667,0.1500,1.0000
157.8000,0.1500,1.0000
157.8333,0.1500,1.0000
157.8667,0.1500,1.0000
157.9000,0.1500,1.0000
157.9333,0.1500,1.0000
157.9667,0.1500,1.0000
158.0000,0.1500,1.0000
158.0333,0.1500,1.0000
158.0667,0.1500,1.0000
158.1000,0.1500,1.0000
158.1333,0.1500,1.0000
158.1667,0.1500,1.0000
158.2000,0.1500,1.0000
158.2333,0.1500,1.0000
158.2667,0.1500,1.0000
158.3000,0.1500,1.0000
158.3333,1.0000,0.1500
158.3667,1.0000,0.1500
158.4000,1.0000,0.1500
158.4333,1.0000,0.1500
158.4667,1.0000,0.1500
158.5000,1.0000,0.1500
158.5333,1.0000,0.1500
158.5667,1.0000,0.1500
158.6000,1.0000,0.1500
158.6333,1.0000,0.1500
158.6667,1.0000,0.1500
158.7000,1.0000,0.1500
158.7333,1.0000,0.1500
158.7667,1.0000,0.1500
158.8000,1.0000,0.1500
158.8333,1.0000,0.1500
158.8667,1.0000,0.1500
158.9000,1.0000,0.1500
158.9333,1.0000,0.1500
158.9667,1.0000,0.1500
159.0000,1.0000,0.1500
159.0333,1.0000,0.1500
159.0667,1.0000,0.1500
159.1000,1.0000,0.1500
159.1333,1.0000,0.1500
159.1667,1.0000,0.1500
159.2000,1.0000,0.1500
159.2333,1.0000,0.1500
159.2667,1.0000,0.1500
159.3000,1.0000,0.1500
159.3333,1.0000,0.1500
159.3667,1.0000,0.1500
159.4000,1.0000,0.1500
159.4333,1.0000,0.1500
159.4667,1.0000,0.1500
159.5000,1.0000,0.1500
159.5333,1.0000,0.1500
159.5667,1.0000,0.1500
159.6000,1.0000,0.1500
159.6333,1.0000,0.1500
159.6667,1.0000,0.1500
159.7000,1.0000,0.1500
159.7333,1.0000,0.1500
159.7667,1.0000,0.1500
159.8000,1.0000,0.1500
159.8333,0.1500,1.0000
159.8667,0.1500,1.0000
159.9000,0.1500,1.0000
159.9333,0.1500,1.0000
159.9667,0.1500,1.0000
160.0000,0.1500,1.0000
160.0333,0.1500,1.0000
160.0667,0.1500,1.0000
160.1000,0.1500,1.0000
160.1333,0.1500,1.0000
160.1667,0.1500,1.0000
160.2000,0.1500,1.0000
160.2333,0.1500,1.0000
160.2667,0.1500,1.0000
160.3000,0.1500,1.0000
160.3333,0.1500,1.0000
160.3667,0.1500,1.0000
160.4000,0.1500,1.0000
160.4333,0.1500,1.0000
160.4667,0.1500,1.0000
160.5000,0.1500,1.0000
160.5333,0.1500,1.0000
160.5667,0.1500,1.0000
160.6000,0.1500,1.0000
160.6333,0.1500,1.0000
160.6667,0.1500,1.0000
160.7000,0.1500,1.0000
160.7333,0.1500,1.0000
160.7667,0.1500,1.0000
160.8000,0.1500,1.0000
160.8333,0.1500,1.0000
160.8667,0.1500,1.0000
160.9000,0.1500,1.0000
160.9333,0.1500,1.0000
160.9667,0.1500,1.0000
161.0000,0.1500,1.0000
161.0333,0.1500,1.0000
161.0667,0.1500,1.0000
161.1000,0.1500,1.0000
161.1333,0.1500,1.0000
161.1667,0.1500,1.0000
161.2000,0.1500,1.0000
161.2333,0.1500,1.0000
161.2667,0.1500,1.0000
161.3000,0.1500,1.0000
161.3333,0.1500,1.0000
161.3667,0.2350,0.9150
161.4000,0.3200,0.8300
161.4333,0.4050,0.7450
161.4667,0.4900,0.6600
161.5000,0.5750,0.5750
161.5333,0.6600,0.4900
161.5667,0.7450,0.4050
161.6000,0.8300,0.3200
161.6333,0.9150,0.2350
161.6667,1.0000,0.1500
161.7000,1.0000,0.1500
161.7333,1.0000,0.1500
161.7667,1.0000,0.1500
161.8000,1.0000,0.1500
161.8333,1.0000,0.1500
161.8667,1.0000,0.1500
161.9000,1.0000,0.1500
161.9333,1.0000,0.1500
161.9667,1.0000,0.1500
162.0000,1.0000,0.1500
162.0333,1.0000,0.1500
162.0667,1.0000,0.1500
162.1000,1.0000,0.1500
162.1333,1.0000,0.1500
162.1667,1.0000,0.1500
162.2000,1.0000,0.1500
162.2333,1.0000,0.1500
162.2667,1.0000,0.1500
162.3000,1.0000,0.1500
162.3333,1.0000,0.1500
162.3667,1.0000,0.1500
162.4000,1.0000,0.1500
162.4333,1.0000,0.1500
162.4667,0.1500,1.0000
162.5000,0.1500,1.0000
162.5333,0.1500,1.0000
162.5667,0.1500,1.0000
162.6000,0.1500,1.0000
162.6333,0.1500,1.0000
162.6667,0.1500,1.0000
162.7000,0.1500,1.0000
162.7333,0.1500,1.0000
162.7667,0.1500,1.0000
162.8000,0.1500,1.0000
162.8333,0.1500,1.0000
162.8667,0.1500,1.0000
162.9000,0.1500,1.0000
162.9333,0.1500,1.0000
162.9667,0.1500,1.0000
163.0000,0.1500,1.0000
163.0333,0.1500,1.0000
163.0667,0.1500,1.0000
163.1000,0.1500,1.0000
163.1333,0.1500,1.0000
163.1667,0.1500,1.0000
163.2000,0.1500,1.0000
163.2333,0.1500,1.0000
163.2667,1.0000,0.1500
163.3000,1.0000,0.1500
163.3333,1.0000,0.1500
163.3667,1.0000,0.1500
163.4000,1.0000,0.1500
163.4333,1.0000,0.1500
163.4667,1.0000,0.1500
163.5000,1.0000,0.1500
163.5333,1.0000,0.1500
163.5667,1.0000,0.1500
163.6000,1.0000,0.1500
163.6333,1.0000,0.1500
163.6667,1.0000,0.1500
163.7000,1.0000,0.1500
163.7333,1.0000,0.1500
163.7667,1.0000,0.1500
163.8000,1.0000,0.1500
163.8333,1.0000,0.1500
163.8667,1.0000,0.1500
163.9000,1.0000,0.1500
163.9333,1.0000,0.1500
163.9667,1.0000,0.1500
164.0000,1.0000,0.1500
164.0333,1.0000,0.1500
164.0667,0.1500,1.0000
164.1000,0.1500,1.0000
164.1333,0.1500,1.0000
164.1667,0.1500,1.0000
164.2000,0.1500,1.0000
164.2333,0.1500,1.0000
164.2667,0.1500,1.0000
164.3000,0.1500,1.0000
164.3333,0.1500,1.0000
164.3667,0.1500,1.0000
164.4000,0.1500,1.0000
164.4333,0.1500,1.0000
164.4667,0.1500,1.0000
164.5000,0.1500,1.0000
164.5333,0.1500,1.0000
164.5667,0.1500,1.0000
164.6000,0.1500,1.0000
164.6333,0.1500,1.0000
164.6667,0.1500,1.0000
164.7000,0.1500,1.0000
164.7333,0.1500,1.0000
164.7667,0.1500,1.0000
164.8000,0.1500,1.0000
164.8333,0.1500,1.0000
164.8667,1.0000,0.1500
164.9000,1.0000,0.1500
164.9333,1.0000,0.1500
164.9667,1.0000,0.1500
165.0000,1.0000,0.1500
165.0333,1.0000,0.1500
165.0667,1.0000,0.1500
165.1000,1.0000,0.1500
165.1333,1.0000,0.1500
165.1667,1.0000,0.1500
165.2000,1.0000,0.1500
165.2333,1.0000,0.1500
165.2667,1.0000,0.1500
165.3000,1.0000,0.1500
165.3333,1.0000,0.1500
165.3667,1.0000,0.1500
165.4000,1.0000,0.1500
165.4333,1.0000,0.1500
165.4667,1.0000,0.1500
165.5000,1.0000,0.1500
165.5333,1.0000,0.1500
165.5667,1.0000,0.1500
165.6000,1.0000,0.1500
165.6333,1.0000,0.1500
165.6667,0.1500,1.0000
165.7000,0.1500,1.0000
165.7333,0.1500,1.0000
165.7667,0.1500,1.0000
165.8000,0.1500,1.0000
165.8333,0.1500,1.0000
165.8667,0.1500,1.0000
165.9000,0.1500,1.0000
165.9333,0.1500,1.0000
165.9667,0.1500,1.0000
166.0000,0.1500,1.0000
166.0333,0.1500,1.0000
166.0667,0.1500,1.0000
166.1000,0.1500,1.0000
166.1333,0.1500,1.0000
166.1667,0.1500,1.0000
166.2000,0.1500,1.0000
166.2333,0.1500,1.0000
166.2667,0.1500,1.0000
166.3000,0.1500,1.0000
166.3333,0.1500,1.0000
166.3667,0.1500,1.0000
166.4000,0.1500,1.0000
166.4333,0.1500,1.0000
166.4667,1.0000,0.1500
166.5000,1.0000,0.1500
166.5333,1.0000,0.1500
166.5667,1.0000,0.1500
166.6000,1.0000,0.1500
166.6333,1.0000,0.1500
166.6667,1.0000,0.1500
166.7000,1.0000,0.1500
166.7333,1.0000,0.1500
166.7667,1.0000,0.1500
166.8000,1.0000,0.1500
166.8333,1.0000,0.1500
166.8667,1.0000,0.1500
166.9000,1.0000,0.1500
166.9333,1.0000,0.1500
166.9667,1.0000,0.1500
167.0000,1.0000,0.1500
167.0333,1.0000,0.1500
167.0667,1.0000,0.1500
167.1000,1.0000,0.1500
167.1333,1.0000,0.1500
167.1667,1.0000,0.1500
167.2000,1.0000,0.1500
167.2333,1.0000,0.1500
167.2667,0.1500,1.0000
167.3000,0.1500,1.0000
167.3333,0.1500,1.0000
167.3667,0.1500,1.0000
167.4000,0.1500,1.0000
167.4333,0.1500,1.0000
167.4667,0.1500,1.0000
167.5000,0.1500,1.0000
167.5333,0.1500,1.0000
167.5667,0.1500,1.0000
167.6000,0.1500,1.0000
167.6333,0.1500,1.0000
167.6667,0.1500,1.0000
167.7000,0.1500,1.0000
167.7333,0.1500,1.0000
167.7667,0.1500,1.0000
167.8000,0.1500,1.0000
167.8333,0.1500,1.0000
167.8667,0.1500,1.0000
167.9000,0.1500,1.0000
167.9333,0.1500,1.0000
167.9667,0.1500,1.0000
168.0000,0.1500,1.0000
168.0333,0.1500,1.0000
168.0667,1.0000,0.1500
168.1000,1.0000,0.1500
168.1333,1.0000,0.1500
168.1667,1.0000,0.1500
168.2000,1.0000,0.1500
168.2333,1.0000,0.1500
168.2667,1.0000,0.1500
168.3000,1.0000,0.1500
168.3333,1.0000,0.1500
168.3667,1.0000,0.1500
168.4000,1.0000,0.1500
168.4333,1.0000,0.1500
168.4667,1.0000,0.1500
168.5000,1.0000,0.1500
168.5333,1.0000,0.1500
168.5667,1.0000,0.1500
168.6000,1.0000,0.1500
168.6333,1.0000,0.1500
168.6667,1.0000,0.1500
168.7000,1.0000,0.1500
168.7333,1.0000,0.1500
168.7667,1.0000,0.1500
168.8000,1.0000,0.1500
168.8333,1.0000,0.1500
168.8667,0.1500,1.0000
168.9000,0.1500,1.0000
168.9333,0.1500,1.0000
168.9667,0.1500,1.0000
169.0000,0.1500,1.0000
169.0333,0.1500,1.0000
169.0667,0.1500,1.0000
169.1000,0.1500,1.0000
169.1333,0.1500,1.0000
169.1667,0.1500,1.0000
169.2000,0.1500,1.0000
169.2333,0.1500,1.0000
169.2667,0.1500,1.0000
169.3000,0.1500,1.0000
169.3333,0.1500,1.0000
169.3667,0.1500,1.0000
169.4000,0.1500,1.0000
169.4333,0.1500,1.0000
169.4667,0.1500,1.0000
169.5000,0.1500,1.0000
169.5333,0.1500,1.0000
169.5667,0.1500,1.0000
169.6000,0.1500,1.0000
169.6333,0.1500,1.0000
169.6667,1.0000,0.1500
169.7000,1.0000,0.1500
169.7333,1.0000,0.1500
169.7667,1.0000,0.1500
169.8000,1.0000,0.1500
169.8333,1.0000,0.1500
169.8667,1.0000,0.1500
169.9000,1.0000,0.1500
169.9333,1.0000,0.1500
169.9667,1.0000,0.1500
170.0000,1.0000,0.1500
170.0333,1.0000,0.1500
170.0667,1.0000,0.1500
170.1000,1.0000,0.1500
170.1333,1.0000,0.1500
170.1667,1.0000,0.1500
170.2000,1.0000,0.1500
170.2333,1.0000,0.1500
170.2667,1.0000,0.1500
170.3000,1.0000,0.1500
170.3333,1.0000,0.1500
170.3667,1.0000,0.1500
170.4000,1.0000,0.1500
170.4333,1.0000,0.1500
170.4667,0.1500,1.0000
170.5000,0.1500,1.0000
170.5333,0.1500,1.0000
170.5667,0.1500,1.0000
170.6000,0.1500,1.0000
170.6333,0.1500,1.0000
170.6667,0.1500,1.0000
170.7000,0.1500,1.0000
170.7333,0.1500,1.0000
170.7667,0.1500,1.0000
170.8000,0.1500,1.0000
170.8333,0.1500,1.0000
170.8667,0.1500,1.0000
170.9000,0.1500,1.0000
170.9333,0.1500,1.0000
170.9667,0.1500,1.0000
171.0000,0.1500,1.0000
171.0333,0.1500,1.0000
171.0667,0.1500,1.0000
171.1000,0.1500,1.0000
171.1333,0.1500,1.0000
171.1667,0.1500,1.0000
171.2000,0.1500,1.0000
171.2333,0.1500,1.0000
171.2667,1.0000,0.1500
171.3000,1.0000,0.1500
171.3333,1.0000,0.1500
171.3667,1.0000,0.1500
171.4000,1.0000,0.1500
171.4333,1.0000,0.1500
171.4667,1.0000,0.1500
171.5000,1.0000,0.1500
171.5333,1.0000,0.1500
171.5667,1.0000,0.1500
171.6000,1.0000,0.1500
171.6333,1.0000,0.1500
171.6667,1.0000,0.1500
171.7000,1.0000,0.1500
171.7333,1.0000,0.1500
171.7667,1.0000,0.1500
171.8000,1.0000,0.1500
171.8333,1.0000,0.1500
171.8667,1.0000,0.1500
171.9000,1.0000,0.1500
171.9333,1.0000,0.1500
171.9667,1.0000,0.1500
172.0000,1.0000,0.1500
172.0333,1.0000,0.1500
172.0667,0.1500,1.0000
172.1000,0.1500,1.0000
172.1333,0.1500,1.0000
172.1667,0.1500,1.0000
172.2000,0.1500,1.0000
172.2333,0.1500,1.0000
172.2667,0.1500,1.0000
172.3000,0.1500,1.0000
172.3333,0.1500,1.0000
172.3667,0.1500,1.0000
172.4000,0.1500,1.0000
172.4333,0.1500,1.0000
172.4667,0.1500,1.0000
172.5000,0.1500,1.0000
172.5333,0.1500,1.0000
172.5667,0.1500,1.0000
172.6000,0.1500,1.0000
172.6333,0.1500,1.0000
172.6667,0.1500,1.0000
172.7000,0.1500,1.0000
172.7333,0.1500,1.0000
172.7667,0.1500,1.0000
172.8000,0.1500,1.0000
172.8333,0.1500,1.0000
172.8667,1.0000,0.1500
172.9000,1.0000,0.1500
172.9333,1.0000,0.1500
172.9667,1.0000,0.1500
173.0000,1.0000,0.1500
173.0333,1.0000,0.1500
173.0667,1.0000,0.1500
173.1000,1.0000,0.1500
173.1333,1.0000,0.1500
173.1667,1.0000,0.1500
173.2000,1.0000,0.1500
173.2333,1.0000,0.1500
173.2667,1.0000,0.1500
173.3000,1.0000,0.1500
173.3333,1.0000,0.1500
173.3667,1.0000,0.1500
173.4000,1.0000,0.1500
173.4333,1.0000,0.1500
173.4667,1.0000,0.1500
173.5000,1.0000,0.1500
173.5333,1.0000,0.1500
173.5667,1.0000,0.1500
173.6000,1.0000,0.1500
173.6333,1.0000,0.1500
173.6667,0.1500,1.0000
173.7000,0.1500,1.0000
173.7333,0.1500,1.0000
173.7667,0.1500,1.0000
173.8000,0.1500,1.0000
173.8333,0.1500,1.0000
173.8667,0.1500,1.0000
173.9000,0.1500,1.0000
173.9333,0.1500,1.0000
173.9667,0.1500,1.0000
174.0000,0.1500,1.0000
174.0333,0.1500,1.0000
174.0667,0.1500,1.0000
174.1000,0.1500,1.0000
174.1333,0.1500,1.0000
174.1667,0.1500,1.0000
174.2000,0.1500,1.0000
174.2333,0.1500,1.0000
174.2667,0.1500,1.0000
174.3000,0.1500,1.0000
174.3333,0.1500,1.0000
174.3667,0.1500,1.0000
174.4000,0.1500,1.0000
174.4333,0.1500,1.0000
174.4667,1.0000,0.1500
174.5000,1.0000,0.1500
174.5333,1.0000,0.1500
174.5667,1.0000,0.1500
174.6000,1.0000,0.1500
174.6333,1.0000,0.1500
174.6667,1.0000,0.1500
174.7000,1.0000,0.1500
174.7333,1.0000,0.1500
174.7667,1.0000,0.1500
174.8000,1.0000,0.1500
174.8333,1.0000,0.1500
174.8667,1.0000,0.1500
174.9000,1.0000,0.1500
174.9333,1.0000,0.1500
174.9667,1.0000,0.1500
175.0000,1.0000,0.1500
175.0333,1.0000,0.1500
175.0667,1.0000,0.1500
175.1000,1.0000,0.1500
175.1333,1.0000,0.1500
175.1667,1.0000,0.1500
175.2000,1.0000,0.1500
175.2333,1.0000,0.1500
175.2667,0.1500,1.0000
175.3000,0.1500,1.0000
175.3333,0.1500,1.0000
175.3667,0.1500,1.0000
175.4000,0.1500,1.0000
175.4333,0.1500,1.0000
175.4667,0.1500,1.0000
175.5000,0.1500,1.0000
175.5333,0.1500,1.0000
175.5667,0.1500,1.0000
175.6000,0.1500,1.0000
175.6333,0.1500,1.0000
175.6667,0.1500,1.0000
175.7000,0.1500,1.0000
175.7333,0.1500,1.0000
175.7667,0.1500,1.0000
175.8000,0.1500,1.0000
175.8333,0.1500,1.0000
175.8667,0.1500,1.0000
175.9000,0.1500,1.0000
175.9333,0.1500,1.0000
175.9667,0.1500,1.0000
176.0000,0.1500,1.0000
176.0333,0.1500,1.0000
176.0667,1.0000,0.1500
176.1000,1.0000,0.1500
176.1333,1.0000,0.1500
176.1667,1.0000,0.1500
176.2000,1.0000,0.1500
176.2333,1.0000,0.1500
176.2667,1.0000,0.1500
176.3000,1.0000,0.1500
176.3333,1.0000,0.1500
176.3667,1.0000,0.1500
176.4000,1.0000,0.1500
176.4333,1.0000,0.1500
176.4667,1.0000,0.1500
176.5000,1.0000,0.1500
176.5333,1.0000,0.1500
176.5667,1.0000,0.1500
176.6000,1.0000,0.1500
176.6333,1.0000,0.1500
176.6667,1.0000,0.1500
176.7000,1.0000,0.1500
176.7333,1.0000,0.1500
176.7667,1.0000,0.1500
176.8000,1.0000,0.1500
176.8333,1.0000,0.1500
176.8667,0.1500,1.0000
176.9000,0.1500,1.0000
176.9333,0.1500,1.0000
176.9667,0.1500,1.0000
177.0000,0.1500,1.0000
177.0333,0.1500,1.0000
177.0667,0.1500,1.0000
177.1000,0.1500,1.0000
177.1333,0.1500,1.0000
177.1667,0.1500,1.0000
177.2000,0.1500,1.0000
177.2333,0.1500,1.0000
177.2667,0.1500,1.0000
177.3000,0.1500,1.0000
177.3333,0.1500,1.0000
177.3667,0.1500,1.0000
177.4000,0.1500,1.0000
177.4333,0.1500,1.0000
177.4667,0.1500,1.0000
177.5000,0.1500,1.0000
177.5333,0.1500,1.0000
177.5667,0.1500,1.0000
177.6000,0.1500,1.0000
177.6333,0.1500,1.0000
177.6667,1.0000,0.1500
177.7000,1.0000,0.1500
177.7333,1.0000,0.1500
177.7667,1.0000,0.1500
177.8000,1.0000,0.1500
177.8333,1.0000,0.1500
177.8667,1.0000,0.1500
177.9000,1.0000,0.1500
177.9333,1.0000,0.1500
177.9667,1.0000,0.1500
178.0000,1.0000,0.1500
178.0333,1.0000,0.1500
178.0667,1.0000,0.1500
178.1000,1.0000,0.1500
178.1333,1.0000,0.1500
178.1667,1.0000,0.1500
178.2000,1.0000,0.1500
178.2333,1.0000,0.1500
178.2667,1.0000,0.1500
178.3000,1.0000,0.1500
178.3333,1.0000,0.1500
178.3667,1.0000,0.1500
178.4000,1.0000,0.1500
178.4333,1.0000,0.1500
178.4667,0.1500,1.0000
178.5000,0.1500,1.0000
178.5333,0.1500,1.0000
178.5667,0.1500,1.0000
178.6000,0.1500,1.0000
178.6333,0.1500,1.0000
178.6667,0.1500,1.0000
178.7000,0.1500,1.0000
178.7333,0.1500,1.0000
178.7667,0.1500,1.0000
178.8000,0.1500,1.0000
178.8333,0.1500,1.0000
178.8667,0.1500,1.0000
178.9000,0.1500,1.0000
178.9333,0.1500,1.0000
178.9667,0.1500,1.0000
179.0000,0.1500,1.0000
179.0333,0.1500,1.0000
179.0667,0.1500,1.0000
179.1000,0.1500,1.0000
179.1333,0.1500,1.0000
179.1667,0.1500,1.0000
179.2000,0.1500,1.0000
179.2333,0.1500,1.0000
179.2667,1.0000,0.1500
179.3000,1.0000,0.1500
179.3333,1.0000,0.1500
179.3667,1.0000,0.1500
179.4000,1.0000,0.1500
179.4333,1.0000,0.1500
179.4667,1.0000,0.1500
179.5000,1.0000,0.1500
179.5333,1.0000,0.1500
179.5667,1.0000,0.1500
179.6000,1.0000,0.1500
179.6333,1.0000,0.1500
179.6667,1.0000,0.1500
179.7000,1.0000,0.1500
179.7333,1.0000,0.1500
179.7667,1.0000,0.1500
179.8000,1.0000,0.1500
179.8333,1.0000,0.1500
179.8667,1.0000,0.1500
179.9000,1.0000,0.1500
179.9333,1.0000,0.1500
179.9667,1.0000,0.1500
180.0000,1.0000,0.1500
180.0333,1.0000,0.1500
180.0667,0.1500,1.0000
180.1000,0.1500,1.0000
180.1333,0.1500,1.0000
180.1667,0.1500,1.0000
180.2000,0.1500,1.0000
180.2333,0.1500,1.0000
180.2667,0.1500,1.0000
180.3000,0.1500,1.0000
180.3333,0.1500,1.0000
180.3667,0.1500,1.0000
180.4000,0.1500,1.0000
180.4333,0.1500,1.0000
180.4667,0.1500,1.0000
180.5000,0.1500,1.0000
180.5333,0.1500,1.0000
180.5667,0.1500,1.0000
180.6000,0.1500,1.0000
180.6333,0.1500,1.0000
180.6667,0.1500,1.0000
180.7000,0.1500,1.0000
180.7333,0.1500,1.0000
180.7667,0.1500,1.0000
180.8000,0.1500,1.0000
180.8333,0.1500,1.0000
180.8667,1.0000,0.1500
180.9000,1.0000,0.1500
180.9333,1.0000,0.1500
180.9667,1.0000,0.1500
181.0000,1.0000,0.1500
181.0333,1.0000,0.1500
181.0667,1.0000,0.1500
181.1000,1.0000,0.1500
181.1333,1.0000,0.1500
181.1667,1.0000,0.1500
181.2000,1.0000,0.1500
181.2333,1.0000,0.1500
181.2667,1.0000,0.1500
181.3000,1.0000,0.1500
181.3333,1.0000,0.1500
181.3667,1.0000,0.1500
181.4000,1.0000,0.1500
181.4333,1.0000,0.1500
181.4667,1.0000,0.1500
181.5000,1.0000,0.1500
181.5333,1.0000,0.1500
181.5667,1.0000,0.1500
181.6000,1.0000,0.1500
181.6333,1.0000,0.1500
181.6667,1.0000,0.1500
181.7000,1.0000,0.1400
181.7333,1.0000,0.1300
181.7667,1.0000,0.1200
181.8000,1.0000,0.1100
181.8333,1.0000,0.1000
181.8667,1.0000,0.0900
181.9000,1.0000,0.0800
181.9333,1.0000,0.0700
181.9667,1.0000,0.0600
182.0000,1.0000,0.0500
182.0333,1.0000,0.0500
182.0667,1.0000,0.0500
182.1000,1.0000,0.0500
182.1333,1.0000,0.0500
182.1667,1.0000,0.0500
182.2000,1.0000,0.0500
182.2333,1.0000,0.0500
182.2667,1.0000,0.0500
182.3000,1.0000,0.0500
182.3333,1.0000,0.0500
182.3667,1.0000,0.0500
182.4000,1.0000,0.0500
182.4333,1.0000,0.0500
182.4667,1.0000,0.0500
182.5000,1.0000,0.0500
182.5333,1.0000,0.0500
182.5667,1.0000,0.0500
182.6000,1.0000,0.0500
182.6333,1.0000,0.0500
182.6667,1.0000,0.0500
182.7000,1.0000,0.0500
182.7333,1.0000,0.0500
182.7667,1.0000,0.0500
182.8000,1.0000,0.0500
182.8333,1.0000,0.0500
182.8667,1.0000,0.0500
182.9000,1.0000,0.0500
182.9333,1.0000,0.0500
182.9667,1.0000,0.0500
183.0000,1.0000,0.0500
183.0333,1.0000,0.0500
183.0667,1.0000,0.0500
183.1000,0.0500,1.0000
183.1333,0.0500,1.0000
183.1667,0.0500,1.0000
183.2000,0.0500,1.0000
183.2333,0.0500,1.0000
183.2667,0.0500,1.0000
183.3000,0.0500,1.0000
183.3333,0.0500,1.0000
183.3667,0.0500,1.0000
183.4000,0.0500,1.0000
183.4333,0.0500,1.0000
183.4667,0.0500,1.0000
183.5000,0.0500,1.0000
183.5333,0.0500,1.0000
183.5667,0.0500,1.0000
183.6000,0.0500,1.0000
183.6333,0.0500,1.0000
183.6667,0.0500,1.0000
183.7000,0.0500,1.0000
183.7333,0.0500,1.0000
183.7667,0.0500,1.0000
183.8000,0.0500,1.0000
183.8333,0.0500,1.0000
183.8667,0.0500,1.0000
183.9000,0.0500,1.0000
183.9333,0.0500,1.0000
183.9667,0.0500,1.0000
184.0000,0.0500,1.0000
184.0333,0.0500,1.0000
184.0667,0.0500,1.0000
184.1000,0.0500,1.0000
184.1333,0.0500,1.0000
184.1667,0.0500,1.0000
184.2000,1.0000,0.0500
184.2333,1.0000,0.0500
184.2667,1.0000,0.0500
184.3000,1.0000,0.0500
184.3333,1.0000,0.0500
184.3667,1.0000,0.0500
184.4000,1.0000,0.0500
184.4333,1.0000,0.0500
184.4667,1.0000,0.0500
184.5000,1.0000,0.0500
184.5333,1.0000,0.0500
184.5667,1.0000,0.0500
184.6000,1.0000,0.0500
184.6333,1.0000,0.0500
184.6667,1.0000,0.0500
184.7000,1.0000,0.0500
184.7333,1.0000,0.0500
184.7667,1.0000,0.0500
184.8000,1.0000,0.0500
184.8333,1.0000,0.0500
184.8667,1.0000,0.0500
184.9000,1.0000,0.0500
184.9333,1.0000,0.0500
184.9667,1.0000,0.0500
185.0000,1.0000,0.0500
185.0333,1.0000,0.0500
185.0667,1.0000,0.0500
185.1000,1.0000,0.0500
185.1333,1.0000,0.0500
185.1667,1.0000,0.0500
185.2000,1.0000,0.0500
185.2333,1.0000,0.0500
185.2667,1.0000,0.0500
185.3000,0.0500,1.0000
185.3333,0.0500,1.0000
185.3667,0.0500,1.0000
185.4000,0.0500,1.0000
185.4333,0.0500,1.0000
185.4667,0.0500,1.0000
185.5000,0.0500,1.0000
185.5333,0.0500,1.0000
185.5667,0.0500,1.0000
185.6000,0.0500,1.0000
185.6333,0.0500,1.0000
185.6667,0.0500,1.0000
185.7000,0.0500,1.0000
185.7333,0.0500,1.0000
185.7667,0.0500,1.0000
185.8000,0.0500,1.0000
185.8333,0.0500,1.0000
185.8667,0.0500,1.0000
185.9000,0.0500,1.0000
185.9333,0.0500,1.0000
185.9667,0.0500,1.0000
186.0000,0.0500,1.0000
186.0333,0.0500,1.0000
186.0667,0.0500,1.0000
186.1000,0.0500,1.0000
186.1333,0.0500,1.0000
186.1667,0.0500,1.0000
186.2000,0.0500,1.0000
186.2333,0.0500,1.0000
186.2667,0.0500,1.0000
186.3000,0.0500,1.0000
186.3333,0.0500,1.0000
186.3667,0.0500,1.0000
186.4000,1.0000,0.0500
186.4333,1.0000,0.0500
186.4667,1.0000,0.0500
186.5000,1.0000,0.0500
186.5333,1.0000,0.0500
186.5667,1.0000,0.0500
186.6000,1.0000,0.0500
186.6333,1.0000,0.0500
186.6667,1.0000,0.0500
186.7000,1.0000,0.0500
186.7333,1.0000,0.0500
186.7667,1.0000,0.0500
186.8000,1.0000,0.0500
186.8333,1.0000,0.0500
186.8667,1.0000,0.0500
186.9000,1.0000,0.0500
186.9333,1.0000,0.0500
186.9667,1.0000,0.0500
187.0000,1.0000,0.0500
187.0333,1.0000,0.0500
187.0667,1.0000,0.0500
187.1000,1.0000,0.0500
187.1333,1.0000,0.0500
187.1667,1.0000,0.0500
187.2000,1.0000,0.0500
187.2333,1.0000,0.0500
187.2667,1.0000,0.0500
187.3000,1.0000,0.0500
187.3333,1.0000,0.0500
187.3667,1.0000,0.0500
187.4000,1.0000,0.0500
187.4333,1.0000,0.0500
187.4667,1.0000,0.0500
187.5000,0.0500,1.0000
187.5333,0.0500,1.0000
187.5667,0.0500,1.0000
187.6000,0.0500,1.0000
187.6333,0.0500,1.0000
187.6667,0.0500,1.0000
187.7000,0.0500,1.0000
187.7333,0.0500,1.0000
187.7667,0.0500,1.0000
187.8000,0.0500,1.0000
187.8333,0.0500,1.0000
187.8667,0.0500,1.0000
187.9000,0.0500,1.0000
187.9333,0.0500,1.0000
187.9667,0.0500,1.0000
188.0000,0.0500,1.0000
188.0333,0.0500,1.0000
188.0667,0.0500,1.0000
188.1000,0.0500,1.0000
188.1333,0.0500,1.0000
188.1667,0.0500,1.0000
188.2000,0.0500,1.0000
188.2333,0.0500,1.0000
188.2667,0.0500,1.0000
188.3000,0.0500,1.0000
188.3333,0.0500,1.0000
188.3667,0.0500,1.0000
188.4000,0.0500,1.0000
188.4333,0.0500,1.0000
188.4667,0.0500,1.0000
188.5000,0.0500,1.0000
188.5333,0.0500,1.0000
188.5667,0.0500,1.0000
188.6000,1.0000,0.0500
188.6333,1.0000,0.0500
188.6667,1.0000,0.0500
188.7000,1.0000,0.0500
188.7333,1.0000,0.0500
188.7667,1.0000,0.0500
188.8000,1.0000,0.0500
188.8333,1.0000,0.0500
188.8667,1.0000,0.0500
188.9000,1.0000,0.0500
188.9333,1.0000,0.0500
188.9667,1.0000,0.0500
189.0000,1.0000,0.0500
189.0333,1.0000,0.0500
189.0667,1.0000,0.0500
189.1000,1.0000,0.0500
189.1333,1.0000,0.0500
189.1667,1.0000,0.0500
189.2000,1.0000,0.0500
189.2333,1.0000,0.0500
189.2667,1.0000,0.0500
189.3000,1.0000,0.0500
189.3333,1.0000,0.0500
189.3667,1.0000,0.0500
189.4000,1.0000,0.0500
189.4333,1.0000,0.0500
189.4667,1.0000,0.0500
189.5000,1.0000,0.0500
189.5333,1.0000,0.0500
189.5667,1.0000,0.0500
189.6000,1.0000,0.0500
189.6333,1.0000,0.0500
189.6667,1.0000,0.0500
189.7000,0.0500,1.0000
189.7333,0.0500,1.0000
189.7667,0.0500,1.0000
189.8000,0.0500,1.0000
189.8333,0.0500,1.0000
189.8667,0.0500,1.0000
189.9000,0.0500,1.0000
189.9333,0.0500,1.0000
189.9667,0.0500,1.0000
190.0000,0.0500,1.0000
190.0333,0.0500,1.0000
190.0667,0.0500,1.0000
190.1000,0.0500,1.0000
190.1333,0.0500,1.0000
190.1667,0.0500,1.0000
190.2000,0.0500,1.0000
190.2333,0.0500,1.0000
190.2667,0.0500,1.0000
190.3000,0.0500,1.0000
190.3333,0.0500,1.0000
190.3667,0.0500,1.0000
190.4000,0.0500,1.0000
190.4333,0.0500,1.0000
190.4667,0.0500,1.0000
190.5000,0.0500,1.0000
190.5333,0.0500,1.0000
190.5667,0.0500,1.0000
190.6000,0.0500,1.0000
190.6333,0.0500,1.0000
190.6667,0.0500,1.0000
190.7000,0.0500,1.0000
190.7333,0.0500,1.0000
190.7667,0.0500,1.0000
190.8000,1.0000,0.0500
190.8333,1.0000,0.0500
190.8667,1.0000,0.0500
190.9000,1.0000,0.0500
190.9333,1.0000,0.0500
190.9667,1.0000,0.0500
191.0000,1.0000,0.0500
191.0333,1.0000,0.0500
191.0667,1.0000,0.0500
191.1000,1.0000,0.0500
191.1333,1.0000,0.0500
191.1667,1.0000,0.0500
191.2000,1.0000,0.0500
191.2333,1.0000,0.0500
191.2667,1.0000,0.0500
191.3000,1.0000,0.0500
191.3333,1.0000,0.0500
191.3667,1.0000,0.0500
191.4000,1.0000,0.0500
191.4333,1.0000,0.0500
191.4667,1.0000,0.0500
191.5000,1.0000,0.0500
191.5333,1.0000,0.0500
191.5667,1.0000,0.0500
191.6000,1.0000,0.0500
191.6333,1.0000,0.0500
191.6667,1.0000,0.0500
191.7000,1.0000,0.0500
191.7333,1.0000,0.0500
191.7667,1.0000,0.0500
191.8000,1.0000,0.0500
191.8333,1.0000,0.0500
191.8667,1.0000,0.0500
191.9000,0.0500,1.0000
191.9333,0.0500,1.0000
191.9667,0.0500,1.0000
192.0000,0.0500,1.0000
192.0333,0.0500,1.0000
192.0667,0.0500,1.0000
192.1000,0.0500,1.0000
192.1333,0.0500,1.0000
192.1667,0.0500,1.0000
192.2000,0.0500,1.0000
192.2333,0.0500,1.0000
192.2667,0.0500,1.0000
192.3000,0.0500,1.0000
192.3333,0.0500,1.0000
192.3667,0.0500,1.0000
192.4000,0.0500,1.0000
192.4333,0.0500,1.0000
192.4667,0.0500,1.0000
192.5000,0.0500,1.0000
192.5333,0.0500,1.0000
192.5667,0.0500,1.0000
192.6000,0.0500,1.0000
192.6333,0.0500,1.0000
192.6667,0.0500,1.0000
192.7000,0.0500,1.0000
192.7333,0.0500,1.0000
192.7667,0.0500,1.0000
192.8000,0.0500,1.0000
192.8333,0.0500,1.0000
192.8667,0.0500,1.0000
192.9000,0.0500,1.0000
192.9333,0.0500,1.0000
192.9667,0.0500,1.0000
193.0000,1.0000,0.0500
193.0333,1.0000,0.0500
193.0667,1.0000,0.0500
193.1000,1.0000,0.0500
193.1333,1.0000,0.0500
193.1667,1.0000,0.0500
193.2000,1.0000,0.0500
193.2333,1.0000,0.0500
193.2667,1.0000,0.0500
193.3000,1.0000,0.0500
193.3333,1.0000,0.0500
193.3667,1.0000,0.0500
193.4000,1.0000,0.0500
193.4333,1.0000,0.0500
193.4667,1.0000,0.0500
193.5000,1.0000,0.0500
193.5333,1.0000,0.0500
193.5667,1.0000,0.0500
193.6000,1.0000,0.0500
193.6333,1.0000,0.0500
193.6667,1.0000,0.0500
193.7000,1.0000,0.0500
193.7333,1.0000,0.0500
193.7667,1.0000,0.0500
193.8000,1.0000,0.0500
193.8333,1.0000,0.0500
193.8667,1.0000,0.0500
193.9000,1.0000,0.0500
193.9333,1.0000,0.0500
193.9667,1.0000,0.0500
194.0000,1.0000,0.0500
194.0333,1.0000,0.0500
194.0667,1.0000,0.0500
194.1000,0.0500,1.0000
194.1333,0.0500,1.0000
194.1667,0.0500,1.0000
194.2000,0.0500,1.0000
194.2333,0.0500,1.0000
194.2667,0.0500,1.0000
194.3000,0.0500,1.0000
194.3333,0.0500,1.0000
194.3667,0.0500,1.0000
194.4000,0.0500,1.0000
194.4333,0.0500,1.0000
194.4667,0.0500,1.0000
194.5000,0.0500,1.0000
194.5333,0.0500,1.0000
194.5667,0.0500,1.0000
194.6000,0.0500,1.0000
194.6333,0.0500,1.0000
194.6667,0.0500,1.0000
194.7000,0.0500,1.0000
194.7333,0.0500,1.0000
194.7667,0.0500,1.0000
194.8000,0.0500,1.0000
194.8333,0.0500,1.0000
194.8667,0.0500,1.0000
194.9000,0.0500,1.0000
194.9333,0.0500,1.0000
194.9667,0.0500,1.0000
195.0000,0.0500,1.0000
195.0333,0.0500,1.0000
195.0667,0.0500,1.0000
195.1000,0.0500,1.0000
195.1333,0.0500,1.0000
195.1667,0.0500,1.0000
195.2000,1.0000,0.0500
195.2333,1.0000,0.0500
195.2667,1.0000,0.0500
195.3000,1.0000,0.0500
195.3333,1.0000,0.0500
195.3667,1.0000,0.0500
195.4000,1.0000,0.0500
195.4333,1.0000,0.0500
195.4667,1.0000,0.0500
195.5000,1.0000,0.0500
195.5333,1.0000,0.0500
195.5667,1.0000,0.0500
195.6000,1.0000,0.0500
195.6333,1.0000,0.0500
195.6667,1.0000,0.0500
195.7000,1.0000,0.0500
195.7333,1.0000,0.0500
195.7667,1.0000,0.0500
195.8000,1.0000,0.0500
195.8333,1.0000,0.0500
195.8667,1.0000,0.0500
195.9000,1.0000,0.0500
195.9333,1.0000,0.0500
195.9667,1.0000,0.0500
196.0000,1.0000,0.0500
196.0333,1.0000,0.0500
196.0667,1.0000,0.0500
196.1000,1.0000,0.0500
196.1333,1.0000,0.0500
196.1667,1.0000,0.0500
196.2000,1.0000,0.0500
196.2333,1.0000,0.0500
196.2667,1.0000,0.0500
196.3000,0.0500,1.0000
196.3333,0.0500,1.0000
196.3667,0.0500,1.0000
196.4000,0.0500,1.0000
196.4333,0.0500,1.0000
196.4667,0.0500,1.0000
196.5000,0.0500,1.0000
196.5333,0.0500,1.0000
196.5667,0.0500,1.0000
196.6000,0.0500,1.0000
196.6333,0.0500,1.0000
196.6667,0.0500,1.0000
196.7000,0.0500,1.0000
196.7333,0.0500,1.0000
196.7667,0.0500,1.0000
196.8000,0.0500,1.0000
196.8333,0.0500,1.0000
196.8667,0.0500,1.0000
196.9000,0.0500,1.0000
196.9333,0.0500,1.0000
196.9667,0.0500,1.0000
197.0000,0.0500,1.0000
197.0333,0.0500,1.0000
197.0667,0.0500,1.0000
197.1000,0.0500,1.0000
197.1333,0.0500,1.0000
197.1667,0.0500,1.0000
197.2000,0.0500,1.0000
197.2333,0.0500,1.0000
197.2667,0.0500,1.0000
197.3000,0.0500,1.0000
197.3333,0.0500,1.0000
197.3667,0.0500,1.0000
197.4000,1.0000,0.0500
197.4333,1.0000,0.0500
197.4667,1.0000,0.0500
197.5000,1.0000,0.0500
197.5333,1.0000,0.0500
197.5667,1.0000,0.0500
197.6000,1.0000,0.0500
197.6333,1.0000,0.0500
197.6667,1.0000,0.0500
197.7000,1.0000,0.0500
197.7333,1.0000,0.0500
197.7667,1.0000,0.0500
197.8000,1.0000,0.0500
197.8333,1.0000,0.0500
197.8667,1.0000,0.0500
197.9000,1.0000,0.0500
197.9333,1.0000,0.0500
197.9667,1.0000,0.0500
198.0000,1.0000,0.0500
198.0333,1.0000,0.0500
198.0667,1.0000,0.0500
198.1000,1.0000,0.0500
198.1333,1.0000,0.0500
198.1667,1.0000,0.0500
198.2000,1.0000,0.0500
198.2333,1.0000,0.0500
198.2667,1.0000,0.0500
198.3000,1.0000,0.0500
198.3333,1.0000,0.0500
198.3667,1.0000,0.0500
198.4000,1.0000,0.0500
198.4333,1.0000,0.0500
198.4667,1.0000,0.0500
198.5000,0.0500,1.0000
198.5333,0.0500,1.0000
198.5667,0.0500,1.0000
198.6000,0.0500,1.0000
198.6333,0.0500,1.0000
198.6667,0.0500,1.0000
198.7000,0.0500,1.0000
198.7333,0.0500,1.0000
198.7667,0.0500,1.0000
198.8000,0.0500,1.0000
198.8333,0.0500,1.0000
198.8667,0.0500,1.0000
198.9000,0.0500,1.0000
198.9333,0.0500,1.0000
198.9667,0.0500,1.0000
199.0000,0.0500,1.0000
199.0333,0.0500,1.0000
199.0667,0.0500,1.0000
199.1000,0.0500,1.0000
199.1333,0.0500,1.0000
199.1667,0.0500,1.0000
199.2000,0.0500,1.0000
199.2333,0.0500,1.0000
199.2667,0.0500,1.0000
199.3000,0.0500,1.0000
199.3333,0.0500,1.0000
199.3667,0.0500,1.0000
199.4000,0.0500,1.0000
199.4333,0.0500,1.0000
199.4667,0.0500,1.0000
199.5000,0.0500,1.0000
199.5333,0.0500,1.0000
199.5667,0.0500,1.0000
199.6000,1.0000,0.0500
199.6333,1.0000,0.0500
199.6667,1.0000,0.0500
199.7000,1.0000,0.0500
199.7333,1.0000,0.0500
199.7667,1.0000,0.0500
199.8000,1.0000,0.0500
199.8333,1.0000,0.0500
199.8667,1.0000,0.0500
199.9000,1.0000,0.0500
199.9333,1.0000,0.0500
199.9667,1.0000,0.0500
200.0000,1.0000,0.0500
200.0333,1.0000,0.0500
200.0667,1.0000,0.0500
200.1000,1.0000,0.0500
200.1333,1.0000,0.0500
200.1667,1.0000,0.0500
200.2000,1.0000,0.0500
200.2333,1.0000,0.0500
200.2667,1.0000,0.0500
200.3000,1.0000,0.0500
200.3333,1.0000,0.0500
200.3667,1.0000,0.0500
200.4000,1.0000,0.0500
200.4333,1.0000,0.0500
200.4667,1.0000,0.0500
200.5000,1.0000,0.0500
200.5333,1.0000,0.0500
200.5667,1.0000,0.0500
200.6000,1.0000,0.0500
200.6333,1.0000,0.0500
200.6667,1.0000,0.0500
200.7000,0.0500,1.0000
200.7333,0.0500,1.0000
200.7667,0.0500,1.0000
200.8000,0.0500,1.0000
200.8333,0.0500,1.0000
200.8667,0.0500,1.0000
200.9000,0.0500,1.0000
200.9333,0.0500,1.0000
200.9667,0.0500,1.0000
201.0000,0.0500,1.0000
201.0333,0.0500,1.0000
201.0667,0.0500,1.0000
201.1000,0.0500,1.0000
201.1333,0.0500,1.0000
201.1667,0.0500,1.0000
201.2000,0.0500,1.0000
201.2333,0.0500,1.0000
201.2667,0.0500,1.0000
201.3000,0.0500,1.0000
201.3333,0.0500,1.0000
201.3667,0.0500,1.0000
201.4000,0.0500,1.0000
201.4333,0.0500,1.0000
201.4667,0.0500,1.0000
201.5000,0.0500,1.0000
201.5333,0.0500,1.0000
201.5667,0.0500,1.0000
201.6000,0.0500,1.0000
201.6333,0.0500,1.0000
201.6667,0.0500,1.0000
201.7000,0.0500,1.0000
201.7333,0.0500,1.0000
201.7667,0.0500,1.0000
201.8000,1.0000,0.0500
201.8333,1.0000,0.0500
201.8667,1.0000,0.0500
201.9000,1.0000,0.0500
201.9333,1.0000,0.0500
201.9667,1.0000,0.0500
202.0000,1.0000,0.0500
202.0333,0.9900,0.1350
202.0667,0.9800,0.2200
202.1000,0.9700,0.3050
202.1333,0.9600,0.3900
202.1667,0.9500,0.4750
202.2000,0.9400,0.5600
202.2333,0.9300,0.6450
202.2667,0.9200,0.7300
202.3000,0.9100,0.8150
202.3333,0.9000,0.9000
202.3667,0.9000,0.9000
202.4000,0.9000,0.9000
202.4333,0.9000,0.9000
202.4667,0.9000,0.9000
202.5000,0.9000,0.9000
202.5333,0.9000,0.9000
202.5667,0.9000,0.9000
202.6000,0.9000,0.9000
202.6333,0.9000,0.9000
202.6667,0.9000,0.9000
202.7000,0.9000,0.9000
202.7333,0.9000,0.9000
202.7667,0.9000,0.9000
202.8000,0.9000,0.9000
202.8333,0.9000,0.9000
202.8667,0.9000,0.9000
202.9000,0.9000,0.9000
202.9333,0.9000,0.9000
202.9667,0.9000,0.9000
203.0000,0.9000,0.9000
203.0333,0.9000,0.9000
203.0667,0.9000,0.9000
203.1000,0.9000,0.9000
203.1333,0.9000,0.9000
203.1667,0.9000,0.9000
203.2000,0.9000,0.9000
203.2333,0.9000,0.9000
203.2667,0.9000,0.9000
203.3000,0.9000,0.9000
203.3333,0.9000,0.9000
203.3667,0.9000,0.9000
203.4000,0.9000,0.9000
203.4333,0.9000,0.9000
203.4667,0.9000,0.9000
203.5000,0.9000,0.9000
203.5333,0.9000,0.9000
203.5667,0.9000,0.9000
203.6000,0.9000,0.9000
203.6333,0.9000,0.9000
203.6667,0.9000,0.9000
203.7000,0.9000,0.9000
203.7333,0.9000,0.9000
203.7667,0.9000,0.9000
203.8000,0.9000,0.9000
203.8333,0.9000,0.9000
203.8667,0.9000,0.9000
203.9000,0.9000,0.9000
203.9333,0.9000,0.9000
203.9667,0.9000,0.9000
204.0000,0.9000,0.9000
204.0333,0.9000,0.9000
204.0667,0.9000,0.9000
204.1000,0.9000,0.9000
204.1333,0.9000,0.9000
204.1667,0.9000,0.9000
204.2000,0.9000,0.9000
204.2333,0.9000,0.9000
204.2667,0.9000,0.9000
204.3000,0.9000,0.9000
204.3333,0.9000,0.9000
204.3667,0.9000,0.9000
204.4000,0.9000,0.9000
204.4333,0.9000,0.9000
204.4667,0.9000,0.9000
204.5000,0.9000,0.9000
204.5333,0.9000,0.9000
204.5667,0.9000,0.9000
204.6000,0.9000,0.9000
204.6333,0.9000,0.9000
204.6667,0.9000,0.9000
204.7000,0.9000,0.9000
204.7333,0.9000,0.9000
204.7667,0.9000,0.9000
204.8000,0.9000,0.9000
204.8333,0.9000,0.9000
204.8667,0.9000,0.9000
204.9000,0.9000,0.9000
204.9333,0.9000,0.9000
204.9667,0.9000,0.9000
205.0000,0.9000,0.9000
205.0333,0.9000,0.9000
205.0667,0.9000,0.9000
205.1000,0.9000,0.9000
205.1333,0.9000,0.9000
205.1667,0.9000,0.9000
205.2000,0.9000,0.9000
205.2333,0.9000,0.9000
205.2667,0.9000,0.9000
205.3000,0.9000,0.9000
205.3333,0.9000,0.9000
205.3667,0.9000,0.9000
205.4000,0.9000,0.9000
205.4333,0.9000,0.9000
205.4667,0.9000,0.9000
205.5000,0.9000,0.9000
205.5333,0.9000,0.9000
205.5667,0.9000,0.9000
205.6000,0.9000,0.9000
205.6333,0.9000,0.9000
205.6667,0.9000,0.9000
205.7000,0.9000,0.9000
205.7333,0.9000,0.9000
205.7667,0.9000,0.9000
205.8000,0.9000,0.9000
205.8333,0.9000,0.9000
205.8667,0.9000,0.9000
205.9000,0.9000,0.9000
205.9333,0.9000,0.9000
205.9667,0.9000,0.9000
206.0000,0.9000,0.9000
206.0333,0.9000,0.9000
206.0667,0.9000,0.9000
206.1000,0.9000,0.9000
206.1333,0.9000,0.9000
206.1667,0.9000,0.9000
206.2000,0.9000,0.9000
206.2333,0.9000,0.9000
206.2667,0.9000,0.9000
206.3000,0.9000,0.9000
206.3333,0.9000,0.9000
206.3667,0.9000,0.9000
206.4000,0.9000,0.9000
206.4333,0.9000,0.9000
206.4667,0.9000,0.9000
206.5000,0.9000,0.9000
206.5333,0.9000,0.9000
206.5667,0.9000,0.9000
206.6000,0.9000,0.9000
206.6333,0.9000,0.9000
206.6667,0.9000,0.9000
206.7000,0.9000,0.9000
206.7333,0.9000,0.9000
206.7667,0.9000,0.9000
206.8000,0.9000,0.9000
206.8333,0.9000,0.9000
206.8667,0.9000,0.9000
206.9000,0.9000,0.9000
206.9333,0.9000,0.9000
206.9667,0.9000,0.9000
207.0000,0.9000,0.9000
207.0333,0.9000,0.9000
207.0667,0.9000,0.9000
207.1000,0.9000,0.9000
207.1333,0.9000,0.9000
207.1667,0.9000,0.9000
207.2000,0.9000,0.9000
207.2333,0.9000,0.9000
207.2667,0.9000,0.9000
207.3000,0.9000,0.9000
207.3333,0.9000,0.9000
207.3667,0.9000,0.9000
207.4000,0.9000,0.9000
207.4333,0.9000,0.9000
207.4667,0.9000,0.9000
207.5000,0.9000,0.9000
207.5333,0.9000,0.9000
207.5667,0.9000,0.9000
207.6000,0.9000,0.9000
207.6333,0.9000,0.9000
207.6667,0.9000,0.9000
207.7000,0.9000,0.9000
207.7333,0.9000,0.9000
207.7667,0.9000,0.9000
207.8000,0.9000,0.9000
207.8333,0.9000,0.9000
207.8667,0.9000,0.9000
207.9000,0.9000,0.9000
207.9333,0.9000,0.9000
207.9667,0.9000,0.9000
208.0000,0.9000,0.9000
208.0333,0.9000,0.9000
208.0667,0.9000,0.9000
208.1000,0.9000,0.9000
208.1333,0.9000,0.9000
208.1667,0.9000,0.9000
208.2000,0.9000,0.9000
208.2333,0.9000,0.9000
208.2667,0.9000,0.9000
208.3000,0.9000,0.9000
208.3333,0.9000,-0.9000
208.3667,0.9000,-0.9000
208.4000,0.9000,-0.9000
208.4333,0.9000,-0.9000
208.4667,0.9000,-0.9000
208.5000,0.9000,-0.9000
208.5333,0.9000,-0.9000
208.5667,0.9000,-0.9000
208.6000,0.9000,-0.9000
208.6333,0.9000,-0.9000
208.6667,0.9000,-0.9000
208.7000,0.9000,-0.9000
208.7333,0.9000,-0.9000
208.7667,0.9000,-0.9000
208.8000,0.9000,-0.9000
208.8333,0.9000,-0.9000
208.8667,0.9000,-0.9000
208.9000,0.9000,-0.9000
208.9333,0.9000,-0.9000
208.9667,0.9000,-0.9000
209.0000,0.9000,-0.9000
209.0333,0.9000,-0.9000
209.0667,0.9000,-0.9000
209.1000,0.9000,-0.9000
209.1333,0.9000,-0.9000
209.1667,0.9000,-0.9000
209.2000,0.9000,-0.9000
209.2333,0.9000,-0.9000
209.2667,0.9000,-0.9000
209.3000,0.9000,-0.9000
209.3333,0.9000,-0.9000
209.3667,0.9000,-0.9000
209.4000,0.9000,-0.9000
209.4333,0.9000,-0.9000
209.4667,0.9000,-0.9000
209.5000,0.9000,-0.9000
209.5333,0.9000,-0.9000
209.5667,0.9000,-0.9000
209.6000,0.9000,-0.9000
209.6333,0.9000,-0.9000
209.6667,0.9000,-0.9000
209.7000,0.9000,-0.9000
209.7333,0.9000,-0.9000
209.7667,0.9000,-0.9000
209.8000,0.9000,-0.9000
209.8333,0.9000,-0.9000
209.8667,0.9000,-0.9000
209.9000,0.9000,-0.9000
209.9333,0.9000,-0.9000
209.9667,0.9000,-0.9000
210.0000,0.9000,-0.9000
210.0333,0.9000,-0.9000
210.0667,0.9000,-0.9000
210.1000,0.9000,-0.9000
210.1333,0.9000,-0.9000
210.1667,0.9000,-0.9000
210.2000,0.9000,-0.9000
210.2333,0.9000,-0.9000
210.2667,0.9000,-0.9000
210.3000,0.9000,-0.9000
210.3333,0.9000,-0.9000
210.3667,0.9000,-0.9000
210.4000,0.9000,-0.9000
210.4333,0.9000,-0.9000
210.4667,0.9000,-0.9000
210.5000,0.9000,-0.9000
210.5333,0.9000,-0.9000
210.5667,0.9000,-0.9000
210.6000,0.9000,-0.9000
210.6333,0.9000,-0.9000
210.6667,0.9000,-0.9000
210.7000,0.9000,-0.9000
210.7333,0.9000,-0.9000
210.7667,0.9000,-0.9000
210.8000,0.9000,-0.9000
210.8333,0.9000,-0.9000
210.8667,0.9000,-0.9000
210.9000,0.9000,-0.9000
210.9333,0.9000,-0.9000
210.9667,0.9000,-0.9000
211.0000,0.9000,-0.9000
211.0333,0.9000,-0.9000
211.0667,0.9000,-0.9000
211.1000,0.9000,-0.9000
211.1333,0.9000,-0.9000
211.1667,0.9000,-0.9000
211.2000,0.9000,-0.9000
211.2333,0.9000,-0.9000
211.2667,0.9000,-0.9000
211.3000,0.9000,-0.9000
211.3333,0.9000,-0.9000
211.3667,0.9000,-0.9000
211.4000,0.9000,-0.9000
211.4333,0.9000,-0.9000
211.4667,0.9000,-0.9000
211.5000,0.9000,-0.9000
211.5333,0.9000,-0.9000
211.5667,0.9000,-0.9000
211.6000,0.9000,-0.9000
211.6333,0.9000,-0.9000
211.6667,0.9000,-0.9000
211.7000,0.9000,-0.9000
211.7333,0.9000,-0.9000
211.7667,0.9000,-0.9000
211.8000,0.9000,-0.9000
211.8333,0.9000,-0.9000
211.8667,0.9000,-0.9000
211.9000,0.9000,-0.9000
211.9333,0.9000,-0.9000
211.9667,0.9000,-0.9000
212.0000,0.9000,-0.9000
212.0333,0.9000,-0.9000
212.0667,0.9000,-0.9000
212.1000,0.9000,-0.9000
212.1333,0.9000,-0.9000
212.1667,0.9000,-0.9000
212.2000,0.9000,-0.9000
212.2333,0.9000,-0.9000
212.2667,0.9000,-0.9000
212.3000,0.9000,-0.9000
212.3333,0.9000,-0.9000
212.3667,0.9000,-0.9000
212.4000,0.9000,-0.9000
212.4333,0.9000,-0.9000
212.4667,0.9000,-0.9000
212.5000,0.9000,-0.9000
212.5333,0.9000,-0.9000
212.5667,0.9000,-0.9000
212.6000,0.9000,-0.9000
212.6333,0.9000,-0.9000
212.6667,0.9000,-0.9000
212.7000,0.9000,-0.9000
212.7333,0.9000,-0.9000
212.7667,0.9000,-0.9000
212.8000,0.9000,-0.9000
212.8333,0.9000,-0.9000
212.8667,0.9000,-0.9000
212.9000,0.9000,-0.9000
212.9333,0.9000,-0.9000
212.9667,0.9000,-0.9000
213.0000,0.9000,-0.9000
213.0333,0.9000,-0.9000
213.0667,0.9000,-0.9000
213.1000,0.9000,-0.9000
213.1333,0.9000,-0.9000
213.1667,0.9000,-0.9000
213.2000,0.9000,-0.9000
213.2333,0.9000,-0.9000
213.2667,0.9000,-0.9000
213.3000,0.9000,-0.9000
213.3333,0.9000,-0.9000
213.3667,0.9000,-0.9000
213.4000,0.9000,-0.9000
213.4333,0.9000,-0.9000
213.4667,0.9000,-0.9000
213.5000,0.9000,-0.9000
213.5333,0.9000,-0.9000
213.5667,0.9000,-0.9000
213.6000,0.9000,-0.9000
213.6333,0.9000,-0.9000
213.6667,0.9000,-0.9000
213.7000,0.9000,-0.9000
213.7333,0.9000,-0.9000
213.7667,0.9000,-0.9000
213.8000,0.9000,-0.9000
213.8333,0.9000,-0.9000
213.8667,0.9000,-0.9000
213.9000,0.9000,-0.9000
213.9333,0.9000,-0.9000
213.9667,0.9000,-0.9000
214.0000,0.9000,-0.9000
214.0333,0.9000,-0.9000
214.0667,0.9000,-0.9000
214.1000,0.9000,-0.9000
214.1333,0.9000,-0.9000
214.1667,0.9000,-0.9000
214.2000,0.9000,-0.9000
214.2333,0.9000,-0.9000
214.2667,0.9000,-0.9000
214.3000,0.9000,-0.9000
214.3333,0.9000,-0.9000
214.3667,0.9000,-0.7200
214.4000,0.9000,-0.5400
214.4333,0.9000,-0.3600
214.4667,0.9000,-0.1800
214.5000,0.9000,-0.0000
214.5333,0.9000,0.1800
214.5667,0.9000,0.3600
214.6000,0.9000,0.5400
214.6333,0.9000,0.7200
214.6667,0.9000,0.9000
214.7000,0.9000,0.9000
214.7333,0.9000,0.9000
214.7667,0.9000,0.9000
214.8000,0.9000,0.9000
214.8333,0.9000,0.9000
214.8667,0.9000,0.9000
214.9000,0.9000,0.9000
214.9333,0.9000,0.9000
214.9667,0.9000,0.9000
215.0000,0.9000,0.9000
215.0333,0.9000,0.9000
215.0667,0.9000,0.9000
215.1000,0.9000,0.9000
215.1333,0.9000,0.9000
215.1667,0.9000,0.9000
215.2000,0.9000,0.9000
215.2333,0.9000,0.9000
215.2667,0.9000,0.9000
215.3000,0.9000,0.9000
215.3333,0.9000,0.9000
215.3667,0.9000,0.9000
215.4000,0.9000,0.9000
215.4333,0.9000,0.9000
215.4667,0.9000,0.9000
215.5000,0.9000,0.9000
215.5333,0.9000,0.9000
215.5667,0.9000,0.9000
215.6000,0.9000,0.9000
215.6333,0.9000,0.9000
215.6667,0.9000,0.9000
215.7000,0.9000,0.9000
215.7333,0.9000,0.9000
215.7667,0.9000,0.9000
215.8000,0.9000,0.9000
215.8333,0.9000,0.9000
215.8667,0.9000,0.9000
215.9000,0.9000,0.9000
215.9333,0.9000,0.9000
215.9667,0.9000,0.9000
216.0000,0.9000,0.9000
216.0333,0.9000,0.9000
216.0667,0.9000,0.9000
216.1000,0.9000,0.9000
216.1333,0.9000,0.9000
216.1667,0.9000,0.9000
216.2000,0.9000,0.9000
216.2333,0.9000,0.9000
216.2667,0.9000,0.9000
216.3000,0.9000,0.9000
216.3333,0.9000,0.9000
216.3667,0.9000,0.9000
216.4000,0.9000,0.9000
216.4333,0.9000,0.9000
216.4667,0.9000,0.9000
216.5000,0.9000,0.9000
216.5333,0.9000,0.9000
216.5667,0.9000,0.9000
216.6000,0.9000,0.9000
216.6333,0.9000,0.9000
216.6667,0.9000,0.9000
216.7000,0.9000,0.9000
216.7333,0.9000,0.9000
216.7667,0.9000,0.9000
216.8000,0.9000,0.9000
216.8333,0.9000,0.9000
216.8667,0.9000,0.9000
216.9000,0.9000,0.9000
216.9333,0.9000,0.9000
216.9667,0.9000,0.9000
217.0000,0.9000,0.9000
217.0333,0.9000,0.9000
217.0667,0.9000,0.9000
217.1000,0.9000,0.9000
217.1333,0.9000,0.9000
217.1667,0.9000,0.9000
217.2000,0.9000,0.9000
217.2333,0.9000,0.9000
217.2667,0.9000,0.9000
217.3000,0.9000,0.9000
217.3333,0.9000,0.9000
217.3667,0.9000,0.9000
217.4000,0.9000,0.9000
217.4333,0.9000,0.9000
217.4667,0.9000,0.9000
217.5000,0.9000,0.9000
217.5333,0.9000,0.9000
217.5667,0.9000,0.9000
217.6000,0.9000,0.9000
217.6333,0.9000,0.9000
217.6667,0.9000,0.9000
217.7000,0.9000,0.9000
217.7333,0.9000,0.9000
217.7667,0.9000,0.9000
217.8000,0.9000,0.9000
217.8333,0.9000,0.9000
217.8667,0.9000,0.9000
217.9000,0.9000,0.9000
217.9333,0.9000,0.9000
217.9667,0.9000,0.9000
218.0000,0.9000,0.9000
218.0333,0.9000,0.9000
218.0667,0.9000,0.9000
218.1000,0.9000,0.9000
218.1333,0.9000,0.9000
218.1667,0.9000,0.9000
218.2000,0.9000,0.9000
218.2333,0.9000,0.9000
218.2667,0.9000,0.9000
218.3000,0.9000,0.9000
218.3333,0.9000,0.9000
218.3667,0.9000,0.9000
218.4000,0.9000,0.9000
218.4333,0.9000,0.9000
218.4667,0.9000,0.9000
218.5000,0.9000,0.9000
218.5333,0.9000,0.9000
218.5667,0.9000,0.9000
218.6000,0.9000,0.9000
218.6333,0.9000,0.9000
218.6667,0.9000,0.9000
218.7000,0.9000,0.9000
218.7333,0.9000,0.9000
218.7667,0.9000,0.9000
218.8000,0.9000,0.9000
218.8333,0.9000,0.9000
218.8667,0.9000,0.9000
218.9000,0.9000,0.9000
218.9333,0.9000,0.9000
218.9667,0.9000,0.9000
219.0000,0.9000,0.9000
219.0333,0.9000,0.9000
219.0667,0.9000,0.9000
219.1000,0.9000,0.9000
219.1333,0.9000,0.9000
219.1667,0.9000,0.9000
219.2000,0.9000,0.9000
219.2333,0.9000,0.9000
219.2667,0.9000,0.9000
219.3000,0.9000,0.9000
219.3333,0.9000,0.9000
219.3667,0.9000,0.9000
219.4000,0.9000,0.9000
219.4333,0.9000,0.9000
219.4667,0.9000,0.9000
219.5000,0.9000,0.9000
219.5333,0.9000,0.9000
219.5667,0.9000,0.9000
219.6000,0.9000,0.9000
219.6333,0.9000,0.9000
219.6667,0.9000,0.9000
219.7000,0.9000,0.9000
219.7333,0.9000,0.9000
219.7667,0.9000,0.9000
219.8000,0.9000,0.9000
219.8333,0.9000,0.9000
219.8667,0.9000,0.9000
219.9000,0.9000,0.9000
219.9333,0.9000,0.9000
219.9667,0.9000,0.9000
220.0000,0.9000,0.9000
220.0333,0.9000,0.9000
220.0667,0.9000,0.9000
220.1000,0.9000,0.9000
220.1333,0.9000,0.9000
220.1667,0.9000,0.9000
220.2000,0.9000,0.9000
220.2333,0.9000,0.9000
220.2667,0.9000,0.9000
220.3000,0.9000,0.9000
220.3333,0.9000,0.9000
220.3667,0.9000,0.9000
220.4000,0.9000,0.9000
220.4333,0.9000,0.9000
220.4667,0.9000,0.9000
220.5000,0.9000,0.9000
220.5333,0.9000,0.9000
220.5667,0.9000,0.9000
220.6000,0.9000,0.9000
220.6333,0.9000,0.9000
220.6667,-0.9000,0.9000
220.7000,-0.9000,0.9000
220.7333,-0.9000,0.9000
220.7667,-0.9000,0.9000
220.8000,-0.9000,0.9000
220.8333,-0.9000,0.9000
220.8667,-0.9000,0.9000
220.9000,-0.9000,0.9000
220.9333,-0.9000,0.9000
220.9667,-0.9000,0.9000
221.0000,-0.9000,0.9000
221.0333,-0.9000,0.9000
221.0667,-0.9000,0.9000
221.1000,-0.9000,0.9000
221.1333,-0.9000,0.9000
221.1667,-0.9000,0.9000
221.2000,-0.9000,0.9000
221.2333,-0.9000,0.9000
221.2667,-0.9000,0.9000
221.3000,-0.9000,0.9000
221.3333,-0.9000,0.9000
221.3667,-0.9000,0.9000
221.4000,-0.9000,0.9000
221.4333,-0.9000,0.9000
221.4667,-0.9000,0.9000
221.5000,-0.9000,0.9000
221.5333,-0.9000,0.9000
221.5667,-0.9000,0.9000
221.6000,-0.9000,0.9000
221.6333,-0.9000,0.9000
221.6667,-0.9000,0.9000
221.7000,-0.9000,0.9000
221.7333,-0.9000,0.9000
221.7667,-0.9000,0.9000
221.8000,-0.9000,0.9000
221.8333,-0.9000,0.9000
221.8667,-0.9000,0.9000
221.9000,-0.9000,0.9000
221.9333,-0.9000,0.9000
221.9667,-0.9000,0.9000
222.0000,-0.9000,0.9000
222.0333,-0.9000,0.9000
222.0667,-0.9000,0.9000
222.1000,-0.9000,0.9000
222.1333,-0.9000,0.9000
222.1667,-0.9000,0.9000
222.2000,-0.9000,0.9000
222.2333,-0.9000,0.9000
222.2667,-0.9000,0.9000
222.3000,-0.9000,0.9000
222.3333,-0.9000,0.9000
222.3667,-0.9000,0.9000
222.4000,-0.9000,0.9000
222.4333,-0.9000,0.9000
222.4667,-0.9000,0.9000
222.5000,-0.9000,0.9000
222.5333,-0.9000,0.9000
222.5667,-0.9000,0.9000
222.6000,-0.9000,0.9000
222.6333,-0.9000,0.9000
222.6667,-0.9000,0.9000
222.7000,-0.9000,0.9000
222.7333,-0.9000,0.9000
222.7667,-0.9000,0.9000
222.8000,-0.9000,0.9000
222.8333,-0.9000,0.9000
222.8667,-0.9000,0.9000
222.9000,-0.9000,0.9000
222.9333,-0.9000,0.9000
222.9667,-0.9000,0.9000
223.0000,-0.9000,0.9000
223.0333,-0.9000,0.9000
223.0667,-0.9000,0.9000
223.1000,-0.9000,0.9000
223.1333,-0.9000,0.9000
223.1667,-0.9000,0.9000
223.2000,-0.9000,0.9000
223.2333,-0.9000,0.9000
223.2667,-0.9000,0.9000
223.3000,-0.9000,0.9000
223.3333,-0.9000,0.9000
223.3667,-0.9000,0.9000
223.4000,-0.9000,0.9000
223.4333,-0.9000,0.9000
223.4667,-0.9000,0.9000
223.5000,-0.9000,0.9000
223.5333,-0.9000,0.9000
223.5667,-0.9000,0.9000
223.6000,-0.9000,0.9000
223.6333,-0.9000,0.9000
223.6667,-0.9000,0.9000
223.7000,-0.9000,0.9000
223.7333,-0.9000,0.9000
223.7667,-0.9000,0.9000
223.8000,-0.9000,0.9000
223.8333,-0.9000,0.9000
223.8667,-0.9000,0.9000
223.9000,-0.9000,0.9000
223.9333,-0.9000,0.9000
223.9667,-0.9000,0.9000
224.0000,-0.9000,0.9000
224.0333,-0.9000,0.9000
224.0667,-0.9000,0.9000
224.1000,-0.9000,0.9000
224.1333,-0.9000,0.9000
224.1667,-0.9000,0.9000
224.2000,-0.9000,0.9000
224.2333,-0.9000,0.9000
224.2667,-0.9000,0.9000
224.3000,-0.9000,0.9000
224.3333,-0.9000,0.9000
224.3667,-0.9000,0.9000
224.4000,-0.9000,0.9000
224.4333,-0.9000,0.9000
224.4667,-0.9000,0.9000
224.5000,-0.9000,0.9000
224.5333,-0.9000,0.9000
224.5667,-0.9000,0.9000
224.6000,-0.9000,0.9000
224.6333,-0.9000,0.9000
224.6667,-0.9000,0.9000
224.7000,-0.9000,0.9000
224.7333,-0.9000,0.9000
224.7667,-0.9000,0.9000
224.8000,-0.9000,0.9000
224.8333,-0.9000,0.9000
224.8667,-0.9000,0.9000
224.9000,-0.9000,0.9000
224.9333,-0.9000,0.9000
224.9667,-0.9000,0.9000
225.0000,-0.9000,0.9000
225.0333,-0.9000,0.9000
225.0667,-0.9000,0.9000
225.1000,-0.9000,0.9000
225.1333,-0.9000,0.9000
225.1667,-0.9000,0.9000
225.2000,-0.9000,0.9000
225.2333,-0.9000,0.9000
225.2667,-0.9000,0.9000
225.3000,-0.9000,0.9000
225.3333,-0.9000,0.9000
225.3667,-0.9000,0.9000
225.4000,-0.9000,0.9000
225.4333,-0.9000,0.9000
225.4667,-0.9000,0.9000
225.5000,-0.9000,0.9000
225.5333,-0.9000,0.9000
225.5667,-0.9000,0.9000
225.6000,-0.9000,0.9000
225.6333,-0.9000,0.9000
225.6667,-0.9000,0.9000
225.7000,-0.9000,0.9000
225.7333,-0.9000,0.9000
225.7667,-0.9000,0.9000
225.8000,-0.9000,0.9000
225.8333,-0.9000,0.9000
225.8667,-0.9000,0.9000
225.9000,-0.9000,0.9000
225.9333,-0.9000,0.9000
225.9667,-0.9000,0.9000
226.0000,-0.9000,0.9000
226.0333,-0.9000,0.9000
226.0667,-0.9000,0.9000
226.1000,-0.9000,0.9000
226.1333,-0.9000,0.9000
226.1667,-0.9000,0.9000
226.2000,-0.9000,0.9000
226.2333,-0.9000,0.9000
226.2667,-0.9000,0.9000
226.3000,-0.9000,0.9000
226.3333,-0.9000,0.9000
226.3667,-0.9000,0.9000
226.4000,-0.9000,0.9000
226.4333,-0.9000,0.9000
226.4667,-0.9000,0.9000
226.5000,-0.9000,0.9000
226.5333,-0.9000,0.9000
226.5667,-0.9000,0.9000
226.6000,-0.9000,0.9000
226.6333,-0.9000,0.9000
226.6667,-0.9000,0.9000
226.7000,-0.7500,0.8700
226.7333,-0.6000,0.8400
226.7667,-0.4500,0.8100
226.8000,-0.3000,0.7800
226.8333,-0.1500,0.7500
226.8667,-0.0000,0.7200
226.9000,0.1500,0.6900
226.9333,0.3000,0.6600
226.9667,0.4500,0.6300
227.0000,0.6000,0.6000
227.0333,0.6000,0.6000
227.0667,0.6000,0.6000
227.1000,0.6000,0.6000
227.1333,0.6000,0.6000
227.1667,0.6000,0.6000
227.2000,0.6000,0.6000
227.2333,0.6000,0.6000
227.2667,0.6000,0.6000
227.3000,0.6000,0.6000
227.3333,0.6000,0.6000
227.3667,0.6000,0.6000
227.4000,0.6000,0.6000
227.4333,0.6000,0.6000
227.4667,0.6000,0.6000
227.5000,0.6000,0.6000
227.5333,0.6000,0.6000
227.5667,0.6000,0.6000
227.6000,0.6000,0.6000
227.6333,0.6000,0.6000
227.6667,0.6000,0.6000
227.7000,0.6000,0.6000
227.7333,0.6000,0.6000
227.7667,0.6000,0.6000
227.8000,0.6000,0.6000
227.8333,0.6000,0.6000
227.8667,0.6000,0.6000
227.9000,0.6000,0.6000
227.9333,0.6000,0.6000
227.9667,0.6000,0.6000
228.0000,0.6000,0.6000
228.0333,0.6000,0.6000
228.0667,0.6000,0.6000
228.1000,0.6000,0.6000
228.1333,0.6000,0.6000
228.1667,0.6000,0.6000
228.2000,0.6000,0.6000
228.2333,0.6000,0.6000
228.2667,0.6000,0.6000
228.3000,0.6000,0.6000
228.3333,0.6000,0.6000
228.3667,0.6000,0.6000
228.4000,0.6000,0.6000
228.4333,0.6000,0.6000
228.4667,0.6000,0.6000
228.5000,0.6000,0.6000
228.5333,0.6000,0.6000
228.5667,0.6000,0.6000
228.6000,0.6000,0.6000
228.6333,0.6000,0.6000
228.6667,0.6000,0.6000
228.7000,0.6000,0.6000
228.7333,0.6000,0.6000
228.7667,0.6000,0.6000
228.8000,0.6000,0.6000
228.8333,0.6000,0.6000
228.8667,0.6000,0.6000
228.9000,0.6000,0.6000
228.9333,0.6000,0.6000
228.9667,0.6000,0.6000
229.0000,0.6000,0.6000
229.0333,0.6000,0.6000
229.0667,0.6000,0.6000
229.1000,0.6000,0.6000
229.1333,0.6000,0.6000
229.1667,0.6000,0.6000
229.2000,0.6000,0.6000
229.2333,0.6000,0.6000
229.2667,0.6000,0.6000
229.3000,0.6000,0.6000
229.3333,0.6000,0.6000
229.3667,0.6000,0.6000
229.4000,0.6000,0.6000
229.4333,0.6000,0.6000
229.4667,0.6000,0.6000
229.5000,0.6000,0.6000
229.5333,0.6000,0.6000
229.5667,0.6000,0.6000
229.6000,0.6000,0.6000
229.6333,0.6000,0.6000
229.6667,0.6000,0.6000
229.7000,0.6000,0.6000
229.7333,0.6000,0.6000
229.7667,0.6000,0.6000
229.8000,0.6000,0.6000
229.8333,0.6000,0.6000
229.8667,0.6000,0.6000
229.9000,0.6000,0.6000
229.9333,0.6000,0.6000
229.9667,0.6000,0.6000
230.0000,0.6000,0.6000
230.0333,0.6000,0.6000
230.0667,0.6000,0.6000
230.1000,0.6000,0.6000
230.1333,0.6000,0.6000
230.1667,0.6000,0.6000
230.2000,0.6000,0.6000
230.2333,0.6000,0.6000
230.2667,0.6000,0.6000
230.3000,0.6000,0.6000
230.3333,0.6000,0.6000
230.3667,0.6000,0.6000
230.4000,0.6000,0.6000
230.4333,0.6000,0.6000
230.4667,0.6000,0.6000
230.5000,0.6000,0.6000
230.5333,0.6000,0.6000
230.5667,0.6000,0.6000
230.6000,0.6000,0.6000
230.6333,0.6000,0.6000
230.6667,0.6000,0.6000
230.7000,0.6000,0.6000
230.7333,0.6000,0.6000
230.7667,0.6000,0.6000
230.8000,0.6000,0.6000
230.8333,0.6000,0.6000
230.8667,0.6000,0.6000
230.9000,0.6000,0.6000
230.9333,0.6000,0.6000
230.9667,0.6000,0.6000
231.0000,0.6000,0.6000
231.0333,0.6000,0.6000
231.0667,0.6000,0.6000
231.1000,0.6000,0.6000
231.1333,0.6000,0.6000
231.1667,0.6000,0.6000
231.2000,0.6000,0.6000
231.2333,0.6000,0.6000
231.2667,0.6000,0.6000
231.3000,0.6000,0.6000
231.3333,0.6000,0.6000
231.3667,0.6000,0.6000
231.4000,0.6000,0.6000
231.4333,0.6000,0.6000
231.4667,0.6000,0.6000
231.5000,0.6000,0.6000
231.5333,0.6000,0.6000
231.5667,0.6000,0.6000
231.6000,0.6000,0.6000
231.6333,0.6000,0.6000
231.6667,0.6000,0.6000
231.7000,0.6000,0.6000
231.7333,0.6000,0.6000
231.7667,0.6000,0.6000
231.8000,0.6000,0.6000
231.8333,0.6000,0.6000
231.8667,0.6000,0.6000
231.9000,0.6000,0.6000
231.9333,0.6000,0.6000
231.9667,0.6000,0.6000
232.0000,0.8000,-0.8000
232.0333,0.8000,-0.8000
232.0667,0.8000,-0.8000
232.1000,0.8000,-0.8000
232.1333,0.8000,-0.8000
232.1667,0.8000,-0.8000
232.2000,0.8000,-0.8000
232.2333,0.8000,-0.8000
232.2667,0.8000,-0.8000
232.3000,0.8000,-0.8000
232.3333,0.8000,-0.8000
232.3667,0.8000,-0.8000
232.4000,0.8000,-0.8000
232.4333,0.8000,-0.8000
232.4667,0.8000,-0.8000
232.5000,0.8000,-0.8000
232.5333,0.8000,-0.8000
232.5667,0.8000,-0.8000
232.6000,0.8000,-0.8000
232.6333,0.8000,-0.8000
232.6667,0.8000,-0.8000
232.7000,0.8000,-0.8000
232.7333,0.8000,-0.8000
232.7667,0.8000,-0.8000
232.8000,0.8000,-0.8000
232.8333,0.8000,-0.8000
232.8667,0.8000,-0.8000
232.9000,0.8000,-0.8000
232.9333,0.8000,-0.8000
232.9667,0.8000,-0.8000
233.0000,0.8000,-0.8000
233.0333,0.8000,-0.8000
233.0667,0.8000,-0.8000
233.1000,0.8000,-0.8000
233.1333,0.8000,-0.8000
233.1667,0.8000,-0.8000
233.2000,0.8000,-0.8000
233.2333,0.8000,-0.8000
233.2667,0.8000,-0.8000
233.3000,0.8000,-0.8000
233.3333,0.8000,-0.8000
233.3667,0.8000,-0.8000
233.4000,0.8000,-0.8000
233.4333,0.8000,-0.8000
233.4667,0.8000,-0.8000
233.5000,0.8000,-0.8000
233.5333,0.8000,-0.8000
233.5667,0.8000,-0.8000
233.6000,0.8000,-0.8000
233.6333,0.8000,-0.8000
233.6667,0.8000,-0.8000
233.7000,0.8000,-0.8000
233.7333,0.8000,-0.8000
233.7667,0.8000,-0.8000
233.8000,0.8000,-0.8000
233.8333,0.8000,-0.8000
233.8667,0.8000,-0.8000
233.9000,0.8000,-0.8000
233.9333,0.8000,-0.8000
233.9667,0.8000,-0.8000
234.0000,0.8000,-0.8000
234.0333,0.8000,-0.8000
234.0667,0.8000,-0.8000
234.1000,0.8000,-0.8000
234.1333,0.8000,-0.8000
234.1667,0.8000,-0.8000
234.2000,0.8000,-0.8000
234.2333,0.8000,-0.8000
234.2667,0.8000,-0.8000
234.3000,0.8000,-0.8000
234.3333,0.8000,-0.8000
234.3667,0.8000,-0.8000
234.4000,0.8000,-0.8000
234.4333,0.8000,-0.8000
234.4667,0.8000,-0.8000
234.5000,0.8000,-0.8000
234.5333,0.8000,-0.8000
234.5667,0.8000,-0.8000
234.6000,0.8000,-0.8000
234.6333,0.8000,-0.8000
234.6667,0.8000,-0.8000
234.7000,0.8000,-0.8000
234.7333,0.8000,-0.8000
234.7667,0.8000,-0.8000
234.8000,0.8000,-0.8000
234.8333,0.8000,-0.8000
234.8667,0.8000,-0.8000
234.9000,0.8000,-0.8000
234.9333,0.8000,-0.8000
234.9667,0.8000,-0.8000
235.0000,0.8000,-0.8000
235.0333,0.8000,-0.8000
235.0667,0.8000,-0.8000
235.1000,0.8000,-0.8000
235.1333,0.8000,-0.8000
235.1667,0.8000,-0.8000
235.2000,0.8000,-0.8000
235.2333,0.8000,-0.8000
235.2667,0.8000,-0.8000
235.3000,0.8000,-0.8000
235.3333,0.8000,-0.8000
235.3667,0.8000,-0.8000
235.4000,0.8000,-0.8000
235.4333,0.8000,-0.8000
235.4667,0.8000,-0.8000
235.5000,0.8000,-0.8000
235.5333,0.8000,-0.8000
235.5667,0.8000,-0.8000
235.6000,0.8000,-0.8000
235.6333,0.8000,-0.8000
235.6667,0.8000,-0.8000
235.7000,0.8000,-0.8000
235.7333,0.8000,-0.8000
235.7667,0.8000,-0.8000
235.8000,0.8000,-0.8000
235.8333,0.8000,-0.8000
235.8667,0.8000,-0.8000
235.9000,0.8000,-0.8000
235.9333,0.8000,-0.8000
235.9667,0.8000,-0.8000
236.0000,0.8000,-0.8000
236.0333,0.8000,-0.8000
236.0667,0.8000,-0.8000
236.1000,0.8000,-0.8000
236.1333,0.8000,-0.8000
236.1667,0.8000,-0.8000
236.2000,0.8000,-0.8000
236.2333,0.8000,-0.8000
236.2667,0.8000,-0.8000
236.3000,0.8000,-0.8000
236.3333,0.8000,-0.8000
236.3667,0.8000,-0.8000
236.4000,0.8000,-0.8000
236.4333,0.8000,-0.8000
236.4667,0.8000,-0.8000
236.5000,0.8000,-0.8000
236.5333,0.8000,-0.8000
236.5667,0.8000,-0.8000
236.6000,0.8000,-0.8000
236.6333,0.8000,-0.8000
236.6667,0.8000,-0.8000
236.7000,0.8000,-0.8000
236.7333,0.8000,-0.8000
236.7667,0.8000,-0.8000
236.8000,0.8000,-0.8000
236.8333,0.8000,-0.8000
236.8667,0.8000,-0.8000
236.9000,0.8000,-0.8000
236.9333,0.8000,-0.8000
236.9667,0.8000,-0.8000
237.0000,0.8000,-0.8000
237.0333,0.6600,-0.7800
237.0667,0.5200,-0.7600
237.1000,0.3800,-0.7400
237.1333,0.2400,-0.7200
237.1667,0.1000,-0.7000
237.2000,-0.0400,-0.6800
237.2333,-0.1800,-0.6600
237.2667,-0.3200,-0.6400
237.3000,-0.4600,-0.6200
237.3333,-0.6000,-0.6000
237.3667,-0.6000,-0.6000
237.4000,-0.6000,-0.6000
237.4333,-0.6000,-0.6000
237.4667,-0.6000,-0.6000
237.5000,-0.6000,-0.6000
237.5333,-0.6000,-0.6000
237.5667,-0.6000,-0.6000
237.6000,-0.6000,-0.6000
237.6333,-0.6000,-0.6000
237.6667,-0.6000,-0.6000
237.7000,-0.6000,-0.6000
237.7333,-0.6000,-0.6000
237.7667,-0.6000,-0.6000
237.8000,-0.6000,-0.6000
237.8333,-0.6000,-0.6000
237.8667,-0.6000,-0.6000
237.9000,-0.6000,-0.6000
237.9333,-0.6000,-0.6000
237.9667,-0.6000,-0.6000
238.0000,-0.6000,-0.6000
238.0333,-0.6000,-0.6000
238.0667,-0.6000,-0.6000
238.1000,-0.6000,-0.6000
238.1333,-0.6000,-0.6000
238.1667,-0.6000,-0.6000
238.2000,-0.6000,-0.6000
238.2333,-0.6000,-0.6000
238.2667,-0.6000,-0.6000
238.3000,-0.6000,-0.6000
238.3333,-0.6000,-0.6000
238.3667,-0.6000,-0.6000
238.4000,-0.6000,-0.6000
238.4333,-0.6000,-0.6000
238.4667,-0.6000,-0.6000
238.5000,-0.6000,-0.6000
238.5333,-0.6000,-0.6000
238.5667,-0.6000,-0.6000
238.6000,-0.6000,-0.6000
238.6333,-0.6000,-0.6000
238.6667,-0.6000,-0.6000
238.7000,-0.6000,-0.6000
238.7333,-0.6000,-0.6000
238.7667,-0.6000,-0.6000
238.8000,-0.6000,-0.6000
238.8333,-0.6000,-0.6000
238.8667,-0.6000,-0.6000
238.9000,-0.6000,-0.6000
238.9333,-0.6000,-0.6000
238.9667,-0.6000,-0.6000
239.0000,-0.6000,-0.6000
239.0333,-0.6000,-0.6000
239.0667,-0.6000,-0.6000
239.1000,-0.6000,-0.6000
239.1333,-0.6000,-0.6000
239.1667,-0.6000,-0.6000
239.2000,-0.6000,-0.6000
239.2333,-0.6000,-0.6000
239.2667,-0.6000,-0.6000
239.3000,-0.6000,-0.6000
239.3333,-0.6000,-0.6000
239.3667,-0.6000,-0.6000
239.4000,-0.6000,-0.6000
239.4333,-0.6000,-0.6000
239.4667,-0.6000,-0.6000
239.5000,-0.6000,-0.6000
239.5333,-0.6000,-0.6000
239.5667,-0.6000,-0.6000
239.6000,-0.6000,-0.6000
239.6333,-0.6000,-0.6000
239.6667,-0.6000,-0.6000
239.7000,-0.6000,-0.6000
239.7333,-0.6000,-0.6000
239.7667,-0.6000,-0.6000
239.8000,-0.6000,-0.6000
239.8333,-0.6000,-0.6000
239.8667,-0.6000,-0.6000
239.9000,-0.6000,-0.6000
239.9333,-0.6000,-0.6000
239.9667,-0.6000,-0.6000
240.0000,-0.6000,-0.6000
240.0333,-0.6000,-0.6000
240.0667,-0.6000,-0.6000
240.1000,-0.6000,-0.6000
240.1333,-0.6000,-0.6000
240.1667,-0.6000,-0.6000
240.2000,-0.6000,-0.6000
240.2333,-0.6000,-0.6000
240.2667,-0.6000,-0.6000
240.3000,-0.6000,-0.6000
240.3333,-0.6000,-0.6000
240.3667,-0.6000,-0.6000
240.4000,-0.6000,-0.6000
240.4333,-0.6000,-0.6000
240.4667,-0.6000,-0.6000
240.5000,-0.6000,-0.6000
240.5333,-0.6000,-0.6000
240.5667,-0.6000,-0.6000
240.6000,-0.6000,-0.6000
240.6333,-0.6000,-0.6000
240.6667,-0.6000,-0.6000
240.7000,-0.6000,-0.6000
240.7333,-0.6000,-0.6000
240.7667,-0.6000,-0.6000
240.8000,-0.6000,-0.6000
240.8333,-0.6000,-0.6000
240.8667,-0.6000,-0.6000
240.9000,-0.6000,-0.6000
240.9333,-0.6000,-0.6000
240.9667,-0.6000,-0.6000
241.0000,-0.6000,-0.6000
241.0333,-0.6000,-0.6000
241.0667,-0.6000,-0.6000
241.1000,-0.6000,-0.6000
241.1333,-0.6000,-0.6000
241.1667,-0.6000,-0.6000
241.2000,-0.6000,-0.6000
241.2333,-0.6000,-0.6000
241.2667,-0.6000,-0.6000
241.3000,-0.6000,-0.6000
241.3333,-0.6000,-0.6000
241.3667,-0.6000,-0.6000
241.4000,-0.6000,-0.6000
241.4333,-0.6000,-0.6000
241.4667,-0.6000,-0.6000
241.5000,-0.6000,-0.6000
241.5333,-0.6000,-0.6000
241.5667,-0.6000,-0.6000
241.6000,-0.6000,-0.6000
241.6333,-0.6000,-0.6000
241.6667,-0.6000,-0.6000
241.7000,-0.6000,-0.6000
241.7333,-0.6000,-0.6000
241.7667,-0.6000,-0.6000
241.8000,-0.6000,-0.6000
241.8333,-0.6000,-0.6000
241.8667,-0.6000,-0.6000
241.9000,-0.6000,-0.6000
241.9333,-0.6000,-0.6000
241.9667,-0.6000,-0.6000
242.0000,-0.6000,-0.6000
242.0333,-0.6000,-0.6000
242.0667,-0.6000,-0.6000
242.1000,-0.6000,-0.6000
242.1333,-0.6000,-0.6000
242.1667,-0.6000,-0.6000
242.2000,-0.6000,-0.6000
242.2333,-0.6000,-0.6000
242.2667,-0.6000,-0.6000
242.3000,-0.6000,-0.6000
242.3333,0.8000,-0.8000
242.3667,0.8000,-0.8000
242.4000,0.8000,-0.8000
242.4333,0.8000,-0.8000
242.4667,0.8000,-0.8000
242.5000,0.8000,-0.8000
242.5333,0.8000,-0.8000
242.5667,0.8000,-0.8000
242.6000,0.8000,-0.8000
242.6333,0.8000,-0.8000
242.6667,0.8000,-0.8000
242.7000,0.8000,-0.8000
242.7333,0.8000,-0.8000
242.7667,0.8000,-0.8000
242.8000,0.8000,-0.8000
242.8333,0.8000,-0.8000
242.8667,0.8000,-0.8000
242.9000,0.8000,-0.8000
242.9333,0.8000,-0.8000
242.9667,0.8000,-0.8000
243.0000,0.8000,-0.8000
243.0333,0.8000,-0.8000
243.0667,0.8000,-0.8000
243.1000,0.8000,-0.8000
243.1333,0.8000,-0.8000
243.1667,0.8000,-0.8000
243.2000,0.8000,-0.8000
243.2333,0.8000,-0.8000
243.2667,0.8000,-0.8000
243.3000,0.8000,-0.8000
243.3333,0.8000,-0.8000
243.3667,0.8000,-0.8000
243.4000,0.8000,-0.8000
243.4333,0.8000,-0.8000
243.4667,0.8000,-0.8000
243.5000,0.8000,-0.8000
243.5333,0.8000,-0.8000
243.5667,0.8000,-0.8000
243.6000,0.8000,-0.8000
243.6333,0.8000,-0.8000
243.6667,0.8000,-0.8000
243.7000,0.8000,-0.8000
243.7333,0.8000,-0.8000
243.7667,0.8000,-0.8000
243.8000,0.8000,-0.8000
243.8333,0.8000,-0.8000
243.8667,0.8000,-0.8000
243.9000,0.8000,-0.8000
243.9333,0.8000,-0.8000
243.9667,0.8000,-0.8000
244.0000,0.8000,-0.8000
244.0333,0.8000,-0.8000
244.0667,0.8000,-0.8000
244.1000,0.8000,-0.8000
244.1333,0.8000,-0.8000
244.1667,0.8000,-0.8000
244.2000,0.8000,-0.8000
244.2333,0.8000,-0.8000
244.2667,0.8000,-0.8000
244.3000,0.8000,-0.8000
244.3333,0.8000,-0.8000
244.3667,0.8000,-0.8000
244.4000,0.8000,-0.8000
244.4333,0.8000,-0.8000
244.4667,0.8000,-0.8000
244.5000,0.8000,-0.8000
244.5333,0.8000,-0.8000
244.5667,0.8000,-0.8000
244.6000,0.8000,-0.8000
244.6333,0.8000,-0.8000
244.6667,0.8000,-0.8000
244.7000,0.8000,-0.8000
244.7333,0.8000,-0.8000
244.7667,0.8000,-0.8000
244.8000,0.8000,-0.8000
244.8333,0.8000,-0.8000
244.8667,0.8000,-0.8000
244.9000,0.8000,-0.8000
244.9333,0.8000,-0.8000
244.9667,0.8000,-0.8000
245.0000,0.8000,-0.8000
245.0333,0.8000,-0.8000
245.0667,0.8000,-0.8000
245.1000,0.8000,-0.8000
245.1333,0.8000,-0.8000
245.1667,0.8000,-0.8000
245.2000,0.8000,-0.8000
245.2333,0.8000,-0.8000
245.2667,0.8000,-0.8000
245.3000,0.8000,-0.8000
245.3333,0.8000,-0.8000
245.3667,0.8000,-0.8000
245.4000,0.8000,-0.8000
245.4333,0.8000,-0.8000
245.4667,0.8000,-0.8000
245.5000,0.8000,-0.8000
245.5333,0.8000,-0.8000
245.5667,0.8000,-0.8000
245.6000,0.8000,-0.8000
245.6333,0.8000,-0.8000
245.6667,0.8000,-0.8000
245.7000,0.8000,-0.8000
245.7333,0.8000,-0.8000
245.7667,0.8000,-0.8000
245.8000,0.8000,-0.8000
245.8333,0.8000,-0.8000
245.8667,0.8000,-0.8000
245.9000,0.8000,-0.8000
245.9333,0.8000,-0.8000
245.9667,0.8000,-0.8000
246.0000,0.8000,-0.8000
246.0333,0.8000,-0.8000
246.0667,0.8000,-0.8000
246.1000,0.8000,-0.8000
246.1333,0.8000,-0.8000
246.1667,0.8000,-0.8000
246.2000,0.8000,-0.8000
246.2333,0.8000,-0.8000
246.2667,0.8000,-0.8000
246.3000,0.8000,-0.8000
246.3333,0.8000,-0.8000
246.3667,0.8000,-0.8000
246.4000,0.8000,-0.8000
246.4333,0.8000,-0.8000
246.4667,0.8000,-0.8000
246.5000,0.8000,-0.8000
246.5333,0.8000,-0.8000
246.5667,0.8000,-0.8000
246.6000,0.8000,-0.8000
246.6333,0.8000,-0.8000
246.6667,0.8000,-0.8000
246.7000,0.8000,-0.8000
246.7333,0.8000,-0.8000
246.7667,0.8000,-0.8000
246.8000,0.8000,-0.8000
246.8333,0.8000,-0.8000
246.8667,0.8000,-0.8000
246.9000,0.8000,-0.8000
246.9333,0.8000,-0.8000
246.9667,0.8000,-0.8000
247.0000,0.8000,-0.8000
247.0333,0.8000,-0.8000
247.0667,0.8000,-0.8000
247.1000,0.8000,-0.8000
247.1333,0.8000,-0.8000
247.1667,0.8000,-0.8000
247.2000,0.8000,-0.8000
247.2333,0.8000,-0.8000
247.2667,0.8000,-0.8000
247.3000,0.8000,-0.8000
247.3333,0.8000,-0.8000
247.3667,0.7800,-0.6600
247.4000,0.7600,-0.5200
247.4333,0.7400,-0.3800
247.4667,0.7200,-0.2400
247.5000,0.7000,-0.1000
247.5333,0.6800,0.0400
247.5667,0.6600,0.1800
247.6000,0.6400,0.3200
247.6333,0.6200,0.4600
247.6667,0.6000,0.6000
247.7000,0.6066,0.5934
247.7333,0.6132,0.5868
247.7667,0.6198,0.5802
247.8000,0.6264,0.5736
247.8333,0.6330,0.5670
247.8667,0.6395,0.5605
247.9000,0.6461,0.5539
247.9333,0.6527,0.5473
247.9667,0.6592,0.5408
248.0000,0.6657,0.5343
248.0333,0.6723,0.5277
248.0667,0.6788,0.5212
248.1000,0.6852,0.5148
248.1333,0.6917,0.5083
248.1667,0.6982,0.5018
248.2000,0.7046,0.4954
248.2333,0.7110,0.4890
248.2667,0.7174,0.4826
248.3000,0.7237,0.4763
248.3333,0.7301,0.4699
248.3667,0.7364,0.4636
248.4000,0.7426,0.4574
248.4333,0.7489,0.4511
248.4667,0.7551,0.4449
248.5000,0.7613,0.4387
248.5333,0.7674,0.4326
248.5667,0.7735,0.4265
248.6000,0.7796,0.4204
248.6333,0.7856,0.4144
248.6667,0.7916,0.4084
248.7000,0.7975,0.4025
248.7333,0.8035,0.3965
248.7667,0.8093,0.3907
248.8000,0.8151,0.3849
248.8333,0.8209,0.3791
248.8667,0.8266,0.3734
248.9000,0.8323,0.3677
248.9333,0.8379,0.3621
248.9667,0.8435,0.3565
249.0000,0.8490,0.3510
249.0333,0.8545,0.3455
249.0667,0.8599,0.3401
249.1000,0.8653,0.3347
249.1333,0.8706,0.3294
249.1667,0.8758,0.3242
249.2000,0.8810,0.3190
249.2333,0.8861,0.3139
249.2667,0.8912,0.3088
249.3000,0.8962,0.3038
249.3333,0.9011,0.2989
249.3667,0.9060,0.2940
249.4000,0.9108,0.2892
249.4333,0.9155,0.2845
249.4667,0.9202,0.2798
249.5000,0.9248,0.2752
249.5333,0.9293,0.2707
249.5667,0.9338,0.2662
249.6000,0.9382,0.2618
249.6333,0.9425,0.2575
249.6667,0.9467,0.2533
249.7000,0.9509,0.2491
249.7333,0.9550,0.2450
249.7667,0.9590,0.2410
249.8000,0.9629,0.2371
249.8333,0.9668,0.2332
249.8667,0.9706,0.2294
249.9000,0.9743,0.2257
249.9333,0.9779,0.2221
249.9667,0.9815,0.2185
250.0000,0.9849,0.2151
250.0333,0.9883,0.2117
250.0667,0.9916,0.2084
250.1000,0.9948,0.2052
250.1333,0.9979,0.2021
250.1667,1.0000,0.1990
250.2000,1.0000,0.1961
250.2333,1.0000,0.1932
250.2667,1.0000,0.1905
250.3000,1.0000,0.1878
250.3333,1.0000,0.1852
250.3667,1.0000,0.1826
250.4000,1.0000,0.1802
250.4333,1.0000,0.1779
250.4667,1.0000,0.1757
250.5000,1.0000,0.1735
250.5333,1.0000,0.1714
250.5667,1.0000,0.1695
250.6000,1.0000,0.1676
250.6333,1.0000,0.1658
250.6667,1.0000,0.1641
250.7000,1.0000,0.1625
250.7333,1.0000,0.1610
250.7667,1.0000,0.1596
250.8000,1.0000,0.1583
250.8333,1.0000,0.1571
250.8667,1.0000,0.1560
250.9000,1.0000,0.1550
250.9333,1.0000,0.1540
250.9667,1.0000,0.1532
251.0000,1.0000,0.1525
251.0333,1.0000,0.1518
251.0667,1.0000,0.1513
251.1000,1.0000,0.1508
251.1333,1.0000,0.1505
251.1667,1.0000,0.1502
251.2000,1.0000,0.1501
251.2333,1.0000,0.1500
251.2667,1.0000,0.1500
251.3000,1.0000,0.1502
251.3333,1.0000,0.1504
251.3667,1.0000,0.1507
251.4000,1.0000,0.1511
251.4333,1.0000,0.1517
251.4667,1.0000,0.1523
251.5000,1.0000,0.1530
251.5333,1.0000,0.1538
251.5667,1.0000,0.1547
251.6000,1.0000,0.1557
251.6333,1.0000,0.1568
251.6667,1.0000,0.1580
251.7000,1.0000,0.1593
251.7333,1.0000,0.1606
251.7667,1.0000,0.1621
251.8000,1.0000,0.1637
251.8333,1.0000,0.1653
251.8667,1.0000,0.1671
251.9000,1.0000,0.1689
251.9333,1.0000,0.1709
251.9667,1.0000,0.1729
252.0000,1.0000,0.1750
252.0333,1.0000,0.1772
252.0667,1.0000,0.1796
252.1000,1.0000,0.1819
252.1333,1.0000,0.1844
252.1667,1.0000,0.1870
252.2000,1.0000,0.1897
252.2333,1.0000,0.1924
252.2667,1.0000,0.1953
252.3000,1.0000,0.1982
252.3333,0.9988,0.2012
252.3667,0.9957,0.2043
252.4000,0.9925,0.2075
252.4333,0.9892,0.2108
252.4667,0.9859,0.2141
252.5000,0.9825,0.2175
252.5333,0.9789,0.2211
252.5667,0.9753,0.2247
252.6000,0.9717,0.2283
252.6333,0.9679,0.2321
252.6667,0.9641,0.2359
252.7000,0.9601,0.2399
252.7333,0.9561,0.2439
252.7667,0.9521,0.2479
252.8000,0.9479,0.2521
252.8333,0.9437,0.2563
252.8667,0.9394,0.2606
252.9000,0.9350,0.2650
252.9333,0.9306,0.2694
252.9667,0.9261,0.2739
253.0000,0.9215,0.2785
253.0333,0.9169,0.2831
253.0667,0.9121,0.2879
253.1000,0.9074,0.2926
253.1333,0.9025,0.2975
253.1667,0.8976,0.3024
253.2000,0.8926,0.3074
253.2333,0.8876,0.3124
253.2667,0.8825,0.3175
253.3000,0.8773,0.3227
253.3333,0.8721,0.3279
253.3667,0.8668,0.3332
253.4000,0.8614,0.3386
253.4333,0.8560,0.3440
253.4667,0.8506,0.3494
253.5000,0.8451,0.3549
253.5333,0.8395,0.3605
253.5667,0.8339,0.3661
253.6000,0.8283,0.3717
253.6333,0.8225,0.3775
253.6667,0.8168,0.3832
253.7000,0.8110,0.3890
253.7333,0.8051,0.3949
253.7667,0.7992,0.4008
253.8000,0.7933,0.4067
253.8333,0.7873,0.4127
253.8667,0.7813,0.4187
253.9000,0.7753,0.4247
253.9333,0.7692,0.4308
253.9667,0.7630,0.4370
254.0000,0.7569,0.4431
254.0333,0.7507,0.4493
254.0667,0.7444,0.4556
254.1000,0.7382,0.4618
254.1333,0.7319,0.4681
254.1667,0.7255,0.4745
254.2000,0.7192,0.4808
254.2333,0.7128,0.4872
254.2667,0.7064,0.4936
254.3000,0.7000,0.5000
254.3333,0.6936,0.5064
254.3667,0.6871,0.5129
254.4000,0.6806,0.5194
254.4333,0.6741,0.5259
254.4667,0.6676,0.5324
254.5000,0.6611,0.5389
254.5333,0.6545,0.5455
254.5667,0.6480,0.5520
254.6000,0.6414,0.5586
254.6333,0.6348,0.5652
254.6667,0.6283,0.5717
254.7000,0.6217,0.5783
254.7333,0.6151,0.5849
254.7667,0.6085,0.5915
254.8000,0.6019,0.5981
254.8333,0.5953,0.6047
254.8667,0.5887,0.6113
254.9000,0.5821,0.6179
254.9333,0.5755,0.6245
254.9667,0.5689,0.6311
255.0000,0.5623,0.6377
255.0333,0.5558,0.6442
255.0667,0.5492,0.6508
255.1000,0.5427,0.6573
255.1333,0.5361,0.6639
255.1667,0.5296,0.6704
255.2000,0.5231,0.6769
255.2333,0.5166,0.6834
255.2667,0.5101,0.6899
255.3000,0.5037,0.6963
255.3333,0.4972,0.7028
255.3667,0.4908,0.7092
255.4000,0.4844,0.7156
255.4333,0.4781,0.7219
255.4667,0.4717,0.7283
255.5000,0.4654,0.7346
255.5333,0.4592,0.7408
255.5667,0.4529,0.7471
255.6000,0.4467,0.7533
255.6333,0.4405,0.7595
255.6667,0.4343,0.7657
255.7000,0.4282,0.7718
255.7333,0.4221,0.7779
255.7667,0.4161,0.7839
255.8000,0.4101,0.7899
255.8333,0.4041,0.7959
255.8667,0.3982,0.8018
255.9000,0.3924,0.8076
255.9333,0.3865,0.8135
255.9667,0.3807,0.8193
256.0000,0.3750,0.8250
256.0333,0.3693,0.8307
256.0667,0.3637,0.8363
256.1000,0.3581,0.8419
256.1333,0.3525,0.8475
256.1667,0.3471,0.8529
256.2000,0.3416,0.8584
256.2333,0.3363,0.8637
256.2667,0.3309,0.8691
256.3000,0.3257,0.8743
256.3333,0.3205,0.8795
256.3667,0.3153,0.8847
256.4000,0.3103,0.8897
256.4333,0.3052,0.8948
256.4667,0.3003,0.8997
256.5000,0.2954,0.9046
256.5333,0.2906,0.9094
256.5667,0.2858,0.9142
256.6000,0.2811,0.9189
256.6333,0.2765,0.9235
256.6667,0.2720,0.9280
256.7000,0.2675,0.9325
256.7333,0.2631,0.9369
256.7667,0.2587,0.9413
256.8000,0.2545,0.9455
256.8333,0.2503,0.9497
256.8667,0.2462,0.9538
256.9000,0.2421,0.9579
256.9333,0.2382,0.9618
256.9667,0.2343,0.9657
257.0000,0.2305,0.9695
257.0333,0.2268,0.9732
257.0667,0.2231,0.9769
257.1000,0.2195,0.9805
257.1333,0.2161,0.9839
257.1667,0.2127,0.9873
257.2000,0.2093,0.9907
257.2333,0.2061,0.9939
257.2667,0.2030,0.9970
257.3000,0.1999,1.0000
257.3333,0.1969,1.0000
257.3667,0.1940,1.0000
257.4000,0.1912,1.0000
257.4333,0.1885,1.0000
257.4667,0.1859,1.0000
257.5000,0.1834,1.0000
257.5333,0.1809,1.0000
257.5667,0.1786,1.0000
257.6000,0.1763,1.0000
257.6333,0.1741,1.0000
257.6667,0.1720,1.0000
257.7000,0.1700,1.0000
257.7333,0.1681,1.0000
257.7667,0.1663,1.0000
257.8000,0.1646,1.0000
257.8333,0.1630,1.0000
257.8667,0.1615,1.0000
257.9000,0.1600,1.0000
257.9333,0.1587,1.0000
257.9667,0.1574,1.0000
258.0000,0.1563,1.0000
258.0333,0.1552,1.0000
258.0667,0.1543,1.0000
258.1000,0.1534,1.0000
258.1333,0.1527,1.0000
258.1667,0.1520,1.0000
258.2000,0.1514,1.0000
258.2333,0.1509,1.0000
258.2667,0.1506,1.0000
258.3000,0.1503,1.0000
258.3333,0.1501,1.0000
258.3667,0.1500,1.0000
258.4000,0.1500,1.0000
258.4333,0.1501,1.0000
258.4667,0.1503,1.0000
258.5000,0.1506,1.0000
258.5333,0.1510,1.0000
258.5667,0.1515,1.0000
258.6000,0.1521,1.0000
258.6333,0.1528,1.0000
258.6667,0.1535,1.0000
258.7000,0.1544,1.0000
258.7333,0.1554,1.0000
258.7667,0.1565,1.0000
258.8000,0.1576,1.0000
258.8333,0.1589,1.0000
258.8667,0.1602,1.0000
258.9000,0.1617,1.0000
258.9333,0.1632,1.0000
258.9667,0.1648,1.0000
259.0000,0.1666,1.0000
259.0333,0.1684,1.0000
259.0667,0.1703,1.0000
259.1000,0.1723,1.0000
259.1333,0.1744,1.0000
259.1667,0.1766,1.0000
259.2000,0.1789,1.0000
259.2333,0.1813,1.0000
259.2667,0.1837,1.0000
259.3000,0.1863,1.0000
259.3333,0.1889,1.0000
259.3667,0.1916,1.0000
259.4000,0.1944,1.0000
259.4333,0.1973,1.0000
259.4667,0.2003,0.9997
259.5000,0.2034,0.9966
259.5333,0.2066,0.9934
259.5667,0.2098,0.9902
259.6000,0.2131,0.9869
259.6333,0.2166,0.9834
259.6667,0.2201,0.9799
259.7000,0.2236,0.9764
259.7333,0.2273,0.9727
259.7667,0.2310,0.9690
259.8000,0.2348,0.9652
259.8333,0.2387,0.9613
259.8667,0.2427,0.9573
259.9000,0.2468,0.9532
259.9333,0.2509,0.9491
259.9667,0.2551,0.9449
260.0000,0.2594,0.9406
260.0333,0.2637,0.9363
260.0667,0.2681,0.9319
260.1000,0.2726,0.9274
260.1333,0.2772,0.9228
260.1667,0.2818,0.9182
260.2000,0.2865,0.9135
260.2333,0.2913,0.9087
260.2667,0.2961,0.9039
260.3000,0.3010,0.8990
260.3333,0.3060,0.8940
260.3667,0.3110,0.8890
260.4000,0.3161,0.8839
260.4333,0.3212,0.8788
260.4667,0.3264,0.8736
260.5000,0.3317,0.8683
260.5333,0.3370,0.8630
260.5667,0.3424,0.8576
260.6000,0.3478,0.8522
260.6333,0.3533,0.8467
260.6667,0.3589,0.8411
260.7000,0.3645,0.8355
260.7333,0.3701,0.8299
260.7667,0.3758,0.8242
260.8000,0.3816,0.8184
260.8333,0.3874,0.8126
260.8667,0.3932,0.8068
260.9000,0.3991,0.8009
260.9333,0.4050,0.7950
260.9667,0.4110,0.7890
261.0000,0.4170,0.7830
261.0333,0.4230,0.7770
261.0667,0.4291,0.7709
261.1000,0.4352,0.7648
261.1333,0.4414,0.7586
261.1667,0.4476,0.7524
261.2000,0.4538,0.7462
261.2333,0.4600,0.7400
261.2667,0.4663,0.7337
261.3000,0.4726,0.7274
261.3333,0.4790,0.7210
261.3667,0.4854,0.7146
261.4000,0.4917,0.7083
261.4333,0.4982,0.7018
261.4667,0.5046,0.6954
261.5000,0.5111,0.6889
261.5333,0.5175,0.6825
261.5667,0.5240,0.6760
261.6000,0.5305,0.6695
261.6333,0.5371,0.6629
261.6667,0.5436,0.6564
261.7000,0.5502,0.6498
261.7333,0.5567,0.6433
261.7667,0.5633,0.6367
261.8000,0.5699,0.6301
261.8333,0.5764,0.6236
261.8667,0.5830,0.6170
261.9000,0.5896,0.6104
261.9333,0.5962,0.6038
261.9667,0.6028,0.5972
262.0000,0.6094,0.5906
262.0333,0.6160,0.5840
262.0667,0.6226,0.5774
262.1000,0.6292,0.5708
262.1333,0.6358,0.5642
262.1667,0.6423,0.5577
262.2000,0.6489,0.5511
262.2333,0.6555,0.5445
262.2667,0.6620,0.5380
262.3000,0.6685,0.5315
262.3333,0.6750,0.5250
262.3667,0.6815,0.5185
262.4000,0.6880,0.5120
262.4333,0.6945,0.5055
262.4667,0.7009,0.4991
262.5000,0.7073,0.4927
262.5333,0.7137,0.4863
262.5667,0.7201,0.4799
262.6000,0.7265,0.4735
262.6333,0.7328,0.4672
262.6667,0.7391,0.4609
262.7000,0.7453,0.4547
262.7333,0.7515,0.4485
262.7667,0.7577,0.4423
262.8000,0.7639,0.4361
262.8333,0.7700,0.4300
262.8667,0.7761,0.4239
262.9000,0.7822,0.4178
262.9333,0.7882,0.4118
262.9667,0.7942,0.4058
263.0000,0.8001,0.3999
263.0333,0.8060,0.3940
263.0667,0.8118,0.3882
263.1000,0.8176,0.3824
263.1333,0.8234,0.3766
263.1667,0.8291,0.3709
263.2000,0.8347,0.3653
263.2333,0.8403,0.3597
263.2667,0.8459,0.3541
263.3000,0.8514,0.3486
263.3333,0.8568,0.3432
263.3667,0.8622,0.3378
263.4000,0.8675,0.3325
263.4333,0.8728,0.3272
263.4667,0.8780,0.3220
263.5000,0.8832,0.3168
263.5333,0.8883,0.3117
263.5667,0.8933,0.3067
263.6000,0.8983,0.3017
263.6333,0.9032,0.2968
263.6667,0.9080,0.2920
263.7000,0.9128,0.2872
263.7333,0.9175,0.2825
263.7667,0.9222,0.2778
263.8000,0.9267,0.2733
263.8333,0.9312,0.2688
263.8667,0.9357,0.2643
263.9000,0.9400,0.2600
263.9333,0.9443,0.2557
263.9667,0.9485,0.2515
264.0000,0.9527,0.2473
264.0333,0.9567,0.2433
264.0667,0.9607,0.2393
264.1000,0.9646,0.2354
264.1333,0.9684,0.2316
264.1667,0.9722,0.2278
264.2000,0.9759,0.2241
264.2333,0.9794,0.2206
264.2667,0.9829,0.2171
264.3000,0.9864,0.2136
264.3333,0.9897,0.2103
264.3667,0.9930,0.2070
264.4000,0.9961,0.2039
264.4333,0.9992,0.2008
264.4667,1.0000,0.1978
264.5000,1.0000,0.1949
264.5333,1.0000,0.1920
264.5667,1.0000,0.1893
264.6000,1.0000,0.1866
264.6333,1.0000,0.1841
264.6667,1.0000,0.1816
264.7000,1.0000,0.1792
264.7333,1.0000,0.1769
264.7667,1.0000,0.1747
264.8000,1.0000,0.1726
264.8333,1.0000,0.1706
264.8667,1.0000,0.1687
264.9000,1.0000,0.1668
264.9333,1.0000,0.1651
264.9667,1.0000,0.1634
265.0000,1.0000,0.1619
265.0333,1.0000,0.1604
265.0667,1.0000,0.1591
265.1000,1.0000,0.1578
265.1333,1.0000,0.1566
265.1667,1.0000,0.1555
265.2000,1.0000,0.1546
265.2333,1.0000,0.1537
265.2667,1.0000,0.1529
265.3000,1.0000,0.1522
265.3333,1.0000,0.1516
265.3667,1.0000,0.1511
265.4000,1.0000,0.1507
265.4333,1.0000,0.1504
265.4667,1.0000,0.1501
265.5000,1.0000,0.1500
265.5333,1.0000,0.1500
265.5667,1.0000,0.1501
265.6000,1.0000,0.1503
265.6333,1.0000,0.1505
265.6667,1.0000,0.1509
265.7000,1.0000,0.1514
265.7333,1.0000,0.1519
265.7667,1.0000,0.1526
265.8000,1.0000,0.1533
265.8333,1.0000,0.1542
265.8667,1.0000,0.1551
265.9000,1.0000,0.1561
265.9333,1.0000,0.1573
265.9667,1.0000,0.1585
266.0000,1.0000,0.1598
266.0333,1.0000,0.1613
266.0667,1.0000,0.1628
266.1000,1.0000,0.1644
266.1333,1.0000,0.1661
266.1667,1.0000,0.1679
266.2000,1.0000,0.1698
266.2333,1.0000,0.1717
266.2667,1.0000,0.1738
266.3000,1.0000,0.1760
266.3333,1.0000,0.1782
266.3667,1.0000,0.1806
266.4000,1.0000,0.1830
266.4333,1.0000,0.1855
266.4667,1.0000,0.1881
266.5000,1.0000,0.1908
266.5333,1.0000,0.1936
266.5667,1.0000,0.1965
266.6000,1.0000,0.1995
266.6333,0.9975,0.2025
266.6667,0.9943,0.2057
266.7000,0.9911,0.2089
266.7333,0.9878,0.2122
266.7667,0.9844,0.2156
266.8000,0.9810,0.2190
266.8333,0.9774,0.2226
266.8667,0.9738,0.2262
266.9000,0.9701,0.2299
266.9333,0.9663,0.2337
266.9667,0.9624,0.2376
267.0000,0.9584,0.2416
267.0333,0.9544,0.2456
267.0667,0.9503,0.2497
267.1000,0.9461,0.2539
267.1333,0.9419,0.2581
267.1667,0.9375,0.2625
267.2000,0.9332,0.2668
267.2333,0.9287,0.2713
267.2667,0.9241,0.2759
267.3000,0.9195,0.2805
267.3333,0.9148,0.2852
267.3667,0.9101,0.2899
267.4000,0.9053,0.2947
267.4333,0.9004,0.2996
267.4667,0.8955,0.3045
267.5000,0.8905,0.3095
267.5333,0.8854,0.3146
267.5667,0.8803,0.3197
267.6000,0.8751,0.3249
267.6333,0.8698,0.3302
267.6667,0.8645,0.3355
267.7000,0.8591,0.3409
267.7333,0.8537,0.3463
267.7667,0.8482,0.3518
267.8000,0.8427,0.3573
267.8333,0.8371,0.3629
267.8667,0.8315,0.3685
267.9000,0.8258,0.3742
267.9333,0.8201,0.3799
267.9667,0.8143,0.3857
268.0000,0.8085,0.3915
268.0333,0.8026,0.3974
268.0667,0.7967,0.4033
268.1000,0.7907,0.4093
268.1333,0.7848,0.4152
268.1667,0.7787,0.4213
268.2000,0.7726,0.4274
268.2333,0.7665,0.4335
268.2667,0.7604,0.4396
268.3000,0.7542,0.4458
268.3333,0.7480,0.4520
268.3667,0.7417,0.4583
268.4000,0.7355,0.4645
268.4333,0.7292,0.4708
268.4667,0.7228,0.4772
268.5000,0.7165,0.4835
268.5333,0.7101,0.4899
268.5667,0.7037,0.4963
268.6000,0.6972,0.5028
268.6333,0.6908,0.5092
268.6667,0.6843,0.5157
268.7000,0.6778,0.5222
268.7333,0.6713,0.5287
268.7667,0.6648,0.5352
268.8000,0.6583,0.5417
268.8333,0.6517,0.5483
268.8667,0.6452,0.5548
268.9000,0.6386,0.5614
268.9333,0.6320,0.5680
268.9667,0.6254,0.5746
269.0000,0.6188,0.5812
269.0333,0.6123,0.5877
269.0667,0.6057,0.5943
269.1000,0.5991,0.6009
269.1333,0.5925,0.6075
269.1667,0.5859,0.6141
269.2000,0.5793,0.6207
269.2333,0.5727,0.6273
269.2667,0.5661,0.6339
269.3000,0.5595,0.6405
269.3333,0.5530,0.6470
269.3667,0.5464,0.6536
269.4000,0.5399,0.6601
269.4333,0.5333,0.6667
269.4667,0.5268,0.6732
269.5000,0.5203,0.6797
269.5333,0.5138,0.6862
269.5667,0.5074,0.6926
269.6000,0.5009,0.6991
269.6333,0.4945,0.7055
269.6667,0.4881,0.7119
269.7000,0.4817,0.7183
269.7333,0.4754,0.7246
269.7667,0.4690,0.7310
269.8000,0.4627,0.7373
269.8333,0.4565,0.7435
269.8667,0.4502,0.7498
269.9000,0.4440,0.7560
269.9333,0.4379,0.7621
269.9667,0.4317,0.7683
270.0000,0.4256,0.7744
270.0333,0.4196,0.7804
270.0667,0.4135,0.7865
270.1000,0.4075,0.7925
270.1333,0.4016,0.7984
270.1667,0.3957,0.8043
270.2000,0.3898,0.8102
270.2333,0.3840,0.8160
270.2667,0.3783,0.8217
270.3000,0.3726,0.8274
270.3333,0.3669,0.8331
270.3667,0.3613,0.8387
270.4000,0.3557,0.8443
270.4333,0.3502,0.8498
270.4667,0.3447,0.8553
270.5000,0.3393,0.8607
270.5333,0.3340,0.8660
270.5667,0.3287,0.8713
270.6000,0.3234,0.8766
270.6333,0.3183,0.8817
270.6667,0.3132,0.8868
270.7000,0.3081,0.8919
270.7333,0.3031,0.8969
270.7667,0.2982,0.9018
270.8000,0.2933,0.9067
270.8333,0.2885,0.9115
270.8667,0.2838,0.9162
270.9000,0.2791,0.9209
270.9333,0.2746,0.9254
270.9667,0.2700,0.9300
271.0000,0.2656,0.9344
271.0333,0.2612,0.9388
271.0667,0.2569,0.9431
271.1000,0.2527,0.9473
271.1333,0.2485,0.9515
271.1667,0.2444,0.9556
271.2000,0.2404,0.9596
271.2333,0.2365,0.9635
271.2667,0.2326,0.9674
271.3000,0.2289,0.9711
271.3333,0.2252,0.9748
271.3667,0.2216,0.9784
271.4000,0.2180,0.9820
271.4333,0.2146,0.9854
271.4667,0.2112,0.9888
271.5000,0.2080,0.9920
271.5333,0.2048,0.9952
271.5667,0.2016,0.9984
271.6000,0.1986,1.0000
271.6333,0.1957,1.0000
271.6667,0.1928,1.0000
271.7000,0.1901,1.0000
271.7333,0.1874,1.0000
271.7667,0.1848,1.0000
271.8000,0.1823,1.0000
271.8333,0.1799,1.0000
271.8667,0.1776,1.0000
271.9000,0.1753,1.0000
271.9333,0.1732,1.0000
271.9667,0.1712,1.0000
272.0000,0.1692,1.0000
272.0333,0.1673,1.0000
272.0667,0.1656,1.0000
272.1000,0.1639,1.0000
272.1333,0.1623,1.0000
272.1667,0.1608,1.0000
272.2000,0.1594,1.0000
272.2333,0.1581,1.0000
272.2667,0.1569,1.0000
272.3000,0.1558,1.0000
272.3333,0.1548,1.0000
272.3667,0.1539,1.0000
272.4000,0.1531,1.0000
272.4333,0.1524,1.0000
272.4667,0.1517,1.0000
272.5000,0.1512,1.0000
272.5333,0.1508,1.0000
272.5667,0.1504,1.0000
272.6000,0.1502,1.0000
272.6333,0.1500,1.0000
272.6667,0.1500,1.0000
272.7000,0.0850,0.8500
272.7333,0.0200,0.7000
272.7667,-0.0450,0.5500
272.8000,-0.1100,0.4000
272.8333,-0.1750,0.2500
272.8667,-0.2400,0.1000
272.9000,-0.3050,-0.0500
272.9333,-0.3700,-0.2000
272.9667,-0.4350,-0.3500
273.0000,-0.5000,-0.5000
273.0333,-0.4934,-0.5066
273.0667,-0.4868,-0.5132
273.1000,-0.4802,-0.5198
273.1333,-0.4736,-0.5264
273.1667,-0.4670,-0.5330
273.2000,-0.4605,-0.5395
273.2333,-0.4539,-0.5461
273.2667,-0.4473,-0.5527
273.3000,-0.4408,-0.5592
273.3333,-0.4343,-0.5657
273.3667,-0.4277,-0.5723
273.4000,-0.4212,-0.5788
273.4333,-0.4148,-0.5852
273.4667,-0.4083,-0.5917
273.5000,-0.4018,-0.5982
273.5333,-0.3954,-0.6046
273.5667,-0.3890,-0.6110
273.6000,-0.3826,-0.6174
273.6333,-0.3763,-0.6237
273.6667,-0.3699,-0.6301
273.7000,-0.3636,-0.6364
273.7333,-0.3574,-0.6426
273.7667,-0.3511,-0.6489
273.8000,-0.3449,-0.6551
273.8333,-0.3387,-0.6613
273.8667,-0.3326,-0.6674
273.9000,-0.3265,-0.6735
273.9333,-0.3204,-0.6796
273.9667,-0.3144,-0.6856
274.0000,-0.3084,-0.6916
274.0333,-0.3025,-0.6975
274.0667,-0.2965,-0.7035
274.1000,-0.2907,-0.7093
274.1333,-0.2849,-0.7151
274.1667,-0.2791,-0.7209
274.2000,-0.2734,-0.7266
274.2333,-0.2677,-0.7323
274.2667,-0.2621,-0.7379
274.3000,-0.2565,-0.7435
274.3333,-0.2510,-0.7490
274.3667,-0.2455,-0.7545
274.4000,-0.2401,-0.7599
274.4333,-0.2347,-0.7653
274.4667,-0.2294,-0.7706
274.5000,-0.2242,-0.7758
274.5333,-0.2190,-0.7810
274.5667,-0.2139,-0.7861
274.6000,-0.2088,-0.7912
274.6333,-0.2038,-0.7962
274.6667,-0.1989,-0.8011
274.7000,-0.1940,-0.8060
274.7333,-0.1892,-0.8108
274.7667,-0.1845,-0.8155
274.8000,-0.1798,-0.8202
274.8333,-0.1752,-0.8248
274.8667,-0.1707,-0.8293
274.9000,-0.1662,-0.8338
274.9333,-0.1618,-0.8382
274.9667,-0.1575,-0.8425
275.0000,-0.1533,-0.8467
275.0333,-0.1491,-0.8509
275.0667,-0.1450,-0.8550
275.1000,-0.1410,-0.8590
275.1333,-0.1371,-0.8629
275.1667,-0.1332,-0.8668
275.2000,-0.1294,-0.8706
275.2333,-0.1257,-0.8743
275.2667,-0.1221,-0.8779
275.3000,-0.1185,-0.8815
275.3333,-0.1151,-0.8849
275.3667,-0.1117,-0.8883
275.4000,-0.1084,-0.8916
275.4333,-0.1052,-0.8948
275.4667,-0.1021,-0.8979
275.5000,-0.0990,-0.9010
275.5333,-0.0961,-0.9039
275.5667,-0.0932,-0.9068
275.6000,-0.0905,-0.9095
275.6333,-0.0878,-0.9122
275.6667,-0.0852,-0.9148
275.7000,-0.0826,-0.9174
275.7333,-0.0802,-0.9198
275.7667,-0.0779,-0.9221
275.8000,-0.0757,-0.9243
275.8333,-0.0735,-0.9265
275.8667,-0.0714,-0.9286
275.9000,-0.0695,-0.9305
275.9333,-0.0676,-0.9324
275.9667,-0.0658,-0.9342
276.0000,-0.0641,-0.9359
276.0333,-0.0625,-0.9375
276.0667,-0.0610,-0.9390
276.1000,-0.0596,-0.9404
276.1333,-0.0583,-0.9417
276.1667,-0.0571,-0.9429
276.2000,-0.0560,-0.9440
276.2333,-0.0550,-0.9450
276.2667,-0.0540,-0.9460
276.3000,-0.0532,-0.9468
276.3333,-0.0525,-0.9475
276.3667,-0.0518,-0.9482
276.4000,-0.0513,-0.9487
276.4333,-0.0508,-0.9492
276.4667,-0.0505,-0.9495
276.5000,-0.0502,-0.9498
276.5333,-0.0501,-0.9499
276.5667,-0.0500,-0.9500
276.6000,-0.0500,-0.9500
276.6333,-0.0502,-0.9498
276.6667,-0.0504,-0.9496
276.7000,-0.0507,-0.9493
276.7333,-0.0511,-0.9489
276.7667,-0.0517,-0.9483
276.8000,-0.0523,-0.9477
276.8333,-0.0530,-0.9470
276.8667,-0.0538,-0.9462
276.9000,-0.0547,-0.9453
276.9333,-0.0557,-0.9443
276.9667,-0.0568,-0.9432
277.0000,-0.0580,-0.9420
277.0333,-0.0593,-0.9407
277.0667,-0.0606,-0.9394
277.1000,-0.0621,-0.9379
277.1333,-0.0637,-0.9363
277.1667,-0.0653,-0.9347
277.2000,-0.0671,-0.9329
277.2333,-0.0689,-0.9311
277.2667,-0.0709,-0.9291
277.3000,-0.0729,-0.9271
277.3333,-0.0750,-0.9250
277.3667,-0.0772,-0.9228
277.4000,-0.0796,-0.9204
277.4333,-0.0819,-0.9181
277.4667,-0.0844,-0.9156
277.5000,-0.0870,-0.9130
277.5333,-0.0897,-0.9103
277.5667,-0.0924,-0.9076
277.6000,-0.0953,-0.9047
277.6333,-0.0982,-0.9018
277.6667,-0.1012,-0.8988
277.7000,-0.1043,-0.8957
277.7333,-0.1075,-0.8925
277.7667,-0.1108,-0.8892
277.8000,-0.1141,-0.8859
277.8333,-0.1175,-0.8825
277.8667,-0.1211,-0.8789
277.9000,-0.1247,-0.8753
277.9333,-0.1283,-0.8717
277.9667,-0.1321,-0.8679
278.0000,-0.1359,-0.8641
278.0333,-0.1399,-0.8601
278.0667,-0.1439,-0.8561
278.1000,-0.1479,-0.8521
278.1333,-0.1521,-0.8479
278.1667,-0.1563,-0.8437
278.2000,-0.1606,-0.8394
278.2333,-0.1650,-0.8350
278.2667,-0.1694,-0.8306
278.3000,-0.1739,-0.8261
278.3333,-0.1785,-0.8215
278.3667,-0.1831,-0.8169
278.4000,-0.1879,-0.8121
278.4333,-0.1926,-0.8074
278.4667,-0.1975,-0.8025
278.5000,-0.2024,-0.7976
278.5333,-0.2074,-0.7926
278.5667,-0.2124,-0.7876
278.6000,-0.2175,-0.7825
278.6333,-0.2227,-0.7773
278.6667,-0.2279,-0.7721
278.7000,-0.2332,-0.7668
278.7333,-0.2386,-0.7614
278.7667,-0.2440,-0.7560
278.8000,-0.2494,-0.7506
278.8333,-0.2549,-0.7451
278.8667,-0.2605,-0.7395
278.9000,-0.2661,-0.7339
278.9333,-0.2717,-0.7283
278.9667,-0.2775,-0.7225
279.0000,-0.2832,-0.7168
279.0333,-0.2890,-0.7110
279.0667,-0.2949,-0.7051
279.1000,-0.3008,-0.6992
279.1333,-0.3067,-0.6933
279.1667,-0.3127,-0.6873
279.2000,-0.3187,-0.6813
279.2333,-0.3247,-0.6753
279.2667,-0.3308,-0.6692
279.3000,-0.3370,-0.6630
279.3333,-0.3431,-0.6569
279.3667,-0.3493,-0.6507
279.4000,-0.3556,-0.6444
279.4333,-0.3618,-0.6382
279.4667,-0.3681,-0.6319
279.5000,-0.3745,-0.6255
279.5333,-0.3808,-0.6192
279.5667,-0.3872,-0.6128
279.6000,-0.3936,-0.6064
279.6333,-0.4000,-0.6000
279.6667,-0.4064,-0.5936
279.7000,-0.4129,-0.5871
279.7333,-0.4194,-0.5806
279.7667,-0.4259,-0.5741
279.8000,-0.4324,-0.5676
279.8333,-0.4389,-0.5611
279.8667,-0.4455,-0.5545
279.9000,-0.4520,-0.5480
279.9333,-0.4586,-0.5414
279.9667,-0.4652,-0.5348
280.0000,-0.4717,-0.5283
280.0333,-0.4783,-0.5217
280.0667,-0.4849,-0.5151
280.1000,-0.4915,-0.5085
280.1333,-0.4981,-0.5019
280.1667,-0.5047,-0.4953
280.2000,-0.5113,-0.4887
280.2333,-0.5179,-0.4821
280.2667,-0.5245,-0.4755
280.3000,-0.5311,-0.4689
280.3333,-0.5377,-0.4623
280.3667,-0.5442,-0.4558
280.4000,-0.5508,-0.4492
280.4333,-0.5573,-0.4427
280.4667,-0.5639,-0.4361
280.5000,-0.5704,-0.4296
280.5333,-0.5769,-0.4231
280.5667,-0.5834,-0.4166
280.6000,-0.5899,-0.4101
280.6333,-0.5963,-0.4037
280.6667,-0.6028,-0.3972
280.7000,-0.6092,-0.3908
280.7333,-0.6156,-0.3844
280.7667,-0.6219,-0.3781
280.8000,-0.6283,-0.3717
280.8333,-0.6346,-0.3654
280.8667,-0.6408,-0.3592
280.9000,-0.6471,-0.3529
280.9333,-0.6533,-0.3467
280.9667,-0.6595,-0.3405
281.0000,-0.6657,-0.3343
281.0333,-0.6718,-0.3282
281.0667,-0.6779,-0.3221
281.1000,-0.6839,-0.3161
281.1333,-0.6899,-0.3101
281.1667,-0.6959,-0.3041
281.2000,-0.7018,-0.2982
281.2333,-0.7076,-0.2924
281.2667,-0.7135,-0.2865
281.3000,-0.7193,-0.2807
281.3333,-0.7250,-0.2750
281.3667,-0.7307,-0.2693
281.4000,-0.7363,-0.2637
281.4333,-0.7419,-0.2581
281.4667,-0.7475,-0.2525
281.5000,-0.7529,-0.2471
281.5333,-0.7584,-0.2416
281.5667,-0.7637,-0.2363
281.6000,-0.7691,-0.2309
281.6333,-0.7743,-0.2257
281.6667,-0.7795,-0.2205
281.7000,-0.7847,-0.2153
281.7333,-0.7897,-0.2103
281.7667,-0.7948,-0.2052
281.8000,-0.7997,-0.2003
281.8333,-0.8046,-0.1954
281.8667,-0.8094,-0.1906
281.9000,-0.8142,-0.1858
281.9333,-0.8189,-0.1811
281.9667,-0.8235,-0.1765
282.0000,-0.8280,-0.1720
282.0333,-0.8325,-0.1675
282.0667,-0.8369,-0.1631
282.1000,-0.8413,-0.1587
282.1333,-0.8455,-0.1545
282.1667,-0.8497,-0.1503
282.2000,-0.8538,-0.1462
282.2333,-0.8579,-0.1421
282.2667,-0.8618,-0.1382
282.3000,-0.8657,-0.1343
282.3333,-0.8695,-0.1305
282.3667,-0.8732,-0.1268
282.4000,-0.8769,-0.1231
282.4333,-0.8805,-0.1195
282.4667,-0.8839,-0.1161
282.5000,-0.8873,-0.1127
282.5333,-0.8907,-0.1093
282.5667,-0.8939,-0.1061
282.6000,-0.8970,-0.1030
282.6333,-0.9001,-0.0999
282.6667,-0.9031,-0.0969
282.7000,-0.9060,-0.0940
282.7333,-0.9088,-0.0912
282.7667,-0.9115,-0.0885
282.8000,-0.9141,-0.0859
282.8333,-0.9166,-0.0834
282.8667,-0.9191,-0.0809
282.9000,-0.9214,-0.0786
282.9333,-0.9237,-0.0763
282.9667,-0.9259,-0.0741
283.0000,-0.9280,-0.0720
283.0333,-0.9300,-0.0700
283.0667,-0.9319,-0.0681
283.1000,-0.9337,-0.0663
283.1333,-0.9354,-0.0646
283.1667,-0.9370,-0.0630
283.2000,-0.9385,-0.0615
283.2333,-0.9400,-0.0600
283.2667,-0.9413,-0.0587
283.3000,-0.9426,-0.0574
283.3333,-0.9437,-0.0563
283.3667,-0.9448,-0.0552
283.4000,-0.9457,-0.0543
283.4333,-0.9466,-0.0534
283.4667,-0.9473,-0.0527
283.5000,-0.9480,-0.0520
283.5333,-0.9486,-0.0514
283.5667,-0.9491,-0.0509
283.6000,-0.9494,-0.0506
283.6333,-0.9497,-0.0503
283.6667,-0.9499,-0.0501
283.7000,-0.9500,-0.0500
283.7333,-0.9500,-0.0500
283.7667,-0.9499,-0.0501
283.8000,-0.9497,-0.0503
283.8333,-0.9494,-0.0506
283.8667,-0.9490,-0.0510
283.9000,-0.9485,-0.0515
283.9333,-0.9479,-0.0521
283.9667,-0.9472,-0.0528
284.0000,-0.9465,-0.0535
284.0333,-0.9456,-0.0544
284.0667,-0.9446,-0.0554
284.1000,-0.9435,-0.0565
284.1333,-0.9424,-0.0576
284.1667,-0.9411,-0.0589
284.2000,-0.9398,-0.0602
284.2333,-0.9383,-0.0617
284.2667,-0.9368,-0.0632
284.3000,-0.9352,-0.0648
284.3333,-0.9334,-0.0666
284.3667,-0.9316,-0.0684
284.4000,-0.9297,-0.0703
284.4333,-0.9277,-0.0723
284.4667,-0.9256,-0.0744
284.5000,-0.9234,-0.0766
284.5333,-0.9211,-0.0789
284.5667,-0.9187,-0.0813
284.6000,-0.9163,-0.0837
284.6333,-0.9137,-0.0863
284.6667,-0.9111,-0.0889
284.7000,-0.9084,-0.0916
284.7333,-0.9056,-0.0944
284.7667,-0.9027,-0.0973
284.8000,-0.8997,-0.1003
284.8333,-0.8966,-0.1034
284.8667,-0.8934,-0.1066
284.9000,-0.8902,-0.1098
284.9333,-0.8869,-0.1131
284.9667,-0.8834,-0.1166
285.0000,-0.8799,-0.1201
285.0333,-0.8764,-0.1236
285.0667,-0.8727,-0.1273
285.1000,-0.8690,-0.1310
285.1333,-0.8652,-0.1348
285.1667,-0.8613,-0.1387
285.2000,-0.8573,-0.1427
285.2333,-0.8532,-0.1468
285.2667,-0.8491,-0.1509
285.3000,-0.8449,-0.1551
285.3333,-0.8406,-0.1594
285.3667,-0.8363,-0.1637
285.4000,-0.8319,-0.1681
285.4333,-0.8274,-0.1726
285.4667,-0.8228,-0.1772
285.5000,-0.8182,-0.1818
285.5333,-0.8135,-0.1865
285.5667,-0.8087,-0.1913
285.6000,-0.8039,-0.1961
285.6333,-0.7990,-0.2010
285.6667,-0.7940,-0.2060
285.7000,-0.7890,-0.2110
285.7333,-0.7839,-0.2161
285.7667,-0.7788,-0.2212
285.8000,-0.7736,-0.2264
285.8333,-0.7683,-0.2317
285.8667,-0.7630,-0.2370
285.9000,-0.7576,-0.2424
285.9333,-0.7522,-0.2478
285.9667,-0.7467,-0.2533
286.0000,-0.7411,-0.2589
286.0333,-0.7355,-0.2645
286.0667,-0.7299,-0.2701
286.1000,-0.7242,-0.2758
286.1333,-0.7184,-0.2816
286.1667,-0.7126,-0.2874
286.2000,-0.7068,-0.2932
286.2333,-0.7009,-0.2991
286.2667,-0.6950,-0.3050
286.3000,-0.6890,-0.3110
286.3333,-0.6830,-0.3170
286.3667,-0.6770,-0.3230
286.4000,-0.6709,-0.3291
286.4333,-0.6648,-0.3352
286.4667,-0.6586,-0.3414
286.5000,-0.6524,-0.3476
286.5333,-0.6462,-0.3538
286.5667,-0.6400,-0.3600
286.6000,-0.6337,-0.3663
286.6333,-0.6274,-0.3726
286.6667,-0.6210,-0.3790
286.7000,-0.6146,-0.3854
286.7333,-0.6083,-0.3917
286.7667,-0.6018,-0.3982
286.8000,-0.5954,-0.4046
286.8333,-0.5889,-0.4111
286.8667,-0.5825,-0.4175
286.9000,-0.5760,-0.4240
286.9333,-0.5695,-0.4305
286.9667,-0.5629,-0.4371
287.0000,-0.5564,-0.4436
287.0333,-0.5498,-0.4502
287.0667,-0.5433,-0.4567
287.1000,-0.5367,-0.4633
287.1333,-0.5301,-0.4699
287.1667,-0.5236,-0.4764
287.2000,-0.5170,-0.4830
287.2333,-0.5104,-0.4896
287.2667,-0.5038,-0.4962
287.3000,-0.4972,-0.5028
287.3333,-0.4906,-0.5094
287.3667,-0.4840,-0.5160
287.4000,-0.4774,-0.5226
287.4333,-0.4708,-0.5292
287.4667,-0.4642,-0.5358
287.5000,-0.4577,-0.5423
287.5333,-0.4511,-0.5489
287.5667,-0.4445,-0.5555
287.6000,-0.4380,-0.5620
287.6333,-0.4315,-0.5685
287.6667,-0.4250,-0.5750
287.7000,-0.4185,-0.5815
287.7333,-0.4120,-0.5880
287.7667,-0.4055,-0.5945
287.8000,-0.3991,-0.6009
287.8333,-0.3927,-0.6073
287.8667,-0.3863,-0.6137
287.9000,-0.3799,-0.6201
287.9333,-0.3735,-0.6265
287.9667,-0.3672,-0.6328
288.0000,-0.3609,-0.6391
288.0333,-0.3547,-0.6453
288.0667,-0.3485,-0.6515
288.1000,-0.3423,-0.6577
288.1333,-0.3361,-0.6639
288.1667,-0.3300,-0.6700
288.2000,-0.3239,-0.6761
288.2333,-0.3178,-0.6822
288.2667,-0.3118,-0.6882
288.3000,-0.3058,-0.6942
288.3333,-0.2999,-0.7001
288.3667,-0.2940,-0.7060
288.4000,-0.2882,-0.7118
288.4333,-0.2824,-0.7176
288.4667,-0.2766,-0.7234
288.5000,-0.2709,-0.7291
288.5333,-0.2653,-0.7347
288.5667,-0.2597,-0.7403
288.6000,-0.2541,-0.7459
288.6333,-0.2486,-0.7514
288.6667,-0.2432,-0.7568
288.7000,-0.2378,-0.7622
288.7333,-0.2325,-0.7675
288.7667,-0.2272,-0.7728
288.8000,-0.2220,-0.7780
288.8333,-0.2168,-0.7832
288.8667,-0.2117,-0.7883
288.9000,-0.2067,-0.7933
288.9333,-0.2017,-0.7983
288.9667,-0.1968,-0.8032
289.0000,-0.1920,-0.8080
289.0333,-0.1872,-0.8128
289.0667,-0.1825,-0.8175
289.1000,-0.1778,-0.8222
289.1333,-0.1733,-0.8267
289.1667,-0.1688,-0.8312
289.2000,-0.1643,-0.8357
289.2333,-0.1600,-0.8400
289.2667,-0.1557,-0.8443
289.3000,-0.1515,-0.8485
289.3333,-0.1473,-0.8527
289.3667,-0.1433,-0.8567
289.4000,-0.1393,-0.8607
289.4333,-0.1354,-0.8646
289.4667,-0.1316,-0.8684
289.5000,-0.1278,-0.8722
289.5333,-0.1241,-0.8759
289.5667,-0.1206,-0.8794
289.6000,-0.1171,-0.8829
289.6333,-0.1136,-0.8864
289.6667,-0.1103,-0.8897
289.7000,-0.1070,-0.8930
289.7333,-0.1039,-0.8961
289.7667,-0.1008,-0.8992
289.8000,-0.0978,-0.9022
289.8333,-0.0949,-0.9051
289.8667,-0.0920,-0.9080
289.9000,-0.0893,-0.9107
289.9333,-0.0866,-0.9134
289.9667,-0.0841,-0.9159
290.0000,-0.0816,-0.9184
290.0333,-0.0792,-0.9208
290.0667,-0.0769,-0.9231
290.1000,-0.0747,-0.9253
290.1333,-0.0726,-0.9274
290.1667,-0.0706,-0.9294
290.2000,-0.0687,-0.9313
290.2333,-0.0668,-0.9332
290.2667,-0.0651,-0.9349
290.3000,-0.0634,-0.9366
290.3333,-0.0619,-0.9381
290.3667,-0.0604,-0.9396
290.4000,-0.0591,-0.9409
290.4333,-0.0578,-0.9422
290.4667,-0.0566,-0.9434
290.5000,-0.0555,-0.9445
290.5333,-0.0546,-0.9454
290.5667,-0.0537,-0.9463
290.6000,-0.0529,-0.9471
290.6333,-0.0522,-0.9478
290.6667,-0.0516,-0.9484
290.7000,-0.0511,-0.9489
290.7333,-0.0507,-0.9493
290.7667,-0.0504,-0.9496
290.8000,-0.0501,-0.9499
290.8333,-0.0500,-0.9500
290.8667,-0.0500,-0.9500
290.9000,-0.0501,-0.9499
290.9333,-0.0503,-0.9497
290.9667,-0.0505,-0.9495
291.0000,-0.0509,-0.9491
291.0333,-0.0514,-0.9486
291.0667,-0.0519,-0.9481
291.1000,-0.0526,-0.9474
291.1333,-0.0533,-0.9467
291.1667,-0.0542,-0.9458
291.2000,-0.0551,-0.9449
291.2333,-0.0561,-0.9439
291.2667,-0.0573,-0.9427
291.3000,-0.0585,-0.9415
291.3333,-0.0598,-0.9402
291.3667,-0.0613,-0.9387
291.4000,-0.0628,-0.9372
291.4333,-0.0644,-0.9356
291.4667,-0.0661,-0.9339
291.5000,-0.0679,-0.9321
291.5333,-0.0698,-0.9302
291.5667,-0.0717,-0.9283
291.6000,-0.0738,-0.9262
291.6333,-0.0760,-0.9240
291.6667,-0.0782,-0.9218
291.7000,-0.0806,-0.9194
291.7333,-0.0830,-0.9170
291.7667,-0.0855,-0.9145
291.8000,-0.0881,-0.9119
291.8333,-0.0908,-0.9092
291.8667,-0.0936,-0.9064
291.9000,-0.0965,-0.9035
291.9333,-0.0995,-0.9005
291.9667,-0.1025,-0.8975
292.0000,-0.1057,-0.8943
292.0333,-0.1089,-0.8911
292.0667,-0.1122,-0.8878
292.1000,-0.1156,-0.8844
292.1333,-0.1190,-0.8810
292.1667,-0.1226,-0.8774
292.2000,-0.1262,-0.8738
292.2333,-0.1299,-0.8701
292.2667,-0.1337,-0.8663
292.3000,-0.1376,-0.8624
292.3333,-0.1416,-0.8584
292.3667,-0.1456,-0.8544
292.4000,-0.1497,-0.8503
292.4333,-0.1539,-0.8461
292.4667,-0.1581,-0.8419
292.5000,-0.1625,-0.8375
292.5333,-0.1668,-0.8332
292.5667,-0.1713,-0.8287
292.6000,-0.1759,-0.8241
292.6333,-0.1805,-0.8195
292.6667,-0.1852,-0.8148
292.7000,-0.1899,-0.8101
292.7333,-0.1947,-0.8053
292.7667,-0.1996,-0.8004
292.8000,-0.2045,-0.7955
292.8333,-0.2095,-0.7905
292.8667,-0.2146,-0.7854
292.9000,-0.2197,-0.7803
292.9333,-0.2249,-0.7751
292.9667,-0.2302,-0.7698
293.0000,-0.2302,-0.7698
293.0333,-0.2072,-0.6928
293.0667,-0.1842,-0.6158
293.1000,-0.1611,-0.5389
293.1333,-0.1381,-0.4619
293.1667,-0.1151,-0.3849
293.2000,-0.0921,-0.3079
293.2333,-0.0691,-0.2309
293.2667,-0.0460,-0.1540
293.3000,-0.0230,-0.0770
293.3333,0.0000,0.0000
293.3667,0.0030,0.0030
293.4000,0.0060,0.0060
293.4333,0.0091,0.0091
293.4667,0.0122,0.0122
293.5000,0.0154,0.0154
293.5333,0.0187,0.0187
293.5667,0.0220,0.0220
293.6000,0.0254,0.0254
293.6333,0.0289,0.0289
293.6667,0.0324,0.0324
293.7000,0.0360,0.0360
293.7333,0.0396,0.0396
293.7667,0.0433,0.0433
293.8000,0.0471,0.0471
293.8333,0.0509,0.0509
293.8667,0.0548,0.0548
293.9000,0.0587,0.0587
293.9333,0.0627,0.0627
293.9667,0.0668,0.0668
294.0000,0.0709,0.0709
294.0333,0.0751,0.0751
294.0667,0.0793,0.0793
294.1000,0.0836,0.0836
294.1333,0.0880,0.0880
294.1667,0.0924,0.0924
294.2000,0.0968,0.0968
294.2333,0.1014,0.1014
294.2667,0.1060,0.1060
294.3000,0.1106,0.1106
294.3333,0.1153,0.1153
294.3667,0.1200,0.1200
294.4000,0.1249,0.1249
294.4333,0.1297,0.1297
294.4667,0.1346,0.1346
294.5000,0.1396,0.1396
294.5333,0.1446,0.1446
294.5667,0.1497,0.1497
294.6000,0.1548,0.1548
294.6333,0.1600,0.1600
294.6667,0.1652,0.1652
294.7000,0.1705,0.1705
294.7333,0.1758,0.1758
294.7667,0.1812,0.1812
294.8000,0.1866,0.1866
294.8333,0.1921,0.1921
294.8667,0.1976,0.1976
294.9000,0.2032,0.2032
294.9333,0.2088,0.2088
294.9667,0.2145,0.2145
295.0000,0.2202,0.2202
295.0333,0.2259,0.2259
295.0667,0.2317,0.2317
295.1000,0.2375,0.2375
295.1333,0.2434,0.2434
295.1667,0.2493,0.2493
295.2000,0.2552,0.2552
295.2333,0.2612,0.2612
295.2667,0.2672,0.2672
295.3000,0.2733,0.2733
295.3333,0.2793,0.2793
295.3667,0.2855,0.2855
295.4000,0.2916,0.2916
295.4333,0.2978,0.2978
295.4667,0.3040,0.3040
295.5000,0.3102,0.3102
295.5333,0.3164,0.3164
295.5667,0.3227,0.3227
295.6000,0.3290,0.3290
295.6333,0.3353,0.3353
295.6667,0.3416,0.3416
295.7000,0.3480,0.3480
295.7333,0.3544,0.3544
295.7667,0.3607,0.3607
295.8000,0.3671,0.3671
295.8333,0.3735,0.3735
295.8667,0.3799,0.3799
295.9000,0.3864,0.3864
295.9333,0.3928,0.3928
295.9667,0.3992,0.3992
296.0000,0.4056,0.4056
296.0333,0.4121,0.4121
296.0667,0.4185,0.4185
296.1000,0.4249,0.4249
296.1333,0.4313,0.4313
296.1667,0.4377,0.4377
296.2000,0.4441,0.4441
296.2333,0.4505,0.4505
296.2667,0.4568,0.4568
296.3000,0.4632,0.4632
296.3333,0.4695,0.4695
296.3667,0.4758,0.4758
296.4000,0.4820,0.4820
296.4333,0.4883,0.4883
296.4667,0.4945,0.4945
296.5000,0.5007,0.5007
296.5333,0.5068,0.5068
296.5667,0.5129,0.5129
296.6000,0.5190,0.5190
296.6333,0.5250,0.5250
296.6667,0.5310,0.5310
296.7000,0.5369,0.5369
296.7333,0.5427,0.5427
296.7667,0.5486,0.5486
296.8000,0.5543,0.5543
296.8333,0.5600,0.5600
296.8667,0.5656,0.5656
296.9000,0.5712,0.5712
296.9333,0.5767,0.5767
296.9667,0.5821,0.5821
297.0000,0.5874,0.5874
297.0333,0.5927,0.5927
297.0667,0.5979,0.5979
297.1000,0.6029,0.6029
297.1333,0.6079,0.6079
297.1667,0.6128,0.6128
297.2000,0.6177,0.6177
297.2333,0.6224,0.6224
297.2667,0.6270,0.6270
297.3000,0.6315,0.6315
297.3333,0.6359,0.6359
297.3667,0.6401,0.6401
297.4000,0.6443,0.6443
297.4333,0.6483,0.6483
297.4667,0.6522,0.6522
297.5000,0.6560,0.6560
297.5333,0.6597,0.6597
297.5667,0.6632,0.6632
297.6000,0.6666,0.6666
297.6333,0.6698,0.6698
297.6667,0.6729,0.6729
297.7000,0.6759,0.6759
297.7333,0.6787,0.6787
297.7667,0.6813,0.6813
297.8000,0.6838,0.6838
297.8333,0.6861,0.6861
297.8667,0.6883,0.6883
297.9000,0.6903,0.6903
297.9333,0.6921,0.6921
297.9667,0.6937,0.6937
298.0000,0.6952,0.6952
298.0333,0.6964,0.6964
298.0667,0.6975,0.6975
298.1000,0.6984,0.6984
298.1333,0.6991,0.6991
298.1667,0.6996,0.6996
298.2000,0.6999,0.6999
298.2333,0.7000,0.7000
298.2667,0.6999,0.6999
298.3000,0.6996,0.6996
298.3333,0.6990,0.6990
298.3667,0.6983,0.6983
298.4000,0.6973,0.6973
298.4333,0.6961,0.6961
298.4667,0.6947,0.6947
298.5000,0.6931,0.6931
298.5333,0.6912,0.6912
298.5667,0.6891,0.6891
298.6000,0.6868,0.6868
298.6333,0.6842,0.6842
298.6667,0.6814,0.6814
298.7000,0.6783,0.6783
298.7333,0.6750,0.6750
298.7667,0.6714,0.6714
298.8000,0.6676,0.6676
298.8333,0.6636,0.6636
298.8667,0.6592,0.6592
298.9000,0.6547,0.6547
298.9333,0.6498,0.6498
298.9667,0.6448,0.6448
299.0000,0.6394,0.6394
299.0333,0.6338,0.6338
299.0667,0.6279,0.6279
299.1000,0.6218,0.6218
299.1333,0.6154,0.6154
299.1667,0.6087,0.6087
299.2000,0.6018,0.6018
299.2333,0.5946,0.5946
299.2667,0.5872,0.5872
299.3000,0.5794,0.5794
299.3333,0.5714,0.5714
299.3667,0.5632,0.5632
299.4000,0.5546,0.5546
299.4333,0.5459,0.5459
299.4667,0.5368,0.5368
299.5000,0.5275,0.5275
299.5333,0.5179,0.5179
299.5667,0.5080,0.5080
299.6000,0.4979,0.4979
299.6333,0.4875,0.4875
299.6667,0.4769,0.4769
299.7000,0.4660,0.4660
299.7333,0.4549,0.4549
299.7667,0.4435,0.4435
299.8000,0.4319,0.4319
299.8333,0.4200,0.4200
299.8667,0.4079,0.4079
299.9000,0.3955,0.3955
299.9333,0.3829,0.3829
299.9667,0.3701,0.3701
300.0000,0.3570,0.3570
300.0333,0.3437,0.3437
300.0667,0.3302,0.3302
300.1000,0.3165,0.3165
300.1333,0.3026,0.3026
300.1667,0.2885,0.2885
300.2000,0.2741,0.2741
300.2333,0.2596,0.2596
300.2667,0.2449,0.2449
300.3000,0.2300,0.2300
300.3333,0.2149,0.2149
300.3667,0.1997,0.1997
300.4000,0.1843,0.1843
300.4333,0.1687,0.1687
300.4667,0.1530,0.1530
300.5000,0.1371,0.1371
300.5333,0.1211,0.1211
300.5667,0.1050,0.1050
300.6000,0.0888,0.0888
300.6333,0.0724,0.0724
300.6667,0.0560,0.0560
300.7000,0.0394,0.0394
300.7333,0.0228,0.0228
300.7667,0.0061,0.0061
300.8000,-0.0107,-0.0107
300.8333,-0.0275,-0.0275
300.8667,-0.0444,-0.0444
300.9000,-0.0613,-0.0613
300.9333,-0.0782,-0.0782
300.9667,-0.0951,-0.0951
301.0000,-0.1121,-0.1121
301.0333,-0.1290,-0.1290
301.0667,-0.1459,-0.1459
301.1000,-0.1628,-0.1628
301.1333,-0.1797,-0.1797
301.1667,-0.1965,-0.1965
301.2000,-0.2132,-0.2132
301.2333,-0.2299,-0.2299
301.2667,-0.2465,-0.2465
301.3000,-0.2630,-0.2630
301.3333,-0.2793,-0.2793
301.3667,-0.2956,-0.2956
301.4000,-0.3117,-0.3117
301.4333,-0.3277,-0.3277
301.4667,-0.3435,-0.3435
301.5000,-0.3591,-0.3591
301.5333,-0.3745,-0.3745
301.5667,-0.3898,-0.3898
301.6000,-0.4048,-0.4048
301.6333,-0.4196,-0.4196
301.6667,-0.4342,-0.4342
301.7000,-0.4485,-0.4485
301.7333,-0.4625,-0.4625
301.7667,-0.4763,-0.4763
301.8000,-0.4898,-0.4898
301.8333,-0.5029,-0.5029
301.8667,-0.5158,-0.5158
301.9000,-0.5283,-0.5283
301.9333,-0.5405,-0.5405
301.9667,-0.5523,-0.5523
302.0000,-0.5638,-0.5638
302.0333,-0.5749,-0.5749
302.0667,-0.5856,-0.5856
302.1000,-0.5959,-0.5959
302.1333,-0.6057,-0.6057
302.1667,-0.6152,-0.6152
302.2000,-0.6242,-0.6242
302.2333,-0.6327,-0.6327
302.2667,-0.6408,-0.6408
302.3000,-0.6485,-0.6485
302.3333,-0.6556,-0.6556
302.3667,-0.6622,-0.6622
302.4000,-0.6684,-0.6684
302.4333,-0.6740,-0.6740
302.4667,-0.6791,-0.6791
302.5000,-0.6836,-0.6836
302.5333,-0.6876,-0.6876
302.5667,-0.6911,-0.6911
302.6000,-0.6940,-0.6940
302.6333,-0.6964,-0.6964
302.6667,-0.6981,-0.6981
302.7000,-0.6993,-0.6993
302.7333,-0.6999,-0.6999
302.7667,-0.6999,-0.6999
302.8000,-0.6993,-0.6993
302.8333,-0.6981,-0.6981
302.8667,-0.6963,-0.6963
302.9000,-0.6939,-0.6939
302.9333,-0.6909,-0.6909
302.9667,-0.6873,-0.6873
303.0000,-0.6830,-0.6830
303.0333,-0.6781,-0.6781
303.0667,-0.6726,-0.6726
303.1000,-0.6665,-0.6665
303.1333,-0.6597,-0.6597
303.1667,-0.6523,-0.6523
303.2000,-0.6444,-0.6444
303.2333,-0.6357,-0.6357
303.2667,-0.6265,-0.6265
303.3000,-0.6167,-0.6167
303.3333,-0.6062,-0.6062
303.3667,-0.5952,-0.5952
303.4000,-0.5835,-0.5835
303.4333,-0.5713,-0.5713
303.4667,-0.5585,-0.5585
303.5000,-0.5451,-0.5451
303.5333,-0.5311,-0.5311
303.5667,-0.5166,-0.5166
303.6000,-0.5015,-0.5015
303.6333,-0.4859,-0.4859
303.6667,-0.4697,-0.4697
303.7000,-0.4531,-0.4531
303.7333,-0.4359,-0.4359
303.7667,-0.4183,-0.4183
303.8000,-0.4001,-0.4001
303.8333,-0.3816,-0.3816
303.8667,-0.3625,-0.3625
303.9000,-0.3431,-0.3431
303.9333,-0.3232,-0.3232
303.9667,-0.3030,-0.3030
304.0000,-0.2823,-0.2823
304.0333,-0.2613,-0.2613
304.0667,-0.2400,-0.2400
304.1000,-0.2184,-0.2184
304.1333,-0.1965,-0.1965
304.1667,-0.1743,-0.1743
304.2000,-0.1518,-0.1518
304.2333,-0.1292,-0.1292
304.2667,-0.1063,-0.1063
304.3000,-0.0832,-0.0832
304.3333,-0.0600,-0.0600
304.3667,-0.0367,-0.0367
304.4000,-0.0133,-0.0133
304.4333,0.0102,0.0102
304.4667,0.0338,0.0338
304.5000,0.0574,0.0574
304.5333,0.0810,0.0810
304.5667,0.1045,0.1045
304.6000,0.1280,0.1280
304.6333,0.1514,0.1514
304.6667,0.1747,0.1747
304.7000,0.1979,0.1979
304.7333,0.2208,0.2208
304.7667,0.2436,0.2436
304.8000,0.2661,0.2661
304.8333,0.2884,0.2884
304.8667,0.3104,0.3104
304.9000,0.3320,0.3320
304.9333,0.3533,0.3533
304.9667,0.3743,0.3743
305.0000,0.3948,0.3948
305.0333,0.4149,0.4149
305.0667,0.4345,0.4345
305.1000,0.4536,0.4536
305.1333,0.4723,0.4723
305.1667,0.4903,0.4903
305.2000,0.5078,0.5078
305.2333,0.5247,0.5247
305.2667,0.5409,0.5409
305.3000,0.5565,0.5565
305.3333,0.5714,0.5714
305.3667,0.5856,0.5856
305.4000,0.5991,0.5991
305.4333,0.6118,0.6118
305.4667,0.6238,0.6238
305.5000,0.6349,0.6349
305.5333,0.6453,0.6453
305.5667,0.6548,0.6548
305.6000,0.6634,0.6634
305.6333,0.6712,0.6712
305.6667,0.6780,0.6780
305.7000,0.6840,0.6840
305.7333,0.6891,0.6891
305.7667,0.6932,0.6932
305.8000,0.6963,0.6963
305.8333,0.6985,0.6985
305.8667,0.6997,0.6997
305.9000,0.7000,0.7000
305.9333,0.6992,0.6992
305.9667,0.6975,0.6975
306.0000,0.6948,0.6948
306.0333,0.6910,0.6910
306.0667,0.6863,0.6863
306.1000,0.6806,0.6806
306.1333,0.6738,0.6738
306.1667,0.6661,0.6661
306.2000,0.6574,0.6574
306.2333,0.6477,0.6477
306.2667,0.6370,0.6370
306.3000,0.6253,0.6253
306.3333,0.6127,0.6127
306.3667,0.5991,0.5991
306.4000,0.5846,0.5846
306.4333,0.5692,0.5692
306.4667,0.5529,0.5529
306.5000,0.5357,0.5357
306.5333,0.5177,0.5177
306.5667,0.4988,0.4988
306.6000,0.4791,0.4791
306.6333,0.4586,0.4586
306.6667,0.4374,0.4374
306.7000,0.4154,0.4154
306.7333,0.3927,0.3927
306.7667,0.3693,0.3693
306.8000,0.3453,0.3453
306.8333,0.3207,0.3207
306.8667,0.2956,0.2956
306.9000,0.2699,0.2699
306.9333,0.2437,0.2437
306.9667,0.2170,0.2170
307.0000,0.1900,0.1900
307.0333,0.1625,0.1625
307.0667,0.1348,0.1348
307.1000,0.1068,0.1068
307.1333,0.0785,0.0785
307.1667,0.0500,0.0500
307.2000,0.0214,0.0214
307.2333,-0.0073,-0.0073
307.2667,-0.0361,-0.0361
307.3000,-0.0648,-0.0648
307.3333,-0.0935,-0.0935
307.3667,-0.1222,-0.1222
307.4000,-0.1506,-0.1506
307.4333,-0.1789,-0.1789
307.4667,-0.2069,-0.2069
307.5000,-0.2346,-0.2346
307.5333,-0.2620,-0.2620
307.5667,-0.2890,-0.2890
307.6000,-0.3155,-0.3155
307.6333,-0.3415,-0.3415
307.6667,-0.3669,-0.3669
307.7000,-0.3918,-0.3918
307.7333,-0.4160,-0.4160
307.7667,-0.4395,-0.4395
307.8000,-0.4623,-0.4623
307.8333,-0.4842,-0.4842
307.8667,-0.5054,-0.5054
307.9000,-0.5256,-0.5256
307.9333,-0.5450,-0.5450
307.9667,-0.5633,-0.5633
308.0000,-0.5807,-0.5807
308.0333,-0.5970,-0.5970
308.0667,-0.6122,-0.6122
308.1000,-0.6264,-0.6264
308.1333,-0.6393,-0.6393
308.1667,-0.6511,-0.6511
308.2000,-0.6617,-0.6617
308.2333,-0.6710,-0.6710
308.2667,-0.6791,-0.6791
308.3000,-0.6859,-0.6859
308.3333,-0.6914,-0.6914
308.3667,-0.6955,-0.6955
308.4000,-0.6983,-0.6983
308.4333,-0.6998,-0.6998
308.4667,-0.6999,-0.6999
308.5000,-0.6986,-0.6986
308.5333,-0.6959,-0.6959
308.5667,-0.6918,-0.6918
308.6000,-0.6864,-0.6864
308.6333,-0.6795,-0.6795
308.6667,-0.6713,-0.6713
308.7000,-0.6618,-0.6618
308.7333,-0.6508,-0.6508
308.7667,-0.6385,-0.6385
308.8000,-0.6249,-0.6249
308.8333,-0.6100,-0.6100
308.8667,-0.5938,-0.5938
308.9000,-0.5764,-0.5764
308.9333,-0.5577,-0.5577
308.9667,-0.5378,-0.5378
309.0000,-0.5168,-0.5168
309.0333,-0.4947,-0.4947
309.0667,-0.4714,-0.4714
309.1000,-0.4471,-0.4471
309.1333,-0.4219,-0.4219
309.1667,-0.3956,-0.3956
309.2000,-0.3685,-0.3685
309.2333,-0.3406,-0.3406
309.2667,-0.3118,-0.3118
309.3000,-0.2824,-0.2824
309.3333,-0.2522,-0.2522
309.3667,-0.2215,-0.2215
309.4000,-0.1902,-0.1902
309.4333,-0.1584,-0.1584
309.4667,-0.1263,-0.1263
309.5000,-0.0937,-0.0937
309.5333,-0.0610,-0.0610
309.5667,-0.0280,-0.0280
309.6000,0.0051,0.0051
309.6333,0.0383,0.0383
309.6667,0.0714,0.0714
309.7000,0.1044,0.1044
309.7333,0.1373,0.1373
309.7667,0.1699,0.1699
309.8000,0.2021,0.2021
309.8333,0.2340,0.2340
309.8667,0.2654,0.2654
309.9000,0.2962,0.2962
309.9333,0.3264,0.3264
309.9667,0.3559,0.3559
310.0000,0.3847,0.3847
310.0333,0.4125,0.4125
310.0667,0.4395,0.4395
310.1000,0.4654,0.4654
310.1333,0.4904,0.4904
310.1667,0.5141,0.5141
310.2000,0.5367,0.5367
310.2333,0.5581,0.5581
310.2667,0.5781,0.5781
310.3000,0.5968,0.5968
310.3333,0.6141,0.6141
310.3667,0.6299,0.6299
310.4000,0.6442,0.6442
310.4333,0.6570,0.6570
310.4667,0.6682,0.6682
310.5000,0.6777,0.6777
310.5333,0.6856,0.6856
310.5667,0.6918,0.6918
310.6000,0.6963,0.6963
310.6333,0.6990,0.6990
310.6667,0.7000,0.7000
310.7000,0.6992,0.6992
310.7333,0.6967,0.6967
310.7667,0.6924,0.6924
310.8000,0.6863,0.6863
310.8333,0.6785,0.6785
310.8667,0.6689,0.6689
310.9000,0.6575,0.6575
310.9333,0.6445,0.6445
310.9667,0.6297,0.6297
311.0000,0.6133,0.6133
311.0333,0.5953,0.5953
311.0667,0.5757,0.5757
311.1000,0.5545,0.5545
311.1333,0.5318,0.5318
311.1667,0.5077,0.5077
311.2000,0.4822,0.4822
311.2333,0.4554,0.4554
311.2667,0.4273,0.4273
311.3000,0.3980,0.3980
311.3333,0.3676,0.3676
311.3667,0.3362,0.3362
311.4000,0.3038,0.3038
311.4333,0.2705,0.2705
311.4667,0.2364,0.2364
311.5000,0.2016,0.2016
311.5333,0.1662,0.1662
311.5667,0.1303,0.1303
311.6000,0.0939,0.0939
311.6333,0.0572,0.0572
311.6667,0.0204,0.0204
311.7000,-0.0166,-0.0166
311.7333,-0.0537,-0.0537
311.7667,-0.0906,-0.0906
311.8000,-0.1273,-0.1273
311.8333,-0.1638,-0.1638
311.8667,-0.1998,-0.1998
311.9000,-0.2353,-0.2353
311.9333,-0.2702,-0.2702
311.9667,-0.3044,-0.3044
312.0000,-0.3378,-0.3378
312.0333,-0.3703,-0.3703
312.0667,-0.4017,-0.4017
312.1000,-0.4320,-0.4320
312.1333,-0.4611,-0.4611
312.1667,-0.4889,-0.4889
312.2000,-0.5153,-0.5153
312.2333,-0.5403,-0.5403
312.2667,-0.5637,-0.5637
312.3000,-0.5854,-0.5854
312.3333,-0.6055,-0.6055
312.3667,-0.6238,-0.6238
312.4000,-0.6402,-0.6402
312.4333,-0.6548,-0.6548
312.4667,-0.6674,-0.6674
312.5000,-0.6780,-0.6780
312.5333,-0.6865,-0.6865
312.5667,-0.6930,-0.6930
312.6000,-0.6974,-0.6974
312.6333,-0.6997,-0.6997
312.6667,-0.6998,-0.6998
312.7000,-0.6978,-0.6978
312.7333,-0.6936,-0.6936
312.7667,-0.6872,-0.6872
312.8000,-0.6787,-0.6787
312.8333,-0.6681,-0.6681
312.8667,-0.6553,-0.6553
312.9000,-0.6405,-0.6405
312.9333,-0.6237,-0.6237
312.9667,-0.6048,-0.6048
313.0000,-0.5840,-0.5840
313.0333,-0.5614,-0.5614
313.0667,-0.5368,-0.5368
313.1000,-0.5106,-0.5106
313.1333,-0.4826,-0.4826
313.1667,-0.4531,-0.4531
313.2000,-0.4220,-0.4220
313.2333,-0.3896,-0.3896
313.2667,-0.3558,-0.3558
313.3000,-0.3208,-0.3208
313.3333,-0.2847,-0.2847
313.3667,-0.2476,-0.2476
313.4000,-0.2097,-0.2097
313.4333,-0.1710,-0.1710
313.4667,-0.1316,-0.1316
313.5000,-0.0918,-0.0918
313.5333,-0.0516,-0.0516
313.5667,-0.0112,-0.0112
313.6000,0.0293,0.0293
313.6333,0.0698,0.0698
313.6667,0.1101,0.1101
313.7000,0.1502,0.1502
313.7333,0.1897,0.1897
313.7667,0.2287,0.2287
313.8000,0.2669,0.2669
313.8333,0.3043,0.3043
313.8667,0.3407,0.3407
313.9000,0.3760,0.3760
313.9333,0.4101,0.4101
313.9667,0.4427,0.4427
314.0000,0.4739,0.4739
314.0333,0.5035,0.5035
314.0667,0.5314,0.5314
314.1000,0.5574,0.5574
314.1333,0.5815,0.5815
314.1667,0.6037,0.6037
314.2000,0.6237,0.6237
314.2333,0.6415,0.6415
314.2667,0.6571,0.6571
314.3000,0.6703,0.6703
314.3333,0.6812,0.6812
314.3667,0.6896,0.6896
314.4000,0.6956,0.6956
314.4333,0.6990,0.6990
314.4667,0.7000,0.7000
314.5000,0.6984,0.6984
314.5333,0.6942,0.6942
314.5667,0.6875,0.6875
314.6000,0.6783,0.6783
314.6333,0.6666,0.6666
314.6667,0.6524,0.6524
314.7000,0.6358,0.6358
314.7333,0.6167,0.6167
314.7667,0.5954,0.5954
314.8000,0.5718,0.5718
314.8333,0.5461,0.5461
314.8667,0.5182,0.5182
314.9000,0.4884,0.4884
314.9333,0.4567,0.4567
314.9667,0.4232,0.4232
315.0000,0.3881,0.3881
315.0333,0.3514,0.3514
315.0667,0.3133,0.3133
315.1000,0.2740,0.2740
315.1333,0.2336,0.2336
315.1667,0.1922,0.1922
315.2000,0.1500,0.1500
315.2333,0.1072,0.1072
315.2667,0.0639,0.0639
315.3000,0.0203,0.0203
315.3333,-0.0235,-0.0235
315.3667,-0.0672,-0.0672
315.4000,-0.1107,-0.1107
315.4333,-0.1538,-0.1538
315.4667,-0.1964,-0.1964
315.5000,-0.2383,-0.2383
315.5333,-0.2793,-0.2793
315.5667,-0.3192,-0.3192
315.6000,-0.3579,-0.3579
315.6333,-0.3953,-0.3953
315.6667,-0.4311,-0.4311
315.7000,-0.4652,-0.4652
315.7333,-0.4975,-0.4975
315.7667,-0.5278,-0.5278
315.8000,-0.5560,-0.5560
315.8333,-0.5820,-0.5820
315.8667,-0.6057,-0.6057
315.9000,-0.6269,-0.6269
315.9333,-0.6456,-0.6456
315.9667,-0.6616,-0.6616
316.0000,-0.6749,-0.6749
316.0333,-0.6855,-0.6855
316.0667,-0.6932,-0.6932
316.1000,-0.6980,-0.6980
316.1333,-0.7000,-0.7000
316.1667,-0.6990,-0.6990
316.2000,-0.6951,-0.6951
316.2333,-0.6882,-0.6882
316.2667,-0.6784,-0.6784
316.3000,-0.6658,-0.6658
316.3333,-0.6503,-0.6503
316.3667,-0.6320,-0.6320
316.4000,-0.6110,-0.6110
316.4333,-0.5874,-0.5874
316.4667,-0.5612,-0.5612
316.5000,-0.5326,-0.5326
316.5333,-0.5016,-0.5016
316.5667,-0.4684,-0.4684
316.6000,-0.4332,-0.4332
316.6333,-0.3960,-0.3960
316.6667,-0.3570,-0.3570
316.7000,-0.3165,-0.3165
316.7333,-0.2744,-0.2744
316.7667,-0.2312,-0.2312
316.8000,-0.1868,-0.1868
316.8333,-0.1416,-0.1416
316.8667,-0.0957,-0.0957
316.9000,-0.0493,-0.0493
316.9333,-0.0026,-0.0026
316.9667,0.0442,0.0442
317.0000,0.0908,0.0908
317.0333,0.1371,0.1371
317.0667,0.1828,0.1828
317.1000,0.2278,0.2278
317.1333,0.2717,0.2717
317.1667,0.3146,0.3146
317.2000,0.3560,0.3560
317.2333,0.3959,0.3959
317.2667,0.4340,0.4340
317.3000,0.4702,0.4702
317.3333,0.5042,0.5042
317.3667,0.5360,0.5360
317.4000,0.5653,0.5653
317.4333,0.5921,0.5921
317.4667,0.6162,0.6162
317.5000,0.6374,0.6374
317.5333,0.6557,0.6557
317.5667,0.6709,0.6709
317.6000,0.6830,0.6830
317.6333,0.6919,0.6919
317.6667,0.6976,0.6976
317.7000,0.6999,0.6999
317.7333,0.6990,0.6990
317.7667,0.6947,0.6947
317.8000,0.6871,0.6871
317.8333,0.6762,0.6762
317.8667,0.6621,0.6621
317.9000,0.6448,0.6448
317.9333,0.6243,0.6243
317.9667,0.6009,0.6009
318.0000,0.5744,0.5744
318.0333,0.5452,0.5452
318.0667,0.5133,0.5133
318.1000,0.4788,0.4788
318.1333,0.4419,0.4419
318.1667,0.4029,0.4029
318.2000,0.3618,0.3618
318.2333,0.3189,0.3189
318.2667,0.2743,0.2743
318.3000,0.2283,0.2283
318.3333,0.1812,0.1812
318.3667,0.1331,0.1331
318.4000,0.0842,0.0842
318.4333,0.0349,0.0349
318.4667,-0.0147,-0.0147
318.5000,-0.0642,-0.0642
318.5333,-0.1135,-0.1135
318.5667,-0.1623,-0.1623
318.6000,-0.2103,-0.2103
318.6333,-0.2573,-0.2573
318.6667,-0.3030,-0.3030
318.7000,-0.3473,-0.3473
318.7333,-0.3899,-0.3899
318.7667,-0.4305,-0.4305
318.8000,-0.4689,-0.4689
318.8333,-0.5050,-0.5050
318.8667,-0.5385,-0.5385
318.9000,-0.5693,-0.5693
318.9333,-0.5971,-0.5971
318.9667,-0.6219,-0.6219
319.0000,-0.6435,-0.6435
319.0333,-0.6617,-0.6617
319.0667,-0.6765,-0.6765
319.1000,-0.6877,-0.6877
319.1333,-0.6954,-0.6954
319.1667,-0.6994,-0.6994
319.2000,-0.6997,-0.6997
319.2333,-0.6963,-0.6963
319.2667,-0.6891,-0.6891
319.3000,-0.6783,-0.6783
319.3333,-0.6639,-0.6639
319.3667,-0.6459,-0.6459
319.4000,-0.6244,-0.6244
319.4333,-0.5995,-0.5995
319.4667,-0.5714,-0.5714
319.5000,-0.5401,-0.5401
319.5333,-0.5059,-0.5059
319.5667,-0.4689,-0.4689
319.6000,-0.4292,-0.4292
319.6333,-0.3872,-0.3872
319.6667,-0.3431,-0.3431
319.7000,-0.2970,-0.2970
319.7333,-0.2492,-0.2492
319.7667,-0.1999,-0.1999
319.8000,-0.1495,-0.1495
319.8333,-0.0983,-0.0983
319.8667,-0.0464,-0.0464
319.9000,0.0058,0.0058
319.9333,0.0580,0.0580
319.9667,0.1100,0.1100
320.0000,0.1614,0.1614
320.0333,0.2120,0.2120
320.0667,0.2614,0.2614
320.1000,0.3095,0.3095
320.1333,0.3558,0.3558
320.1667,0.4001,0.4001
320.2000,0.4423,0.4423
320.2333,0.4819,0.4819
320.2667,0.5189,0.5189
320.3000,0.5529,0.5529
320.3333,0.5839,0.5839
320.3667,0.6114,0.6114
320.4000,0.6355,0.6355
320.4333,0.6560,0.6560
320.4667,0.6727,0.6727
320.5000,0.6855,0.6855
320.5333,0.6943,0.6943
320.5667,0.6991,0.6991
320.6000,0.6998,0.6998
320.6333,0.6964,0.6964
320.6667,0.6889,0.6889
320.7000,0.6774,0.6774
320.7333,0.6618,0.6618
320.7667,0.6423,0.6423
320.8000,0.6190,0.6190
320.8333,0.5920,0.5920
320.8667,0.5614,0.5614
320.9000,0.5275,0.5275
320.9333,0.4904,0.4904
320.9667,0.4502,0.4502
321.0000,0.4074,0.4074
321.0333,0.3620,0.3620
321.0667,0.3144,0.3144
321.1000,0.2648,0.2648
321.1333,0.2136,0.2136
321.1667,0.1610,0.1610
321.2000,0.1074,0.1074
321.2333,0.0530,0.0530
321.2667,-0.0017,-0.0017
321.3000,-0.0565,-0.0565
321.3333,-0.1110,-0.1110
321.3667,-0.1648,-0.1648
321.4000,-0.2177,-0.2177
321.4333,-0.2694,-0.2694
321.4667,-0.3194,-0.3194
321.5000,-0.3674,-0.3674
321.5333,-0.4133,-0.4133
321.5667,-0.4566,-0.4566
321.6000,-0.4971,-0.4971
321.6333,-0.5346,-0.5346
321.6667,-0.5687,-0.5687
321.7000,-0.5993,-0.5993
321.7333,-0.6261,-0.6261
321.7667,-0.6490,-0.6490
321.8000,-0.6678,-0.6678
321.8333,-0.6824,-0.6824
321.8667,-0.6927,-0.6927
321.9000,-0.6985,-0.6985
321.9333,-0.6999,-0.6999
321.9667,-0.6968,-0.6968
322.0000,-0.6893,-0.6893
322.0333,-0.6772,-0.6772
322.0667,-0.6608,-0.6608
322.1000,-0.6401,-0.6401
322.1333,-0.6153,-0.6153
322.1667,-0.5864,-0.5864
322.2000,-0.5536,-0.5536
322.2333,-0.5173,-0.5173
322.2667,-0.4775,-0.4775
322.3000,-0.4345,-0.4345
322.3333,-0.3886,-0.3886
322.3667,-0.3401,-0.3401
322.4000,-0.2893,-0.2893
322.4333,-0.2366,-0.2366
322.4667,-0.1822,-0.1822
322.5000,-0.1266,-0.1266
322.5333,-0.0700,-0.0700
322.5667,-0.0129,-0.0129
322.6000,0.0443,0.0443
322.6333,0.1013,0.1013
322.6667,0.1576,0.1576
322.7000,0.2130,0.2130
322.7333,0.2670,0.2670
322.7667,0.3192,0.3192
322.8000,0.3694,0.3694
322.8333,0.4171,0.4171
322.8667,0.4620,0.4620
322.9000,0.5038,0.5038
322.9333,0.5422,0.5422
322.9667,0.5769,0.5769
323.0000,0.6078,0.6078
323.0333,0.6344,0.6344
323.0667,0.6568,0.6568
323.1000,0.6746,0.6746
323.1333,0.6878,0.6878
323.1667,0.6962,0.6962
323.2000,0.6999,0.6999
323.2333,0.6986,0.6986
323.2667,0.6925,0.6925
323.3000,0.6815,0.6815
323.3333,0.6815,0.6815
323.3667,0.6133,0.6133
323.4000,0.5452,0.5452
323.4333,0.4770,0.4770
323.4667,0.4089,0.4089
323.5000,0.3407,0.3407
323.5333,0.2726,0.2726
323.5667,0.2044,0.2044
323.6000,0.1363,0.1363
323.6333,0.0681,0.0681
323.6667,0.0000,0.0000
323.7000,0.0030,-0.0030
323.7333,0.0060,-0.0060
323.7667,0.0091,-0.0091
323.8000,0.0122,-0.0122
323.8333,0.0154,-0.0154
323.8667,0.0187,-0.0187
323.9000,0.0220,-0.0220
323.9333,0.0254,-0.0254
323.9667,0.0289,-0.0289
324.0000,0.0324,-0.0324
324.0333,0.0360,-0.0360
324.0667,0.0396,-0.0396
324.1000,0.0433,-0.0433
324.1333,0.0471,-0.0471
324.1667,0.0509,-0.0509
324.2000,0.0548,-0.0548
324.2333,0.0587,-0.0587
324.2667,0.0627,-0.0627
324.3000,0.0668,-0.0668
324.3333,0.0709,-0.0709
324.3667,0.0751,-0.0751
324.4000,0.0793,-0.0793
324.4333,0.0836,-0.0836
324.4667,0.0880,-0.0880
324.5000,0.0924,-0.0924
324.5333,0.0968,-0.0968
324.5667,0.1014,-0.1014
324.6000,0.1060,-0.1060
324.6333,0.1106,-0.1106
324.6667,0.1153,-0.1153
324.7000,0.1200,-0.1200
324.7333,0.1249,-0.1249
324.7667,0.1297,-0.1297
324.8000,0.1346,-0.1346
324.8333,0.1396,-0.1396
324.8667,0.1446,-0.1446
324.9000,0.1497,-0.1497
324.9333,0.1548,-0.1548
324.9667,0.1600,-0.1600
325.0000,0.1652,-0.1652
325.0333,0.1705,-0.1705
325.0667,0.1758,-0.1758
325.1000,0.1812,-0.1812
325.1333,0.1866,-0.1866
325.1667,0.1921,-0.1921
325.2000,0.1976,-0.1976
325.2333,0.2032,-0.2032
325.2667,0.2088,-0.2088
325.3000,0.2145,-0.2145
325.3333,0.2202,-0.2202
325.3667,0.2259,-0.2259
325.4000,0.2317,-0.2317
325.4333,0.2375,-0.2375
325.4667,0.2434,-0.2434
325.5000,0.2493,-0.2493
325.5333,0.2552,-0.2552
325.5667,0.2612,-0.2612
325.6000,0.2672,-0.2672
325.6333,0.2733,-0.2733
325.6667,0.2793,-0.2793
325.7000,0.2855,-0.2855
325.7333,0.2916,-0.2916
325.7667,0.2978,-0.2978
325.8000,0.3040,-0.3040
325.8333,0.3102,-0.3102
325.8667,0.3164,-0.3164
325.9000,0.3227,-0.3227
325.9333,0.3290,-0.3290
325.9667,0.3353,-0.3353
326.0000,0.3416,-0.3416
326.0333,0.3480,-0.3480
326.0667,0.3544,-0.3544
326.1000,0.3607,-0.3607
326.1333,0.3671,-0.3671
326.1667,0.3735,-0.3735
326.2000,0.3799,-0.3799
326.2333,0.3864,-0.3864
326.2667,0.3928,-0.3928
326.3000,0.3992,-0.3992
326.3333,0.4056,-0.4056
326.3667,0.4121,-0.4121
326.4000,0.4185,-0.4185
326.4333,0.4249,-0.4249
326.4667,0.4313,-0.4313
326.5000,0.4377,-0.4377
326.5333,0.4441,-0.4441
326.5667,0.4505,-0.4505
326.6000,0.4568,-0.4568
326.6333,0.4632,-0.4632
326.6667,0.4695,-0.4695
326.7000,0.4758,-0.4758
326.7333,0.4820,-0.4820
326.7667,0.4883,-0.4883
326.8000,0.4945,-0.4945
326.8333,0.5007,-0.5007
326.8667,0.5068,-0.5068
326.9000,0.5129,-0.5129
326.9333,0.5190,-0.5190
326.9667,0.5250,-0.5250
327.0000,0.5310,-0.5310
327.0333,0.5369,-0.5369
327.0667,0.5427,-0.5427
327.1000,0.5486,-0.5486
327.1333,0.5543,-0.5543
327.1667,0.5600,-0.5600
327.2000,0.5656,-0.5656
327.2333,0.5712,-0.5712
327.2667,0.5767,-0.5767
327.3000,0.5821,-0.5821
327.3333,0.5874,-0.5874
327.3667,0.5927,-0.5927
327.4000,0.5979,-0.5979
327.4333,0.6029,-0.6029
327.4667,0.6079,-0.6079
327.5000,0.6128,-0.6128
327.5333,0.6177,-0.6177
327.5667,0.6224,-0.6224
327.6000,0.6270,-0.6270
327.6333,0.6315,-0.6315
327.6667,0.6359,-0.6359
327.7000,0.6401,-0.6401
327.7333,0.6443,-0.6443
327.7667,0.6483,-0.6483
327.8000,0.6522,-0.6522
327.8333,0.6560,-0.6560
327.8667,0.6597,-0.6597
327.9000,0.6632,-0.6632
327.9333,0.6666,-0.6666
327.9667,0.6698,-0.6698
328.0000,0.6729,-0.6729
328.0333,0.6759,-0.6759
328.0667,0.6787,-0.6787
328.1000,0.6813,-0.6813
328.1333,0.6838,-0.6838
328.1667,0.6861,-0.6861
328.2000,0.6883,-0.6883
328.2333,0.6903,-0.6903
328.2667,0.6921,-0.6921
328.3000,0.6937,-0.6937
328.3333,0.6952,-0.6952
328.3667,0.6964,-0.6964
328.4000,0.6975,-0.6975
328.4333,0.6984,-0.6984
328.4667,0.6991,-0.6991
328.5000,0.6996,-0.6996
328.5333,0.6999,-0.6999
328.5667,0.7000,-0.7000
328.6000,0.6999,-0.6999
328.6333,0.6996,-0.6996
328.6667,0.6990,-0.6990
328.7000,0.6983,-0.6983
328.7333,0.6973,-0.6973
328.7667,0.6961,-0.6961
328.8000,0.6947,-0.6947
328.8333,0.6931,-0.6931
328.8667,0.6912,-0.6912
328.9000,0.6891,-0.6891
328.9333,0.6868,-0.6868
328.9667,0.6842,-0.6842
329.0000,0.6814,-0.6814
329.0333,0.6783,-0.6783
329.0667,0.6750,-0.6750
329.1000,0.6714,-0.6714
329.1333,0.6676,-0.6676
329.1667,0.6636,-0.6636
329.2000,0.6592,-0.6592
329.2333,0.6547,-0.6547
329.2667,0.6498,-0.6498
329.3000,0.6448,-0.6448
329.3333,0.6394,-0.6394
329.3667,0.6338,-0.6338
329.4000,0.6279,-0.6279
329.4333,0.6218,-0.6218
329.4667,0.6154,-0.6154
329.5000,0.6087,-0.6087
329.5333,0.6018,-0.6018
329.5667,0.5946,-0.5946
329.6000,0.5872,-0.5872
329.6333,0.5794,-0.5794
329.6667,0.5714,-0.5714
329.7000,0.5632,-0.5632
329.7333,0.5546,-0.5546
329.7667,0.5459,-0.5459
329.8000,0.5368,-0.5368
329.8333,0.5275,-0.5275
329.8667,0.5179,-0.5179
329.9000,0.5080,-0.5080
329.9333,0.4979,-0.4979
329.9667,0.4875,-0.4875
330.0000,0.4769,-0.4769
330.0333,0.4660,-0.4660
330.0667,0.4549,-0.4549
330.1000,0.4435,-0.4435
330.1333,0.4319,-0.4319
330.1667,0.4200,-0.4200
330.2000,0.4079,-0.4079
330.2333,0.3955,-0.3955
330.2667,0.3829,-0.3829
330.3000,0.3701,-0.3701
330.3333,0.3570,-0.3570
330.3667,0.3437,-0.3437
330.4000,0.3302,-0.3302
330.4333,0.3165,-0.3165
330.4667,0.3026,-0.3026
330.5000,0.2885,-0.2885
330.5333,0.2741,-0.2741
330.5667,0.2596,-0.2596
330.6000,0.2449,-0.2449
330.6333,0.2300,-0.2300
330.6667,0.2149,-0.2149
330.7000,0.1997,-0.1997
330.7333,0.1843,-0.1843
330.7667,0.1687,-0.1687
330.8000,0.1530,-0.1530
330.8333,0.1371,-0.1371
330.8667,0.1211,-0.1211
330.9000,0.1050,-0.1050
330.9333,0.0888,-0.0888
330.9667,0.0724,-0.0724
331.0000,0.0560,-0.0560
331.0333,0.0394,-0.0394
331.0667,0.0228,-0.0228
331.1000,0.0061,-0.0061
331.1333,-0.0107,0.0107
331.1667,-0.0275,0.0275
331.2000,-0.0444,0.0444
331.2333,-0.0613,0.0613
331.2667,-0.0782,0.0782
331.3000,-0.0951,0.0951
331.3333,-0.1121,0.1121
331.3667,-0.1290,0.1290
331.4000,-0.1459,0.1459
331.4333,-0.1628,0.1628
331.4667,-0.1797,0.1797
331.5000,-0.1965,0.1965
331.5333,-0.2132,0.2132
331.5667,-0.2299,0.2299
331.6000,-0.2465,0.2465
331.6333,-0.2630,0.2630
331.6667,-0.2793,0.2793
331.7000,-0.2956,0.2956
331.7333,-0.3117,0.3117
331.7667,-0.3277,0.3277
331.8000,-0.3435,0.3435
331.8333,-0.3591,0.3591
331.8667,-0.3745,0.3745
331.9000,-0.3898,0.3898
331.9333,-0.4048,0.4048
331.9667,-0.4196,0.4196
332.0000,-0.4342,0.4342
332.0333,-0.4485,0.4485
332.0667,-0.4625,0.4625
332.1000,-0.4763,0.4763
332.1333,-0.4898,0.4898
332.1667,-0.5029,0.5029
332.2000,-0.5158,0.5158
332.2333,-0.5283,0.5283
332.2667,-0.5405,0.5405
332.3000,-0.5523,0.5523
332.3333,-0.5638,0.5638
332.3667,-0.5749,0.5749
332.4000,-0.5856,0.5856
332.4333,-0.5959,0.5959
332.4667,-0.6057,0.6057
332.5000,-0.6152,0.6152
332.5333,-0.6242,0.6242
332.5667,-0.6327,0.6327
332.6000,-0.6408,0.6408
332.6333,-0.6485,0.6485
332.6667,-0.6556,0.6556
332.7000,-0.6622,0.6622
332.7333,-0.6684,0.6684
332.7667,-0.6740,0.6740
332.8000,-0.6791,0.6791
332.8333,-0.6836,0.6836
332.8667,-0.6876,0.6876
332.9000,-0.6911,0.6911
332.9333,-0.6940,0.6940
332.9667,-0.6964,0.6964
333.0000,-0.6981,0.6981
333.0333,-0.6993,0.6993
333.0667,-0.6999,0.6999
333.1000,-0.6999,0.6999
333.1333,-0.6993,0.6993
333.1667,-0.6981,0.6981
333.2000,-0.6963,0.6963
333.2333,-0.6939,0.6939
333.2667,-0.6909,0.6909
333.3000,-0.6873,0.6873
333.3333,-0.6830,0.6830
333.3667,-0.6781,0.6781
333.4000,-0.6726,0.6726
333.4333,-0.6665,0.6665
333.4667,-0.6597,0.6597
333.5000,-0.6523,0.6523
333.5333,-0.6444,0.6444
333.5667,-0.6357,0.6357
333.6000,-0.6265,0.6265
333.6333,-0.6167,0.6167
333.6667,-0.6062,0.6062
333.7000,-0.5952,0.5952
333.7333,-0.5835,0.5835
333.7667,-0.5713,0.5713
333.8000,-0.5585,0.5585
333.8333,-0.5451,0.5451
333.8667,-0.5311,0.5311
333.9000,-0.5166,0.5166
333.9333,-0.5015,0.5015
333.9667,-0.4859,0.4859
334.0000,-0.4697,0.4697
334.0333,-0.4531,0.4531
334.0667,-0.4359,0.4359
334.1000,-0.4183,0.4183
334.1333,-0.4001,0.4001
334.1667,-0.3816,0.3816
334.2000,-0.3625,0.3625
334.2333,-0.3431,0.3431
334.2667,-0.3232,0.3232
334.3000,-0.3030,0.3030
334.3333,-0.2823,0.2823
334.3667,-0.2613,0.2613
334.4000,-0.2400,0.2400
334.4333,-0.2184,0.2184
334.4667,-0.1965,0.1965
334.5000,-0.1743,0.1743
334.5333,-0.1518,0.1518
334.5667,-0.1292,0.1292
334.6000,-0.1063,0.1063
334.6333,-0.0832,0.0832
334.6667,-0.0600,0.0600
334.7000,-0.0367,0.0367
334.7333,-0.0133,0.0133
334.7667,0.0102,-0.0102
334.8000,0.0338,-0.0338
334.8333,0.0574,-0.0574
334.8667,0.0810,-0.0810
334.9000,0.1045,-0.1045
334.9333,0.1280,-0.1280
334.9667,0.1514,-0.1514
335.0000,0.1747,-0.1747
335.0333,0.1979,-0.1979
335.0667,0.2208,-0.2208
335.1000,0.2436,-0.2436
335.1333,0.2661,-0.2661
335.1667,0.2884,-0.2884
335.2000,0.3104,-0.3104
335.2333,0.3320,-0.3320
335.2667,0.3533,-0.3533
335.3000,0.3743,-0.3743
335.3333,0.3948,-0.3948
335.3667,0.4149,-0.4149
335.4000,0.4345,-0.4345
335.4333,0.4536,-0.4536
335.4667,0.4723,-0.4723
335.5000,0.4903,-0.4903
335.5333,0.5078,-0.5078
335.5667,0.5247,-0.5247
335.6000,0.5409,-0.5409
335.6333,0.5565,-0.5565
335.6667,0.5714,-0.5714
335.7000,0.5856,-0.5856
335.7333,0.5991,-0.5991
335.7667,0.6118,-0.6118
335.8000,0.6238,-0.6238
335.8333,0.6349,-0.6349
335.8667,0.6453,-0.6453
335.9000,0.6548,-0.6548
335.9333,0.6634,-0.6634
335.9667,0.6712,-0.6712
336.0000,0.6780,-0.6780
336.0333,0.6840,-0.6840
336.0667,0.6891,-0.6891
336.1000,0.6932,-0.6932
336.1333,0.6963,-0.6963
336.1667,0.6985,-0.6985
336.2000,0.6997,-0.6997
336.2333,0.7000,-0.7000
336.2667,0.6992,-0.6992
336.3000,0.6975,-0.6975
336.3333,0.6948,-0.6948
336.3667,0.6910,-0.6910
336.4000,0.6863,-0.6863
336.4333,0.6806,-0.6806
336.4667,0.6738,-0.6738
336.5000,0.6661,-0.6661
336.5333,0.6574,-0.6574
336.5667,0.6477,-0.6477
336.6000,0.6370,-0.6370
336.6333,0.6253,-0.6253
336.6667,0.6127,-0.6127
336.7000,0.5991,-0.5991
336.7333,0.5846,-0.5846
336.7667,0.5692,-0.5692
336.8000,0.5529,-0.5529
336.8333,0.5357,-0.5357
336.8667,0.5177,-0.5177
336.9000,0.4988,-0.4988
336.9333,0.4791,-0.4791
336.9667,0.4586,-0.4586
337.0000,0.4374,-0.4374
337.0333,0.4154,-0.4154
337.0667,0.3927,-0.3927
337.1000,0.3693,-0.3693
337.1333,0.3453,-0.3453
337.1667,0.3207,-0.3207
337.2000,0.2956,-0.2956
337.2333,0.2699,-0.2699
337.2667,0.2437,-0.2437
337.3000,0.2170,-0.2170
337.3333,0.1900,-0.1900
337.3667,0.1625,-0.1625
337.4000,0.1348,-0.1348
337.4333,0.1068,-0.1068
337.4667,0.0785,-0.0785
337.5000,0.0500,-0.0500
337.5333,0.0214,-0.0214
337.5667,-0.0073,0.0073
337.6000,-0.0361,0.0361
337.6333,-0.0648,0.0648
337.6667,-0.0935,0.0935
337.7000,-0.1222,0.1222
337.7333,-0.1506,0.1506
337.7667,-0.1789,0.1789
337.8000,-0.2069,0.2069
337.8333,-0.2346,0.2346
337.8667,-0.2620,0.2620
337.9000,-0.2890,0.2890
337.9333,-0.3155,0.3155
337.9667,-0.3415,0.3415
338.0000,-0.3669,0.3669
338.0333,-0.3918,0.3918
338.0667,-0.4160,0.4160
338.1000,-0.4395,0.4395
338.1333,-0.4623,0.4623
338.1667,-0.4842,0.4842
338.2000,-0.5054,0.5054
338.2333,-0.5256,0.5256
338.2667,-0.5450,0.5450
338.3000,-0.5633,0.5633
338.3333,-0.5807,0.5807
338.3667,-0.5970,0.5970
338.4000,-0.6122,0.6122
338.4333,-0.6264,0.6264
338.4667,-0.6393,0.6393
338.5000,-0.6511,0.6511
338.5333,-0.6617,0.6617
338.5667,-0.6710,0.6710
338.6000,-0.6791,0.6791
338.6333,-0.6859,0.6859
338.6667,-0.6914,0.6914
338.7000,-0.6955,0.6955
338.7333,-0.6983,0.6983
338.7667,-0.6998,0.6998
338.8000,-0.6999,0.6999
338.8333,-0.6986,0.6986
338.8667,-0.6959,0.6959
338.9000,-0.6918,0.6918
338.9333,-0.6864,0.6864
338.9667,-0.6795,0.6795
339.0000,-0.6713,0.6713
339.0333,-0.6618,0.6618
339.0667,-0.6508,0.6508
339.1000,-0.6385,0.6385
339.1333,-0.6249,0.6249
339.1667,-0.6100,0.6100
339.2000,-0.5938,0.5938
339.2333,-0.5764,0.5764
339.2667,-0.5577,0.5577
339.3000,-0.5378,0.5378
339.3333,-0.5168,0.5168
339.3667,-0.4947,0.4947
339.4000,-0.4714,0.4714
339.4333,-0.4471,0.4471
339.4667,-0.4219,0.4219
339.5000,-0.3956,0.3956
339.5333,-0.3685,0.3685
339.5667,-0.3406,0.3406
339.6000,-0.3118,0.3118
339.6333,-0.2824,0.2824
339.6667,-0.2522,0.2522
339.7000,-0.2215,0.2215
339.7333,-0.1902,0.1902
339.7667,-0.1584,0.1584
339.8000,-0.1263,0.1263
339.8333,-0.0937,0.0937
339.8667,-0.0610,0.0610
339.9000,-0.0280,0.0280
339.9333,0.0051,-0.0051
339.9667,0.0383,-0.0383
340.0000,0.0714,-0.0714
340.0333,0.1044,-0.1044
340.0667,0.1373,-0.1373
340.1000,0.1699,-0.1699
340.1333,0.2021,-0.2021
340.1667,0.2340,-0.2340
340.2000,0.2654,-0.2654
340.2333,0.2962,-0.2962
340.2667,0.3264,-0.3264
340.3000,0.3559,-0.3559
340.3333,0.3847,-0.3847
340.3667,0.4125,-0.4125
340.4000,0.4395,-0.4395
340.4333,0.4654,-0.4654
340.4667,0.4904,-0.4904
340.5000,0.5141,-0.5141
340.5333,0.5367,-0.5367
340.5667,0.5581,-0.5581
340.6000,0.5781,-0.5781
340.6333,0.5968,-0.5968
340.6667,0.6141,-0.6141
340.7000,0.6299,-0.6299
340.7333,0.6442,-0.6442
340.7667,0.6570,-0.6570
340.8000,0.6682,-0.6682
340.8333,0.6777,-0.6777
340.8667,0.6856,-0.6856
340.9000,0.6918,-0.6918
340.9333,0.6963,-0.6963
340.9667,0.6990,-0.6990
341.0000,0.7000,-0.7000
341.0333,0.6992,-0.6992
341.0667,0.6967,-0.6967
341.1000,0.6924,-0.6924
341.1333,0.6863,-0.6863
341.1667,0.6785,-0.6785
341.2000,0.6689,-0.6689
341.2333,0.6575,-0.6575
341.2667,0.6445,-0.6445
341.3000,0.6297,-0.6297
341.3333,0.6133,-0.6133
341.3667,0.5953,-0.5953
341.4000,0.5757,-0.5757
341.4333,0.5545,-0.5545
341.4667,0.5318,-0.5318
341.5000,0.5077,-0.5077
341.5333,0.4822,-0.4822
341.5667,0.4554,-0.4554
341.6000,0.4273,-0.4273
341.6333,0.3980,-0.3980
341.6667,0.3676,-0.3676
341.7000,0.3362,-0.3362
341.7333,0.3038,-0.3038
341.7667,0.2705,-0.2705
341.8000,0.2364,-0.2364
341.8333,0.2016,-0.2016
341.8667,0.1662,-0.1662
341.9000,0.1303,-0.1303
341.9333,0.0939,-0.0939
341.9667,0.0572,-0.0572
342.0000,0.0204,-0.0204
342.0333,-0.0166,0.0166
342.0667,-0.0537,0.0537
342.1000,-0.0906,0.0906
342.1333,-0.1273,0.1273
342.1667,-0.1638,0.1638
342.2000,-0.1998,0.1998
342.2333,-0.2353,0.2353
342.2667,-0.2702,0.2702
342.3000,-0.3044,0.3044
342.3333,-0.3378,0.3378
342.3667,-0.3703,0.3703
342.4000,-0.4017,0.4017
342.4333,-0.4320,0.4320
342.4667,-0.4611,0.4611
342.5000,-0.4889,0.4889
342.5333,-0.5153,0.5153
342.5667,-0.5403,0.5403
342.6000,-0.5637,0.5637
342.6333,-0.5854,0.5854
342.6667,-0.6055,0.6055
342.7000,-0.6238,0.6238
342.7333,-0.6402,0.6402
342.7667,-0.6548,0.6548
342.8000,-0.6674,0.6674
342.8333,-0.6780,0.6780
342.8667,-0.6865,0.6865
342.9000,-0.6930,0.6930
342.9333,-0.6974,0.6974
342.9667,-0.6997,0.6997
343.0000,-0.6998,0.6998
343.0333,-0.6978,0.6978
343.0667,-0.6936,0.6936
343.1000,-0.6872,0.6872
343.1333,-0.6787,0.6787
343.1667,-0.6681,0.6681
343.2000,-0.6553,0.6553
343.2333,-0.6405,0.6405
343.2667,-0.6237,0.6237
343.3000,-0.6048,0.6048
343.3333,-0.5840,0.5840
343.3667,-0.5614,0.5614
343.4000,-0.5368,0.5368
343.4333,-0.5106,0.5106
343.4667,-0.4826,0.4826
343.5000,-0.4531,0.4531
343.5333,-0.4220,0.4220
343.5667,-0.3896,0.3896
343.6000,-0.3558,0.3558
343.6333,-0.3208,0.3208
343.6667,-0.2847,0.2847
343.7000,-0.2476,0.2476
343.7333,-0.2097,0.2097
343.7667,-0.1710,0.1710
343.8000,-0.1316,0.1316
343.8333,-0.0918,0.0918
343.8667,-0.0516,0.0516
343.9000,-0.0112,0.0112
343.9333,0.0293,-0.0293
343.9667,0.0698,-0.0698
344.0000,0.1101,-0.1101
344.0333,0.1502,-0.1502
344.0667,0.1897,-0.1897
344.1000,0.2287,-0.2287
344.1333,0.2669,-0.2669
344.1667,0.3043,-0.3043
344.2000,0.3407,-0.3407
344.2333,0.3760,-0.3760
344.2667,0.4101,-0.4101
344.3000,0.4427,-0.4427
344.3333,0.4739,-0.4739
344.3667,0.5035,-0.5035
344.4000,0.5314,-0.5314
344.4333,0.5574,-0.5574
344.4667,0.5815,-0.5815
344.5000,0.6037,-0.6037
344.5333,0.6237,-0.6237
344.5667,0.6415,-0.6415
344.6000,0.6571,-0.6571
344.6333,0.6703,-0.6703
344.6667,0.6812,-0.6812
344.7000,0.6896,-0.6896
344.7333,0.6956,-0.6956
344.7667,0.6990,-0.6990
344.8000,0.7000,-0.7000
344.8333,0.6984,-0.6984
344.8667,0.6942,-0.6942
344.9000,0.6875,-0.6875
344.9333,0.6783,-0.6783
344.9667,0.6666,-0.6666
345.0000,0.6524,-0.6524
345.0333,0.6358,-0.6358
345.0667,0.6167,-0.6167
345.1000,0.5954,-0.5954
345.1333,0.5718,-0.5718
345.1667,0.5461,-0.5461
345.2000,0.5182,-0.5182
345.2333,0.4884,-0.4884
345.2667,0.4567,-0.4567
345.3000,0.4232,-0.4232
345.3333,0.3881,-0.3881
345.3667,0.3514,-0.3514
345.4000,0.3133,-0.3133
345.4333,0.2740,-0.2740
345.4667,0.2336,-0.2336
345.5000,0.1922,-0.1922
345.5333,0.1500,-0.1500
345.5667,0.1072,-0.1072
345.6000,0.0639,-0.0639
345.6333,0.0203,-0.0203
345.6667,-0.0235,0.0235
345.7000,-0.0672,0.0672
345.7333,-0.1107,0.1107
345.7667,-0.1538,0.1538
345.8000,-0.1964,0.1964
345.8333,-0.2383,0.2383
345.8667,-0.2793,0.2793
345.9000,-0.3192,0.3192
345.9333,-0.3579,0.3579
345.9667,-0.3953,0.3953
346.0000,-0.4311,0.4311
346.0333,-0.4652,0.4652
346.0667,-0.4975,0.4975
346.1000,-0.5278,0.5278
346.1333,-0.5560,0.5560
346.1667,-0.5820,0.5820
346.2000,-0.6057,0.6057
346.2333,-0.6269,0.6269
346.2667,-0.6456,0.6456
346.3000,-0.6616,0.6616
346.3333,-0.6749,0.6749
346.3667,-0.6855,0.6855
346.4000,-0.6932,0.6932
346.4333,-0.6980,0.6980
346.4667,-0.7000,0.7000
346.5000,-0.6990,0.6990
346.5333,-0.6951,0.6951
346.5667,-0.6882,0.6882
346.6000,-0.6784,0.6784
346.6333,-0.6658,0.6658
346.6667,-0.6503,0.6503
346.7000,-0.6320,0.6320
346.7333,-0.6110,0.6110
346.7667,-0.5874,0.5874
346.8000,-0.5612,0.5612
346.8333,-0.5326,0.5326
346.8667,-0.5016,0.5016
346.9000,-0.4684,0.4684
346.9333,-0.4332,0.4332
346.9667,-0.3960,0.3960
347.0000,-0.3570,0.3570
347.0333,-0.3165,0.3165
347.0667,-0.2744,0.2744
347.1000,-0.2312,0.2312
347.1333,-0.1868,0.1868
347.1667,-0.1416,0.1416
347.2000,-0.0957,0.0957
347.2333,-0.0493,0.0493
347.2667,-0.0026,0.0026
347.3000,0.0442,-0.0442
347.3333,0.0908,-0.0908
347.3667,0.1371,-0.1371
347.4000,0.1828,-0.1828
347.4333,0.2278,-0.2278
347.4667,0.2717,-0.2717
347.5000,0.3146,-0.3146
347.5333,0.3560,-0.3560
347.5667,0.3959,-0.3959
347.6000,0.4340,-0.4340
347.6333,0.4702,-0.4702
347.6667,0.5042,-0.5042
347.7000,0.5360,-0.5360
347.7333,0.5653,-0.5653
347.7667,0.5921,-0.5921
347.8000,0.6162,-0.6162
347.8333,0.6374,-0.6374
347.8667,0.6557,-0.6557
347.9000,0.6709,-0.6709
347.9333,0.6830,-0.6830
347.9667,0.6919,-0.6919
348.0000,0.6976,-0.6976
348.0333,0.6999,-0.6999
348.0667,0.6990,-0.6990
348.1000,0.6947,-0.6947
348.1333,0.6871,-0.6871
348.1667,0.6762,-0.6762
348.2000,0.6621,-0.6621
348.2333,0.6448,-0.6448
348.2667,0.6243,-0.6243
348.3000,0.6009,-0.6009
348.3333,0.5744,-0.5744
348.3667,0.5452,-0.5452
348.4000,0.5133,-0.5133
348.4333,0.4788,-0.4788
348.4667,0.4419,-0.4419
348.5000,0.4029,-0.4029
348.5333,0.3618,-0.3618
348.5667,0.3189,-0.3189
348.6000,0.2743,-0.2743
348.6333,0.2283,-0.2283
348.6667,0.1812,-0.1812
348.7000,0.1331,-0.1331
348.7333,0.0842,-0.0842
348.7667,0.0349,-0.0349
348.8000,-0.0147,0.0147
348.8333,-0.0642,0.0642
348.8667,-0.1135,0.1135
348.9000,-0.1623,0.1623
348.9333,-0.2103,0.2103
348.9667,-0.2573,0.2573
349.0000,-0.3030,0.3030
349.0333,-0.3473,0.3473
349.0667,-0.3899,0.3899
349.1000,-0.4305,0.4305
349.1333,-0.4689,0.4689
349.1667,-0.5050,0.5050
349.2000,-0.5385,0.5385
349.2333,-0.5693,0.5693
349.2667,-0.5971,0.5971
349.3000,-0.6219,0.6219
349.3333,-0.6435,0.6435
349.3667,-0.6617,0.6617
349.4000,-0.6765,0.6765
349.4333,-0.6877,0.6877
349.4667,-0.6954,0.6954
349.5000,-0.6994,0.6994
349.5333,-0.6997,0.6997
349.5667,-0.6963,0.6963
349.6000,-0.6891,0.6891
349.6333,-0.6783,0.6783
349.6667,-0.6639,0.6639
349.7000,-0.6459,0.6459
349.7333,-0.6244,0.6244
349.7667,-0.5995,0.5995
349.8000,-0.5714,0.5714
349.8333,-0.5401,0.5401
349.8667,-0.5059,0.5059
349.9000,-0.4689,0.4689
349.9333,-0.4292,0.4292
349.9667,-0.3872,0.3872
350.0000,-0.3431,0.3431
350.0333,-0.2970,0.2970
350.0667,-0.2492,0.2492
350.1000,-0.1999,0.1999
350.1333,-0.1495,0.1495
350.1667,-0.0983,0.0983
350.2000,-0.0464,0.0464
350.2333,0.0058,-0.0058
350.2667,0.0580,-0.0580
350.3000,0.1100,-0.1100
350.3333,0.1614,-0.1614
350.3667,0.2120,-0.2120
350.4000,0.2614,-0.2614
350.4333,0.3095,-0.3095
350.4667,0.3558,-0.3558
350.5000,0.4001,-0.4001
350.5333,0.4423,-0.4423
350.5667,0.4819,-0.4819
350.6000,0.5189,-0.5189
350.6333,0.5529,-0.5529
350.6667,0.5839,-0.5839
350.7000,0.6114,-0.6114
350.7333,0.6355,-0.6355
350.7667,0.6560,-0.6560
350.8000,0.6727,-0.6727
350.8333,0.6855,-0.6855
350.8667,0.6943,-0.6943
350.9000,0.6991,-0.6991
350.9333,0.6998,-0.6998
350.9667,0.6964,-0.6964
351.0000,0.6889,-0.6889
351.0333,0.6774,-0.6774
351.0667,0.6618,-0.6618
351.1000,0.6423,-0.6423
351.1333,0.6190,-0.6190
351.1667,0.5920,-0.5920
351.2000,0.5614,-0.5614
351.2333,0.5275,-0.5275
351.2667,0.4904,-0.4904
351.3000,0.4502,-0.4502
351.3333,0.4074,-0.4074
351.3667,0.3620,-0.3620
351.4000,0.3144,-0.3144
351.4333,0.2648,-0.2648
351.4667,0.2136,-0.2136
351.5000,0.1610,-0.1610
351.5333,0.1074,-0.1074
351.5667,0.0530,-0.0530
351.6000,-0.0017,0.0017
351.6333,-0.0565,0.0565
351.6667,-0.1110,0.1110
351.7000,-0.1648,0.1648
351.7333,-0.2177,0.2177
351.7667,-0.2694,0.2694
351.8000,-0.3194,0.3194
351.8333,-0.3674,0.3674
351.8667,-0.4133,0.4133
351.9000,-0.4566,0.4566
351.9333,-0.4971,0.4971
351.9667,-0.5346,0.5346
352.0000,-0.5687,0.5687
352.0333,-0.5993,0.5993
352.0667,-0.6261,0.6261
352.1000,-0.6490,0.6490
352.1333,-0.6678,0.6678
352.1667,-0.6824,0.6824
352.2000,-0.6927,0.6927
352.2333,-0.6985,0.6985
352.2667,-0.6999,0.6999
352.3000,-0.6968,0.6968
352.3333,-0.6893,0.6893
352.3667,-0.6772,0.6772
352.4000,-0.6608,0.6608
352.4333,-0.6401,0.6401
352.4667,-0.6153,0.6153
352.5000,-0.5864,0.5864
352.5333,-0.5536,0.5536
352.5667,-0.5173,0.5173
352.6000,-0.4775,0.4775
352.6333,-0.4345,0.4345
352.6667,-0.3886,0.3886
352.7000,-0.3401,0.3401
352.7333,-0.2893,0.2893
352.7667,-0.2366,0.2366
352.8000,-0.1822,0.1822
352.8333,-0.1266,0.1266
352.8667,-0.0700,0.0700
352.9000,-0.0129,0.0129
352.9333,0.0443,-0.0443
352.9667,0.1013,-0.1013
353.0000,0.1576,-0.1576
353.0333,0.2130,-0.2130
353.0667,0.2670,-0.2670
353.1000,0.3192,-0.3192
353.1333,0.3694,-0.3694
353.1667,0.4171,-0.4171
353.2000,0.4620,-0.4620
353.2333,0.5038,-0.5038
353.2667,0.5422,-0.5422
353.3000,0.5769,-0.5769
353.3333,0.6078,-0.6078
353.3667,0.6344,-0.6344
353.4000,0.6568,-0.6568
353.4333,0.6746,-0.6746
353.4667,0.6878,-0.6878
353.5000,0.6962,-0.6962
353.5333,0.6999,-0.6999
353.5667,0.6986,-0.6986
353.6000,0.6925,-0.6925
353.6333,0.6815,-0.6815
353.6667,0.6815,-0.6815
353.7000,0.6566,-0.6566
353.7333,0.6318,-0.6318
353.7667,0.6070,-0.6070
353.8000,0.5821,-0.5821
353.8333,0.5573,-0.5573
353.8667,0.5324,-0.5324
353.9000,0.5076,-0.5076
353.9333,0.4827,-0.4827
353.9667,0.4579,-0.4579
354.0000,0.4330,-0.4330
354.0333,0.4394,-0.4318
354.0667,0.4458,-0.4306
354.1000,0.4521,-0.4293
354.1333,0.4585,-0.4279
354.1667,0.4648,-0.4265
354.2000,0.4711,-0.4250
354.2333,0.4774,-0.4235
354.2667,0.4837,-0.4219
354.3000,0.4899,-0.4202
354.3333,0.4961,-0.4185
354.3667,0.5023,-0.4167
354.4000,0.5085,-0.4148
354.4333,0.5147,-0.4129
354.4667,0.5208,-0.4109
354.5000,0.5269,-0.4088
354.5333,0.5329,-0.4066
354.5667,0.5390,-0.4044
354.6000,0.5450,-0.4021
354.6333,0.5510,-0.3998
354.6667,0.5569,-0.3974
354.7000,0.5628,-0.3948
354.7333,0.5686,-0.3923
354.7667,0.5745,-0.3896
354.8000,0.5802,-0.3869
354.8333,0.5860,-0.3841
354.8667,0.5917,-0.3812
354.9000,0.5973,-0.3782
354.9333,0.6029,-0.3751
354.9667,0.6085,-0.3720
355.0000,0.6140,-0.3688
355.0333,0.6194,-0.3655
355.0667,0.6248,-0.3621
355.1000,0.6302,-0.3587
355.1333,0.6355,-0.3551
355.1667,0.6407,-0.3515
355.2000,0.6459,-0.3478
355.2333,0.6510,-0.3440
355.2667,0.6561,-0.3401
355.3000,0.6611,-0.3361
355.3333,0.6660,-0.3320
355.3667,0.6709,-0.3279
355.4000,0.6757,-0.3236
355.4333,0.6804,-0.3193
355.4667,0.6851,-0.3149
355.5000,0.6897,-0.3103
355.5333,0.6942,-0.3057
355.5667,0.6986,-0.3010
355.6000,0.7030,-0.2962
355.6333,0.7073,-0.2913
355.6667,0.7115,-0.2864
355.7000,0.7156,-0.2813
355.7333,0.7197,-0.2761
355.7667,0.7237,-0.2708
355.8000,0.7275,-0.2655
355.8333,0.7313,-0.2600
355.8667,0.7351,-0.2545
355.9000,0.7387,-0.2488
355.9333,0.7422,-0.2431
355.9667,0.7457,-0.2372
356.0000,0.7490,-0.2313
356.0333,0.7523,-0.2252
356.0667,0.7554,-0.2191
356.1000,0.7585,-0.2128
356.1333,0.7615,-0.2065
356.1667,0.7643,-0.2001
356.2000,0.7671,-0.1935
356.2333,0.7697,-0.1869
356.2667,0.7723,-0.1802
356.3000,0.7747,-0.1733
356.3333,0.7771,-0.1664
356.3667,0.7793,-0.1594
356.4000,0.7815,-0.1523
356.4333,0.7835,-0.1451
356.4667,0.7854,-0.1377
356.5000,0.7872,-0.1303
356.5333,0.7889,-0.1228
356.5667,0.7904,-0.1152
356.6000,0.7919,-0.1075
356.6333,0.7932,-0.0997
356.6667,0.7944,-0.0918
356.7000,0.7955,-0.0838
356.7333,0.7965,-0.0757
356.7667,0.7973,-0.0675
356.8000,0.7981,-0.0592
356.8333,0.7987,-0.0509
356.8667,0.7992,-0.0424
356.9000,0.7995,-0.0339
356.9333,0.7997,-0.0252
356.9667,0.7998,-0.0165
357.0000,0.7998,-0.0077
357.0333,0.7997,0.0013
357.0667,0.7994,0.0103
357.1000,0.7990,0.0193
357.1333,0.7984,0.0285
357.1667,0.7977,0.0378
357.2000,0.7969,0.0471
357.2333,0.7960,0.0565
357.2667,0.7949,0.0660
357.3000,0.7937,0.0756
357.3333,0.7924,0.0853
357.3667,0.7909,0.0950
357.4000,0.7893,0.1048
357.4333,0.7875,0.1147
357.4667,0.7856,0.1246
357.5000,0.7836,0.1347
357.5333,0.7815,0.1448
357.5667,0.7792,0.1549
357.6000,0.7767,0.1651
357.6333,0.7742,0.1754
357.6667,0.7714,0.1858
357.7000,0.7686,0.1962
357.7333,0.7656,0.2067
357.7667,0.7625,0.2172
357.8000,0.7592,0.2278
357.8333,0.7558,0.2384
357.8667,0.7523,0.2491
357.9000,0.7487,0.2598
357.9333,0.7448,0.2705
357.9667,0.7409,0.2814
358.0000,0.7368,0.2922
358.0333,0.7326,0.3031
358.0667,0.7283,0.3140
358.1000,0.7238,0.3249
358.1333,0.7192,0.3359
358.1667,0.7144,0.3469
358.2000,0.7096,0.3580
358.2333,0.7046,0.3690
358.2667,0.6994,0.3801
358.3000,0.6942,0.3911
358.3333,0.6888,0.4022
358.3667,0.6832,0.4133
358.4000,0.6776,0.4244
358.4333,0.6718,0.4355
358.4667,0.6659,0.4466
358.5000,0.6599,0.4577
358.5333,0.6537,0.4688
358.5667,0.6475,0.4799
358.6000,0.6411,0.4910
358.6333,0.6346,0.5020
358.6667,0.6280,0.5130
358.7000,0.6212,0.5240
358.7333,0.6144,0.5350
358.7667,0.6074,0.5459
358.8000,0.6004,0.5568
358.8333,0.5932,0.5677
358.8667,0.5859,0.5785
358.9000,0.5785,0.5892
358.9333,0.5710,0.5999
358.9667,0.5635,0.6106
359.0000,0.5558,0.6212
359.0333,0.5480,0.6317
359.0667,0.5401,0.6421
359.1000,0.5321,0.6525
359.1333,0.5241,0.6628
359.1667,0.5159,0.6730
359.2000,0.5077,0.6832
359.2333,0.4994,0.6932
359.2667,0.4910,0.7031
359.3000,0.4826,0.7130
359.3333,0.4740,0.7227
359.3667,0.4654,0.7323
359.4000,0.4567,0.7418
359.4333,0.4480,0.7512
359.4667,0.4392,0.7605
359.5000,0.4303,0.7696
359.5333,0.4214,0.7786
359.5667,0.4124,0.7875
359.6000,0.4033,0.7962
359.6333,0.3942,0.8048
359.6667,0.3851,0.8133
359.7000,0.3759,0.8215
359.7333,0.3667,0.8296
359.7667,0.3575,0.8376
359.8000,0.3482,0.8454
359.8333,0.3389,0.8530
359.8667,0.3295,0.8604
359.9000,0.3202,0.8676
359.9333,0.3108,0.8747
359.9667,0.3014,0.8815
360.0000,0.2920,0.8882
360.0333,0.2825,0.8946
360.0667,0.2731,0.9009
360.1000,0.2637,0.9069
360.1333,0.2542,0.9127
360.1667,0.2448,0.9183
360.2000,0.2354,0.9237
360.2333,0.2260,0.9288
360.2667,0.2166,0.9337
360.3000,0.2072,0.9383
360.3333,0.1978,0.9427
360.3667,0.1885,0.9469
360.4000,0.1792,0.9508
360.4333,0.1699,0.9544
360.4667,0.1607,0.9578
360.5000,0.1515,0.9609
360.5333,0.1424,0.9637
360.5667,0.1333,0.9663
360.6000,0.1242,0.9686
360.6333,0.1152,0.9706
360.6667,0.1063,0.9723
360.7000,0.0974,0.9737
360.7333,0.0886,0.9748
360.7667,0.0798,0.9756
360.8000,0.0712,0.9762
360.8333,0.0626,0.9764
360.8667,0.0540,0.9763
360.9000,0.0456,0.9759
360.9333,0.0373,0.9751
360.9667,0.0290,0.9741
361.0000,0.0208,0.9727
361.0333,0.0128,0.9710
361.0667,0.0048,0.9690
361.1000,-0.0031,0.9666
361.1333,-0.0108,0.9639
361.1667,-0.0185,0.9609
361.2000,-0.0260,0.9575
361.2333,-0.0334,0.9538
361.2667,-0.0407,0.9497
361.3000,-0.0479,0.9453
361.3333,-0.0550,0.9406
361.3667,-0.0619,0.9355
361.4000,-0.0687,0.9300
361.4333,-0.0754,0.9242
361.4667,-0.0819,0.9180
361.5000,-0.0883,0.9115
361.5333,-0.0946,0.9046
361.5667,-0.1007,0.8974
361.6000,-0.1067,0.8898
361.6333,-0.1125,0.8819
361.6667,-0.1182,0.8736
361.7000,-0.1237,0.8649
361.7333,-0.1291,0.8559
361.7667,-0.1344,0.8465
361.8000,-0.1394,0.8367
361.8333,-0.1443,0.8266
361.8667,-0.1491,0.8162
361.9000,-0.1537,0.8054
361.9333,-0.1581,0.7942
361.9667,-0.1624,0.7827
362.0000,-0.1665,0.7708
362.0333,-0.1704,0.7586
362.0667,-0.1742,0.7460
362.1000,-0.1778,0.7331
362.1333,-0.1812,0.7198
362.1667,-0.1845,0.7062
362.2000,-0.1876,0.6923
362.2333,-0.1905,0.6780
362.2667,-0.1933,0.6634
362.3000,-0.1959,0.6485
362.3333,-0.1983,0.6332
362.3667,-0.2005,0.6176
362.4000,-0.2026,0.6017
362.4333,-0.2045,0.5855
362.4667,-0.2063,0.5690
362.5000,-0.2078,0.5521
362.5333,-0.2093,0.5350
362.5667,-0.2105,0.5176
362.6000,-0.2116,0.4999
362.6333,-0.2125,0.4819
362.6667,-0.2133,0.4636
362.7000,-0.2139,0.4451
362.7333,-0.2143,0.4262
362.7667,-0.2146,0.4072
362.8000,-0.2147,0.3879
362.8333,-0.2147,0.3683
362.8667,-0.2145,0.3485
362.9000,-0.2142,0.3285
362.9333,-0.2138,0.3082
362.9667,-0.2132,0.2877
363.0000,-0.2124,0.2671
363.0333,-0.2115,0.2462
363.0667,-0.2105,0.2251
363.1000,-0.2093,0.2039
363.1333,-0.2081,0.1824
363.1667,-0.2067,0.1609
363.2000,-0.2051,0.1391
363.2333,-0.2035,0.1172
363.2667,-0.2017,0.0952
363.3000,-0.1999,0.0731
363.3333,-0.1979,0.0508
363.3667,-0.1958,0.0284
363.4000,-0.1936,0.0060
363.4333,-0.1914,-0.0166
363.4667,-0.1890,-0.0392
363.5000,-0.1866,-0.0619
363.5333,-0.1840,-0.0846
363.5667,-0.1814,-0.1074
363.6000,-0.1788,-0.1302
363.6333,-0.1760,-0.1530
363.6667,-0.1732,-0.1758
363.7000,-0.1704,-0.1987
363.7333,-0.1674,-0.2215
363.7667,-0.1645,-0.2442
363.8000,-0.1615,-0.2670
363.8333,-0.1585,-0.2896
363.8667,-0.1554,-0.3123
363.9000,-0.1523,-0.3348
363.9333,-0.1492,-0.3572
363.9667,-0.1461,-0.3796
364.0000,-0.1430,-0.4018
364.0333,-0.1399,-0.4239
364.0667,-0.1367,-0.4459
364.1000,-0.1336,-0.4676
364.1333,-0.1305,-0.4893
364.1667,-0.1274,-0.5107
364.2000,-0.1244,-0.5320
364.2333,-0.1214,-0.5530
364.2667,-0.1184,-0.5739
364.3000,-0.1154,-0.5945
364.3333,-0.1125,-0.6148
364.3667,-0.1097,-0.6349
364.4000,-0.1069,-0.6547
364.4333,-0.1042,-0.6743
364.4667,-0.1016,-0.6935
364.5000,-0.0990,-0.7124
364.5333,-0.0965,-0.7310
364.5667,-0.0941,-0.7493
364.6000,-0.0918,-0.7672
364.6333,-0.0896,-0.7848
364.6667,-0.0875,-0.8020
364.7000,-0.0855,-0.8188
364.7333,-0.0837,-0.8352
364.7667,-0.0819,-0.8512
364.8000,-0.0803,-0.8668
364.8333,-0.0788,-0.8820
364.8667,-0.0774,-0.8967
364.9000,-0.0761,-0.9109
364.9333,-0.0750,-0.9247
364.9667,-0.0741,-0.9380
365.0000,-0.0733,-0.9509
365.0333,-0.0726,-0.9632
365.0667,-0.0722,-0.9750
365.1000,-0.0718,-0.9863
365.1333,-0.0717,-0.9971
365.1667,-0.0717,-1.0000
365.2000,-0.0718,-1.0000
365.2333,-0.0722,-1.0000
365.2667,-0.0727,-1.0000
365.3000,-0.0734,-1.0000
365.3333,-0.0743,-1.0000
365.3667,-0.0753,-1.0000
365.4000,-0.0766,-1.0000
365.4333,-0.0780,-1.0000
365.4667,-0.0796,-1.0000
365.5000,-0.0814,-1.0000
365.5333,-0.0834,-1.0000
365.5667,-0.0856,-1.0000
365.6000,-0.0880,-1.0000
365.6333,-0.0905,-1.0000
365.6667,-0.0933,-1.0000
365.7000,-0.0962,-1.0000
365.7333,-0.0993,-1.0000
365.7667,-0.1026,-1.0000
365.8000,-0.1061,-1.0000
365.8333,-0.1098,-1.0000
365.8667,-0.1137,-1.0000
365.9000,-0.1177,-1.0000
365.9333,-0.1220,-1.0000
365.9667,-0.1264,-1.0000
366.0000,-0.1309,-1.0000
366.0333,-0.1357,-1.0000
366.0667,-0.1406,-1.0000
366.1000,-0.1456,-1.0000
366.1333,-0.1509,-1.0000
366.1667,-0.1562,-1.0000
366.2000,-0.1618,-1.0000
366.2333,-0.1674,-1.0000
366.2667,-0.1732,-1.0000
366.3000,-0.1792,-0.9919
366.3333,-0.1852,-0.9802
366.3667,-0.1914,-0.9679
366.4000,-0.1977,-0.9550
366.4333,-0.2041,-0.9415
366.4667,-0.2106,-0.9274
366.5000,-0.2172,-0.9126
366.5333,-0.2239,-0.8974
366.5667,-0.2306,-0.8815
366.6000,-0.2375,-0.8651
366.6333,-0.2443,-0.8481
366.6667,-0.2513,-0.8306
366.7000,-0.2583,-0.8125
366.7333,-0.2653,-0.7939
366.7667,-0.2723,-0.7748
366.8000,-0.2794,-0.7552
366.8333,-0.2864,-0.7351
366.8667,-0.2935,-0.7146
366.9000,-0.3005,-0.6936
366.9333,-0.3075,-0.6721
366.9667,-0.3145,-0.6502
367.0000,-0.3214,-0.6279
367.0333,-0.3283,-0.6052
367.0667,-0.3351,-0.5821
367.1000,-0.3418,-0.5587
367.1333,-0.3484,-0.5349
367.1667,-0.3550,-0.5108
367.2000,-0.3614,-0.4863
367.2333,-0.3677,-0.4615
367.2667,-0.3738,-0.4365
367.3000,-0.3798,-0.4112
367.3333,-0.3857,-0.3857
367.3667,-0.3913,-0.3599
367.4000,-0.3968,-0.3339
367.4333,-0.4021,-0.3078
367.4667,-0.4072,-0.2815
367.5000,-0.4121,-0.2550
367.5333,-0.4167,-0.2284
367.5667,-0.4211,-0.2017
367.6000,-0.4252,-0.1749
367.6333,-0.4291,-0.1481
367.6667,-0.4327,-0.1212
367.7000,-0.4360,-0.0943
367.7333,-0.4390,-0.0674
367.7667,-0.4417,-0.0405
367.8000,-0.4441,-0.0137
367.8333,-0.4461,0.0131
367.8667,-0.4478,0.0398
367.9000,-0.4492,0.0664
367.9333,-0.4501,0.0928
367.9667,-0.4508,0.1191
368.0000,-0.4510,0.1453
368.0333,-0.4508,0.1712
368.0667,-0.4502,0.1969
368.1000,-0.4493,0.2224
368.1333,-0.4479,0.2476
368.1667,-0.4460,0.2725
368.2000,-0.4438,0.2972
368.2333,-0.4411,0.3215
368.2667,-0.4379,0.3455
368.3000,-0.4343,0.3691
368.3333,-0.4303,0.3924
368.3667,-0.4257,0.4152
368.4000,-0.4207,0.4376
368.4333,-0.4153,0.4596
368.4667,-0.4093,0.4812
368.5000,-0.4029,0.5022
368.5333,-0.3960,0.5228
368.5667,-0.3886,0.5428
368.6000,-0.3807,0.5624
368.6333,-0.3723,0.5813
368.6667,-0.3634,0.5998
368.7000,-0.3540,0.6176
368.7333,-0.3442,0.6349
368.7667,-0.3338,0.6515
368.8000,-0.3229,0.6676
368.8333,-0.3116,0.6830
368.8667,-0.2998,0.6977
368.9000,-0.2875,0.7119
368.9333,-0.2747,0.7253
368.9667,-0.2615,0.7381
369.0000,-0.2477,0.7501
369.0333,-0.2336,0.7615
369.0667,-0.2189,0.7722
369.1000,-0.2038,0.7821
369.1333,-0.1883,0.7914
369.1667,-0.1724,0.7999
369.2000,-0.1560,0.8076
369.2333,-0.1392,0.8146
369.2667,-0.1220,0.8209
369.3000,-0.1045,0.8265
369.3333,-0.0865,0.8312
369.3667,-0.0682,0.8353
369.4000,-0.0496,0.8385
369.4333,-0.0306,0.8411
369.4667,-0.0112,0.8428
369.5000,0.0084,0.8438
369.5333,0.0283,0.8441
369.5667,0.0485,0.8436
369.6000,0.0689,0.8423
369.6333,0.0896,0.8403
369.6667,0.1104,0.8376
369.7000,0.1315,0.8342
369.7333,0.1528,0.8300
369.7667,0.1742,0.8251
369.8000,0.1958,0.8195
369.8333,0.2175,0.8132
369.8667,0.2392,0.8062
369.9000,0.2611,0.7985
369.9333,0.2830,0.7901
369.9667,0.3049,0.7811
370.0000,0.3268,0.7715
370.0333,0.3487,0.7612
370.0667,0.3706,0.7503
370.1000,0.3924,0.7388
370.1333,0.4141,0.7267
370.1667,0.4357,0.7140
370.2000,0.4571,0.7008
370.2333,0.4783,0.6870
370.2667,0.4994,0.6728
370.3000,0.5202,0.6580
370.3333,0.5408,0.6428
370.3667,0.5611,0.6270
370.4000,0.5811,0.6109
370.4333,0.6008,0.5943
370.4667,0.6201,0.5773
370.5000,0.6391,0.5600
370.5333,0.6576,0.5423
370.5667,0.6757,0.5242
370.6000,0.6933,0.5059
370.6333,0.7105,0.4872
370.6667,0.7271,0.4683
370.7000,0.7432,0.4492
370.7333,0.7588,0.4298
370.7667,0.7737,0.4102
370.8000,0.7880,0.3905
370.8333,0.8017,0.3706
370.8667,0.8147,0.3506
370.9000,0.8271,0.3305
370.9333,0.8387,0.3104
370.9667,0.8496,0.2901
371.0000,0.8598,0.2699
371.0333,0.8692,0.2497
371.0667,0.8778,0.2294
371.1000,0.8856,0.2093
371.1333,0.8925,0.1892
371.1667,0.8986,0.1692
371.2000,0.9038,0.1493
371.2333,0.9082,0.1296
371.2667,0.9117,0.1100
371.3000,0.9142,0.0906
371.3333,0.9158,0.0715
371.3667,0.9165,0.0525
371.4000,0.9162,0.0339
371.4333,0.9150,0.0155
371.4667,0.9128,-0.0026
371.5000,0.9096,-0.0204
371.5333,0.9054,-0.0379
371.5667,0.9002,-0.0550
371.6000,0.8941,-0.0717
371.6333,0.8869,-0.0881
371.6667,0.8787,-0.1040
371.7000,0.8696,-0.1196
371.7333,0.8594,-0.1346
371.7667,0.8482,-0.1493
371.8000,0.8360,-0.1635
371.8333,0.8228,-0.1771
371.8667,0.8087,-0.1904
371.9000,0.7935,-0.2031
371.9333,0.7774,-0.2153
371.9667,0.7603,-0.2269
372.0000,0.7422,-0.2381
372.0333,0.7232,-0.2487
372.0667,0.7032,-0.2588
372.1000,0.6824,-0.2683
372.1333,0.6606,-0.2773
372.1667,0.6380,-0.2857
372.2000,0.6145,-0.2935
372.2333,0.5901,-0.3008
372.2667,0.5649,-0.3075
372.3000,0.5389,-0.3137
372.3333,0.5122,-0.3193
372.3667,0.4847,-0.3243
372.4000,0.4564,-0.3288
372.4333,0.4275,-0.3327
372.4667,0.3979,-0.3361
372.5000,0.3677,-0.3390
372.5333,0.3369,-0.3412
372.5667,0.3055,-0.3430
372.6000,0.2735,-0.3443
372.6333,0.2411,-0.3450
372.6667,0.2081,-0.3452
372.7000,0.1748,-0.3450
372.7333,0.1411,-0.3443
372.7667,0.1070,-0.3431
372.8000,0.0726,-0.3414
372.8333,0.0379,-0.3393
372.8667,0.0030,-0.3368
372.9000,-0.0321,-0.3339
372.9333,-0.0673,-0.3306
372.9667,-0.1027,-0.3269
373.0000,-0.1381,-0.3229
373.0333,-0.1735,-0.3185
373.0667,-0.2089,-0.3138
373.1000,-0.2442,-0.3088
373.1333,-0.2794,-0.3036
373.1667,-0.3144,-0.2980
373.2000,-0.3492,-0.2923
373.2333,-0.3837,-0.2863
373.2667,-0.4180,-0.2801
373.3000,-0.4519,-0.2737
373.3333,-0.4854,-0.2672
373.3667,-0.5184,-0.2606
373.4000,-0.5510,-0.2538
373.4333,-0.5830,-0.2470
373.4667,-0.6144,-0.2401
373.5000,-0.6452,-0.2331
373.5333,-0.6753,-0.2261
373.5667,-0.7048,-0.2191
373.6000,-0.7334,-0.2122
373.6333,-0.7613,-0.2053
373.6667,-0.7883,-0.1984
373.7000,-0.8144,-0.1916
373.7333,-0.8396,-0.1850
373.7667,-0.8639,-0.1784
373.8000,-0.8871,-0.1720
373.8333,-0.9093,-0.1658
373.8667,-0.9305,-0.1597
373.9000,-0.9505,-0.1538
373.9333,-0.9694,-0.1482
373.9667,-0.9871,-0.1428
374.0000,-1.0000,-0.1376
374.0333,-1.0000,-0.1327
374.0667,-1.0000,-0.1281
374.1000,-1.0000,-0.1238
374.1333,-1.0000,-0.1197
374.1667,-1.0000,-0.1160
374.2000,-1.0000,-0.1126
374.2333,-1.0000,-0.1096
374.2667,-1.0000,-0.1069
374.3000,-1.0000,-0.1045
374.3333,-1.0000,-0.1025
374.3667,-1.0000,-0.1009
374.4000,-1.0000,-0.0996
374.4333,-1.0000,-0.0987
374.4667,-1.0000,-0.0982
374.5000,-1.0000,-0.0980
374.5333,-1.0000,-0.0982
374.5667,-1.0000,-0.0988
374.6000,-1.0000,-0.0998
374.6333,-1.0000,-0.1011
374.6667,-1.0000,-0.1028
374.7000,-1.0000,-0.1048
374.7333,-1.0000,-0.1072
374.7667,-1.0000,-0.1099
374.8000,-0.9921,-0.1129
374.8333,-0.9740,-0.1163
374.8667,-0.9547,-0.1200
374.9000,-0.9340,-0.1239
374.9333,-0.9121,-0.1281
374.9667,-0.8889,-0.1326
375.0000,-0.8646,-0.1374
375.0333,-0.8390,-0.1423
375.0667,-0.8123,-0.1475
375.1000,-0.7845,-0.1529
375.1333,-0.7556,-0.1584
375.1667,-0.7256,-0.1641
375.2000,-0.6947,-0.1699
375.2333,-0.6628,-0.1758
375.2667,-0.6301,-0.1818
375.3000,-0.5964,-0.1878
375.3333,-0.5620,-0.1939
375.3667,-0.5268,-0.1999
375.4000,-0.4909,-0.2060
375.4333,-0.4543,-0.2119
375.4667,-0.4172,-0.2179
375.5000,-0.3795,-0.2237
375.5333,-0.3413,-0.2293
375.5667,-0.3026,-0.2349
375.6000,-0.2636,-0.2402
375.6333,-0.2243,-0.2453
375.6667,-0.1848,-0.2502
375.7000,-0.1450,-0.2548
375.7333,-0.1051,-0.2591
375.7667,-0.0651,-0.2630
375.8000,-0.0251,-0.2666
375.8333,0.0148,-0.2699
375.8667,0.0546,-0.2727
375.9000,0.0943,-0.2751
375.9333,0.1337,-0.2770
375.9667,0.1728,-0.2784
376.0000,0.2115,-0.2794
376.0333,0.2499,-0.2798
376.0667,0.2877,-0.2796
376.1000,0.3251,-0.2789
376.1333,0.3618,-0.2776
376.1667,0.3979,-0.2756
376.2000,0.4332,-0.2730
376.2333,0.4678,-0.2698
376.2667,0.5016,-0.2659
376.3000,0.5345,-0.2614
376.3333,0.5665,-0.2561
376.3667,0.5975,-0.2502
376.4000,0.6275,-0.2435
376.4333,0.6564,-0.2361
376.4667,0.6842,-0.2280
376.5000,0.7108,-0.2192
376.5333,0.7363,-0.2096
376.5667,0.7605,-0.1993
376.6000,0.7834,-0.1883
376.6333,0.8050,-0.1765
376.6667,0.8253,-0.1640
376.7000,0.8442,-0.1508
376.7333,0.8617,-0.1369
376.7667,0.8777,-0.1222
376.8000,0.8923,-0.1069
376.8333,0.9055,-0.0910
376.8667,0.9171,-0.0743
376.9000,0.9273,-0.0570
376.9333,0.9359,-0.0392
376.9667,0.9431,-0.0207
377.0000,0.9486,-0.0016
377.0333,0.9527,0.0180
377.0667,0.9552,0.0381
377.1000,0.9562,0.0587
377.1333,0.9556,0.0798
377.1667,0.9536,0.1013
377.2000,0.9500,0.1232
377.2333,0.9449,0.1454
377.2667,0.9384,0.1679
377.3000,0.9303,0.1907
377.3333,0.9209,0.2138
377.3667,0.9100,0.2370
377.4000,0.8977,0.2604
377.4333,0.8840,0.2838
377.4667,0.8691,0.3073
377.5000,0.8528,0.3308
377.5333,0.8352,0.3543
377.5667,0.8165,0.3777
377.6000,0.7965,0.4009
377.6333,0.7754,0.4240
377.6667,0.7533,0.4467
377.7000,0.7300,0.4692
377.7333,0.7058,0.4913
377.7667,0.6806,0.5131
377.8000,0.6545,0.5343
377.8333,0.6276,0.5550
377.8667,0.5999,0.5752
377.9000,0.5715,0.5948
377.9333,0.5424,0.6136
377.9667,0.5127,0.6318
378.0000,0.4824,0.6492
378.0333,0.4517,0.6657
378.0667,0.4205,0.6814
378.1000,0.3889,0.6962
378.1333,0.3570,0.7099
378.1667,0.3249,0.7227
378.2000,0.2927,0.7344
378.2333,0.2603,0.7450
378.2667,0.2278,0.7544
378.3000,0.1954,0.7627
378.3333,0.1630,0.7697
378.3667,0.1308,0.7755
378.4000,0.0987,0.7799
378.4333,0.0670,0.7831
378.4667,0.0355,0.7849
378.5000,0.0044,0.7853
378.5333,-0.0262,0.7843
378.5667,-0.0564,0.7818
378.6000,-0.0860,0.7779
378.6333,-0.1151,0.7726
378.6667,-0.1434,0.7658
378.7000,-0.1711,0.7575
378.7333,-0.1981,0.7477
378.7667,-0.2242,0.7364
378.8000,-0.2496,0.7236
378.8333,-0.2740,0.7094
378.8667,-0.2975,0.6936
378.9000,-0.3201,0.6764
378.9333,-0.3417,0.6577
378.9667,-0.3623,0.6375
379.0000,-0.3819,0.6160
379.0333,-0.4004,0.5930
379.0667,-0.4177,0.5687
379.1000,-0.4340,0.5430
379.1333,-0.4492,0.5160
379.1667,-0.4631,0.4877
379.2000,-0.4760,0.4582
379.2333,-0.4877,0.4275
379.2667,-0.4982,0.3956
379.3000,-0.5075,0.3627
379.3333,-0.5156,0.3287
379.3667,-0.5226,0.2937
379.4000,-0.5284,0.2579
379.4333,-0.5330,0.2211
379.4667,-0.5365,0.1835
379.5000,-0.5388,0.1452
379.5333,-0.5401,0.1063
379.5667,-0.5402,0.0667
379.6000,-0.5392,0.0267
379.6333,-0.5372,-0.0139
379.6667,-0.5342,-0.0547
379.7000,-0.5301,-0.0959
379.7333,-0.5251,-0.1372
379.7667,-0.5192,-0.1787
379.8000,-0.5124,-0.2202
379.8333,-0.5047,-0.2617
379.8667,-0.4961,-0.3030
379.9000,-0.4868,-0.3441
379.9333,-0.4768,-0.3849
379.9667,-0.4660,-0.4252
380.0000,-0.4547,-0.4651
380.0333,-0.4427,-0.5044
380.0667,-0.4301,-0.5431
380.1000,-0.4171,-0.5810
380.1333,-0.4036,-0.6181
380.1667,-0.3897,-0.6542
380.2000,-0.3754,-0.6893
380.2333,-0.3609,-0.7234
380.2667,-0.3461,-0.7562
380.3000,-0.3310,-0.7878
380.3333,-0.3159,-0.8181
380.3667,-0.3006,-0.8470
380.4000,-0.2853,-0.8744
380.4333,-0.2700,-0.9003
380.4667,-0.2547,-0.9245
380.5000,-0.2395,-0.9471
380.5333,-0.2245,-0.9679
380.5667,-0.2096,-0.9869
380.6000,-0.1950,-1.0000
380.6333,-0.1807,-1.0000
380.6667,-0.1666,-1.0000
380.7000,-0.1529,-1.0000
380.7333,-0.1396,-1.0000
380.7667,-0.1268,-1.0000
380.8000,-0.1144,-1.0000
380.8333,-0.1024,-1.0000
380.8667,-0.0910,-1.0000
380.9000,-0.0802,-1.0000
380.9333,-0.0699,-1.0000
380.9667,-0.0601,-1.0000
381.0000,-0.0510,-1.0000
381.0333,-0.0425,-1.0000
381.0667,-0.0347,-1.0000
381.1000,-0.0274,-1.0000
381.1333,-0.0209,-0.9979
381.1667,-0.0150,-0.9793
381.2000,-0.0097,-0.9586
381.2333,-0.0051,-0.9359
381.2667,-0.0011,-0.9112
381.3000,0.0022,-0.8844
381.3333,0.0049,-0.8558
381.3667,0.0070,-0.8253
381.4000,0.0085,-0.7930
381.4333,0.0094,-0.7590
381.4667,0.0097,-0.7233
381.5000,0.0095,-0.6859
381.5333,0.0088,-0.6471
381.5667,0.0076,-0.6068
381.6000,0.0059,-0.5652
381.6333,0.0038,-0.5222
381.6667,0.0013,-0.4781
381.7000,-0.0015,-0.4329
381.7333,-0.0046,-0.3867
381.7667,-0.0080,-0.3396
381.8000,-0.0117,-0.2918
381.8333,-0.0155,-0.2432
381.8667,-0.0195,-0.1941
381.9000,-0.0236,-0.1445
381.9333,-0.0277,-0.0946
381.9667,-0.0319,-0.0444
382.0000,-0.0360,0.0059
382.0333,-0.0401,0.0562
382.0667,-0.0440,0.1064
382.1000,-0.0477,0.1563
382.1333,-0.0512,0.2060
382.1667,-0.0545,0.2552
382.2000,-0.0574,0.3038
382.2333,-0.0600,0.3517
382.2667,-0.0622,0.3989
382.3000,-0.0639,0.4451
382.3333,-0.0652,0.4904
382.3667,-0.0660,0.5345
382.4000,-0.0662,0.5774
382.4333,-0.0658,0.6189
382.4667,-0.0648,0.6591
382.5000,-0.0631,0.6977
382.5333,-0.0608,0.7347
382.5667,-0.0577,0.7701
382.6000,-0.0540,0.8036
382.6333,-0.0495,0.8353
382.6667,-0.0442,0.8650
382.7000,-0.0382,0.8928
382.7333,-0.0313,0.9184
382.7667,-0.0237,0.9420
382.8000,-0.0153,0.9633
382.8333,-0.0061,0.9824
382.8667,0.0038,0.9993
382.9000,0.0146,1.0000
382.9333,0.0261,1.0000
382.9667,0.0383,1.0000
383.0000,0.0513,1.0000
383.0333,0.0650,1.0000
383.0667,0.0794,1.0000
383.1000,0.0944,1.0000
383.1333,0.1101,1.0000
383.1667,0.1263,1.0000
383.2000,0.1431,1.0000
383.2333,0.1603,1.0000
383.2667,0.1780,1.0000
383.3000,0.1961,1.0000
383.3333,0.2146,0.9851
383.3667,0.2333,0.9665
383.4000,0.2523,0.9458
383.4333,0.2714,0.9230
383.4667,0.2906,0.8982
383.5000,0.3098,0.8714
383.5333,0.3291,0.8427
383.5667,0.3482,0.8122
383.6000,0.3671,0.7800
383.6333,0.3858,0.7461
383.6667,0.4042,0.7107
383.7000,0.4222,0.6739
383.7333,0.4397,0.6357
383.7667,0.4566,0.5962
383.8000,0.4729,0.5557
383.8333,0.4886,0.5141
383.8667,0.5034,0.4716
383.9000,0.5174,0.4283
383.9333,0.5305,0.3843
383.9667,0.5426,0.3398
384.0000,0.5537,0.2949
384.0333,0.5636,0.2496
384.0667,0.5723,0.2041
384.1000,0.5798,0.1585
384.1333,0.5859,0.1130
384.1667,0.5907,0.0676
384.2000,0.5941,0.0226
384.2333,0.5959,-0.0221
384.2667,0.5963,-0.0663
384.3000,0.5951,-0.1098
384.3333,0.5923,-0.1526
384.3667,0.5878,-0.1946
384.4000,0.5817,-0.2356
384.4333,0.5739,-0.2756
384.4667,0.5644,-0.3144
384.5000,0.5532,-0.3519
384.5333,0.5402,-0.3882
384.5667,0.5255,-0.4230
384.6000,0.5091,-0.4563
384.6333,0.4910,-0.4880
384.6667,0.4712,-0.5181
384.7000,0.4497,-0.5464
384.7333,0.4265,-0.5730
384.7667,0.4018,-0.5978
384.8000,0.3754,-0.6207
384.8333,0.3475,-0.6416
384.8667,0.3182,-0.6607
384.9000,0.2874,-0.6777
384.9333,0.2552,-0.6927
384.9667,0.2217,-0.7057
385.0000,0.1870,-0.7167
385.0333,0.1512,-0.7256
385.0667,0.1143,-0.7325
385.1000,0.0764,-0.7373
385.1333,0.0377,-0.7402
385.1667,-0.0018,-0.7410
385.2000,-0.0421,-0.7399
385.2333,-0.0828,-0.7369
385.2667,-0.1241,-0.7319
385.3000,-0.1657,-0.7251
385.3333,-0.2075,-0.7166
385.3667,-0.2495,-0.7062
385.4000,-0.2914,-0.6942
385.4333,-0.3332,-0.6806
385.4667,-0.3748,-0.6654
385.5000,-0.4159,-0.6487
385.5333,-0.4566,-0.6307
385.5667,-0.4966,-0.6113
385.6000,-0.5359,-0.5907
385.6333,-0.5742,-0.5690
385.6667,-0.6116,-0.5462
385.7000,-0.6478,-0.5224
385.7333,-0.6827,-0.4978
385.7667,-0.7162,-0.4724
385.8000,-0.7483,-0.4463
385.8333,-0.7787,-0.4197
385.8667,-0.8074,-0.3926
385.9000,-0.8342,-0.3651
385.9333,-0.8591,-0.3374
385.9667,-0.8819,-0.3094
386.0000,-0.9026,-0.2814
386.0333,-0.9210,-0.2535
386.0667,-0.9372,-0.2256
386.1000,-0.9509,-0.1979
386.1333,-0.9622,-0.1706
386.1667,-0.9710,-0.1436
386.2000,-0.9772,-0.1171
386.2333,-0.9808,-0.0911
386.2667,-0.9817,-0.0658
386.3000,-0.9799,-0.0411
386.3333,-0.9753,-0.0173
386.3667,-0.9681,0.0058
386.4000,-0.9580,0.0279
386.4333,-0.9453,0.0491
386.4667,-0.9298,0.0692
386.5000,-0.9115,0.0883
386.5333,-0.8906,0.1064
386.5667,-0.8670,0.1233
386.6000,-0.8408,0.1390
386.6333,-0.8120,0.1536
386.6667,-0.7808,0.1670
386.7000,-0.7471,0.1792
386.7333,-0.7110,0.1902
386.7667,-0.6727,0.1999
386.8000,-0.6322,0.2085
386.8333,-0.5897,0.2158
386.8667,-0.5452,0.2220
386.9000,-0.4989,0.2270
386.9333,-0.4509,0.2309
386.9667,-0.4013,0.2337
387.0000,-0.3502,0.2354
387.0333,-0.2979,0.2361
387.0667,-0.2444,0.2359
387.1000,-0.1900,0.2347
387.1333,-0.1347,0.2326
387.1667,-0.0787,0.2297
387.2000,-0.0222,0.2260
387.2333,0.0345,0.2217
387.2667,0.0915,0.2167
387.3000,0.1485,0.2112
387.3333,0.2052,0.2052
387.3667,0.2616,0.1988
387.4000,0.3175,0.1920
387.4333,0.3726,0.1850
387.4667,0.4269,0.1778
387.5000,0.4801,0.1704
387.5333,0.5321,0.1631
387.5667,0.5827,0.1557
387.6000,0.6317,0.1485
387.6333,0.6790,0.1414
387.6667,0.7244,0.1345
387.7000,0.7679,0.1280
387.7333,0.8091,0.1218
387.7667,0.8481,0.1161
387.8000,0.8846,0.1109
387.8333,0.9186,0.1062
387.8667,0.9499,0.1020
387.9000,0.9785,0.0986
387.9333,1.0000,0.0958
387.9667,1.0000,0.0937
388.0000,1.0000,0.0923
388.0333,1.0000,0.0918
388.0667,1.0000,0.0920
388.1000,1.0000,0.0930
388.1333,1.0000,0.0948
388.1667,1.0000,0.0975
388.2000,1.0000,0.1010
388.2333,1.0000,0.1052
388.2667,1.0000,0.1103
388.3000,1.0000,0.1161
388.3333,1.0000,0.1227
388.3667,1.0000,0.1300
388.4000,1.0000,0.1380
388.4333,1.0000,0.1466
388.4667,0.9835,0.1558
388.5000,0.9552,0.1655
388.5333,0.9241,0.1757
388.5667,0.8902,0.1862
388.6000,0.8537,0.1972
388.6333,0.8146,0.2084
388.6667,0.7732,0.2198
388.7000,0.7295,0.2313
388.7333,0.6836,0.2428
388.7667,0.6358,0.2543
388.8000,0.5862,0.2657
388.8333,0.5350,0.2768
388.8667,0.4823,0.2876
388.9000,0.4283,0.2980
388.9333,0.3732,0.3079
388.9667,0.3172,0.3172
389.0000,0.2605,0.3259
389.0333,0.2032,0.3337
389.0667,0.1455,0.3407
389.1000,0.0877,0.3468
389.1333,0.0300,0.3518
389.1667,-0.0275,0.3557
389.2000,-0.0847,0.3585
389.2333,-0.1412,0.3600
389.2667,-0.1968,0.3601
389.3000,-0.2516,0.3589
389.3333,-0.3051,0.3562
389.3667,-0.3573,0.3520
389.4000,-0.4080,0.3463
389.4333,-0.4570,0.3390
389.4667,-0.5042,0.3301
389.5000,-0.5495,0.3195
389.5333,-0.5925,0.3073
389.5667,-0.6334,0.2934
389.6000,-0.6718,0.2778
389.6333,-0.7077,0.2606
389.6667,-0.7411,0.2417
389.7000,-0.7717,0.2212
389.7333,-0.7995,0.1991
389.7667,-0.8245,0.1754
389.8000,-0.8465,0.1503
389.8333,-0.8655,0.1236
389.8667,-0.8815,0.0956
389.9000,-0.8945,0.0663
389.9333,-0.9044,0.0358
389.9667,-0.9112,0.0041
390.0000,-0.9149,-0.0287
390.0333,-0.9155,-0.0624
390.0667,-0.9131,-0.0969
390.1000,-0.9078,-0.1321
390.1333,-0.8994,-0.1679
390.1667,-0.8882,-0.2041
390.2000,-0.8742,-0.2407
390.2333,-0.8574,-0.2775
390.2667,-0.8380,-0.3143
390.3000,-0.8161,-0.3510
390.3333,-0.7918,-0.3874
390.3667,-0.7651,-0.4234
390.4000,-0.7363,-0.4589
390.4333,-0.7054,-0.4936
390.4667,-0.6726,-0.5274
390.5000,-0.6380,-0.5602
390.5333,-0.6019,-0.5918
390.5667,-0.5642,-0.6220
390.6000,-0.5254,-0.6508
390.6333,-0.4853,-0.6779
390.6667,-0.4444,-0.7032
390.7000,-0.4026,-0.7266
390.7333,-0.3603,-0.7479
390.7667,-0.3175,-0.7670
390.8000,-0.2744,-0.7838
390.8333,-0.2312,-0.7982
390.8667,-0.1881,-0.8100
390.9000,-0.1452,-0.8192
390.9333,-0.1028,-0.8257
390.9667,-0.0609,-0.8294
391.0000,-0.0197,-0.8302
391.0333,0.0207,-0.8281
391.0667,0.0600,-0.8230
391.1000,0.0982,-0.8150
391.1333,0.1352,-0.8039
391.1667,0.1707,-0.7897
391.2000,0.2048,-0.7726
391.2333,0.2372,-0.7524
391.2667,0.2680,-0.7292
391.3000,0.2969,-0.7031
391.3333,0.3240,-0.6740
391.3667,0.3491,-0.6422
391.4000,0.3723,-0.6076
391.4333,0.3934,-0.5703
391.4667,0.4124,-0.5305
391.5000,0.4293,-0.4882
391.5333,0.4441,-0.4436
391.5667,0.4568,-0.3968
391.6000,0.4673,-0.3481
391.6333,0.4757,-0.2974
391.6667,0.4821,-0.2451
391.7000,0.4864,-0.1913
391.7333,0.4887,-0.1361
391.7667,0.4890,-0.0798
391.8000,0.4874,-0.0226
391.8333,0.4841,0.0353
391.8667,0.4789,0.0937
391.9000,0.4722,0.1524
391.9333,0.4638,0.2112
391.9667,0.4540,0.2697
392.0000,0.4428,0.3279
392.0333,0.4304,0.3854
392.0667,0.4168,0.4420
392.1000,0.4022,0.4976
392.1333,0.3867,0.5518
392.1667,0.3704,0.6045
392.2000,0.3534,0.6554
392.2333,0.3359,0.7043
392.2667,0.3180,0.7510
392.3000,0.2998,0.7953
392.3333,0.2814,0.8370
392.3667,0.2630,0.8759
392.4000,0.2446,0.9119
392.4333,0.2265,0.9448
392.4667,0.2086,0.9743
392.5000,0.1911,1.0000
392.5333,0.1741,1.0000
392.5667,0.1577,1.0000
392.6000,0.1420,1.0000
392.6333,0.1271,1.0000
392.6667,0.1129,1.0000
392.7000,0.0997,1.0000
392.7333,0.0874,1.0000
392.7667,0.0761,1.0000
392.8000,0.0659,1.0000
392.8333,0.0567,1.0000
392.8667,0.0486,1.0000
392.9000,0.0417,1.0000
392.9333,0.0358,0.9914
392.9667,0.0311,0.9631
393.0000,0.0274,0.9311
393.0333,0.0248,0.8955
393.0667,0.0232,0.8564
393.1000,0.0226,0.8139
393.1333,0.0230,0.7683
393.1667,0.0242,0.7197
393.2000,0.0263,0.6682
393.2333,0.0291,0.6142
393.2667,0.0326,0.5577
393.3000,0.0367,0.4990
393.3333,0.0413,0.4384
393.3667,0.0462,0.3760
393.4000,0.0515,0.3122
393.4333,0.0570,0.2472
393.4667,0.0625,0.1812
393.5000,0.0681,0.1145
393.5333,0.0735,0.0474
393.5667,0.0787,-0.0198
393.6000,0.0836,-0.0869
393.6333,0.0880,-0.1536
393.6667,0.0919,-0.2196
393.7000,0.0951,-0.2847
393.7333,0.0976,-0.3485
393.7667,0.0992,-0.4109
393.8000,0.0999,-0.4715
393.8333,0.0996,-0.5302
393.8667,0.0982,-0.5866
393.9000,0.0956,-0.6406
393.9333,0.0918,-0.6919
393.9667,0.0868,-0.7403
394.0000,0.0868,-0.7403
394.0333,0.1214,-0.7096
394.0667,0.1560,-0.6789
394.1000,0.1906,-0.6481
394.1333,0.2253,-0.6174
394.1667,0.2599,-0.5867
394.2000,0.2945,-0.5559
394.2333,0.3291,-0.5252
394.2667,0.3638,-0.4945
394.3000,0.3984,-0.4637
394.3333,0.4330,-0.4330
394.3667,0.4316,-0.4386
394.4000,0.4302,-0.4442
394.4333,0.4287,-0.4497
394.4667,0.4272,-0.4554
394.5000,0.4256,-0.4610
394.5333,0.4239,-0.4666
394.5667,0.4222,-0.4723
394.6000,0.4205,-0.4779
394.6333,0.4187,-0.4836
394.6667,0.4168,-0.4893
394.7000,0.4149,-0.4950
394.7333,0.4129,-0.5007
394.7667,0.4109,-0.5064
394.8000,0.4088,-0.5121
394.8333,0.4066,-0.5179
394.8667,0.4044,-0.5236
394.9000,0.4021,-0.5293
394.9333,0.3998,-0.5350
394.9667,0.3974,-0.5408
395.0000,0.3949,-0.5465
395.0333,0.3924,-0.5522
395.0667,0.3898,-0.5579
395.1000,0.3872,-0.5637
395.1333,0.3845,-0.5694
395.1667,0.3817,-0.5751
395.2000,0.3788,-0.5807
395.2333,0.3759,-0.5864
395.2667,0.3729,-0.5921
395.3000,0.3699,-0.5977
395.3333,0.3668,-0.6034
395.3667,0.3636,-0.6090
395.4000,0.3603,-0.6146
395.4333,0.3570,-0.6201
395.4667,0.3536,-0.6257
395.5000,0.3501,-0.6312
395.5333,0.3466,-0.6367
395.5667,0.3430,-0.6422
395.6000,0.3393,-0.6477
395.6333,0.3356,-0.6531
395.6667,0.3317,-0.6585
395.7000,0.3278,-0.6638
395.7333,0.3238,-0.6692
395.7667,0.3198,-0.6744
395.8000,0.3157,-0.6797
395.8333,0.3115,-0.6849
395.8667,0.3072,-0.6901
395.9000,0.3028,-0.6952
395.9333,0.2984,-0.7003
395.9667,0.2939,-0.7053
396.0000,0.2893,-0.7103
396.0333,0.2847,-0.7152
396.0667,0.2799,-0.7201
396.1000,0.2751,-0.7249
396.1333,0.2702,-0.7297
396.1667,0.2652,-0.7344
396.2000,0.2602,-0.7390
396.2333,0.2550,-0.7436
396.2667,0.2498,-0.7481
396.3000,0.2445,-0.7526
396.3333,0.2392,-0.7570
396.3667,0.2337,-0.7613
396.4000,0.2282,-0.7655
396.4333,0.2226,-0.7697
396.4667,0.2169,-0.7738
396.5000,0.2112,-0.7778
396.5333,0.2053,-0.7817
396.5667,0.1994,-0.7856
396.6000,0.1934,-0.7893
396.6333,0.1873,-0.7930
396.6667,0.1812,-0.7966
396.7000,0.1750,-0.8001
396.7333,0.1687,-0.8035
396.7667,0.1623,-0.8068
396.8000,0.1558,-0.8101
396.8333,0.1493,-0.8132
396.8667,0.1427,-0.8162
396.9000,0.1360,-0.8191
396.9333,0.1292,-0.8219
396.9667,0.1224,-0.8246
397.0000,0.1155,-0.8272
397.0333,0.1085,-0.8297
397.0667,0.1014,-0.8321
397.1000,0.0943,-0.8343
397.1333,0.0871,-0.8365
397.1667,0.0798,-0.8385
397.2000,0.0725,-0.8404
397.2333,0.0651,-0.8421
397.2667,0.0576,-0.8438
397.3000,0.0500,-0.8453
397.3333,0.0424,-0.8467
397.3667,0.0348,-0.8479
397.4000,0.0270,-0.8490
397.4333,0.0192,-0.8500
397.4667,0.0114,-0.8508
397.5000,0.0034,-0.8515
397.5333,-0.0046,-0.8521
397.5667,-0.0126,-0.8525
397.6000,-0.0207,-0.8528
397.6333,-0.0289,-0.8529
397.6667,-0.0371,-0.8529
397.7000,-0.0453,-0.8527
397.7333,-0.0536,-0.8523
397.7667,-0.0620,-0.8518
397.8000,-0.0704,-0.8512
397.8333,-0.0789,-0.8504
397.8667,-0.0874,-0.8494
397.9000,-0.0959,-0.8483
397.9333,-0.1045,-0.8469
397.9667,-0.1131,-0.8455
398.0000,-0.1218,-0.8438
398.0333,-0.1305,-0.8420
398.0667,-0.1392,-0.8400
398.1000,-0.1479,-0.8379
398.1333,-0.1567,-0.8356
398.1667,-0.1655,-0.8331
398.2000,-0.1744,-0.8304
398.2333,-0.1832,-0.8275
398.2667,-0.1921,-0.8245
398.3000,-0.2010,-0.8213
398.3333,-0.2099,-0.8178
398.3667,-0.2188,-0.8143
398.4000,-0.2278,-0.8105
398.4333,-0.2367,-0.8065
398.4667,-0.2457,-0.8024
398.5000,-0.2546,-0.7980
398.5333,-0.2636,-0.7935
398.5667,-0.2725,-0.7888
398.6000,-0.2814,-0.7839
398.6333,-0.2904,-0.7788
398.6667,-0.2993,-0.7735
398.7000,-0.3082,-0.7680
398.7333,-0.3171,-0.7623
398.7667,-0.3259,-0.7564
398.8000,-0.3348,-0.7503
398.8333,-0.3436,-0.7441
398.8667,-0.3523,-0.7376
398.9000,-0.3611,-0.7310
398.9333,-0.3698,-0.7241
398.9667,-0.3785,-0.7170
399.0000,-0.3871,-0.7098
399.0333,-0.3957,-0.7023
399.0667,-0.4042,-0.6947
399.1000,-0.4126,-0.6869
399.1333,-0.4211,-0.6788
399.1667,-0.4294,-0.6706
399.2000,-0.4377,-0.6622
399.2333,-0.4459,-0.6535
399.2667,-0.4540,-0.6447
399.3000,-0.4621,-0.6357
399.3333,-0.4701,-0.6265
399.3667,-0.4780,-0.6171
399.4000,-0.4858,-0.6075
399.4333,-0.4935,-0.5978
399.4667,-0.5011,-0.5878
399.5000,-0.5087,-0.5777
399.5333,-0.5161,-0.5673
399.5667,-0.5234,-0.5568
399.6000,-0.5306,-0.5461
399.6333,-0.5377,-0.5352
399.6667,-0.5446,-0.5242
399.7000,-0.5515,-0.5129
399.7333,-0.5582,-0.5015
399.7667,-0.5648,-0.4899
399.8000,-0.5712,-0.4781
399.8333,-0.5775,-0.4662
399.8667,-0.5837,-0.4541
399.9000,-0.5897,-0.4419
399.9333,-0.5955,-0.4294
399.9667,-0.6012,-0.4169
400.0000,-0.6068,-0.4041
400.0333,-0.6122,-0.3912
400.0667,-0.6174,-0.3782
400.1000,-0.6224,-0.3650
400.1333,-0.6273,-0.3517
400.1667,-0.6319,-0.3382
400.2000,-0.6364,-0.3246
400.2333,-0.6407,-0.3108
400.2667,-0.6448,-0.2969
400.3000,-0.6488,-0.2829
400.3333,-0.6525,-0.2688
400.3667,-0.6560,-0.2546
400.4000,-0.6593,-0.2402
400.4333,-0.6624,-0.2258
400.4667,-0.6652,-0.2112
400.5000,-0.6679,-0.1965
400.5333,-0.6703,-0.1817
400.5667,-0.6725,-0.1669
400.6000,-0.6745,-0.1519
400.6333,-0.6762,-0.1369
400.6667,-0.6777,-0.1218
400.7000,-0.6790,-0.1066
400.7333,-0.6800,-0.0914
400.7667,-0.6807,-0.0761
400.8000,-0.6812,-0.0607
400.8333,-0.6815,-0.0453
400.8667,-0.6815,-0.0298
400.9000,-0.6812,-0.0143
400.9333,-0.6807,0.0012
400.9667,-0.6799,0.0167
401.0000,-0.6789,0.0323
401.0333,-0.6776,0.0479
401.0667,-0.6760,0.0635
401.1000,-0.6741,0.0791
401.1333,-0.6719,0.0947
401.1667,-0.6695,0.1103
401.2000,-0.6668,0.1259
401.2333,-0.6638,0.1414
401.2667,-0.6605,0.1569
401.3000,-0.6569,0.1724
401.3333,-0.6531,0.1879
401.3667,-0.6489,0.2032
401.4000,-0.6445,0.2186
401.4333,-0.6398,0.2338
401.4667,-0.6347,0.2490
401.5000,-0.6294,0.2641
401.5333,-0.6238,0.2792
401.5667,-0.6179,0.2941
401.6000,-0.6117,0.3089
401.6333,-0.6052,0.3236
401.6667,-0.5984,0.3382
401.7000,-0.5913,0.3527
401.7333,-0.5839,0.3671
401.7667,-0.5762,0.3813
401.8000,-0.5682,0.3953
401.8333,-0.5600,0.4093
401.8667,-0.5514,0.4230
401.9000,-0.5426,0.4366
401.9333,-0.5334,0.4500
401.9667,-0.5240,0.4632
402.0000,-0.5142,0.4762
402.0333,-0.5042,0.4891
402.0667,-0.4940,0.5017
402.1000,-0.4834,0.5141
402.1333,-0.4725,0.5263
402.1667,-0.4614,0.5382
402.2000,-0.4500,0.5500
402.2333,-0.4384,0.5614
402.2667,-0.4264,0.5727
402.3000,-0.4143,0.5836
402.3333,-0.4018,0.5943
402.3667,-0.3891,0.6048
402.4000,-0.3762,0.6149
402.4333,-0.3630,0.6248
402.4667,-0.3495,0.6343
402.5000,-0.3359,0.6436
402.5333,-0.3219,0.6525
402.5667,-0.3078,0.6612
402.6000,-0.2935,0.6695
402.6333,-0.2789,0.6774
402.6667,-0.2641,0.6851
402.7000,-0.2492,0.6924
402.7333,-0.2340,0.6994
402.7667,-0.2187,0.7060
402.8000,-0.2031,0.7122
402.8333,-0.1874,0.7181
402.8667,-0.1715,0.7236
402.9000,-0.1555,0.7287
402.9333,-0.1393,0.7335
402.9667,-0.1230,0.7378
403.0000,-0.1065,0.7418
403.0333,-0.0899,0.7454
403.0667,-0.0732,0.7486
403.1000,-0.0563,0.7513
403.1333,-0.0394,0.7537
403.1667,-0.0224,0.7556
403.2000,-0.0053,0.7571
403.2333,0.0119,0.7582
403.2667,0.0292,0.7589
403.3000,0.0465,0.7592
403.3333,0.0638,0.7590
403.3667,0.0812,0.7584
403.4000,0.0986,0.7573
403.4333,0.1161,0.7558
403.4667,0.1335,0.7539
403.5000,0.1509,0.7515
403.5333,0.1683,0.7487
403.5667,0.1857,0.7455
403.6000,0.2030,0.7418
403.6333,0.2203,0.7376
403.6667,0.2375,0.7330
403.7000,0.2546,0.7280
403.7333,0.2717,0.7225
403.7667,0.2886,0.7166
403.8000,0.3055,0.7102
403.8333,0.3222,0.7034
403.8667,0.3388,0.6962
403.9000,0.3552,0.6885
403.9333,0.3715,0.6803
403.9667,0.3876,0.6718
404.0000,0.4035,0.6628
404.0333,0.4192,0.6534
404.0667,0.4348,0.6435
404.1000,0.4501,0.6332
404.1333,0.4651,0.6226
404.1667,0.4800,0.6115
404.2000,0.4945,0.6000
404.2333,0.5088,0.5881
404.2667,0.5229,0.5758
404.3000,0.5366,0.5631
404.3333,0.5500,0.5500
404.3667,0.5631,0.5365
404.4000,0.5759,0.5227
404.4333,0.5883,0.5085
404.4667,0.6004,0.4940
404.5000,0.6121,0.4791
404.5333,0.6235,0.4639
404.5667,0.6344,0.4483
404.6000,0.6450,0.4324
404.6333,0.6551,0.4162
404.6667,0.6648,0.3997
404.7000,0.6741,0.3829
404.7333,0.6830,0.3659
404.7667,0.6914,0.3485
404.8000,0.6993,0.3309
404.8333,0.7068,0.3130
404.8667,0.7138,0.2949
404.9000,0.7203,0.2766
404.9333,0.7263,0.2581
404.9667,0.7318,0.2393
405.0000,0.7368,0.2204
405.0333,0.7413,0.2013
405.0667,0.7452,0.1820
405.1000,0.7486,0.1626
405.1333,0.7515,0.1430
405.1667,0.7538,0.1233
405.2000,0.7555,0.1035
405.2333,0.7567,0.0836
405.2667,0.7573,0.0636
405.3000,0.7573,0.0436
405.3333,0.7568,0.0235
405.3667,0.7556,0.0034
405.4000,0.7539,-0.0168
405.4333,0.7516,-0.0369
405.4667,0.7487,-0.0571
405.5000,0.7452,-0.0772
405.5333,0.7411,-0.0972
405.5667,0.7364,-0.1172
405.6000,0.7311,-0.1372
405.6333,0.7252,-0.1570
405.6667,0.7188,-0.1768
405.7000,0.7117,-0.1964
405.7333,0.7040,-0.2158
405.7667,0.6957,-0.2351
405.8000,0.6868,-0.2543
405.8333,0.6774,-0.2732
405.8667,0.6673,-0.2920
405.9000,0.6567,-0.3105
405.9333,0.6454,-0.3287
405.9667,0.6337,-0.3468
406.0000,0.6213,-0.3645
406.0333,0.6084,-0.3820
406.0667,0.5949,-0.3991
406.1000,0.5809,-0.4159
406.1333,0.5663,-0.4324
406.1667,0.5512,-0.4486
406.2000,0.5356,-0.4643
406.2333,0.5195,-0.4797
406.2667,0.5029,-0.4947
406.3000,0.4857,-0.5093
406.3333,0.4682,-0.5234
406.3667,0.4501,-0.5371
406.4000,0.4316,-0.5504
406.4333,0.4126,-0.5631
406.4667,0.3932,-0.5754
406.5000,0.3735,-0.5872
406.5333,0.3533,-0.5985
406.5667,0.3327,-0.6092
406.6000,0.3118,-0.6195
406.6333,0.2905,-0.6291
406.6667,0.2689,-0.6382
406.7000,0.2469,-0.6468
406.7333,0.2247,-0.6547
406.7667,0.2022,-0.6621
406.8000,0.1795,-0.6688
406.8333,0.1565,-0.6750
406.8667,0.1333,-0.6805
406.9000,0.1098,-0.6854
406.9333,0.0863,-0.6897
406.9667,0.0625,-0.6934
407.0000,0.0386,-0.6963
407.0333,0.0147,-0.6987
407.0667,-0.0094,-0.7004
407.1000,-0.0335,-0.7014
407.1333,-0.0577,-0.7017
407.1667,-0.0819,-0.7014
407.2000,-0.1061,-0.7004
407.2333,-0.1303,-0.6987
407.2667,-0.1544,-0.6963
407.3000,-0.1784,-0.6933
407.3333,-0.2023,-0.6896
407.3667,-0.2262,-0.6852
407.4000,-0.2498,-0.6801
407.4333,-0.2733,-0.6744
407.4667,-0.2965,-0.6680
407.5000,-0.3196,-0.6609
407.5333,-0.3424,-0.6532
407.5667,-0.3649,-0.6448
407.6000,-0.3871,-0.6357
407.6333,-0.4090,-0.6260
407.6667,-0.4305,-0.6156
407.7000,-0.4517,-0.6046
407.7333,-0.4724,-0.5930
407.7667,-0.4928,-0.5808
407.8000,-0.5126,-0.5680
407.8333,-0.5320,-0.5546
407.8667,-0.5509,-0.5405
407.9000,-0.5693,-0.5260
407.9333,-0.5871,-0.5108
407.9667,-0.6044,-0.4951
408.0000,-0.6211,-0.4789
408.0333,-0.6371,-0.4622
408.0667,-0.6526,-0.4449
408.1000,-0.6673,-0.4272
408.1333,-0.6814,-0.4090
408.1667,-0.6948,-0.3904
408.2000,-0.7075,-0.3713
408.2333,-0.7194,-0.3518
408.2667,-0.7306,-0.3320
408.3000,-0.7411,-0.3117
408.3333,-0.7507,-0.2911
408.3667,-0.7595,-0.2702
408.4000,-0.7675,-0.2489
408.4333,-0.7747,-0.2274
408.4667,-0.7811,-0.2056
408.5000,-0.7865,-0.1836
408.5333,-0.7912,-0.1613
408.5667,-0.7949,-0.1389
408.6000,-0.7977,-0.1162
408.6333,-0.7997,-0.0935
408.6667,-0.8007,-0.0706
408.7000,-0.8008,-0.0476
408.7333,-0.8000,-0.0246
408.7667,-0.7983,-0.0015
408.8000,-0.7956,0.0216
408.8333,-0.7920,0.0447
408.8667,-0.7875,0.0677
408.9000,-0.7820,0.0907
408.9333,-0.7756,0.1136
408.9667,-0.7683,0.1363
409.0000,-0.7600,0.1590
409.0333,-0.7508,0.1814
409.0667,-0.7407,0.2036
409.1000,-0.7297,0.2256
409.1333,-0.7177,0.2474
409.1667,-0.7049,0.2688
409.2000,-0.6912,0.2900
409.2333,-0.6766,0.3108
409.2667,-0.6612,0.3312
409.3000,-0.6448,0.3513
409.3333,-0.6277,0.3709
409.3667,-0.6098,0.3901
409.4000,-0.5910,0.4088
409.4333,-0.5715,0.4270
409.4667,-0.5512,0.4447
409.5000,-0.5301,0.4619
409.5333,-0.5084,0.4785
409.5667,-0.4859,0.4945
409.6000,-0.4628,0.5099
409.6333,-0.4390,0.5246
409.6667,-0.4146,0.5387
409.7000,-0.3896,0.5522
409.7333,-0.3641,0.5649
409.7667,-0.3380,0.5769
409.8000,-0.3114,0.5882
409.8333,-0.2843,0.5987
409.8667,-0.2568,0.6084
409.9000,-0.2290,0.6174
409.9333,-0.2007,0.6256
409.9667,-0.1721,0.6330
410.0000,-0.1432,0.6395
410.0333,-0.1140,0.6452
410.0667,-0.0846,0.6500
410.1000,-0.0551,0.6540
410.1333,-0.0254,0.6572
410.1667,0.0045,0.6594
410.2000,0.0344,0.6608
410.2333,0.0643,0.6613
410.2667,0.0942,0.6609
410.3000,0.1241,0.6596
410.3333,0.1538,0.6574
410.3667,0.1834,0.6544
410.4000,0.2129,0.6504
410.4333,0.2421,0.6455
410.4667,0.2711,0.6398
410.5000,0.2997,0.6332
410.5333,0.3281,0.6257
410.5667,0.3560,0.6173
410.6000,0.3835,0.6080
410.6333,0.4105,0.5979
410.6667,0.4370,0.5870
410.7000,0.4630,0.5752
410.7333,0.4883,0.5627
410.7667,0.5131,0.5493
410.8000,0.5371,0.5351
410.8333,0.5605,0.5202
410.8667,0.5831,0.5045
410.9000,0.6049,0.4881
410.9333,0.6259,0.4710
410.9667,0.6461,0.4532
411.0000,0.6653,0.4347
411.0333,0.6836,0.4156
411.0667,0.7010,0.3959
411.1000,0.7174,0.3755
411.1333,0.7328,0.3547
411.1667,0.7471,0.3333
411.2000,0.7603,0.3114
411.2333,0.7725,0.2890
411.2667,0.7835,0.2662
411.3000,0.7934,0.2430
411.3333,0.8021,0.2194
411.3667,0.8096,0.1955
411.4000,0.8159,0.1712
411.4333,0.8210,0.1467
411.4667,0.8249,0.1220
411.5000,0.8275,0.0971
411.5333,0.8289,0.0720
411.5667,0.8289,0.0468
411.6000,0.8278,0.0215
411.6333,0.8253,-0.0039
411.6667,0.8215,-0.0292
411.7000,0.8165,-0.0545
411.7333,0.8102,-0.0797
411.7667,0.8026,-0.1049
411.8000,0.7937,-0.1298
411.8333,0.7836,-0.1546
411.8667,0.7722,-0.1792
411.9000,0.7595,-0.2034
411.9333,0.7457,-0.2274
411.9667,0.7306,-0.2510
412.0000,0.7143,-0.2742
412.0333,0.6968,-0.2970
412.0667,0.6781,-0.3193
412.1000,0.6584,-0.3412
412.1333,0.6375,-0.3625
412.1667,0.6155,-0.3832
412.2000,0.5925,-0.4033
412.2333,0.5685,-0.4227
412.2667,0.5435,-0.4415
412.3000,0.5175,-0.4595
412.3333,0.4907,-0.4769
412.3667,0.4629,-0.4934
412.4000,0.4344,-0.5091
412.4333,0.4051,-0.5240
412.4667,0.3750,-0.5380
412.5000,0.3442,-0.5512
412.5333,0.3128,-0.5634
412.5667,0.2808,-0.5747
412.6000,0.2482,-0.5850
412.6333,0.2152,-0.5943
412.6667,0.1817,-0.6027
412.7000,0.1479,-0.6100
412.7333,0.1137,-0.6163
412.7667,0.0793,-0.6215
412.8000,0.0446,-0.6257
412.8333,0.0098,-0.6288
412.8667,-0.0251,-0.6308
412.9000,-0.0600,-0.6318
412.9333,-0.0949,-0.6316
412.9667,-0.1297,-0.6304
413.0000,-0.1643,-0.6280
413.0333,-0.1987,-0.6246
413.0667,-0.2329,-0.6200
413.1000,-0.2667,-0.6144
413.1333,-0.3001,-0.6077
413.1667,-0.3330,-0.5999
413.2000,-0.3654,-0.5910
413.2333,-0.3973,-0.5811
413.2667,-0.4285,-0.5701
413.3000,-0.4589,-0.5581
413.3333,-0.4886,-0.5452
413.3667,-0.5175,-0.5312
413.4000,-0.5455,-0.5162
413.4333,-0.5726,-0.5004
413.4667,-0.5987,-0.4836
413.5000,-0.6237,-0.4659
413.5333,-0.6477,-0.4473
413.5667,-0.6705,-0.4280
413.6000,-0.6921,-0.4078
413.6333,-0.7125,-0.3869
413.6667,-0.7316,-0.3652
413.7000,-0.7494,-0.3429
413.7333,-0.7658,-0.3199
413.7667,-0.7809,-0.2964
413.8000,-0.7945,-0.2722
413.8333,-0.8066,-0.2475
413.8667,-0.8172,-0.2224
413.9000,-0.8263,-0.1968
413.9333,-0.8339,-0.1709
413.9667,-0.8399,-0.1446
414.0000,-0.8443,-0.1180
414.0333,-0.8471,-0.0912
414.0667,-0.8482,-0.0642
414.1000,-0.8478,-0.0371
414.1333,-0.8457,-0.0098
414.1667,-0.8419,0.0174
414.2000,-0.8366,0.0446
414.2333,-0.8296,0.0718
414.2667,-0.8209,0.0988
414.3000,-0.8107,0.1256
414.3333,-0.7988,0.1522
414.3667,-0.7853,0.1786
414.4000,-0.7703,0.2046
414.4333,-0.7537,0.2301
414.4667,-0.7356,0.2553
414.5000,-0.7160,0.2799
414.5333,-0.6949,0.3040
414.5667,-0.6724,0.3276
414.6000,-0.6485,0.3504
414.6333,-0.6233,0.3726
414.6667,-0.5968,0.3940
414.7000,-0.5690,0.4147
414.7333,-0.5400,0.4345
414.7667,-0.5098,0.4535
414.8000,-0.4786,0.4715
414.8333,-0.4463,0.4886
414.8667,-0.4130,0.5047
414.9000,-0.3789,0.5198
414.9333,-0.3438,0.5338
414.9667,-0.3081,0.5467
415.0000,-0.2716,0.5585
415.0333,-0.2345,0.5691
415.0667,-0.1968,0.5786
415.1000,-0.1586,0.5869
415.1333,-0.1201,0.5939
415.1667,-0.0812,0.5997
415.2000,-0.0421,0.6043
415.2333,-0.0028,0.6076
415.2667,0.0365,0.6096
415.3000,0.0759,0.6103
415.3333,0.1151,0.6097
415.3667,0.1542,0.6078
415.4000,0.1930,0.6046
415.4333,0.2315,0.6002
415.4667,0.2696,0.5944
415.5000,0.3071,0.5874
415.5333,0.3440,0.5791
415.5667,0.3803,0.5695
415.6000,0.4158,0.5587
415.6333,0.4504,0.5467
415.6667,0.4841,0.5334
415.7000,0.5169,0.5191
415.7333,0.5485,0.5035
415.7667,0.5790,0.4869
415.8000,0.6082,0.4691
415.8333,0.6362,0.4504
415.8667,0.6628,0.4306
415.9000,0.6880,0.4099
415.9333,0.7117,0.3882
415.9667,0.7338,0.3657
416.0000,0.7543,0.3423
416.0333,0.7732,0.3181
416.0667,0.7903,0.2933
416.1000,0.8057,0.2677
416.1333,0.8193,0.2415
416.1667,0.8311,0.2148
416.2000,0.8410,0.1876
416.2333,0.8489,0.1599
416.2667,0.8550,0.1319
416.3000,0.8591,0.1035
416.3333,0.8612,0.0749
416.3667,0.8613,0.0461
416.4000,0.8595,0.0172
416.4333,0.8556,-0.0118
416.4667,0.8498,-0.0408
416.5000,0.8419,-0.0696
416.5333,0.8321,-0.0984
416.5667,0.8203,-0.1269
416.6000,0.8066,-0.1551
416.6333,0.7909,-0.1830
416.6667,0.7734,-0.2105
416.7000,0.7540,-0.2375
416.7333,0.7328,-0.2639
416.7667,0.7097,-0.2897
416.8000,0.6850,-0.3149
416.8333,0.6586,-0.3393
416.8667,0.6305,-0.3629
416.9000,0.6009,-0.3856
416.9333,0.5698,-0.4075
416.9667,0.5373,-0.4283
417.0000,0.5034,-0.4482
417.0333,0.4683,-0.4669
417.0667,0.4319,-0.4846
417.1000,0.3945,-0.5011
417.1333,0.3560,-0.5163
417.1667,0.3166,-0.5303
417.2000,0.2763,-0.5430
417.2333,0.2353,-0.5544
417.2667,0.1937,-0.5644
417.3000,0.1515,-0.5731
417.3333,0.1088,-0.5803
417.3667,0.0658,-0.5861
417.4000,0.0226,-0.5904
417.4333,-0.0207,-0.5933
417.4667,-0.0641,-0.5946
417.5000,-0.1073,-0.5945
417.5333,-0.1504,-0.5929
417.5667,-0.1931,-0.5898
417.6000,-0.2354,-0.5852
417.6333,-0.2772,-0.5791
417.6667,-0.3184,-0.5716
417.7000,-0.3588,-0.5625
417.7333,-0.3983,-0.5521
417.7667,-0.4369,-0.5402
417.8000,-0.4744,-0.5269
417.8333,-0.5108,-0.5123
417.8667,-0.5458,-0.4964
417.9000,-0.5796,-0.4791
417.9333,-0.6118,-0.4606
417.9667,-0.6426,-0.4409
418.0000,-0.6717,-0.4201
418.0333,-0.6991,-0.3981
418.0667,-0.7247,-0.3751
418.1000,-0.7484,-0.3511
418.1333,-0.7702,-0.3261
418.1667,-0.7900,-0.3003
418.2000,-0.8078,-0.2737
418.2333,-0.8234,-0.2463
418.2667,-0.8369,-0.2183
418.3000,-0.8481,-0.1896
418.3333,-0.8571,-0.1605
418.3667,-0.8638,-0.1309
418.4000,-0.8683,-0.1009
418.4333,-0.8704,-0.0706
418.4667,-0.8701,-0.0402
418.5000,-0.8675,-0.0096
418.5333,-0.8625,0.0211
418.5667,-0.8552,0.0517
418.6000,-0.8456,0.0821
418.6333,-0.8336,0.1124
418.6667,-0.8193,0.1424
418.7000,-0.8028,0.1720
418.7333,-0.7840,0.2012
418.7667,-0.7631,0.2298
418.8000,-0.7400,0.2578
418.8333,-0.7148,0.2851
418.8667,-0.6876,0.3116
418.9000,-0.6585,0.3373
418.9333,-0.6275,0.3621
418.9667,-0.5947,0.3859
419.0000,-0.5601,0.4086
419.0333,-0.5240,0.4301
419.0667,-0.4863,0.4505
419.1000,-0.4472,0.4697
419.1333,-0.4068,0.4875
419.1667,-0.3652,0.5039
419.2000,-0.3225,0.5190
419.2333,-0.2788,0.5325
419.2667,-0.2342,0.5446
419.3000,-0.1890,0.5551
419.3333,-0.1431,0.5640
419.3667,-0.0967,0.5714
419.4000,-0.0500,0.5770
419.4333,-0.0031,0.5811
419.4667,0.0439,0.5834
419.5000,0.0908,0.5841
419.5333,0.1375,0.5831
419.5667,0.1839,0.5803
419.6000,0.2298,0.5759
419.6333,0.2751,0.5698
419.6667,0.3197,0.5620
419.7000,0.3634,0.5526
419.7333,0.4060,0.5416
419.7667,0.4475,0.5289
419.8000,0.4878,0.5147
419.8333,0.5267,0.4989
419.8667,0.5640,0.4817
419.9000,0.5997,0.4630
419.9333,0.6337,0.4429
419.9667,0.6659,0.4215
420.0000,0.6960,0.3988
420.0333,0.7241,0.3748
420.0667,0.7501,0.3498
420.1000,0.7739,0.3237
420.1333,0.7953,0.2965
420.1667,0.8144,0.2685
420.2000,0.8310,0.2396
420.2333,0.8451,0.2100
420.2667,0.8566,0.1797
420.3000,0.8655,0.1489
420.3333,0.8718,0.1175
420.3667,0.8754,0.0858
420.4000,0.8763,0.0538
420.4333,0.8745,0.0217
420.4667,0.8700,-0.0106
420.5000,0.8629,-0.0429
420.5333,0.8530,-0.0750
420.5667,0.8404,-0.1070
420.6000,0.8252,-0.1386
420.6333,0.8074,-0.1698
420.6667,0.7871,-0.2006
420.7000,0.7642,-0.2307
420.7333,0.7389,-0.2601
420.7667,0.7113,-0.2887
420.8000,0.6813,-0.3164
420.8333,0.6492,-0.3431
420.8667,0.6149,-0.3688
420.9000,0.5787,-0.3933
420.9333,0.5406,-0.4166
420.9667,0.5007,-0.4385
421.0000,0.4591,-0.4591
421.0333,0.4160,-0.4782
421.0667,0.3715,-0.4958
421.1000,0.3258,-0.5118
421.1333,0.2790,-0.5262
421.1667,0.2312,-0.5389
421.2000,0.1825,-0.5498
421.2333,0.1333,-0.5590
421.2667,0.0835,-0.5663
421.3000,0.0334,-0.5718
421.3333,-0.0169,-0.5755
421.3667,-0.0671,-0.5772
421.4000,-0.1172,-0.5771
421.4333,-0.1670,-0.5750
421.4667,-0.2163,-0.5711
421.5000,-0.2650,-0.5653
421.5333,-0.3128,-0.5576
421.5667,-0.3596,-0.5480
421.6000,-0.4053,-0.5366
421.6333,-0.4497,-0.5234
421.6667,-0.4926,-0.5085
421.7000,-0.5340,-0.4918
421.7333,-0.5736,-0.4735
421.7667,-0.6113,-0.4535
421.8000,-0.6470,-0.4321
421.8333,-0.6805,-0.4091
421.8667,-0.7118,-0.3847
421.9000,-0.7407,-0.3590
421.9333,-0.7671,-0.3321
421.9667,-0.7909,-0.3040
422.0000,-0.8121,-0.2749
422.0333,-0.8305,-0.2448
422.0667,-0.8461,-0.2138
422.1000,-0.8587,-0.1821
422.1333,-0.8684,-0.1497
422.1667,-0.8752,-0.1168
422.2000,-0.8789,-0.0834
422.2333,-0.8796,-0.0498
422.2667,-0.8772,-0.0159
422.3000,-0.8717,0.0181
422.3333,-0.8633,0.0520
422.3667,-0.8517,0.0858
422.4000,-0.8372,0.1193
422.4333,-0.8197,0.1524
422.4667,-0.7994,0.1850
422.5000,-0.7761,0.2169
422.5333,-0.7501,0.2482
422.5667,-0.7215,0.2785
422.6000,-0.6902,0.3080
422.6333,-0.6564,0.3363
422.6667,-0.6203,0.3635
422.7000,-0.5819,0.3894
422.7333,-0.5414,0.4139
422.7667,-0.4989,0.4370
422.8000,-0.4545,0.4585
422.8333,-0.4085,0.4784
422.8667,-0.3609,0.4966
422.9000,-0.3120,0.5130
422.9333,-0.2619,0.5276
422.9667,-0.2108,0.5403
423.0000,-0.1589,0.5510
423.0333,-0.1064,0.5597
423.0667,-0.0534,0.5664
423.1000,-0.0001,0.5710
423.1333,0.0532,0.5735
423.1667,0.1064,0.5739
423.2000,0.1592,0.5723
423.2333,0.2115,0.5685
423.2667,0.2631,0.5626
423.3000,0.3138,0.5546
423.3333,0.3633,0.5445
423.3667,0.4116,0.5324
423.4000,0.4583,0.5184
423.4333,0.5034,0.5023
423.4667,0.5467,0.4844
423.5000,0.5880,0.4647
423.5333,0.6271,0.4431
423.5667,0.6638,0.4199
423.6000,0.6982,0.3951
423.6333,0.7299,0.3688
423.6667,0.7588,0.3411
423.7000,0.7850,0.3120
423.7333,0.8081,0.2817
423.7667,0.8282,0.2504
423.8000,0.8452,0.2180
423.8333,0.8590,0.1848
423.8667,0.8694,0.1508
423.9000,0.8766,0.1162
423.9333,0.8803,0.0812
423.9667,0.8807,0.0458
424.0000,0.8777,0.0102
424.0333,0.8713,-0.0255
424.0667,0.8615,-0.0611
424.1000,0.8483,-0.0965
424.1333,0.8318,-0.1316
424.1667,0.8121,-0.1662
424.2000,0.7891,-0.2002
424.2333,0.7631,-0.2334
424.2667,0.7340,-0.2658
424.3000,0.7020,-0.2971
424.3333,0.7020,-0.2971
424.3667,0.7118,-0.1874
424.4000,0.7216,-0.0777
424.4333,0.7314,0.0320
424.4667,0.7412,0.1417
424.5000,0.7510,0.2514
424.5333,0.7608,0.3612
424.5667,0.7706,0.4709
424.6000,0.7804,0.5806
424.6333,0.7902,0.6903
424.6667,0.8000,0.8000
424.7000,0.8000,0.8000
424.7333,0.8000,0.8000
424.7667,0.8000,0.8000
424.8000,0.8000,0.8000
424.8333,0.8000,0.8000
424.8667,0.8000,0.8000
424.9000,0.8000,0.8000
424.9333,0.8000,0.8000
424.9667,0.8000,0.8000
425.0000,0.8000,0.8000
425.0333,0.8000,0.8000
425.0667,0.8000,0.8000
425.1000,0.8000,0.8000
425.1333,0.8000,0.8000
425.1667,0.8000,0.8000
425.2000,0.8000,0.8000
425.2333,0.8000,0.8000
425.2667,0.8000,0.8000
425.3000,0.8000,0.8000
425.3333,0.8000,0.8000
425.3667,0.8000,0.8000
425.4000,0.8000,0.8000
425.4333,0.8000,0.8000
425.4667,0.8000,0.8000
425.5000,0.8000,0.8000
425.5333,0.8000,0.8000
425.5667,0.8000,0.8000
425.6000,0.8000,0.8000
425.6333,0.8000,0.8000
425.6667,0.8000,0.8000
425.7000,0.8000,0.8000
425.7333,0.8000,0.8000
425.7667,0.8000,0.8000
425.8000,0.8000,0.8000
425.8333,0.8000,0.8000
425.8667,0.8000,0.8000
425.9000,0.8000,0.8000
425.9333,0.8000,0.8000
425.9667,0.8000,0.8000
426.0000,0.8000,0.8000
426.0333,0.8000,0.8000
426.0667,0.8000,0.8000
426.1000,0.8000,0.8000
426.1333,0.8000,0.8000
426.1667,0.8000,0.8000
426.2000,0.8000,0.8000
426.2333,0.8000,0.8000
426.2667,0.8000,0.8000
426.3000,0.8000,0.8000
426.3333,0.8000,0.8000
426.3667,0.8000,0.8000
426.4000,0.8000,0.8000
426.4333,0.8000,0.8000
426.4667,0.8000,0.8000
426.5000,0.8000,0.8000
426.5333,0.8000,0.8000
426.5667,0.8000,0.8000
426.6000,0.8000,0.8000
426.6333,0.8000,0.8000
426.6667,0.8000,0.8000
426.7000,0.8000,0.8000
426.7333,0.8000,0.8000
426.7667,0.8000,0.8000
426.8000,0.8000,0.8000
426.8333,0.8000,0.8000
426.8667,0.8000,0.8000
426.9000,0.8000,0.8000
426.9333,0.8000,0.8000
426.9667,0.8000,0.8000
427.0000,0.8000,0.8000
427.0333,0.8000,0.8000
427.0667,0.8000,0.8000
427.1000,0.8000,0.8000
427.1333,0.8000,0.8000
427.1667,0.8000,0.8000
427.2000,0.8000,0.8000
427.2333,0.8000,0.8000
427.2667,0.8000,0.8000
427.3000,0.8000,0.8000
427.3333,0.8000,0.8000
427.3667,0.8000,0.8000
427.4000,0.8000,0.8000
427.4333,0.8000,0.8000
427.4667,0.8000,0.8000
427.5000,0.8000,0.8000
427.5333,0.8000,0.8000
427.5667,0.8000,0.8000
427.6000,0.8000,0.8000
427.6333,0.8000,0.8000
427.6667,0.8000,0.8000
427.7000,0.8000,0.8000
427.7333,0.8000,0.8000
427.7667,0.8000,0.8000
427.8000,0.8000,0.8000
427.8333,0.8000,0.8000
427.8667,0.8000,0.8000
427.9000,0.8000,0.8000
427.9333,0.8000,0.8000
427.9667,0.8000,0.8000
428.0000,0.8000,0.8000
428.0333,0.8000,0.8000
428.0667,0.8000,0.8000
428.1000,0.8000,0.8000
428.1333,0.8000,0.8000
428.1667,0.8000,0.8000
428.2000,0.8000,0.8000
428.2333,0.8000,0.8000
428.2667,0.8000,0.8000
428.3000,0.8000,0.8000
428.3333,0.8000,0.8000
428.3667,0.8000,0.8000
428.4000,0.8000,0.8000
428.4333,0.8000,0.8000
428.4667,0.8000,0.8000
428.5000,0.8000,0.8000
428.5333,0.8000,0.8000
428.5667,0.8000,0.8000
428.6000,0.8000,0.8000
428.6333,0.8000,0.8000
428.6667,-0.8000,-0.8000
428.7000,-0.8000,-0.8000
428.7333,-0.8000,-0.8000
428.7667,-0.8000,-0.8000
428.8000,-0.8000,-0.8000
428.8333,-0.8000,-0.8000
428.8667,-0.8000,-0.8000
428.9000,-0.8000,-0.8000
428.9333,-0.8000,-0.8000
428.9667,-0.8000,-0.8000
429.0000,-0.8000,-0.8000
429.0333,-0.8000,-0.8000
429.0667,-0.8000,-0.8000
429.1000,-0.8000,-0.8000
429.1333,-0.8000,-0.8000
429.1667,-0.8000,-0.8000
429.2000,-0.8000,-0.8000
429.2333,-0.8000,-0.8000
429.2667,-0.8000,-0.8000
429.3000,-0.8000,-0.8000
429.3333,-0.8000,-0.8000
429.3667,-0.8000,-0.8000
429.4000,-0.8000,-0.8000
429.4333,-0.8000,-0.8000
429.4667,-0.8000,-0.8000
429.5000,-0.8000,-0.8000
429.5333,-0.8000,-0.8000
429.5667,-0.8000,-0.8000
429.6000,-0.8000,-0.8000
429.6333,-0.8000,-0.8000
429.6667,-0.8000,-0.8000
429.7000,-0.8000,-0.8000
429.7333,-0.8000,-0.8000
429.7667,-0.8000,-0.8000
429.8000,-0.8000,-0.8000
429.8333,-0.8000,-0.8000
429.8667,-0.8000,-0.8000
429.9000,-0.8000,-0.8000
429.9333,-0.8000,-0.8000
429.9667,-0.8000,-0.8000
430.0000,-0.8000,-0.8000
430.0333,-0.8000,-0.8000
430.0667,-0.8000,-0.8000
430.1000,-0.8000,-0.8000
430.1333,-0.8000,-0.8000
430.1667,-0.8000,-0.8000
430.2000,-0.8000,-0.8000
430.2333,-0.8000,-0.8000
430.2667,-0.8000,-0.8000
430.3000,-0.8000,-0.8000
430.3333,-0.8000,-0.8000
430.3667,-0.8000,-0.8000
430.4000,-0.8000,-0.8000
430.4333,-0.8000,-0.8000
430.4667,-0.8000,-0.8000
430.5000,-0.8000,-0.8000
430.5333,-0.8000,-0.8000
430.5667,-0.8000,-0.8000
430.6000,-0.8000,-0.8000
430.6333,-0.8000,-0.8000
430.6667,-0.8000,-0.8000
430.7000,-0.8000,-0.8000
430.7333,-0.8000,-0.8000
430.7667,-0.8000,-0.8000
430.8000,-0.8000,-0.8000
430.8333,-0.8000,-0.8000
430.8667,-0.8000,-0.8000
430.9000,-0.8000,-0.8000
430.9333,-0.8000,-0.8000
430.9667,-0.8000,-0.8000
431.0000,-0.8000,-0.8000
431.0333,-0.8000,-0.8000
431.0667,-0.8000,-0.8000
431.1000,-0.8000,-0.8000
431.1333,-0.8000,-0.8000
431.1667,-0.8000,-0.8000
431.2000,-0.8000,-0.8000
431.2333,-0.8000,-0.8000
431.2667,-0.8000,-0.8000
431.3000,-0.8000,-0.8000
431.3333,-0.8000,-0.8000
431.3667,-0.8000,-0.8000
431.4000,-0.8000,-0.8000
431.4333,-0.8000,-0.8000
431.4667,-0.8000,-0.8000
431.5000,-0.8000,-0.8000
431.5333,-0.8000,-0.8000
431.5667,-0.8000,-0.8000
431.6000,-0.8000,-0.8000
431.6333,-0.8000,-0.8000
431.6667,-0.8000,-0.8000
431.7000,-0.8000,-0.8000
431.7333,-0.8000,-0.8000
431.7667,-0.8000,-0.8000
431.8000,-0.8000,-0.8000
431.8333,-0.8000,-0.8000
431.8667,-0.8000,-0.8000
431.9000,-0.8000,-0.8000
431.9333,-0.8000,-0.8000
431.9667,-0.8000,-0.8000
432.0000,-0.8000,-0.8000
432.0333,-0.8000,-0.8000
432.0667,-0.8000,-0.8000
432.1000,-0.8000,-0.8000
432.1333,-0.8000,-0.8000
432.1667,-0.8000,-0.8000
432.2000,-0.8000,-0.8000
432.2333,-0.8000,-0.8000
432.2667,-0.8000,-0.8000
432.3000,-0.8000,-0.8000
432.3333,-0.8000,-0.8000
432.3667,-0.8000,-0.8000
432.4000,-0.8000,-0.8000
432.4333,-0.8000,-0.8000
432.4667,-0.8000,-0.8000
432.5000,-0.8000,-0.8000
432.5333,-0.8000,-0.8000
432.5667,-0.8000,-0.8000
432.6000,-0.8000,-0.8000
432.6333,-0.8000,-0.8000
432.6667,-0.8000,-0.8000
432.7000,-0.6400,-0.8000
432.7333,-0.4800,-0.8000
432.7667,-0.3200,-0.8000
432.8000,-0.1600,-0.8000
432.8333,0.0000,-0.8000
432.8667,0.1600,-0.8000
432.9000,0.3200,-0.8000
432.9333,0.4800,-0.8000
432.9667,0.6400,-0.8000
433.0000,0.8000,-0.8000
433.0333,0.8000,-0.8000
433.0667,0.8000,-0.8000
433.1000,0.8000,-0.8000
433.1333,0.8000,-0.8000
433.1667,0.8000,-0.8000
433.2000,0.8000,-0.8000
433.2333,0.8000,-0.8000
433.2667,0.8000,-0.8000
433.3000,0.8000,-0.8000
433.3333,0.8000,-0.8000
433.3667,0.8000,-0.8000
433.4000,0.8000,-0.8000
433.4333,0.8000,-0.8000
433.4667,0.8000,-0.8000
433.5000,0.8000,-0.8000
433.5333,0.8000,-0.8000
433.5667,0.8000,-0.8000
433.6000,0.8000,-0.8000
433.6333,0.8000,-0.8000
433.6667,0.8000,-0.8000
433.7000,0.8000,-0.8000
433.7333,0.8000,-0.8000
433.7667,0.8000,-0.8000
433.8000,0.8000,-0.8000
433.8333,0.8000,-0.8000
433.8667,0.8000,-0.8000
433.9000,0.8000,-0.8000
433.9333,0.8000,-0.8000
433.9667,0.8000,-0.8000
434.0000,0.8000,-0.8000
434.0333,0.8000,-0.8000
434.0667,0.8000,-0.8000
434.1000,0.8000,-0.8000
434.1333,0.8000,-0.8000
434.1667,0.8000,-0.8000
434.2000,0.8000,-0.8000
434.2333,0.8000,-0.8000
434.2667,0.8000,-0.8000
434.3000,0.8000,-0.8000
434.3333,0.8000,-0.8000
434.3667,0.8000,-0.8000
434.4000,0.8000,-0.8000
434.4333,0.8000,-0.8000
434.4667,0.8000,-0.8000
434.5000,0.8000,-0.8000
434.5333,0.8000,-0.8000
434.5667,0.8000,-0.8000
434.6000,0.8000,-0.8000
434.6333,0.8000,-0.8000
434.6667,0.8000,-0.8000
434.7000,0.8000,-0.8000
434.7333,0.8000,-0.8000
434.7667,0.8000,-0.8000
434.8000,0.8000,-0.8000
434.8333,0.8000,-0.8000
434.8667,0.8000,-0.8000
434.9000,0.8000,-0.8000
434.9333,0.8000,-0.8000
434.9667,0.8000,-0.8000
435.0000,0.8000,-0.8000
435.0333,0.8000,-0.8000
435.0667,0.8000,-0.8000
435.1000,0.8000,-0.8000
435.1333,0.8000,-0.8000
435.1667,0.8000,-0.8000
435.2000,0.8000,-0.8000
435.2333,0.8000,-0.8000
435.2667,0.8000,-0.8000
435.3000,0.8000,-0.8000
435.3333,0.8000,-0.8000
435.3667,0.8000,-0.8000
435.4000,0.8000,-0.8000
435.4333,0.8000,-0.8000
435.4667,0.8000,-0.8000
435.5000,0.8000,-0.8000
435.5333,0.8000,-0.8000
435.5667,0.8000,-0.8000
435.6000,0.8000,-0.8000
435.6333,0.8000,-0.8000
435.6667,0.8000,-0.8000
435.7000,0.8000,-0.8000
435.7333,0.8000,-0.8000
435.7667,0.8000,-0.8000
435.8000,0.8000,-0.8000
435.8333,0.8000,-0.8000
435.8667,0.8000,-0.8000
435.9000,0.8000,-0.8000
435.9333,0.8000,-0.8000
435.9667,0.8000,-0.8000
436.0000,0.8000,-0.8000
436.0333,0.8000,-0.8000
436.0667,0.8000,-0.8000
436.1000,0.8000,-0.8000
436.1333,0.8000,-0.8000
436.1667,0.8000,-0.8000
436.2000,0.8000,-0.8000
436.2333,0.8000,-0.8000
436.2667,0.8000,-0.8000
436.3000,0.8000,-0.8000
436.3333,0.8000,-0.8000
436.3667,0.8000,-0.8000
436.4000,0.8000,-0.8000
436.4333,0.8000,-0.8000
436.4667,0.8000,-0.8000
436.5000,0.8000,-0.8000
436.5333,0.8000,-0.8000
436.5667,0.8000,-0.8000
436.6000,0.8000,-0.8000
436.6333,0.8000,-0.8000
436.6667,0.8000,-0.8000
436.7000,0.8000,-0.8000
436.7333,0.8000,-0.8000
436.7667,0.8000,-0.8000
436.8000,0.8000,-0.8000
436.8333,0.8000,-0.8000
436.8667,0.8000,-0.8000
436.9000,0.8000,-0.8000
436.9333,0.8000,-0.8000
436.9667,0.8000,-0.8000
437.0000,-0.8000,0.8000
437.0333,-0.8000,0.8000
437.0667,-0.8000,0.8000
437.1000,-0.8000,0.8000
437.1333,-0.8000,0.8000
437.1667,-0.8000,0.8000
437.2000,-0.8000,0.8000
437.2333,-0.8000,0.8000
437.2667,-0.8000,0.8000
437.3000,-0.8000,0.8000
437.3333,-0.8000,0.8000
437.3667,-0.8000,0.8000
437.4000,-0.8000,0.8000
437.4333,-0.8000,0.8000
437.4667,-0.8000,0.8000
437.5000,-0.8000,0.8000
437.5333,-0.8000,0.8000
437.5667,-0.8000,0.8000
437.6000,-0.8000,0.8000
437.6333,-0.8000,0.8000
437.6667,-0.8000,0.8000
437.7000,-0.8000,0.8000
437.7333,-0.8000,0.8000
437.7667,-0.8000,0.8000
437.8000,-0.8000,0.8000
437.8333,-0.8000,0.8000
437.8667,-0.8000,0.8000
437.9000,-0.8000,0.8000
437.9333,-0.8000,0.8000
437.9667,-0.8000,0.8000
438.0000,-0.8000,0.8000
438.0333,-0.8000,0.8000
438.0667,-0.8000,0.8000
438.1000,-0.8000,0.8000
438.1333,-0.8000,0.8000
438.1667,-0.8000,0.8000
438.2000,-0.8000,0.8000
438.2333,-0.8000,0.8000
438.2667,-0.8000,0.8000
438.3000,-0.8000,0.8000
438.3333,-0.8000,0.8000
438.3667,-0.8000,0.8000
438.4000,-0.8000,0.8000
438.4333,-0.8000,0.8000
438.4667,-0.8000,0.8000
438.5000,-0.8000,0.8000
438.5333,-0.8000,0.8000
438.5667,-0.8000,0.8000
438.6000,-0.8000,0.8000
438.6333,-0.8000,0.8000
438.6667,-0.8000,0.8000
438.7000,-0.8000,0.8000
438.7333,-0.8000,0.8000
438.7667,-0.8000,0.8000
438.8000,-0.8000,0.8000
438.8333,-0.8000,0.8000
438.8667,-0.8000,0.8000
438.9000,-0.8000,0.8000
438.9333,-0.8000,0.8000
438.9667,-0.8000,0.8000
439.0000,-0.8000,0.8000
439.0333,-0.8000,0.8000
439.0667,-0.8000,0.8000
439.1000,-0.8000,0.8000
439.1333,-0.8000,0.8000
439.1667,-0.8000,0.8000
439.2000,-0.8000,0.8000
439.2333,-0.8000,0.8000
439.2667,-0.8000,0.8000
439.3000,-0.8000,0.8000
439.3333,-0.8000,0.8000
439.3667,-0.8000,0.8000
439.4000,-0.8000,0.8000
439.4333,-0.8000,0.8000
439.4667,-0.8000,0.8000
439.5000,-0.8000,0.8000
439.5333,-0.8000,0.8000
439.5667,-0.8000,0.8000
439.6000,-0.8000,0.8000
439.6333,-0.8000,0.8000
439.6667,-0.8000,0.8000
439.7000,-0.8000,0.8000
439.7333,-0.8000,0.8000
439.7667,-0.8000,0.8000
439.8000,-0.8000,0.8000
439.8333,-0.8000,0.8000
439.8667,-0.8000,0.8000
439.9000,-0.8000,0.8000
439.9333,-0.8000,0.8000
439.9667,-0.8000,0.8000
440.0000,-0.8000,0.8000
440.0333,-0.8000,0.8000
440.0667,-0.8000,0.8000
440.1000,-0.8000,0.8000
440.1333,-0.8000,0.8000
440.1667,-0.8000,0.8000
440.2000,-0.8000,0.8000
440.2333,-0.8000,0.8000
440.2667,-0.8000,0.8000
440.3000,-0.8000,0.8000
440.3333,-0.8000,0.8000
440.3667,-0.8000,0.8000
440.4000,-0.8000,0.8000
440.4333,-0.8000,0.8000
440.4667,-0.8000,0.8000
440.5000,-0.8000,0.8000
440.5333,-0.8000,0.8000
440.5667,-0.8000,0.8000
440.6000,-0.8000,0.8000
440.6333,-0.8000,0.8000
440.6667,-0.8000,0.8000
440.7000,-0.8000,0.8000
440.7333,-0.8000,0.8000
440.7667,-0.8000,0.8000
440.8000,-0.8000,0.8000
440.8333,-0.8000,0.8000
440.8667,-0.8000,0.8000
440.9000,-0.8000,0.8000
440.9333,-0.8000,0.8000
440.9667,-0.8000,0.8000
441.0000,-0.8000,0.8000
441.0333,-0.6250,0.6250
441.0667,-0.4500,0.4500
441.1000,-0.2750,0.2750
441.1333,-0.1000,0.1000
441.1667,0.0750,-0.0750
441.2000,0.2500,-0.2500
441.2333,0.4250,-0.4250
441.2667,0.6000,-0.6000
441.3000,0.7750,-0.7750
441.3333,0.9500,-0.9500
441.3667,0.9500,-0.9500
441.4000,0.9500,-0.9500
441.4333,0.9500,-0.9500
441.4667,0.9500,-0.9500
441.5000,0.9500,-0.9500
441.5333,0.9500,-0.9500
441.5667,0.9500,-0.9500
441.6000,0.9500,-0.9500
441.6333,0.9500,-0.9500
441.6667,0.9500,-0.9500
441.7000,0.9500,-0.9500
441.7333,0.9500,-0.9500
441.7667,0.9500,-0.9500
441.8000,0.9500,-0.9500
441.8333,0.9500,-0.9500
441.8667,0.9500,-0.9500
441.9000,0.9500,-0.9500
441.9333,0.9500,-0.9500
441.9667,0.9500,-0.9500
442.0000,0.9500,-0.9500
442.0333,0.9500,-0.9500
442.0667,0.9500,-0.9500
442.1000,0.9500,-0.9500
442.1333,0.9500,-0.9500
442.1667,0.9500,-0.9500
442.2000,0.9500,-0.9500
442.2333,0.9500,-0.9500
442.2667,0.9500,-0.9500
442.3000,0.9500,-0.9500
442.3333,0.9500,-0.9500
442.3667,0.9500,-0.9500
442.4000,0.9500,-0.9500
442.4333,0.9500,-0.9500
442.4667,0.9500,-0.9500
442.5000,0.9500,-0.9500
442.5333,0.9500,-0.9500
442.5667,0.9500,-0.9500
442.6000,0.9500,-0.9500
442.6333,0.9500,-0.9500
442.6667,0.9500,-0.9500
442.7000,0.9500,-0.9500
442.7333,0.9500,-0.9500
442.7667,0.9500,-0.9500
442.8000,0.9500,-0.9500
442.8333,0.9500,-0.9500
442.8667,0.9500,-0.9500
442.9000,0.9500,-0.9500
442.9333,0.9500,-0.9500
442.9667,0.9500,-0.9500
443.0000,0.9500,-0.9500
443.0333,0.9500,-0.9500
443.0667,0.9500,-0.9500
443.1000,0.9500,-0.9500
443.1333,0.9500,-0.9500
443.1667,0.9500,-0.9500
443.2000,0.9500,-0.9500
443.2333,0.9500,-0.9500
443.2667,0.9500,-0.9500
443.3000,0.9500,-0.9500
443.3333,0.9500,-0.9500
443.3667,0.9500,-0.9500
443.4000,0.9500,-0.9500
443.4333,0.9500,-0.9500
443.4667,0.9500,-0.9500
443.5000,0.9500,-0.9500
443.5333,0.9500,-0.9500
443.5667,0.9500,-0.9500
443.6000,0.9500,-0.9500
443.6333,0.9500,-0.9500
443.6667,0.9500,-0.9500
443.7000,0.9500,-0.9500
443.7333,0.9500,-0.9500
443.7667,0.9500,-0.9500
443.8000,0.9500,-0.9500
443.8333,0.9500,-0.9500
443.8667,0.9500,-0.9500
443.9000,0.9500,-0.9500
443.9333,0.9500,-0.9500
443.9667,0.9500,-0.9500
444.0000,0.9500,-0.9500
444.0333,0.9500,-0.9500
444.0667,0.9500,-0.9500
444.1000,0.9500,-0.9500
444.1333,0.9500,-0.9500
444.1667,0.9500,-0.9500
444.2000,0.9500,-0.9500
444.2333,0.9500,-0.9500
444.2667,0.9500,-0.9500
444.3000,0.9500,-0.9500
444.3333,-0.9500,0.9500
444.3667,-0.9500,0.9500
444.4000,-0.9500,0.9500
444.4333,-0.9500,0.9500
444.4667,-0.9500,0.9500
444.5000,-0.9500,0.9500
444.5333,-0.9500,0.9500
444.5667,-0.9500,0.9500
444.6000,-0.9500,0.9500
444.6333,-0.9500,0.9500
444.6667,-0.9500,0.9500
444.7000,-0.9500,0.9500
444.7333,-0.9500,0.9500
444.7667,-0.9500,0.9500
444.8000,-0.9500,0.9500
444.8333,-0.9500,0.9500
444.8667,-0.9500,0.9500
444.9000,-0.9500,0.9500
444.9333,-0.9500,0.9500
444.9667,-0.9500,0.9500
445.0000,-0.9500,0.9500
445.0333,-0.9500,0.9500
445.0667,-0.9500,0.9500
445.1000,-0.9500,0.9500
445.1333,-0.9500,0.9500
445.1667,-0.9500,0.9500
445.2000,-0.9500,0.9500
445.2333,-0.9500,0.9500
445.2667,-0.9500,0.9500
445.3000,-0.9500,0.9500
445.3333,-0.9500,0.9500
445.3667,-0.9500,0.9500
445.4000,-0.9500,0.9500
445.4333,-0.9500,0.9500
445.4667,-0.9500,0.9500
445.5000,-0.9500,0.9500
445.5333,-0.9500,0.9500
445.5667,-0.9500,0.9500
445.6000,-0.9500,0.9500
445.6333,-0.9500,0.9500
445.6667,-0.9500,0.9500
445.7000,-0.9500,0.9500
445.7333,-0.9500,0.9500
445.7667,-0.9500,0.9500
445.8000,-0.9500,0.9500
445.8333,-0.9500,0.9500
445.8667,-0.9500,0.9500
445.9000,-0.9500,0.9500
445.9333,-0.9500,0.9500
445.9667,-0.9500,0.9500
446.0000,-0.9500,0.9500
446.0333,-0.9500,0.9500
446.0667,-0.9500,0.9500
446.1000,-0.9500,0.9500
446.1333,-0.9500,0.9500
446.1667,-0.9500,0.9500
446.2000,-0.9500,0.9500
446.2333,-0.9500,0.9500
446.2667,-0.9500,0.9500
446.3000,-0.9500,0.9500
446.3333,-0.9500,0.9500
446.3667,-0.9500,0.9500
446.4000,-0.9500,0.9500
446.4333,-0.9500,0.9500
446.4667,-0.9500,0.9500
446.5000,-0.9500,0.9500
446.5333,-0.9500,0.9500
446.5667,-0.9500,0.9500
446.6000,-0.9500,0.9500
446.6333,-0.9500,0.9500
446.6667,-0.9500,0.9500
446.7000,-0.9500,0.9500
446.7333,-0.9500,0.9500
446.7667,-0.9500,0.9500
446.8000,-0.9500,0.9500
446.8333,-0.9500,0.9500
446.8667,-0.9500,0.9500
446.9000,-0.9500,0.9500
446.9333,-0.9500,0.9500
446.9667,-0.9500,0.9500
447.0000,-0.9500,0.9500
447.0333,-0.9500,0.9500
447.0667,-0.9500,0.9500
447.1000,-0.9500,0.9500
447.1333,-0.9500,0.9500
447.1667,-0.9500,0.9500
447.2000,-0.9500,0.9500
447.2333,-0.9500,0.9500
447.2667,-0.9500,0.9500
447.3000,-0.9500,0.9500
447.3333,-0.9500,0.9500
447.3667,-0.8325,0.9265
447.4000,-0.7150,0.9030
447.4333,-0.5974,0.8795
447.4667,-0.4799,0.8560
447.5000,-0.3624,0.8325
447.5333,-0.2449,0.8090
447.5667,-0.1274,0.7855
447.6000,-0.0099,0.7620
447.6333,0.1077,0.7385
447.6667,0.2252,0.7150
447.7000,0.2252,0.7150
447.7333,0.2252,0.7150
447.7667,0.2252,0.7150
447.8000,0.2252,0.7150
447.8333,0.2252,0.7150
447.8667,0.2252,0.7150
447.9000,0.2252,0.7150
447.9333,0.2252,0.7150
447.9667,0.2252,0.7150
448.0000,0.2252,0.7150
448.0333,0.2252,0.7150
448.0667,0.2252,0.7150
448.1000,0.2252,0.7150
448.1333,0.2252,0.7150
448.1667,0.2252,0.7150
448.2000,0.2252,0.7150
448.2333,0.2252,0.7150
448.2667,0.2252,0.7150
448.3000,0.2252,0.7150
448.3333,0.2252,0.7150
448.3667,0.2252,0.7150
448.4000,0.2252,0.7150
448.4333,0.2252,0.7150
448.4667,0.2252,0.7150
448.5000,0.2252,0.7150
448.5333,0.2252,0.7150
448.5667,0.2252,0.7150
448.6000,0.2252,0.7150
448.6333,0.2252,0.7150
448.6667,0.2252,0.7150
448.7000,0.2252,0.7150
448.7333,0.2252,0.7150
448.7667,0.2252,0.7150
448.8000,0.2252,0.7150
448.8333,0.2252,0.7150
448.8667,0.2252,0.7150
448.9000,0.2252,0.7150
448.9333,0.2252,0.7150
448.9667,0.2252,0.7150
449.0000,0.2252,0.7150
449.0333,0.2252,0.7150
449.0667,0.2252,0.7150
449.1000,0.2252,0.7150
449.1333,0.2252,0.7150
449.1667,0.2252,0.7150
449.2000,0.2252,0.7150
449.2333,0.2252,0.7150
449.2667,0.2252,0.7150
449.3000,0.2252,0.7150
449.3333,0.2252,0.7150
449.3667,0.2252,0.7150
449.4000,0.2252,0.7150
449.4333,0.2252,0.7150
449.4667,0.2252,0.7150
449.5000,0.2252,0.7150
449.5333,0.2252,0.7150
449.5667,0.2252,0.7150
449.6000,0.2252,0.7150
449.6333,0.2252,0.7150
449.6667,0.2252,0.7150
449.7000,0.2252,0.7150
449.7333,0.2252,0.7150
449.7667,0.2252,0.7150
449.8000,0.2252,0.7150
449.8333,0.2252,0.7150
449.8667,0.2252,0.7150
449.9000,0.2252,0.7150
449.9333,0.2252,0.7150
449.9667,0.2252,0.7150
450.0000,0.2252,0.7150
450.0333,0.2252,0.7150
450.0667,0.2252,0.7150
450.1000,0.2252,0.7150
450.1333,0.2252,0.7150
450.1667,0.2252,0.7150
450.2000,0.2252,0.7150
450.2333,-0.4946,-0.3597
450.2667,-0.4946,-0.3597
450.3000,-0.4946,-0.3597
450.3333,-0.4946,-0.3597
450.3667,-0.4946,-0.3597
450.4000,-0.4946,-0.3597
450.4333,-0.4946,-0.3597
450.4667,-0.4946,-0.3597
450.5000,-0.4946,-0.3597
450.5333,-0.4946,-0.3597
450.5667,-0.4946,-0.3597
450.6000,-0.4946,-0.3597
450.6333,-0.4946,-0.3597
450.6667,-0.4946,-0.3597
450.7000,-0.4946,-0.3597
450.7333,-0.4946,-0.3597
450.7667,-0.4946,-0.3597
450.8000,-0.4946,-0.3597
450.8333,-0.4946,-0.3597
450.8667,-0.4946,-0.3597
450.9000,-0.4946,-0.3597
450.9333,-0.4946,-0.3597
450.9667,-0.4946,-0.3597
451.0000,-0.4946,-0.3597
451.0333,-0.4946,-0.3597
451.0667,-0.4946,-0.3597
451.1000,-0.4946,-0.3597
451.1333,-0.4946,-0.3597
451.1667,-0.4946,-0.3597
451.2000,-0.4946,-0.3597
451.2333,-0.4946,-0.3597
451.2667,-0.4946,-0.3597
451.3000,-0.4946,-0.3597
451.3333,-0.4946,-0.3597
451.3667,-0.4946,-0.3597
451.4000,-0.4946,-0.3597
451.4333,-0.4946,-0.3597
451.4667,-0.4946,-0.3597
451.5000,-0.4946,-0.3597
451.5333,-0.4946,-0.3597
451.5667,-0.4946,-0.3597
451.6000,-0.4946,-0.3597
451.6333,-0.4946,-0.3597
451.6667,-0.4946,-0.3597
451.7000,-0.4946,-0.3597
451.7333,-0.4946,-0.3597
451.7667,-0.4946,-0.3597
451.8000,-0.4946,-0.3597
451.8333,-0.4946,-0.3597
451.8667,-0.4946,-0.3597
451.9000,-0.4946,-0.3597
451.9333,-0.4946,-0.3597
451.9667,-0.4946,-0.3597
452.0000,-0.4946,-0.3597
452.0333,-0.4946,-0.3597
452.0667,-0.4946,-0.3597
452.1000,-0.4946,-0.3597
452.1333,-0.4946,-0.3597
452.1667,-0.4946,-0.3597
452.2000,-0.4946,-0.3597
452.2333,-0.4946,-0.3597
452.2667,-0.4946,-0.3597
452.3000,-0.4946,-0.3597
452.3333,-0.4946,-0.3597
452.3667,-0.4946,-0.3597
452.4000,-0.4946,-0.3597
452.4333,-0.4946,-0.3597
452.4667,-0.4946,-0.3597
452.5000,-0.4946,-0.3597
452.5333,-0.4946,-0.3597
452.5667,-0.4946,-0.3597
452.6000,-0.4946,-0.3597
452.6333,-0.4946,-0.3597
452.6667,-0.4946,-0.3597
452.7000,-0.4946,-0.3597
452.7333,-0.4946,-0.3597
452.7667,-0.4946,-0.3597
452.8000,-0.4946,-0.3597
452.8333,-0.4946,-0.3597
452.8667,-0.4946,-0.3597
452.9000,-0.4946,-0.3597
452.9333,-0.4946,-0.3597
452.9667,-0.8905,0.5782
453.0000,-0.8905,0.5782
453.0333,-0.8905,0.5782
453.0667,-0.8905,0.5782
453.1000,-0.8905,0.5782
453.1333,-0.8905,0.5782
453.1667,-0.8905,0.5782
453.2000,-0.8905,0.5782
453.2333,-0.8905,0.5782
453.2667,-0.8905,0.5782
453.3000,-0.8905,0.5782
453.3333,-0.8905,0.5782
453.3667,-0.8905,0.5782
453.4000,-0.8905,0.5782
453.4333,-0.8905,0.5782
453.4667,-0.8905,0.5782
453.5000,-0.8905,0.5782
453.5333,-0.8905,0.5782
453.5667,-0.8905,0.5782
453.6000,-0.8905,0.5782
453.6333,-0.8905,0.5782
453.6667,-0.8905,0.5782
453.7000,-0.8905,0.5782
453.7333,-0.8905,0.5782
453.7667,-0.8905,0.5782
453.8000,-0.8905,0.5782
453.8333,-0.8905,0.5782
453.8667,-0.8905,0.5782
453.9000,-0.8905,0.5782
453.9333,-0.8905,0.5782
453.9667,-0.8905,0.5782
454.0000,-0.8905,0.5782
454.0333,-0.8905,0.5782
454.0667,-0.8905,0.5782
454.1000,-0.8905,0.5782
454.1333,-0.8905,0.5782
454.1667,-0.8905,0.5782
454.2000,-0.8905,0.5782
454.2333,-0.8905,0.5782
454.2667,-0.8905,0.5782
454.3000,-0.8905,0.5782
454.3333,-0.8905,0.5782
454.3667,-0.8905,0.5782
454.4000,-0.8905,0.5782
454.4333,-0.8905,0.5782
454.4667,-0.8905,0.5782
454.5000,-0.8905,0.5782
454.5333,-0.8905,0.5782
454.5667,-0.8905,0.5782
454.6000,-0.8905,0.5782
454.6333,-0.8905,0.5782
454.6667,-0.8905,0.5782
454.7000,-0.8905,0.5782
454.7333,-0.8905,0.5782
454.7667,-0.8905,0.5782
454.8000,-0.8905,0.5782
454.8333,-0.8905,0.5782
454.8667,-0.8905,0.5782
454.9000,-0.8905,0.5782
454.9333,-0.8905,0.5782
454.9667,-0.8905,0.5782
455.0000,-0.8905,0.5782
455.0333,-0.8905,0.5782
455.0667,-0.8905,0.5782
455.1000,-0.8905,0.5782
455.1333,-0.8905,0.5782
455.1667,-0.8905,0.5782
455.2000,-0.8905,0.5782
455.2333,-0.8905,0.5782
455.2667,-0.8905,0.5782
455.3000,-0.8905,0.5782
455.3333,-0.8905,0.5782
455.3667,-0.8905,0.5782
455.4000,-0.8905,0.5782
455.4333,-0.8905,0.5782
455.4667,-0.8905,0.5782
455.5000,-0.8905,0.5782
455.5333,-0.8905,0.5782
455.5667,-0.0577,-0.3545
455.6000,-0.0577,-0.3545
455.6333,-0.0577,-0.3545
455.6667,-0.0577,-0.3545
455.7000,-0.0577,-0.3545
455.7333,-0.0577,-0.3545
455.7667,-0.0577,-0.3545
455.8000,-0.0577,-0.3545
455.8333,-0.0577,-0.3545
455.8667,-0.0577,-0.3545
455.9000,-0.0577,-0.3545
455.9333,-0.0577,-0.3545
455.9667,-0.0577,-0.3545
456.0000,-0.0577,-0.3545
456.0333,-0.0577,-0.3545
456.0667,-0.0577,-0.3545
456.1000,-0.0577,-0.3545
456.1333,-0.0577,-0.3545
456.1667,-0.0577,-0.3545
456.2000,-0.0577,-0.3545
456.2333,-0.0577,-0.3545
456.2667,-0.0577,-0.3545
456.3000,-0.0577,-0.3545
456.3333,-0.0577,-0.3545
456.3667,-0.0577,-0.3545
456.4000,-0.0577,-0.3545
456.4333,-0.0577,-0.3545
456.4667,-0.0577,-0.3545
456.5000,-0.0577,-0.3545
456.5333,-0.0577,-0.3545
456.5667,-0.0577,-0.3545
456.6000,-0.0577,-0.3545
456.6333,-0.0577,-0.3545
456.6667,-0.0577,-0.3545
456.7000,-0.0577,-0.3545
456.7333,-0.0577,-0.3545
456.7667,-0.0577,-0.3545
456.8000,-0.0577,-0.3545
456.8333,-0.0577,-0.3545
456.8667,-0.0577,-0.3545
456.9000,-0.0577,-0.3545
456.9333,-0.0577,-0.3545
456.9667,-0.0577,-0.3545
457.0000,-0.0577,-0.3545
457.0333,-0.0577,-0.3545
457.0667,-0.0577,-0.3545
457.1000,-0.0577,-0.3545
457.1333,-0.4412,-0.0989
457.1667,-0.4412,-0.0989
457.2000,-0.4412,-0.0989
457.2333,-0.4412,-0.0989
457.2667,-0.4412,-0.0989
457.3000,-0.4412,-0.0989
457.3333,-0.4412,-0.0989
457.3667,-0.4412,-0.0989
457.4000,-0.4412,-0.0989
457.4333,-0.4412,-0.0989
457.4667,-0.4412,-0.0989
457.5000,-0.4412,-0.0989
457.5333,-0.4412,-0.0989
457.5667,-0.4412,-0.0989
457.6000,-0.4412,-0.0989
457.6333,-0.4412,-0.0989
457.6667,-0.4412,-0.0989
457.7000,-0.4412,-0.0989
457.7333,-0.4412,-0.0989
457.7667,-0.4412,-0.0989
457.8000,-0.4412,-0.0989
457.8333,-0.4412,-0.0989
457.8667,-0.4412,-0.0989
457.9000,-0.4412,-0.0989
457.9333,-0.4412,-0.0989
457.9667,-0.4412,-0.0989
458.0000,-0.4412,-0.0989
458.0333,-0.4412,-0.0989
458.0667,-0.4412,-0.0989
458.1000,-0.4412,-0.0989
458.1333,-0.4412,-0.0989
458.1667,-0.4412,-0.0989
458.2000,-0.4412,-0.0989
458.2333,-0.4412,-0.0989
458.2667,-0.4412,-0.0989
458.3000,-0.4412,-0.0989
458.3333,-0.4412,-0.0989
458.3667,-0.4412,-0.0989
458.4000,-0.4412,-0.0989
458.4333,-0.4412,-0.0989
458.4667,-0.4412,-0.0989
458.5000,-0.4412,-0.0989
458.5333,-0.4412,-0.0989
458.5667,-0.4412,-0.0989
458.6000,-0.4412,-0.0989
458.6333,-0.4412,-0.0989
458.6667,-0.4412,-0.0989
458.7000,-0.4412,-0.0989
458.7333,-0.4412,-0.0989
458.7667,-0.4412,-0.0989
458.8000,-0.4412,-0.0989
458.8333,-0.4412,-0.0989
458.8667,-0.4412,-0.0989
458.9000,-0.4412,-0.0989
458.9333,-0.4412,-0.0989
458.9667,-0.4412,-0.0989
459.0000,-0.4412,-0.0989
459.0333,-0.4412,-0.0989
459.0667,-0.4412,-0.0989
459.1000,-0.4412,-0.0989
459.1333,0.0963,0.8919
459.1667,0.0963,0.8919
459.2000,0.0963,0.8919
459.2333,0.0963,0.8919
459.2667,0.0963,0.8919
459.3000,0.0963,0.8919
459.3333,0.0963,0.8919
459.3667,0.0963,0.8919
459.4000,0.0963,0.8919
459.4333,0.0963,0.8919
459.4667,0.0963,0.8919
459.5000,0.0963,0.8919
459.5333,0.0963,0.8919
459.5667,0.0963,0.8919
459.6000,0.0963,0.8919
459.6333,0.0963,0.8919
459.6667,0.0963,0.8919
459.7000,0.0963,0.8919
459.7333,0.0963,0.8919
459.7667,0.0963,0.8919
459.8000,0.0963,0.8919
459.8333,0.0963,0.8919
459.8667,0.0963,0.8919
459.9000,0.0963,0.8919
459.9333,0.0963,0.8919
459.9667,0.0963,0.8919
460.0000,0.0963,0.8919
460.0333,0.0963,0.8919
460.0667,0.0963,0.8919
460.1000,0.0963,0.8919
460.1333,0.0963,0.8919
460.1667,0.0963,0.8919
460.2000,0.0963,0.8919
460.2333,0.0963,0.8919
460.2667,0.0963,0.8919
460.3000,0.0963,0.8919
460.3333,0.0963,0.8919
460.3667,0.0963,0.8919
460.4000,0.0963,0.8919
460.4333,0.0963,0.8919
460.4667,0.0963,0.8919
460.5000,0.0963,0.8919
460.5333,0.0963,0.8919
460.5667,0.0963,0.8919
460.6000,0.0963,0.8919
460.6333,0.0963,0.8919
460.6667,0.0963,0.8919
460.7000,0.0963,0.8919
460.7333,0.0963,0.8919
460.7667,0.0963,0.8919
460.8000,0.0963,0.8919
460.8333,0.0963,0.8919
460.8667,0.0963,0.8919
460.9000,0.0963,0.8919
460.9333,0.0963,0.8919
460.9667,0.0963,0.8919
461.0000,0.0963,0.8919
461.0333,0.0963,0.8919
461.0667,0.0963,0.8919
461.1000,0.0963,0.8919
461.1333,0.0963,0.8919
461.1667,0.0963,0.8919
461.2000,0.0963,0.8919
461.2333,0.0963,0.8919
461.2667,0.0963,0.8919
461.3000,0.0963,0.8919
461.3333,0.0963,0.8919
461.3667,0.0963,0.8919
461.4000,0.0963,0.8919
461.4333,0.0963,0.8919
461.4667,0.0963,0.8919
461.5000,0.0963,0.8919
461.5333,0.0963,0.8919
461.5667,0.0963,0.8919
461.6000,0.0963,0.8919
461.6333,0.0963,0.8919
461.6667,0.0963,0.8919
461.7000,0.0963,0.8919
461.7333,0.2199,0.8801
461.7667,0.2199,0.8801
461.8000,0.2199,0.8801
461.8333,0.2199,0.8801
461.8667,0.2199,0.8801
461.9000,0.2199,0.8801
461.9333,0.2199,0.8801
461.9667,0.2199,0.8801
462.0000,0.2199,0.8801
462.0333,0.2199,0.8801
462.0667,0.2199,0.8801
462.1000,0.2199,0.8801
462.1333,0.2199,0.8801
462.1667,0.2199,0.8801
462.2000,0.2199,0.8801
462.2333,0.2199,0.8801
462.2667,0.2199,0.8801
462.3000,0.2199,0.8801
462.3333,0.2199,0.8801
462.3667,0.2199,0.8801
462.4000,0.2199,0.8801
462.4333,0.2199,0.8801
462.4667,0.2199,0.8801
462.5000,0.2199,0.8801
462.5333,0.2199,0.8801
462.5667,0.2199,0.8801
462.6000,0.2199,0.8801
462.6333,0.2199,0.8801
462.6667,0.2199,0.8801
462.7000,0.2199,0.8801
462.7333,0.2199,0.8801
462.7667,0.2199,0.8801
462.8000,0.2199,0.8801
462.8333,0.2199,0.8801
462.8667,0.2199,0.8801
462.9000,0.2199,0.8801
462.9333,0.2199,0.8801
462.9667,0.2199,0.8801
463.0000,0.2199,0.8801
463.0333,0.2199,0.8801
463.0667,0.2199,0.8801
463.1000,0.2199,0.8801
463.1333,0.2199,0.8801
463.1667,-0.6116,0.2026
463.2000,-0.6116,0.2026
463.2333,-0.6116,0.2026
463.2667,-0.6116,0.2026
463.3000,-0.6116,0.2026
463.3333,-0.6116,0.2026
463.3667,-0.6116,0.2026
463.4000,-0.6116,0.2026
463.4333,-0.6116,0.2026
463.4667,-0.6116,0.2026
463.5000,-0.6116,0.2026
463.5333,-0.6116,0.2026
463.5667,-0.6116,0.2026
463.6000,-0.6116,0.2026
463.6333,-0.6116,0.2026
463.6667,-0.6116,0.2026
463.7000,-0.6116,0.2026
463.7333,-0.6116,0.2026
463.7667,-0.6116,0.2026
463.8000,-0.6116,0.2026
463.8333,-0.6116,0.2026
463.8667,-0.6116,0.2026
463.9000,-0.6116,0.2026
463.9333,-0.6116,0.2026
463.9667,-0.6116,0.2026
464.0000,-0.6116,0.2026
464.0333,-0.6116,0.2026
464.0667,-0.6116,0.2026
464.1000,-0.6116,0.2026
464.1333,-0.6116,0.2026
464.1667,-0.6116,0.2026
464.2000,-0.6116,0.2026
464.2333,-0.6116,0.2026
464.2667,-0.8358,0.0268
464.3000,-0.8358,0.0268
464.3333,-0.8358,0.0268
464.3667,-0.8358,0.0268
464.4000,-0.8358,0.0268
464.4333,-0.8358,0.0268
464.4667,-0.8358,0.0268
464.5000,-0.8358,0.0268
464.5333,-0.8358,0.0268
464.5667,-0.8358,0.0268
464.6000,-0.8358,0.0268
464.6333,-0.8358,0.0268
464.6667,-0.8358,0.0268
464.7000,-0.8358,0.0268
464.7333,-0.8358,0.0268
464.7667,-0.8358,0.0268
464.8000,-0.8358,0.0268
464.8333,-0.8358,0.0268
464.8667,-0.8358,0.0268
464.9000,-0.8358,0.0268
464.9333,-0.8358,0.0268
464.9667,-0.8358,0.0268
465.0000,-0.8358,0.0268
465.0333,-0.8358,0.0268
465.0667,-0.8358,0.0268
465.1000,-0.8358,0.0268
465.1333,-0.8358,0.0268
465.1667,-0.8358,0.0268
465.2000,-0.8358,0.0268
465.2333,-0.8358,0.0268
465.2667,-0.8358,0.0268
465.3000,-0.8358,0.0268
465.3333,-0.8358,0.0268
465.3667,-0.8358,0.0268
465.4000,-0.8358,0.0268
465.4333,-0.8358,0.0268
465.4667,-0.8358,0.0268
465.5000,-0.8358,0.0268
465.5333,-0.8358,0.0268
465.5667,-0.8358,0.0268
465.6000,-0.8358,0.0268
465.6333,-0.8358,0.0268
465.6667,-0.8358,0.0268
465.7000,-0.8358,0.0268
465.7333,-0.8358,0.0268
465.7667,-0.8358,0.0268
465.8000,-0.8358,0.0268
465.8333,-0.8358,0.0268
465.8667,-0.8358,0.0268
465.9000,-0.8358,0.0268
465.9333,-0.8358,0.0268
465.9667,-0.8358,0.0268
466.0000,-0.8358,0.0268
466.0333,-0.8358,0.0268
466.0667,-0.8358,0.0268
466.1000,-0.8358,0.0268
466.1333,-0.8358,0.0268
466.1667,-0.8358,0.0268
466.2000,0.7509,0.2326
466.2333,0.7509,0.2326
466.2667,0.7509,0.2326
466.3000,0.7509,0.2326
466.3333,0.7509,0.2326
466.3667,0.7509,0.2326
466.4000,0.7509,0.2326
466.4333,0.7509,0.2326
466.4667,0.7509,0.2326
466.5000,0.7509,0.2326
466.5333,0.7509,0.2326
466.5667,0.7509,0.2326
466.6000,0.7509,0.2326
466.6333,0.7509,0.2326
466.6667,0.7509,0.2326
466.7000,0.7509,0.2326
466.7333,0.7509,0.2326
466.7667,0.7509,0.2326
466.8000,0.7509,0.2326
466.8333,0.7509,0.2326
466.8667,0.7509,0.2326
466.9000,0.7509,0.2326
466.9333,0.7509,0.2326
466.9667,0.7509,0.2326
467.0000,0.7509,0.2326
467.0333,0.7509,0.2326
467.0667,0.7509,0.2326
467.1000,0.7509,0.2326
467.1333,0.7509,0.2326
467.1667,0.7509,0.2326
467.2000,0.7509,0.2326
467.2333,0.7509,0.2326
467.2667,0.7509,0.2326
467.3000,0.7509,0.2326
467.3333,0.7509,0.2326
467.3667,0.7509,0.2326
467.4000,0.7509,0.2326
467.4333,0.7509,0.2326
467.4667,0.7509,0.2326
467.5000,0.7509,0.2326
467.5333,0.7509,0.2326
467.5667,0.7509,0.2326
467.6000,0.7509,0.2326
467.6333,0.7509,0.2326
467.6667,0.7509,0.2326
467.7000,0.7509,0.2326
467.7333,0.7509,0.2326
467.7667,0.7509,0.2326
467.8000,0.7509,0.2326
467.8333,0.7509,0.2326
467.8667,0.7509,0.2326
467.9000,0.7509,0.2326
467.9333,0.7509,0.2326
467.9667,0.7509,0.2326
468.0000,0.7509,0.2326
468.0333,0.7509,0.2326
468.0667,0.7509,0.2326
468.1000,0.7509,0.2326
468.1333,0.7509,0.2326
468.1667,0.7509,0.2326
468.2000,0.7509,0.2326
468.2333,-0.0056,-0.4545
468.2667,-0.0056,-0.4545
468.3000,-0.0056,-0.4545
468.3333,-0.0056,-0.4545
468.3667,-0.0056,-0.4545
468.4000,-0.0056,-0.4545
468.4333,-0.0056,-0.4545
468.4667,-0.0056,-0.4545
468.5000,-0.0056,-0.4545
468.5333,-0.0056,-0.4545
468.5667,-0.0056,-0.4545
468.6000,-0.0056,-0.4545
468.6333,-0.0056,-0.4545
468.6667,-0.0056,-0.4545
468.7000,-0.0056,-0.4545
468.7333,-0.0056,-0.4545
468.7667,-0.0056,-0.4545
468.8000,-0.0056,-0.4545
468.8333,-0.0056,-0.4545
468.8667,-0.0056,-0.4545
468.9000,-0.0056,-0.4545
468.9333,-0.0056,-0.4545
468.9667,-0.0056,-0.4545
469.0000,-0.0056,-0.4545
469.0333,-0.0056,-0.4545
469.0667,-0.0056,-0.4545
469.1000,-0.0056,-0.4545
469.1333,-0.0056,-0.4545
469.1667,-0.0056,-0.4545
469.2000,-0.0056,-0.4545
469.2333,-0.0056,-0.4545
469.2667,-0.5537,0.3457
469.3000,-0.5537,0.3457
469.3333,-0.5537,0.3457
469.3667,-0.5537,0.3457
469.4000,-0.5537,0.3457
469.4333,-0.5537,0.3457
469.4667,-0.5537,0.3457
469.5000,-0.5537,0.3457
469.5333,-0.5537,0.3457
469.5667,-0.5537,0.3457
469.6000,-0.5537,0.3457
469.6333,-0.5537,0.3457
469.6667,-0.5537,0.3457
469.7000,-0.5537,0.3457
469.7333,-0.5537,0.3457
469.7667,-0.5537,0.3457
469.8000,-0.5537,0.3457
469.8333,-0.5537,0.3457
469.8667,-0.5537,0.3457
469.9000,-0.5537,0.3457
469.9333,-0.5537,0.3457
469.9667,-0.5537,0.3457
470.0000,-0.5537,0.3457
470.0333,-0.5537,0.3457
470.0667,-0.5537,0.3457
470.1000,-0.5537,0.3457
470.1333,-0.5537,0.3457
470.1667,-0.5537,0.3457
470.2000,-0.5537,0.3457
470.2333,-0.5537,0.3457
470.2667,-0.5537,0.3457
470.3000,-0.5537,0.3457
470.3333,-0.5537,0.3457
470.3667,-0.5537,0.3457
470.4000,-0.5537,0.3457
470.4333,-0.5537,0.3457
470.4667,-0.5537,0.3457
470.5000,-0.5537,0.3457
470.5333,-0.5537,0.3457
470.5667,-0.5537,0.3457
470.6000,-0.5537,0.3457
470.6333,-0.5537,0.3457
470.6667,-0.2348,-0.8933
470.7000,-0.2348,-0.8933
470.7333,-0.2348,-0.8933
470.7667,-0.2348,-0.8933
470.8000,-0.2348,-0.8933
470.8333,-0.2348,-0.8933
470.8667,-0.2348,-0.8933
470.9000,-0.2348,-0.8933
470.9333,-0.2348,-0.8933
470.9667,-0.2348,-0.8933
471.0000,-0.2348,-0.8933
471.0333,-0.2348,-0.8933
471.0667,-0.2348,-0.8933
471.1000,-0.2348,-0.8933
471.1333,-0.2348,-0.8933
471.1667,-0.2348,-0.8933
471.2000,-0.2348,-0.8933
471.2333,-0.2348,-0.8933
471.2667,-0.2348,-0.8933
471.3000,-0.2348,-0.8933
471.3333,-0.2348,-0.8933
471.3667,-0.2348,-0.8933
471.4000,-0.2348,-0.8933
471.4333,-0.2348,-0.8933
471.4667,-0.2348,-0.8933
471.5000,-0.2348,-0.8933
471.5333,-0.2348,-0.8933
471.5667,-0.2348,-0.8933
471.6000,-0.2348,-0.8933
471.6333,-0.2348,-0.8933
471.6667,-0.2348,-0.8933
471.7000,-0.2348,-0.8933
471.7333,-0.2348,-0.8933
471.7667,-0.2348,-0.8933
471.8000,-0.2348,-0.8933
471.8333,-0.2348,-0.8933
471.8667,-0.2348,-0.8933
471.9000,-0.2348,-0.8933
471.9333,-0.2348,-0.8933
471.9667,-0.2348,-0.8933
472.0000,-0.2348,-0.8933
472.0333,-0.2348,-0.8933
472.0667,-0.2348,-0.8933
472.1000,-0.2348,-0.8933
472.1333,-0.2348,-0.8933
472.1667,-0.2348,-0.8933
472.2000,-0.2348,-0.8933
472.2333,-0.2348,-0.8933
472.2667,-0.2348,-0.8933
472.3000,-0.2348,-0.8933
472.3333,-0.2348,-0.8933
472.3667,-0.2348,-0.8933
472.4000,-0.2348,-0.8933
472.4333,-0.2348,-0.8933
472.4667,-0.2348,-0.8933
472.5000,-0.2348,-0.8933
472.5333,-0.2348,-0.8933
472.5667,-0.2348,-0.8933
472.6000,-0.2348,-0.8933
472.6333,-0.2348,-0.8933
472.6667,-0.2348,-0.8933
472.7000,-0.2348,-0.8933
472.7333,-0.2348,-0.8933
472.7667,-0.2348,-0.8933
472.8000,-0.2348,-0.8933
472.8333,-0.2348,-0.8933
472.8667,-0.2348,-0.8933
472.9000,-0.2348,-0.8933
472.9333,-0.2348,-0.8933
472.9667,-0.2348,-0.8933
473.0000,-0.2348,-0.8933
473.0333,-0.2348,-0.8933
473.0667,-0.2348,-0.8933
473.1000,-0.2348,-0.8933
473.1333,-0.2348,-0.8933
473.1667,-0.2348,-0.8933
473.2000,-0.2348,-0.8933
473.2333,-0.2348,-0.8933
473.2667,-0.2348,-0.8933
473.3000,-0.2348,-0.8933
473.3333,-0.6220,-0.4183
473.3667,-0.6220,-0.4183
473.4000,-0.6220,-0.4183
473.4333,-0.6220,-0.4183
473.4667,-0.6220,-0.4183
473.5000,-0.6220,-0.4183
473.5333,-0.6220,-0.4183
473.5667,-0.6220,-0.4183
473.6000,-0.6220,-0.4183
473.6333,-0.6220,-0.4183
473.6667,-0.6220,-0.4183
473.7000,-0.6220,-0.4183
473.7333,-0.6220,-0.4183
473.7667,-0.6220,-0.4183
473.8000,-0.6220,-0.4183
473.8333,-0.6220,-0.4183
473.8667,-0.6220,-0.4183
473.9000,-0.6220,-0.4183
473.9333,-0.6220,-0.4183
473.9667,-0.6220,-0.4183
474.0000,-0.6220,-0.4183
474.0333,-0.6220,-0.4183
474.0667,-0.6220,-0.4183
474.1000,-0.6220,-0.4183
474.1333,-0.6220,-0.4183
474.1667,-0.6220,-0.4183
474.2000,-0.6220,-0.4183
474.2333,-0.6220,-0.4183
474.2667,-0.6220,-0.4183
474.3000,-0.6220,-0.4183
474.3333,-0.6220,-0.4183
474.3667,-0.6220,-0.4183
474.4000,-0.6220,-0.4183
474.4333,-0.6220,-0.4183
474.4667,-0.6220,-0.4183
474.5000,-0.6220,-0.4183
474.5333,-0.6220,-0.4183
474.5667,-0.6220,-0.4183
474.6000,-0.6220,-0.4183
474.6333,-0.6220,-0.4183
474.6667,-0.6220,-0.4183
474.7000,-0.6220,-0.4183
474.7333,-0.6220,-0.4183
474.7667,-0.6220,-0.4183
474.8000,-0.6220,-0.4183
474.8333,-0.6220,-0.4183
474.8667,-0.6220,-0.4183
474.9000,-0.6220,-0.4183
474.9333,-0.6220,-0.4183
474.9667,-0.6220,-0.4183
475.0000,-0.6220,-0.4183
475.0333,-0.6220,-0.4183
475.0667,-0.6220,-0.4183
475.1000,-0.6220,-0.4183
475.1333,-0.6220,-0.4183
475.1667,-0.6220,-0.4183
475.2000,-0.6220,-0.4183
475.2333,-0.6220,-0.4183
475.2667,-0.6220,-0.4183
475.3000,-0.6220,-0.4183
475.3333,-0.6220,-0.4183
475.3667,-0.6220,-0.4183
475.4000,-0.6220,-0.4183
475.4333,-0.6220,-0.4183
475.4667,-0.6220,-0.4183
475.5000,-0.6220,-0.4183
475.5333,-0.6220,-0.4183
475.5667,-0.6220,-0.4183
475.6000,-0.6220,-0.4183
475.6333,-0.6220,-0.4183
475.6667,-0.6220,-0.4183
475.7000,-0.6220,-0.4183
475.7333,-0.6220,-0.4183
475.7667,-0.6220,-0.4183
475.8000,-0.6220,-0.4183
475.8333,-0.6220,-0.4183
475.8667,-0.6220,-0.4183
475.9000,-0.6220,-0.4183
475.9333,-0.6220,-0.4183
475.9667,-0.6220,-0.4183
476.0000,-0.6220,-0.4183
476.0333,-0.6220,-0.4183
476.0667,-0.6220,-0.4183
476.1000,0.0176,0.6249
476.1333,0.0176,0.6249
476.1667,0.0176,0.6249
476.2000,0.0176,0.6249
476.2333,0.0176,0.6249
476.2667,0.0176,0.6249
476.3000,0.0176,0.6249
476.3333,0.0176,0.6249
476.3667,0.0176,0.6249
476.4000,0.0176,0.6249
476.4333,0.0176,0.6249
476.4667,0.0176,0.6249
476.5000,0.0176,0.6249
476.5333,0.0176,0.6249
476.5667,0.0176,0.6249
476.6000,0.0176,0.6249
476.6333,0.0176,0.6249
476.6667,0.0176,0.6249
476.7000,0.0176,0.6249
476.7333,0.0176,0.6249
476.7667,0.0176,0.6249
476.8000,0.0176,0.6249
476.8333,0.0176,0.6249
476.8667,0.0176,0.6249
476.9000,0.0176,0.6249
476.9333,0.0176,0.6249
476.9667,0.0176,0.6249
477.0000,0.0176,0.6249
477.0333,0.0176,0.6249
477.0667,0.0176,0.6249
477.1000,0.0176,0.6249
477.1333,0.0176,0.6249
477.1667,0.0176,0.6249
477.2000,0.0176,0.6249
477.2333,0.0176,0.6249
477.2667,0.0176,0.6249
477.3000,0.0176,0.6249
477.3333,0.0176,0.6249
477.3667,0.0176,0.6249
477.4000,0.0176,0.6249
477.4333,0.0176,0.6249
477.4667,0.0176,0.6249
477.5000,0.0176,0.6249
477.5333,0.0176,0.6249
477.5667,0.0176,0.6249
477.6000,0.0176,0.6249
477.6333,0.0176,0.6249
477.6667,0.0176,0.6249
477.7000,0.0176,0.6249
477.7333,0.0176,0.6249
477.7667,0.0176,0.6249
477.8000,0.0176,0.6249
477.8333,0.0176,0.6249
477.8667,0.0176,0.6249
477.9000,0.0176,0.6249
477.9333,0.0176,0.6249
477.9667,0.0176,0.6249
478.0000,0.0176,0.6249
478.0333,0.0176,0.6249
478.0667,0.0176,0.6249
478.1000,0.0176,0.6249
478.1333,0.0176,0.6249
478.1667,0.0176,0.6249
478.2000,0.0176,0.6249
478.2333,0.0176,0.6249
478.2667,0.0176,0.6249
478.3000,0.0176,0.6249
478.3333,0.0176,0.6249
478.3667,0.4352,-0.7353
478.4000,0.4352,-0.7353
478.4333,0.4352,-0.7353
478.4667,0.4352,-0.7353
478.5000,0.4352,-0.7353
478.5333,0.4352,-0.7353
478.5667,0.4352,-0.7353
478.6000,0.4352,-0.7353
478.6333,0.4352,-0.7353
478.6667,0.4352,-0.7353
478.7000,0.4352,-0.7353
478.7333,0.4352,-0.7353
478.7667,0.4352,-0.7353
478.8000,0.4352,-0.7353
478.8333,0.4352,-0.7353
478.8667,0.4352,-0.7353
478.9000,0.4352,-0.7353
478.9333,0.4352,-0.7353
478.9667,0.4352,-0.7353
479.0000,0.4352,-0.7353
479.0333,0.4352,-0.7353
479.0667,0.4352,-0.7353
479.1000,0.4352,-0.7353
479.1333,0.4352,-0.7353
479.1667,0.4352,-0.7353
479.2000,0.4352,-0.7353
479.2333,0.4352,-0.7353
479.2667,0.4352,-0.7353
479.3000,0.4352,-0.7353
479.3333,0.4352,-0.7353
479.3667,0.4352,-0.7353
479.4000,0.4352,-0.7353
479.4333,0.4352,-0.7353
479.4667,0.4352,-0.7353
479.5000,0.4352,-0.7353
479.5333,0.4352,-0.7353
479.5667,0.4352,-0.7353
479.6000,0.4352,-0.7353
479.6333,0.4352,-0.7353
479.6667,0.4352,-0.7353
479.7000,0.4352,-0.7353
479.7333,0.4352,-0.7353
479.7667,0.4352,-0.7353
479.8000,0.4352,-0.7353
479.8333,0.4352,-0.7353
479.8667,0.4352,-0.7353
479.9000,0.4352,-0.7353
479.9333,0.4352,-0.7353
479.9667,0.4352,-0.7353
480.0000,0.4352,-0.7353
480.0333,0.4352,-0.7353
480.0667,0.4352,-0.7353
480.1000,0.4352,-0.7353
480.1333,0.4352,-0.7353
480.1667,0.4352,-0.7353
480.2000,0.4352,-0.7353
480.2333,0.4352,-0.7353
480.2667,0.4352,-0.7353
480.3000,0.4352,-0.7353
480.3333,0.4352,-0.7353
480.3667,0.4352,-0.7353
480.4000,0.4352,-0.7353
480.4333,0.0140,0.6684
480.4667,0.0140,0.6684
480.5000,0.0140,0.6684
480.5333,0.0140,0.6684
480.5667,0.0140,0.6684
480.6000,0.0140,0.6684
480.6333,0.0140,0.6684
480.6667,0.0140,0.6684
480.7000,0.0140,0.6684
480.7333,0.0140,0.6684
480.7667,0.0140,0.6684
480.8000,0.0140,0.6684
480.8333,0.0140,0.6684
480.8667,0.0140,0.6684
480.9000,0.0140,0.6684
480.9333,0.0140,0.6684
480.9667,0.0140,0.6684
481.0000,0.0140,0.6684
481.0333,0.0140,0.6684
481.0667,0.0140,0.6684
481.1000,0.0140,0.6684
481.1333,0.0140,0.6684
481.1667,0.0140,0.6684
481.2000,0.0140,0.6684
481.2333,0.0140,0.6684
481.2667,0.0140,0.6684
481.3000,0.0140,0.6684
481.3333,0.0140,0.6684
481.3667,0.0140,0.6684
481.4000,0.0140,0.6684
481.4333,0.0140,0.6684
481.4667,0.0140,0.6684
481.5000,0.0140,0.6684
481.5333,0.0140,0.6684
481.5667,0.0140,0.6684
481.6000,0.0140,0.6684
481.6333,0.0140,0.6684
481.6667,0.0140,0.6684
481.7000,0.0140,0.6684
481.7333,0.0140,0.6684
481.7667,0.0140,0.6684
481.8000,0.0140,0.6684
481.8333,0.0140,0.6684
481.8667,0.0140,0.6684
481.9000,0.0140,0.6684
481.9333,0.0140,0.6684
481.9667,0.0140,0.6684
482.0000,0.0140,0.6684
482.0333,0.0140,0.6684
482.0667,0.0140,0.6684
482.1000,0.0140,0.6684
482.1333,0.0140,0.6684
482.1667,0.1767,-0.7933
482.2000,0.1767,-0.7933
482.2333,0.1767,-0.7933
482.2667,0.1767,-0.7933
482.3000,0.1767,-0.7933
482.3333,0.1767,-0.7933
482.3667,0.1767,-0.7933
482.4000,0.1767,-0.7933
482.4333,0.1767,-0.7933
482.4667,0.1767,-0.7933
482.5000,0.1767,-0.7933
482.5333,0.1767,-0.7933
482.5667,0.1767,-0.7933
482.6000,0.1767,-0.7933
482.6333,0.1767,-0.7933
482.6667,0.1767,-0.7933
482.7000,0.1767,-0.7933
482.7333,0.1767,-0.7933
482.7667,0.1767,-0.7933
482.8000,0.1767,-0.7933
482.8333,0.1767,-0.7933
482.8667,0.1767,-0.7933
482.9000,0.1767,-0.7933
482.9333,0.1767,-0.7933
482.9667,0.1767,-0.7933
483.0000,0.1767,-0.7933
483.0333,0.1767,-0.7933
483.0667,0.1767,-0.7933
483.1000,0.1767,-0.7933
483.1333,0.1767,-0.7933
483.1667,0.1767,-0.7933
483.2000,0.1767,-0.7933
483.2333,0.1767,-0.7933
483.2667,0.1767,-0.7933
483.3000,0.1767,-0.7933
483.3333,0.1767,-0.7933
483.3667,0.1767,-0.7933
483.4000,0.1767,-0.7933
483.4333,0.1767,-0.7933
483.4667,0.1767,-0.7933
483.5000,0.1767,-0.7933
483.5333,0.1767,-0.7933
483.5667,0.1767,-0.7933
483.6000,0.1767,-0.7933
483.6333,0.1767,-0.7933
483.6667,0.1767,-0.7933
483.7000,0.1767,-0.7933
483.7333,0.1767,-0.7933
483.7667,0.1767,-0.7933
483.8000,0.1767,-0.7933
483.8333,0.1767,-0.7933
483.8667,0.1767,-0.7933
483.9000,0.1767,-0.7933
483.9333,-0.3185,-0.6296
483.9667,-0.3185,-0.6296
484.0000,-0.3185,-0.6296
484.0333,-0.3185,-0.6296
484.0667,-0.3185,-0.6296
484.1000,-0.3185,-0.6296
484.1333,-0.3185,-0.6296
484.1667,-0.3185,-0.6296
484.2000,-0.3185,-0.6296
484.2333,-0.3185,-0.6296
484.2667,-0.3185,-0.6296
484.3000,-0.3185,-0.6296
484.3333,-0.3185,-0.6296
484.3667,-0.3185,-0.6296
484.4000,-0.3185,-0.6296
484.4333,-0.3185,-0.6296
484.4667,-0.3185,-0.6296
484.5000,-0.3185,-0.6296
484.5333,-0.3185,-0.6296
484.5667,-0.3185,-0.6296
484.6000,-0.3185,-0.6296
484.6333,-0.3185,-0.6296
484.6667,-0.3185,-0.6296
484.7000,-0.3185,-0.6296
484.7333,-0.3185,-0.6296
484.7667,-0.3185,-0.6296
484.8000,-0.3185,-0.6296
484.8333,-0.3185,-0.6296
484.8667,-0.3185,-0.6296
484.9000,-0.3185,-0.6296
484.9333,-0.3185,-0.6296
484.9667,-0.3185,-0.6296
485.0000,-0.3185,-0.6296
485.0333,-0.3185,-0.6296
485.0667,-0.3185,-0.6296
485.1000,-0.3185,-0.6296
485.1333,-0.3185,-0.6296
485.1667,-0.3185,-0.6296
485.2000,-0.3185,-0.6296
485.2333,-0.3185,-0.6296
485.2667,-0.3185,-0.6296
485.3000,-0.3185,-0.6296
485.3333,-0.3185,-0.6296
485.3667,-0.3185,-0.6296
485.4000,-0.3185,-0.6296
485.4333,-0.3185,-0.6296
485.4667,-0.3185,-0.6296
485.5000,-0.3185,-0.6296
485.5333,-0.3185,-0.6296
485.5667,-0.3185,-0.6296
485.6000,-0.3185,-0.6296
485.6333,-0.3185,-0.6296
485.6667,-0.3185,-0.6296
485.7000,-0.3185,-0.6296
485.7333,-0.3185,-0.6296
485.7667,-0.3185,-0.6296
485.8000,-0.3185,-0.6296
485.8333,-0.3185,-0.6296
485.8667,-0.3185,-0.6296
485.9000,-0.3185,-0.6296
485.9333,-0.3185,-0.6296
485.9667,-0.3185,-0.6296
486.0000,-0.3185,-0.6296
486.0333,-0.3185,-0.6296
486.0667,-0.3185,-0.6296
486.1000,-0.3185,-0.6296
486.1333,-0.3185,-0.6296
486.1667,-0.3185,-0.6296
486.2000,-0.3185,-0.6296
486.2333,-0.3185,-0.6296
486.2667,-0.3185,-0.6296
486.3000,-0.3185,-0.6296
486.3333,-0.3185,-0.6296
486.3667,-0.3185,-0.6296
486.4000,-0.3185,-0.6296
486.4333,-0.3185,-0.6296
486.4667,-0.3185,-0.6296
486.5000,-0.3185,-0.6296
486.5333,-0.3185,-0.6296
486.5667,-0.2170,0.8617
486.6000,-0.2170,0.8617
486.6333,-0.2170,0.8617
486.6667,-0.2170,0.8617
486.7000,-0.2170,0.8617
486.7333,-0.2170,0.8617
486.7667,-0.2170,0.8617
486.8000,-0.2170,0.8617
486.8333,-0.2170,0.8617
486.8667,-0.2170,0.8617
486.9000,-0.2170,0.8617
486.9333,-0.2170,0.8617
486.9667,-0.2170,0.8617
487.0000,-0.2170,0.8617
487.0333,-0.2170,0.8617
487.0667,-0.2170,0.8617
487.1000,-0.2170,0.8617
487.1333,-0.2170,0.8617
487.1667,-0.2170,0.8617
487.2000,-0.2170,0.8617
487.2333,-0.2170,0.8617
487.2667,-0.2170,0.8617
487.3000,-0.2170,0.8617
487.3333,-0.2170,0.8617
487.3667,-0.2170,0.8617
487.4000,-0.2170,0.8617
487.4333,-0.2170,0.8617
487.4667,-0.2170,0.8617
487.5000,-0.2170,0.8617
487.5333,-0.2170,0.8617
487.5667,-0.2170,0.8617
487.6000,-0.2170,0.8617
487.6333,-0.2170,0.8617
487.6667,-0.2170,0.8617
487.7000,-0.2170,0.8617
487.7333,-0.2170,0.8617
487.7667,-0.2170,0.8617
487.8000,-0.2170,0.8617
487.8333,-0.2170,0.8617
487.8667,-0.2170,0.8617
487.9000,-0.2170,0.8617
487.9333,-0.2170,0.8617
487.9667,-0.2170,0.8617
488.0000,-0.2170,0.8617
488.0333,-0.2170,0.8617
488.0667,-0.2170,0.8617
488.1000,-0.2170,0.8617
488.1333,-0.2170,0.8617
488.1667,-0.2170,0.8617
488.2000,-0.2170,0.8617
488.2333,-0.2170,0.8617
488.2667,-0.2170,0.8617
488.3000,-0.2170,0.8617
488.3333,-0.2170,0.8617
488.3667,-0.2170,0.8617
488.4000,-0.2170,0.8617
488.4333,-0.2170,0.8617
488.4667,-0.2170,0.8617
488.5000,-0.2170,0.8617
488.5333,-0.2170,0.8617
488.5667,-0.2170,0.8617
488.6000,-0.2170,0.8617
488.6333,-0.2170,0.8617
488.6667,-0.2170,0.8617
488.7000,-0.2170,0.8617
488.7333,0.1891,0.2484
488.7667,0.1891,0.2484
488.8000,0.1891,0.2484
488.8333,0.1891,0.2484
488.8667,0.1891,0.2484
488.9000,0.1891,0.2484
488.9333,0.1891,0.2484
488.9667,0.1891,0.2484
489.0000,0.1891,0.2484
489.0333,0.1891,0.2484
489.0667,0.1891,0.2484
489.1000,0.1891,0.2484
489.1333,0.1891,0.2484
489.1667,0.1891,0.2484
489.2000,0.1891,0.2484
489.2333,0.1891,0.2484
489.2667,0.1891,0.2484
489.3000,0.1891,0.2484
489.3333,0.1891,0.2484
489.3667,0.1891,0.2484
489.4000,0.1891,0.2484
489.4333,0.1891,0.2484
489.4667,0.1891,0.2484
489.5000,0.1891,0.2484
489.5333,0.1891,0.2484
489.5667,0.1891,0.2484
489.6000,0.1891,0.2484
489.6333,0.1891,0.2484
489.6667,0.1891,0.2484
489.7000,0.1891,0.2484
489.7333,0.1891,0.2484
489.7667,0.1891,0.2484
489.8000,0.1891,0.2484
489.8333,0.1891,0.2484
489.8667,0.1891,0.2484
489.9000,0.1891,0.2484
489.9333,0.1891,0.2484
489.9667,0.1891,0.2484
490.0000,0.1891,0.2484
490.0333,0.1891,0.2484
490.0667,0.1891,0.2484
490.1000,0.1891,0.2484
490.1333,0.1891,0.2484
490.1667,0.1891,0.2484
490.2000,0.1891,0.2484
490.2333,0.1891,0.2484
490.2667,0.1891,0.2484
490.3000,0.1891,0.2484
490.3333,0.1891,0.2484
490.3667,0.1891,0.2484
490.4000,0.1891,0.2484
490.4333,0.1891,0.2484
490.4667,0.1891,0.2484
490.5000,0.1891,0.2484
490.5333,0.1891,0.2484
490.5667,0.1891,0.2484
490.6000,0.1891,0.2484
490.6333,0.1891,0.2484
490.6667,0.1891,0.2484
490.7000,0.1891,0.2484
490.7333,0.1891,0.2484
490.7667,0.1891,0.2484
490.8000,0.1891,0.2484
490.8333,0.1891,0.2484
490.8667,0.1891,0.2484
490.9000,0.1891,0.2484
490.9333,0.1891,0.2484
490.9667,0.1891,0.2484
491.0000,0.1891,0.2484
491.0333,0.1891,0.2484
491.0667,0.1891,0.2484
491.1000,-0.6286,-0.1074
491.1333,-0.6286,-0.1074
491.1667,-0.6286,-0.1074
491.2000,-0.6286,-0.1074
491.2333,-0.6286,-0.1074
491.2667,-0.6286,-0.1074
491.3000,-0.6286,-0.1074
491.3333,-0.6286,-0.1074
491.3667,-0.6286,-0.1074
491.4000,-0.6286,-0.1074
491.4333,-0.6286,-0.1074
491.4667,-0.6286,-0.1074
491.5000,-0.6286,-0.1074
491.5333,-0.6286,-0.1074
491.5667,-0.6286,-0.1074
491.6000,-0.6286,-0.1074
491.6333,-0.6286,-0.1074
491.6667,-0.6286,-0.1074
491.7000,-0.6286,-0.1074
491.7333,-0.6286,-0.1074
491.7667,-0.6286,-0.1074
491.8000,-0.6286,-0.1074
491.8333,-0.6286,-0.1074
491.8667,-0.6286,-0.1074
491.9000,-0.6286,-0.1074
491.9333,-0.6286,-0.1074
491.9667,-0.6286,-0.1074
492.0000,-0.6286,-0.1074
492.0333,-0.6286,-0.1074
492.0667,-0.6286,-0.1074
492.1000,-0.6286,-0.1074
492.1333,-0.6286,-0.1074
492.1667,-0.6286,-0.1074
492.2000,-0.6286,-0.1074
492.2333,-0.6286,-0.1074
492.2667,-0.6286,-0.1074
492.3000,-0.6286,-0.1074
492.3333,-0.6286,-0.1074
492.3667,-0.6286,-0.1074
492.4000,-0.6286,-0.1074
492.4333,-0.6286,-0.1074
492.4667,-0.6286,-0.1074
492.5000,-0.6286,-0.1074
492.5333,-0.6286,-0.1074
492.5667,-0.1755,-0.7259
492.6000,-0.1755,-0.7259
492.6333,-0.1755,-0.7259
492.6667,-0.1755,-0.7259
492.7000,-0.1755,-0.7259
492.7333,-0.1755,-0.7259
492.7667,-0.1755,-0.7259
492.8000,-0.1755,-0.7259
492.8333,-0.1755,-0.7259
492.8667,-0.1755,-0.7259
492.9000,-0.1755,-0.7259
492.9333,-0.1755,-0.7259
492.9667,-0.1755,-0.7259
493.0000,-0.1755,-0.7259
493.0333,-0.1755,-0.7259
493.0667,-0.1755,-0.7259
493.1000,-0.1755,-0.7259
493.1333,-0.1755,-0.7259
493.1667,-0.1755,-0.7259
493.2000,-0.1755,-0.7259
493.2333,-0.1755,-0.7259
493.2667,-0.1755,-0.7259
493.3000,-0.1755,-0.7259
493.3333,-0.1755,-0.7259
493.3667,-0.1755,-0.7259
493.4000,-0.1755,-0.7259
493.4333,-0.1755,-0.7259
493.4667,-0.1755,-0.7259
493.5000,-0.1755,-0.7259
493.5333,-0.1755,-0.7259
493.5667,-0.1755,-0.7259
493.6000,-0.1755,-0.7259
493.6333,-0.1755,-0.7259
493.6667,-0.1755,-0.7259
493.7000,-0.1755,-0.7259
493.7333,-0.1755,-0.7259
493.7667,-0.1755,-0.7259
493.8000,-0.1755,-0.7259
493.8333,-0.1755,-0.7259
493.8667,-0.1755,-0.7259
493.9000,-0.1755,-0.7259
493.9333,-0.1755,-0.7259
493.9667,-0.1755,-0.7259
494.0000,-0.1755,-0.7259
494.0333,-0.1755,-0.7259
494.0667,-0.1755,-0.7259
494.1000,-0.1755,-0.7259
494.1333,-0.1755,-0.7259
494.1667,-0.1755,-0.7259
494.2000,-0.1755,-0.7259
494.2333,-0.1755,-0.7259
494.2667,-0.1755,-0.7259
494.3000,-0.1755,-0.7259
494.3333,-0.1755,-0.7259
494.3667,-0.1755,-0.7259
494.4000,-0.1755,-0.7259
494.4333,-0.1755,-0.7259
494.4667,-0.1755,-0.7259
494.5000,-0.1755,-0.7259
494.5333,-0.1755,-0.7259
494.5667,-0.1755,-0.7259
494.6000,-0.1755,-0.7259
494.6333,-0.1755,-0.7259
494.6667,-0.1755,-0.7259
494.7000,-0.1755,-0.7259
494.7333,-0.1755,-0.7259
494.7667,-0.1755,-0.7259
494.8000,-0.1755,-0.7259
494.8333,-0.1755,-0.7259
494.8667,-0.1755,-0.7259
494.9000,-0.1755,-0.7259
494.9333,-0.1755,-0.7259
494.9667,-0.1755,-0.7259
495.0000,-0.1755,-0.7259
495.0333,-0.1755,-0.7259
495.0667,-0.1755,-0.7259
495.1000,-0.1755,-0.7259
495.1333,-0.1755,-0.7259
495.1667,-0.1755,-0.7259
495.2000,-0.1755,-0.7259
495.2333,-0.1755,-0.7259
495.2667,-0.1755,-0.7259
495.3000,-0.1755,-0.7259
495.3333,-0.1755,-0.7259
495.3667,-0.1755,-0.7259
495.4000,-0.1755,-0.7259
495.4333,-0.1755,-0.7259
495.4667,-0.1755,-0.7259
495.5000,-0.5130,0.3092
495.5333,-0.5130,0.3092
495.5667,-0.5130,0.3092
495.6000,-0.5130,0.3092
495.6333,-0.5130,0.3092
495.6667,-0.5130,0.3092
495.7000,-0.5130,0.3092
495.7333,-0.5130,0.3092
495.7667,-0.5130,0.3092
495.8000,-0.5130,0.3092
495.8333,-0.5130,0.3092
495.8667,-0.5130,0.3092
495.9000,-0.5130,0.3092
495.9333,-0.5130,0.3092
495.9667,-0.5130,0.3092
496.0000,-0.5130,0.3092
496.0333,-0.5130,0.3092
496.0667,-0.5130,0.3092
496.1000,-0.5130,0.3092
496.1333,-0.5130,0.3092
496.1667,-0.5130,0.3092
496.2000,-0.5130,0.3092
496.2333,-0.5130,0.3092
496.2667,-0.5130,0.3092
496.3000,-0.5130,0.3092
496.3333,-0.5130,0.3092
496.3667,-0.5130,0.3092
496.4000,-0.5130,0.3092
496.4333,-0.5130,0.3092
496.4667,-0.5130,0.3092
496.5000,-0.5130,0.3092
496.5333,-0.5130,0.3092
496.5667,-0.5130,0.3092
496.6000,-0.5130,0.3092
496.6333,-0.5130,0.3092
496.6667,-0.5130,0.3092
496.7000,-0.5130,0.3092
496.7333,-0.5130,0.3092
496.7667,-0.5130,0.3092
496.8000,-0.5130,0.3092
496.8333,-0.5130,0.3092
496.8667,-0.5130,0.3092
496.9000,-0.5130,0.3092
496.9333,-0.5130,0.3092
496.9667,-0.5130,0.3092
497.0000,-0.5130,0.3092
497.0333,-0.5130,0.3092
497.0667,-0.5130,0.3092
497.1000,0.6733,0.2920
497.1333,0.6733,0.2920
497.1667,0.6733,0.2920
497.2000,0.6733,0.2920
497.2333,0.6733,0.2920
497.2667,0.6733,0.2920
497.3000,0.6733,0.2920
497.3333,0.6733,0.2920
497.3667,0.6733,0.2920
497.4000,0.6733,0.2920
497.4333,0.6733,0.2920
497.4667,0.6733,0.2920
497.5000,0.6733,0.2920
497.5333,0.6733,0.2920
497.5667,0.6733,0.2920
497.6000,0.6733,0.2920
497.6333,0.6733,0.2920
497.6667,0.6733,0.2920
497.7000,0.6733,0.2920
497.7333,0.6733,0.2920
497.7667,0.6733,0.2920
497.8000,0.6733,0.2920
497.8333,0.6733,0.2920
497.8667,0.6733,0.2920
497.9000,0.6733,0.2920
497.9333,0.6733,0.2920
497.9667,0.6733,0.2920
498.0000,0.6733,0.2920
498.0333,0.6733,0.2920
498.0667,0.6733,0.2920
498.1000,0.6733,0.2920
498.1333,0.6733,0.2920
498.1667,0.6733,0.2920
498.2000,0.6733,0.2920
498.2333,0.6733,0.2920
498.2667,0.6733,0.2920
498.3000,0.6733,0.2920
498.3333,0.6733,0.2920
498.3667,0.6211,0.8009
498.4000,0.6211,0.8009
498.4333,0.6211,0.8009
498.4667,0.6211,0.8009
498.5000,0.6211,0.8009
498.5333,0.6211,0.8009
498.5667,0.6211,0.8009
498.6000,0.6211,0.8009
498.6333,0.6211,0.8009
498.6667,0.6211,0.8009
498.7000,0.6211,0.8009
498.7333,0.6211,0.8009
498.7667,0.6211,0.8009
498.8000,0.6211,0.8009
498.8333,0.6211,0.8009
498.8667,0.6211,0.8009
498.9000,0.6211,0.8009
498.9333,0.6211,0.8009
498.9667,0.6211,0.8009
499.0000,0.6211,0.8009
499.0333,0.6211,0.8009
499.0667,0.6211,0.8009
499.1000,0.6211,0.8009
499.1333,0.6211,0.8009
499.1667,0.6211,0.8009
499.2000,0.6211,0.8009
499.2333,0.6211,0.8009
499.2667,0.6211,0.8009
499.3000,0.6211,0.8009
499.3333,0.6211,0.8009
499.3667,0.6211,0.8009
499.4000,0.6211,0.8009
499.4333,0.6211,0.8009
499.4667,0.6211,0.8009
499.5000,0.6211,0.8009
499.5333,0.6211,0.8009
499.5667,0.6211,0.8009
499.6000,0.6211,0.8009
499.6333,0.6211,0.8009
499.6667,0.6211,0.8009
499.7000,0.6211,0.8009
499.7333,0.6211,0.8009
499.7667,0.6211,0.8009
499.8000,0.6211,0.8009
499.8333,0.6211,0.8009
499.8667,0.6211,0.8009
499.9000,0.6211,0.8009
499.9333,0.6211,0.8009
499.9667,0.6211,0.8009
500.0000,0.6211,0.8009
500.0333,0.6211,0.8009
500.0667,0.6211,0.8009
500.1000,0.6211,0.8009
500.1333,0.6211,0.8009
500.1667,0.6211,0.8009
500.2000,0.6211,0.8009
500.2333,0.6211,0.8009
500.2667,0.6211,0.8009
500.3000,0.6211,0.8009
500.3333,0.6211,0.8009
500.3667,0.6211,0.8009
500.4000,0.6211,0.8009
500.4333,0.6211,0.8009
500.4667,0.6211,0.8009
500.5000,0.6211,0.8009
500.5333,0.6211,0.8009
500.5667,0.6211,0.8009
500.6000,0.6211,0.8009
500.6333,0.6211,0.8009
500.6667,0.6211,0.8009
500.7000,0.6211,0.8009
500.7333,0.6211,0.8009
500.7667,0.6211,0.8009
500.8000,0.6211,0.8009
500.8333,0.6211,0.8009
500.8667,0.6211,0.8009
500.9000,0.6211,0.8009
500.9333,0.6211,0.8009
500.9667,0.6211,0.8009
501.0000,0.6211,0.8009
501.0333,0.6211,0.8009
501.0667,0.6211,0.8009
501.1000,0.6211,0.8009
501.1333,0.6211,0.8009
501.1667,0.1255,-0.6382
501.2000,0.1255,-0.6382
501.2333,0.1255,-0.6382
501.2667,0.1255,-0.6382
501.3000,0.1255,-0.6382
501.3333,0.1255,-0.6382
501.3667,0.1255,-0.6382
501.4000,0.1255,-0.6382
501.4333,0.1255,-0.6382
501.4667,0.1255,-0.6382
501.5000,0.1255,-0.6382
501.5333,0.1255,-0.6382
501.5667,0.1255,-0.6382
501.6000,0.1255,-0.6382
501.6333,0.1255,-0.6382
501.6667,0.1255,-0.6382
501.7000,0.1255,-0.6382
501.7333,0.1255,-0.6382
501.7667,0.1255,-0.6382
501.8000,0.1255,-0.6382
501.8333,0.1255,-0.6382
501.8667,0.1255,-0.6382
501.9000,0.1255,-0.6382
501.9333,0.1255,-0.6382
501.9667,0.1255,-0.6382
502.0000,0.1255,-0.6382
502.0333,0.1255,-0.6382
502.0667,0.1255,-0.6382
502.1000,0.1255,-0.6382
502.1333,0.1255,-0.6382
502.1667,0.1255,-0.6382
502.2000,0.1255,-0.6382
502.2333,0.1255,-0.6382
502.2667,0.1255,-0.6382
502.3000,0.1255,-0.6382
502.3333,0.1255,-0.6382
502.3667,0.1255,-0.6382
502.4000,0.1255,-0.6382
502.4333,0.1255,-0.6382
502.4667,0.1255,-0.6382
502.5000,0.1255,-0.6382
502.5333,0.1255,-0.6382
502.5667,0.7702,0.0942
502.6000,0.7702,0.0942
502.6333,0.7702,0.0942
502.6667,0.7702,0.0942
502.7000,0.7702,0.0942
502.7333,0.7702,0.0942
502.7667,0.7702,0.0942
502.8000,0.7702,0.0942
502.8333,0.7702,0.0942
502.8667,0.7702,0.0942
502.9000,0.7702,0.0942
502.9333,0.7702,0.0942
502.9667,0.7702,0.0942
503.0000,0.7702,0.0942
503.0333,0.7702,0.0942
503.0667,0.7702,0.0942
503.1000,0.7702,0.0942
503.1333,0.7702,0.0942
503.1667,0.7702,0.0942
503.2000,0.7702,0.0942
503.2333,0.7702,0.0942
503.2667,0.7702,0.0942
503.3000,0.7702,0.0942
503.3333,0.7702,0.0942
503.3667,0.7702,0.0942
503.4000,0.7702,0.0942
503.4333,0.7702,0.0942
503.4667,0.7702,0.0942
503.5000,0.7702,0.0942
503.5333,0.7702,0.0942
503.5667,0.7702,0.0942
503.6000,0.7702,0.0942
503.6333,0.7702,0.0942
503.6667,0.7702,0.0942
503.7000,0.7702,0.0942
503.7333,0.7702,0.0942
503.7667,0.7702,0.0942
503.8000,0.7702,0.0942
503.8333,0.7702,0.0942
503.8667,0.7702,0.0942
503.9000,0.7702,0.0942
503.9333,0.6913,0.2548
503.9667,0.6913,0.2548
504.0000,0.6913,0.2548
504.0333,0.6913,0.2548
504.0667,0.6913,0.2548
504.1000,0.6913,0.2548
504.1333,0.6913,0.2548
504.1667,0.6913,0.2548
504.2000,0.6913,0.2548
504.2333,0.6913,0.2548
504.2667,0.6913,0.2548
504.3000,0.6913,0.2548
504.3333,0.6913,0.2548
504.3667,0.6913,0.2548
504.4000,0.6913,0.2548
504.4333,0.6913,0.2548
504.4667,0.6913,0.2548
504.5000,0.6913,0.2548
504.5333,0.6913,0.2548
504.5667,0.6913,0.2548
504.6000,0.6913,0.2548
504.6333,0.6913,0.2548
504.6667,0.6913,0.2548
504.7000,0.6913,0.2548
504.7333,0.6913,0.2548
504.7667,0.6913,0.2548
504.8000,0.6913,0.2548
504.8333,0.6913,0.2548
504.8667,0.6913,0.2548
504.9000,0.6913,0.2548
504.9333,0.6913,0.2548
504.9667,0.6913,0.2548
505.0000,0.6913,0.2548
505.0333,0.6913,0.2548
505.0667,0.6913,0.2548
505.1000,0.6913,0.2548
505.1333,0.6913,0.2548
505.1667,0.6913,0.2548
505.2000,0.6913,0.2548
505.2333,0.6913,0.2548
505.2667,0.6913,0.2548
505.3000,0.6913,0.2548
505.3333,0.6913,0.2548
505.3667,0.6913,0.2548
505.4000,0.6913,0.2548
505.4333,0.6913,0.2548
505.4667,0.6913,0.2548
505.5000,0.6913,0.2548
505.5333,0.6913,0.2548
505.5667,0.6913,0.2548
505.6000,0.6913,0.2548
505.6333,0.6913,0.2548
505.6667,0.6913,0.2548
505.7000,0.6913,0.2548
505.7333,0.6913,0.2548
505.7667,0.6913,0.2548
505.8000,0.6913,0.2548
505.8333,0.6913,0.2548
505.8667,0.6913,0.2548
505.9000,0.6913,0.2548
505.9333,0.6913,0.2548
505.9667,0.6913,0.2548
506.0000,0.6913,0.2548
506.0333,0.6913,0.2548
506.0667,-0.2227,-0.1603
506.1000,-0.2227,-0.1603
506.1333,-0.2227,-0.1603
506.1667,-0.2227,-0.1603
506.2000,-0.2227,-0.1603
506.2333,-0.2227,-0.1603
506.2667,-0.2227,-0.1603
506.3000,-0.2227,-0.1603
506.3333,-0.2227,-0.1603
506.3667,-0.2227,-0.1603
506.4000,-0.2227,-0.1603
506.4333,-0.2227,-0.1603
506.4667,-0.2227,-0.1603
506.5000,-0.2227,-0.1603
506.5333,-0.2227,-0.1603
506.5667,-0.2227,-0.1603
506.6000,-0.2227,-0.1603
506.6333,-0.2227,-0.1603
506.6667,-0.2227,-0.1603
506.7000,-0.2227,-0.1603
506.7333,-0.2227,-0.1603
506.7667,-0.2227,-0.1603
506.8000,-0.2227,-0.1603
506.8333,-0.2227,-0.1603
506.8667,-0.2227,-0.1603
506.9000,-0.2227,-0.1603
506.9333,-0.2227,-0.1603
506.9667,-0.2227,-0.1603
507.0000,-0.2227,-0.1603
507.0333,-0.2227,-0.1603
507.0667,-0.2227,-0.1603
507.1000,-0.2227,-0.1603
507.1333,-0.2227,-0.1603
507.1667,-0.2227,-0.1603
507.2000,-0.2227,-0.1603
507.2333,-0.2227,-0.1603
507.2667,-0.2227,-0.1603
507.3000,-0.2227,-0.1603
507.3333,-0.2227,-0.1603
507.3667,-0.2227,-0.1603
507.4000,-0.2227,-0.1603
507.4333,-0.2227,-0.1603
507.4667,-0.2227,-0.1603
507.5000,-0.2227,-0.1603
507.5333,-0.8315,0.6772
507.5667,-0.8315,0.6772
507.6000,-0.8315,0.6772
507.6333,-0.8315,0.6772
507.6667,-0.8315,0.6772
507.7000,-0.8315,0.6772
507.7333,-0.8315,0.6772
507.7667,-0.8315,0.6772
507.8000,-0.8315,0.6772
507.8333,-0.8315,0.6772
507.8667,-0.8315,0.6772
507.9000,-0.8315,0.6772
507.9333,-0.8315,0.6772
507.9667,-0.8315,0.6772
508.0000,-0.8315,0.6772
508.0333,-0.8315,0.6772
508.0667,-0.8315,0.6772
508.1000,-0.8315,0.6772
508.1333,-0.8315,0.6772
508.1667,-0.8315,0.6772
508.2000,-0.8315,0.6772
508.2333,-0.8315,0.6772
508.2667,-0.8315,0.6772
508.3000,-0.8315,0.6772
508.3333,-0.8315,0.6772
508.3667,-0.8315,0.6772
508.4000,-0.8315,0.6772
508.4333,-0.8315,0.6772
508.4667,-0.8315,0.6772
508.5000,-0.8315,0.6772
508.5333,-0.8315,0.6772
508.5667,-0.8315,0.6772
508.6000,-0.8315,0.6772
508.6333,-0.8315,0.6772
508.6667,-0.8315,0.6772
508.7000,-0.8315,0.6772
508.7333,-0.8315,0.6772
508.7667,-0.8315,0.6772
508.8000,-0.8315,0.6772
508.8333,-0.8315,0.6772
508.8667,-0.8315,0.6772
508.9000,-0.8315,0.6772
508.9333,-0.8315,0.6772
508.9667,-0.8315,0.6772
509.0000,-0.8315,0.6772
509.0333,-0.8315,0.6772
509.0667,-0.8315,0.6772
509.1000,-0.8315,0.6772
509.1333,-0.8315,0.6772
509.1667,-0.8315,0.6772
509.2000,-0.8315,0.6772
509.2333,-0.8315,0.6772
509.2667,-0.8315,0.6772
509.3000,-0.8315,0.6772
509.3333,-0.8315,0.6772
509.3667,-0.8315,0.6772
509.4000,-0.8315,0.6772
509.4333,-0.8315,0.6772
509.4667,0.0857,-0.3201
509.5000,0.0857,-0.3201
509.5333,0.0857,-0.3201
509.5667,0.0857,-0.3201
509.6000,0.0857,-0.3201
509.6333,0.0857,-0.3201
509.6667,0.0857,-0.3201
509.7000,0.0857,-0.3201
509.7333,0.0857,-0.3201
509.7667,0.0857,-0.3201
509.8000,0.0857,-0.3201
509.8333,0.0857,-0.3201
509.8667,0.0857,-0.3201
509.9000,0.0857,-0.3201
509.9333,0.0857,-0.3201
509.9667,0.0857,-0.3201
510.0000,0.0857,-0.3201
510.0333,0.0857,-0.3201
510.0667,0.0857,-0.3201
510.1000,0.0857,-0.3201
510.1333,0.0857,-0.3201
510.1667,0.0857,-0.3201
510.2000,0.0857,-0.3201
510.2333,0.0857,-0.3201
510.2667,0.0857,-0.3201
510.3000,0.0857,-0.3201
510.3333,0.0857,-0.3201
510.3667,0.0857,-0.3201
510.4000,0.0857,-0.3201
510.4333,0.0857,-0.3201
510.4667,0.0857,-0.3201
510.5000,0.0857,-0.3201
510.5333,0.0857,-0.3201
510.5667,0.0857,-0.3201
510.6000,0.0857,-0.3201
510.6333,0.0857,-0.3201
510.6667,0.0857,-0.3201
510.7000,0.0857,-0.3201
510.7333,0.0857,-0.3201
510.7667,0.0857,-0.3201
510.8000,0.0857,-0.3201
510.8333,0.0857,-0.3201
510.8667,0.0857,-0.3201
510.9000,0.0857,-0.3201
510.9333,0.0857,-0.3201
510.9667,0.0857,-0.3201
511.0000,0.0857,-0.3201
511.0333,0.0857,-0.3201
511.0667,0.0857,-0.3201
511.1000,0.0857,-0.3201
511.1333,0.0857,-0.3201
511.1667,0.0857,-0.3201
511.2000,0.0857,-0.3201
511.2333,0.0857,-0.3201
511.2667,0.0857,-0.3201
511.3000,0.0857,-0.3201
511.3333,0.0857,-0.3201
511.3667,0.0857,-0.3201
511.4000,0.0857,-0.3201
511.4333,0.0857,-0.3201
511.4667,0.0857,-0.3201
511.5000,0.0857,-0.3201
511.5333,0.0857,-0.3201
511.5667,0.0857,-0.3201
511.6000,0.0857,-0.3201
511.6333,0.0857,-0.3201
511.6667,0.0857,-0.3201
511.7000,0.0857,-0.3201
511.7333,0.0857,-0.3201
511.7667,0.0857,-0.3201
511.8000,0.0857,-0.3201
511.8333,0.0857,-0.3201
511.8667,0.0857,-0.3201
511.9000,0.0857,-0.3201
511.9333,0.0857,-0.3201
511.9667,-0.8546,-0.2301
512.0000,-0.8546,-0.2301
512.0333,-0.8546,-0.2301
512.0667,-0.8546,-0.2301
512.1000,-0.8546,-0.2301
512.1333,-0.8546,-0.2301
512.1667,-0.8546,-0.2301
512.2000,-0.8546,-0.2301
512.2333,-0.8546,-0.2301
512.2667,-0.8546,-0.2301
512.3000,-0.8546,-0.2301
512.3333,-0.8546,-0.2301
512.3667,-0.8546,-0.2301
512.4000,-0.8546,-0.2301
512.4333,-0.8546,-0.2301
512.4667,-0.8546,-0.2301
512.5000,-0.8546,-0.2301
512.5333,-0.8546,-0.2301
512.5667,-0.8546,-0.2301
512.6000,-0.8546,-0.2301
512.6333,-0.8546,-0.2301
512.6667,-0.8546,-0.2301
512.7000,-0.8546,-0.2301
512.7333,-0.8546,-0.2301
512.7667,-0.8546,-0.2301
512.8000,-0.8546,-0.2301
512.8333,-0.8546,-0.2301
512.8667,-0.8546,-0.2301
512.9000,-0.8546,-0.2301
512.9333,-0.8546,-0.2301
512.9667,-0.8546,-0.2301
513.0000,-0.8546,-0.2301
513.0333,-0.6788,0.8409
513.0667,-0.6788,0.8409
513.1000,-0.6788,0.8409
513.1333,-0.6788,0.8409
513.1667,-0.6788,0.8409
513.2000,-0.6788,0.8409
513.2333,-0.6788,0.8409
513.2667,-0.6788,0.8409
513.3000,-0.6788,0.8409
513.3333,-0.6788,0.8409
513.3667,-0.6788,0.8409
513.4000,-0.6788,0.8409
513.4333,-0.6788,0.8409
513.4667,-0.6788,0.8409
513.5000,-0.6788,0.8409
513.5333,-0.6788,0.8409
513.5667,-0.6788,0.8409
513.6000,-0.6788,0.8409
513.6333,-0.6788,0.8409
513.6667,-0.6788,0.8409
513.7000,-0.6788,0.8409
513.7333,-0.6788,0.8409
513.7667,-0.6788,0.8409
513.8000,-0.6788,0.8409
513.8333,-0.6788,0.8409
513.8667,-0.6788,0.8409
513.9000,-0.6788,0.8409
513.9333,-0.6788,0.8409
513.9667,-0.6788,0.8409
514.0000,-0.6788,0.8409
514.0333,-0.6788,0.8409
514.0667,-0.6788,0.8409
514.1000,-0.6788,0.8409
514.1333,-0.6788,0.8409
514.1667,-0.6788,0.8409
514.2000,-0.6788,0.8409
514.2333,-0.6788,0.8409
514.2667,-0.6788,0.8409
514.3000,-0.6788,0.8409
514.3333,-0.6788,0.8409
514.3667,-0.6788,0.8409
514.4000,-0.6788,0.8409
514.4333,-0.6788,0.8409
514.4667,-0.6788,0.8409
514.5000,-0.6788,0.8409
514.5333,-0.6788,0.8409
514.5667,-0.6788,0.8409
514.6000,-0.6788,0.8409
514.6333,-0.6788,0.8409
514.6667,-0.6788,0.8409
514.7000,-0.6788,0.8409
514.7333,-0.6788,0.8409
514.7667,-0.6788,0.8409
514.8000,-0.6788,0.8409
514.8333,-0.6788,0.8409
514.8667,-0.6788,0.8409
514.9000,-0.6788,0.8409
514.9333,-0.6788,0.8409
514.9667,-0.6788,0.8409
515.0000,-0.6788,0.8409
515.0333,-0.6788,0.8409
515.0667,-0.6788,0.8409
515.1000,-0.6788,0.8409
515.1333,-0.6788,0.8409
515.1667,-0.6788,0.8409
515.2000,-0.6788,0.8409
515.2333,-0.6788,0.8409
515.2667,-0.6788,0.8409
515.3000,-0.6788,0.8409
515.3333,-0.1292,0.0427
515.3667,-0.1292,0.0427
515.4000,-0.1292,0.0427
515.4333,-0.1292,0.0427
515.4667,-0.1292,0.0427
515.5000,-0.1292,0.0427
515.5333,-0.1292,0.0427
515.5667,-0.1292,0.0427
515.6000,-0.1292,0.0427
515.6333,-0.1292,0.0427
515.6667,-0.1292,0.0427
515.7000,-0.1292,0.0427
515.7333,-0.1292,0.0427
515.7667,-0.1292,0.0427
515.8000,-0.1292,0.0427
515.8333,-0.1292,0.0427
515.8667,-0.1292,0.0427
515.9000,-0.1292,0.0427
515.9333,-0.1292,0.0427
515.9667,-0.1292,0.0427
516.0000,-0.1292,0.0427
516.0333,-0.1292,0.0427
516.0667,-0.1292,0.0427
516.1000,-0.1292,0.0427
516.1333,-0.1292,0.0427
516.1667,-0.1292,0.0427
516.2000,-0.1292,0.0427
516.2333,-0.1292,0.0427
516.2667,-0.1292,0.0427
516.3000,-0.1292,0.0427
516.3333,-0.1292,0.0427
516.3667,-0.1292,0.0427
516.4000,-0.1292,0.0427
516.4333,-0.1292,0.0427
516.4667,-0.1292,0.0427
516.5000,-0.1292,0.0427
516.5333,-0.1292,0.0427
516.5667,-0.1292,0.0427
516.6000,-0.1292,0.0427
516.6333,-0.1292,0.0427
516.6667,-0.1292,0.0427
516.7000,-0.1292,0.0427
516.7333,-0.1292,0.0427
516.7667,-0.1292,0.0427
516.8000,-0.1292,0.0427
516.8333,-0.1292,0.0427
516.8667,-0.1292,0.0427
516.9000,-0.1292,0.0427
516.9333,-0.1292,0.0427
516.9667,-0.1292,0.0427
517.0000,-0.1292,0.0427
517.0333,-0.1292,0.0427
517.0667,-0.1292,0.0427
517.1000,-0.1292,0.0427
517.1333,-0.1292,0.0427
517.1667,-0.1292,0.0427
517.2000,-0.1292,0.0427
517.2333,-0.1292,0.0427
517.2667,-0.1292,0.0427
517.3000,-0.1292,0.0427
517.3333,-0.1292,0.0427
517.3667,-0.1292,0.0427
517.4000,-0.1292,0.0427
517.4333,-0.1292,0.0427
517.4667,-0.1292,0.0427
517.5000,-0.1292,0.0427
517.5333,-0.1292,0.0427
517.5667,-0.1292,0.0427
517.6000,-0.1292,0.0427
517.6333,-0.1292,0.0427
517.6667,-0.1292,0.0427
517.7000,-0.0887,0.0168
517.7333,-0.0483,-0.0092
517.7667,-0.0078,-0.0352
517.8000,0.0327,-0.0611
517.8333,0.0732,-0.0871
517.8667,0.1136,-0.1130
517.9000,0.1541,-0.1390
517.9333,0.1946,-0.1650
517.9667,0.2351,-0.1909
518.0000,0.2755,-0.2169
518.0333,0.2755,-0.2169
518.0667,0.2755,-0.2169
518.1000,0.2755,-0.2169
518.1333,0.2755,-0.2169
518.1667,0.2755,-0.2169
518.2000,0.2755,-0.2169
518.2333,0.2755,-0.2169
518.2667,0.2755,-0.2169
518.3000,0.2755,-0.2169
518.3333,0.2755,-0.2169
518.3667,0.2755,-0.2169
518.4000,0.2755,-0.2169
518.4333,0.2755,-0.2169
518.4667,0.2755,-0.2169
518.5000,0.2755,-0.2169
518.5333,0.2755,-0.2169
518.5667,0.2755,-0.2169
518.6000,0.2755,-0.2169
518.6333,0.2755,-0.2169
518.6667,0.2755,-0.2169
518.7000,0.2755,-0.2169
518.7333,0.2755,-0.2169
518.7667,0.2755,-0.2169
518.8000,0.2755,-0.2169
518.8333,0.2755,-0.2169
518.8667,0.2755,-0.2169
518.9000,0.2755,-0.2169
518.9333,0.2755,-0.2169
518.9667,0.2755,-0.2169
519.0000,0.2755,-0.2169
519.0333,0.2755,-0.2169
519.0667,0.2755,-0.2169
519.1000,0.2755,-0.2169
519.1333,0.2755,-0.2169
519.1667,0.2755,-0.2169
519.2000,0.2755,-0.2169
519.2333,0.2755,-0.2169
519.2667,0.2755,-0.2169
519.3000,0.2755,-0.2169
519.3333,0.2755,-0.2169
519.3667,0.2755,-0.2169
519.4000,0.2755,-0.2169
519.4333,0.2755,-0.2169
519.4667,0.2755,-0.2169
519.5000,0.2755,-0.2169
519.5333,0.2755,-0.2169
519.5667,0.2755,-0.2169
519.6000,0.2755,-0.2169
519.6333,0.2755,-0.2169
519.6667,0.2755,-0.2169
519.7000,0.2755,-0.2169
519.7333,0.2755,-0.2169
519.7667,0.2755,-0.2169
519.8000,0.2755,-0.2169
519.8333,0.2755,-0.2169
519.8667,0.2755,-0.2169
519.9000,0.2755,-0.2169
519.9333,0.2755,-0.2169
519.9667,0.2755,-0.2169
520.0000,0.2755,-0.2169
520.0333,0.2755,-0.2169
520.0667,0.2755,-0.2169
520.1000,0.2755,-0.2169
520.1333,0.2755,-0.2169
520.1667,0.2755,-0.2169
520.2000,0.2755,-0.2169
520.2333,0.2755,-0.2169
520.2667,0.2755,-0.2169
520.3000,0.2755,-0.2169
520.3333,0.2755,-0.2169
520.3667,0.2755,-0.2169
520.4000,0.2755,-0.2169
520.4333,0.2755,-0.2169
520.4667,0.2755,-0.2169
520.5000,0.2755,-0.2169
520.5333,0.2755,-0.2169
520.5667,0.2755,-0.2169
520.6000,0.2755,-0.2169
520.6333,0.2755,-0.2169
520.6667,0.2755,-0.2169
520.7000,0.2755,-0.2169
520.7333,0.2755,-0.2169
520.7667,0.2755,-0.2169
520.8000,0.2755,-0.2169
520.8333,0.2755,-0.2169
520.8667,0.2755,-0.2169
520.9000,0.2755,-0.2169
520.9333,0.2755,-0.2169
520.9667,0.2755,-0.2169
521.0000,0.2755,-0.2169
521.0333,0.2755,-0.2169
521.0667,0.2755,-0.2169
521.1000,0.2755,-0.2169
521.1333,0.2755,-0.2169
521.1667,0.2755,-0.2169
521.2000,0.2755,-0.2169
521.2333,0.2755,-0.2169
521.2667,0.2755,-0.2169
521.3000,0.2755,-0.2169
521.3333,0.2755,-0.2169
521.3667,0.2755,-0.2169
521.4000,0.2755,-0.2169
521.4333,0.2755,-0.2169
521.4667,0.2755,-0.2169
521.5000,0.2755,-0.2169
521.5333,0.2755,-0.2169
521.5667,0.3979,0.6138
521.6000,0.3979,0.6138
521.6333,0.3979,0.6138
521.6667,0.3979,0.6138
521.7000,0.3979,0.6138
521.7333,0.3979,0.6138
521.7667,0.3979,0.6138
521.8000,0.3979,0.6138
521.8333,0.3979,0.6138
521.8667,0.3979,0.6138
521.9000,0.3979,0.6138
521.9333,0.3979,0.6138
521.9667,0.3979,0.6138
522.0000,0.3979,0.6138
522.0333,0.3979,0.6138
522.0667,0.3979,0.6138
522.1000,0.3979,0.6138
522.1333,0.3979,0.6138
522.1667,0.3979,0.6138
522.2000,0.3979,0.6138
522.2333,0.3979,0.6138
522.2667,0.3979,0.6138
522.3000,0.3979,0.6138
522.3333,0.3979,0.6138
522.3667,0.3979,0.6138
522.4000,0.3979,0.6138
522.4333,0.3979,0.6138
522.4667,0.3979,0.6138
522.5000,0.3979,0.6138
522.5333,0.3979,0.6138
522.5667,0.3979,0.6138
522.6000,0.3979,0.6138
522.6333,0.3979,0.6138
522.6667,0.3979,0.6138
522.7000,0.3979,0.6138
522.7333,0.3979,0.6138
522.7667,0.3979,0.6138
522.8000,0.3979,0.6138
522.8333,0.3979,0.6138
522.8667,0.3979,0.6138
522.9000,0.3979,0.6138
522.9333,0.3979,0.6138
522.9667,0.3979,0.6138
523.0000,0.3979,0.6138
523.0333,0.3979,0.6138
523.0667,0.3979,0.6138
523.1000,0.3979,0.6138
523.1333,0.3979,0.6138
523.1667,0.3979,0.6138
523.2000,0.3979,0.6138
523.2333,0.3979,0.6138
523.2667,0.3979,0.6138
523.3000,0.3979,0.6138
523.3333,0.3979,0.6138
523.3667,0.3979,0.6138
523.4000,0.3979,0.6138
523.4333,0.3979,0.6138
523.4667,0.3979,0.6138
523.5000,0.3979,0.6138
523.5333,0.3979,0.6138
523.5667,0.3979,0.6138
523.6000,0.3979,0.6138
523.6333,0.3979,0.6138
523.6667,0.3979,0.6138
523.7000,0.3979,0.6138
523.7333,0.3979,0.6138
523.7667,0.3979,0.6138
523.8000,0.3979,0.6138
523.8333,0.3979,0.6138
523.8667,0.3979,0.6138
523.9000,0.3979,0.6138
523.9333,0.3979,0.6138
523.9667,0.3979,0.6138
524.0000,0.3979,0.6138
524.0333,0.6501,-0.7422
524.0667,0.6501,-0.7422
524.1000,0.6501,-0.7422
524.1333,0.6501,-0.7422
524.1667,0.6501,-0.7422
524.2000,0.6501,-0.7422
524.2333,0.6501,-0.7422
524.2667,0.6501,-0.7422
524.3000,0.6501,-0.7422
524.3333,0.6501,-0.7422
524.3667,0.6501,-0.7422
524.4000,0.6501,-0.7422
524.4333,0.6501,-0.7422
524.4667,0.6501,-0.7422
524.5000,0.6501,-0.7422
524.5333,0.6501,-0.7422
524.5667,0.6501,-0.7422
524.6000,0.6501,-0.7422
524.6333,0.6501,-0.7422
524.6667,0.6501,-0.7422
524.7000,0.6501,-0.7422
524.7333,0.6501,-0.7422
524.7667,0.6501,-0.7422
524.8000,0.6501,-0.7422
524.8333,0.6501,-0.7422
524.8667,0.6501,-0.7422
524.9000,0.6501,-0.7422
524.9333,0.6501,-0.7422
524.9667,0.6501,-0.7422
525.0000,0.6501,-0.7422
525.0333,0.6501,-0.7422
525.0667,0.6501,-0.7422
525.1000,0.6501,-0.7422
525.1333,0.6501,-0.7422
525.1667,0.6501,-0.7422
525.2000,0.6501,-0.7422
525.2333,0.6501,-0.7422
525.2667,0.6501,-0.7422
525.3000,0.6501,-0.7422
525.3333,0.6501,-0.7422
525.3667,0.6501,-0.7422
525.4000,0.6501,-0.7422
525.4333,0.6501,-0.7422
525.4667,0.6501,-0.7422
525.5000,0.6501,-0.7422
525.5333,0.6501,-0.7422
525.5667,0.6501,-0.7422
525.6000,0.6501,-0.7422
525.6333,0.6501,-0.7422
525.6667,0.6501,-0.7422
525.7000,0.6501,-0.7422
525.7333,0.6501,-0.7422
525.7667,0.6501,-0.7422
525.8000,0.6501,-0.7422
525.8333,0.6501,-0.7422
525.8667,0.6501,-0.7422
525.9000,0.6501,-0.7422
525.9333,0.6501,-0.7422
525.9667,0.6501,-0.7422
526.0000,0.6501,-0.7422
526.0333,0.6501,-0.7422
526.0667,0.6501,-0.7422
526.1000,0.6501,-0.7422
526.1333,0.6501,-0.7422
526.1667,0.6501,-0.7422
526.2000,0.6501,-0.7422
526.2333,0.6501,-0.7422
526.2667,0.6501,-0.7422
526.3000,0.6501,-0.7422
526.3333,0.6501,-0.7422
526.3667,0.6501,-0.7422
526.4000,0.6501,-0.7422
526.4333,0.6501,-0.7422
526.4667,0.6501,-0.7422
526.5000,0.6501,-0.7422
526.5333,0.6501,-0.7422
526.5667,0.6501,-0.7422
526.6000,0.6501,-0.7422
526.6333,0.6501,-0.7422
526.6667,0.6501,-0.7422
526.7000,0.6501,-0.7422
526.7333,0.6501,-0.7422
526.7667,0.6501,-0.7422
526.8000,0.6501,-0.7422
526.8333,0.6501,-0.7422
526.8667,0.6501,-0.7422
526.9000,0.6501,-0.7422
526.9333,0.6501,-0.7422
526.9667,0.6501,-0.7422
527.0000,0.6501,-0.7422
527.0333,0.6501,-0.7422
527.0667,0.6501,-0.7422
527.1000,0.6501,-0.7422
527.1333,0.6501,-0.7422
527.1667,0.6501,-0.7422
527.2000,0.6501,-0.7422
527.2333,0.6501,-0.7422
527.2667,0.6501,-0.7422
527.3000,0.6501,-0.7422
527.3333,0.6501,-0.7422
527.3667,0.6501,-0.7422
527.4000,0.6501,-0.7422
527.4333,0.6501,-0.7422
527.4667,0.6501,-0.7422
527.5000,0.6501,-0.7422
527.5333,0.6501,-0.7422
527.5667,0.6501,-0.7422
527.6000,0.6501,-0.7422
527.6333,0.6501,-0.7422
527.6667,0.6501,-0.7422
527.7000,0.6501,-0.7422
527.7333,0.6501,-0.7422
527.7667,0.6501,-0.7422
527.8000,0.6501,-0.7422
527.8333,0.6501,-0.7422
527.8667,0.6501,-0.7422
527.9000,0.6501,-0.7422
527.9333,0.6501,-0.7422
527.9667,0.6501,-0.7422
528.0000,0.6501,-0.7422
528.0333,0.6501,-0.7422
528.0667,0.6501,-0.7422
528.1000,0.6501,-0.7422
528.1333,0.6501,-0.7422
528.1667,0.6501,-0.7422
528.2000,0.6501,-0.7422
528.2333,0.6501,-0.7422
528.2667,0.6501,-0.7422
528.3000,0.4658,-0.5449
528.3333,0.4658,-0.5449
528.3667,0.4658,-0.5449
528.4000,0.4658,-0.5449
528.4333,0.4658,-0.5449
528.4667,0.4658,-0.5449
528.5000,0.4658,-0.5449
528.5333,0.4658,-0.5449
528.5667,0.4658,-0.5449
528.6000,0.4658,-0.5449
528.6333,0.4658,-0.5449
528.6667,0.4658,-0.5449
528.7000,0.4658,-0.5449
528.7333,0.4658,-0.5449
528.7667,0.4658,-0.5449
528.8000,0.4658,-0.5449
528.8333,0.4658,-0.5449
528.8667,0.4658,-0.5449
528.9000,0.4658,-0.5449
528.9333,0.4658,-0.5449
528.9667,0.4658,-0.5449
529.0000,0.4658,-0.5449
529.0333,0.4658,-0.5449
529.0667,0.4658,-0.5449
529.1000,0.4658,-0.5449
529.1333,0.4658,-0.5449
529.1667,0.4658,-0.5449
529.2000,0.4658,-0.5449
529.2333,0.4658,-0.5449
529.2667,0.4658,-0.5449
529.3000,0.4658,-0.5449
529.3333,0.4658,-0.5449
529.3667,0.4658,-0.5449
529.4000,0.4658,-0.5449
529.4333,0.4658,-0.5449
529.4667,0.4658,-0.5449
529.5000,0.4658,-0.5449
529.5333,0.4658,-0.5449
529.5667,0.4658,-0.5449
529.6000,0.4658,-0.5449
529.6333,0.4658,-0.5449
529.6667,0.4658,-0.5449
529.7000,0.4658,-0.5449
529.7333,0.4658,-0.5449
529.7667,0.4658,-0.5449
529.8000,0.4658,-0.5449
529.8333,0.4658,-0.5449
529.8667,0.4658,-0.5449
529.9000,0.4658,-0.5449
529.9333,0.4658,-0.5449
529.9667,0.4658,-0.5449
530.0000,0.4658,-0.5449
530.0333,0.4658,-0.5449
530.0667,0.4658,-0.5449
530.1000,0.4658,-0.5449
530.1333,0.4658,-0.5449
530.1667,0.4658,-0.5449
530.2000,0.4658,-0.5449
530.2333,0.4658,-0.5449
530.2667,0.4658,-0.5449
530.3000,0.4658,-0.5449
530.3333,0.4658,-0.5449
530.3667,0.4658,-0.5449
530.4000,0.4658,-0.5449
530.4333,0.4658,-0.5449
530.4667,0.4658,-0.5449
530.5000,0.4658,-0.5449
530.5333,0.4658,-0.5449
530.5667,0.4658,-0.5449
530.6000,0.4658,-0.5449
530.6333,0.4658,-0.5449
530.6667,0.4658,-0.5449
530.7000,0.4658,-0.5449
530.7333,0.4658,-0.5449
530.7667,0.4658,-0.5449
530.8000,0.4658,-0.5449
530.8333,0.4658,-0.5449
530.8667,0.4658,-0.5449
530.9000,0.4658,-0.5449
530.9333,0.4658,-0.5449
530.9667,0.4658,-0.5449
531.0000,0.4658,-0.5449
531.0333,0.4658,-0.5449
531.0667,0.4658,-0.5449
531.1000,0.4658,-0.5449
531.1333,0.4658,-0.5449
531.1667,0.4658,-0.5449
531.2000,0.4658,-0.5449
531.2333,0.4658,-0.5449
531.2667,0.4658,-0.5449
531.3000,0.4658,-0.5449
531.3333,0.4658,-0.5449
531.3667,0.4658,-0.5449
531.4000,0.4658,-0.5449
531.4333,0.4658,-0.5449
531.4667,0.4658,-0.5449
531.5000,0.4658,-0.5449
531.5333,0.4658,-0.5449
531.5667,0.4729,-0.7286
531.6000,0.4729,-0.7286
531.6333,0.4729,-0.7286
531.6667,0.4729,-0.7286
531.7000,0.4729,-0.7286
531.7333,0.4729,-0.7286
531.7667,0.4729,-0.7286
531.8000,0.4729,-0.7286
531.8333,0.4729,-0.7286
531.8667,0.4729,-0.7286
531.9000,0.4729,-0.7286
531.9333,0.4729,-0.7286
531.9667,0.4729,-0.7286
532.0000,0.4729,-0.7286
532.0333,0.4729,-0.7286
532.0667,0.4729,-0.7286
532.1000,0.4729,-0.7286
532.1333,0.4729,-0.7286
532.1667,0.4729,-0.7286
532.2000,0.4729,-0.7286
532.2333,0.4729,-0.7286
532.2667,0.4729,-0.7286
532.3000,0.4729,-0.7286
532.3333,0.4729,-0.7286
532.3667,0.4729,-0.7286
532.4000,0.4729,-0.7286
532.4333,0.4729,-0.7286
532.4667,0.4729,-0.7286
532.5000,0.4729,-0.7286
532.5333,0.4729,-0.7286
532.5667,0.4729,-0.7286
532.6000,0.4729,-0.7286
532.6333,0.4729,-0.7286
532.6667,0.4729,-0.7286
532.7000,0.4729,-0.7286
532.7333,0.4729,-0.7286
532.7667,0.4729,-0.7286
532.8000,0.4729,-0.7286
532.8333,0.4729,-0.7286
532.8667,0.4729,-0.7286
532.9000,0.4729,-0.7286
532.9333,0.4729,-0.7286
532.9667,0.4729,-0.7286
533.0000,0.4729,-0.7286
533.0333,0.4729,-0.7286
533.0667,0.4729,-0.7286
533.1000,0.4729,-0.7286
533.1333,0.4729,-0.7286
533.1667,0.4729,-0.7286
533.2000,0.4729,-0.7286
533.2333,0.4729,-0.7286
533.2667,0.4729,-0.7286
533.3000,0.4729,-0.7286
533.3333,0.4729,-0.7286
533.3667,0.4729,-0.7286
533.4000,0.4729,-0.7286
533.4333,0.4729,-0.7286
533.4667,0.4729,-0.7286
533.5000,0.4729,-0.7286
533.5333,0.4729,-0.7286
533.5667,0.4729,-0.7286
533.6000,0.4729,-0.7286
533.6333,0.4729,-0.7286
533.6667,0.4729,-0.7286
533.7000,0.4729,-0.7286
533.7333,0.4729,-0.7286
533.7667,0.4729,-0.7286
533.8000,0.4729,-0.7286
533.8333,0.4729,-0.7286
533.8667,0.4729,-0.7286
533.9000,0.4729,-0.7286
533.9333,0.4729,-0.7286
533.9667,0.4729,-0.7286
534.0000,0.4729,-0.7286
534.0333,0.4729,-0.7286
534.0667,0.4729,-0.7286
534.1000,0.4729,-0.7286
534.1333,0.4729,-0.7286
534.1667,0.4729,-0.7286
534.2000,0.4729,-0.7286
534.2333,0.4729,-0.7286
534.2667,0.4729,-0.7286
534.3000,0.4729,-0.7286
534.3333,0.4729,-0.7286
534.3667,0.4729,-0.7286
534.4000,0.4729,-0.7286
534.4333,0.4729,-0.7286
534.4667,0.4729,-0.7286
534.5000,0.4729,-0.7286
534.5333,0.4729,-0.7286
534.5667,0.4729,-0.7286
534.6000,0.4729,-0.7286
534.6333,0.4729,-0.7286
534.6667,0.4729,-0.7286
534.7000,0.4729,-0.7286
534.7333,0.4729,-0.7286
534.7667,0.4729,-0.7286
534.8000,0.4729,-0.7286
534.8333,0.4729,-0.7286
534.8667,0.4729,-0.7286
534.9000,0.4729,-0.7286
534.9333,0.4729,-0.7286
534.9667,0.4729,-0.7286
535.0000,0.4729,-0.7286
535.0333,0.4729,-0.7286
535.0667,0.4729,-0.7286
535.1000,0.4729,-0.7286
535.1333,0.4729,-0.7286
535.1667,0.4729,-0.7286
535.2000,0.4729,-0.7286
535.2333,0.4729,-0.7286
535.2667,0.4729,-0.7286
535.3000,0.4729,-0.7286
535.3333,0.4729,-0.7286
535.3667,0.4729,-0.7286
535.4000,0.4729,-0.7286
535.4333,0.4729,-0.7286
535.4667,0.4395,0.0195
535.5000,0.4395,0.0195
535.5333,0.4395,0.0195
535.5667,0.4395,0.0195
535.6000,0.4395,0.0195
535.6333,0.4395,0.0195
535.6667,0.4395,0.0195
535.7000,0.4395,0.0195
535.7333,0.4395,0.0195
535.7667,0.4395,0.0195
535.8000,0.4395,0.0195
535.8333,0.4395,0.0195
535.8667,0.4395,0.0195
535.9000,0.4395,0.0195
535.9333,0.4395,0.0195
535.9667,0.4395,0.0195
536.0000,0.4395,0.0195
536.0333,0.4395,0.0195
536.0667,0.4395,0.0195
536.1000,0.4395,0.0195
536.1333,0.4395,0.0195
536.1667,0.4395,0.0195
536.2000,0.4395,0.0195
536.2333,0.4395,0.0195
536.2667,0.4395,0.0195
536.3000,0.4395,0.0195
536.3333,0.4395,0.0195
536.3667,0.4395,0.0195
536.4000,0.4395,0.0195
536.4333,0.4395,0.0195
536.4667,0.4395,0.0195
536.5000,0.4395,0.0195
536.5333,0.4395,0.0195
536.5667,0.4395,0.0195
536.6000,0.4395,0.0195
536.6333,0.4395,0.0195
536.6667,0.4395,0.0195
536.7000,0.4395,0.0195
536.7333,0.4395,0.0195
536.7667,0.4395,0.0195
536.8000,0.4395,0.0195
536.8333,0.4395,0.0195
536.8667,0.4395,0.0195
536.9000,0.4395,0.0195
536.9333,0.4395,0.0195
536.9667,0.4395,0.0195
537.0000,0.4395,0.0195
537.0333,0.4395,0.0195
537.0667,0.4395,0.0195
537.1000,0.4395,0.0195
537.1333,0.4395,0.0195
537.1667,0.4395,0.0195
537.2000,0.4395,0.0195
537.2333,0.4395,0.0195
537.2667,0.4395,0.0195
537.3000,0.4395,0.0195
537.3333,0.4395,0.0195
537.3667,0.4395,0.0195
537.4000,0.4395,0.0195
537.4333,0.4395,0.0195
537.4667,0.4395,0.0195
537.5000,0.4395,0.0195
537.5333,0.4395,0.0195
537.5667,0.4395,0.0195
537.6000,0.4395,0.0195
537.6333,0.4395,0.0195
537.6667,0.4395,0.0195
537.7000,0.4395,0.0195
537.7333,0.4395,0.0195
537.7667,0.4395,0.0195
537.8000,0.4395,0.0195
537.8333,0.4395,0.0195
537.8667,0.4395,0.0195
537.9000,0.4395,0.0195
537.9333,0.4395,0.0195
537.9667,0.4395,0.0195
538.0000,0.4395,0.0195
538.0333,0.4395,0.0195
538.0667,0.4395,0.0195
538.1000,0.4395,0.0195
538.1333,0.4395,0.0195
538.1667,0.4395,0.0195
538.2000,0.4395,0.0195
538.2333,0.4395,0.0195
538.2667,0.4395,0.0195
538.3000,0.4395,0.0195
538.3333,0.4395,0.0195
538.3667,0.4395,0.0195
538.4000,0.4395,0.0195
538.4333,0.4395,0.0195
538.4667,0.4395,0.0195
538.5000,0.4395,0.0195
538.5333,0.4395,0.0195
538.5667,0.4395,0.0195
538.6000,0.4395,0.0195
538.6333,0.4395,0.0195
538.6667,0.4395,0.0195
538.7000,0.4395,0.0195
538.7333,0.4395,0.0195
538.7667,0.4395,0.0195
538.8000,0.4395,0.0195
538.8333,0.4395,0.0195
538.8667,0.4395,0.0195
538.9000,0.4395,0.0195
538.9333,0.4395,0.0195
538.9667,0.4395,0.0195
539.0000,0.4395,0.0195
539.0333,0.4395,0.0195
539.0667,0.4395,0.0195
539.1000,0.4395,0.0195
539.1333,0.4395,0.0195
539.1667,0.4395,0.0195
539.2000,0.4395,0.0195
539.2333,0.4395,0.0195
539.2667,0.4395,0.0195
539.3000,0.4395,0.0195
539.3333,0.4395,0.0195
539.3667,0.4395,0.0195
539.4000,0.4395,0.0195
539.4333,0.4395,0.0195
539.4667,0.4395,0.0195
539.5000,0.4395,0.0195
539.5333,0.4395,0.0195
539.5667,0.4395,0.0195
539.6000,0.4395,0.0195
539.6333,-0.4104,-0.4522
539.6667,-0.4104,-0.4522
539.7000,-0.4104,-0.4522
539.7333,-0.4104,-0.4522
539.7667,-0.4104,-0.4522
539.8000,-0.4104,-0.4522
539.8333,-0.4104,-0.4522
539.8667,-0.4104,-0.4522
539.9000,-0.4104,-0.4522
539.9333,-0.4104,-0.4522
539.9667,-0.4104,-0.4522
540.0000,-0.4104,-0.4522
540.0333,-0.4104,-0.4522
540.0667,-0.4104,-0.4522
540.1000,-0.4104,-0.4522
540.1333,-0.4104,-0.4522
540.1667,-0.4104,-0.4522
540.2000,-0.4104,-0.4522
540.2333,-0.4104,-0.4522
540.2667,-0.4104,-0.4522
540.3000,-0.4104,-0.4522
540.3333,-0.4104,-0.4522
540.3667,-0.4104,-0.4522
540.4000,-0.4104,-0.4522
540.4333,-0.4104,-0.4522
540.4667,-0.4104,-0.4522
540.5000,-0.4104,-0.4522
540.5333,-0.4104,-0.4522
540.5667,-0.4104,-0.4522
540.6000,-0.4104,-0.4522
540.6333,-0.4104,-0.4522
540.6667,-0.4104,-0.4522
540.7000,-0.4104,-0.4522
540.7333,-0.4104,-0.4522
540.7667,-0.4104,-0.4522
540.8000,-0.4104,-0.4522
540.8333,-0.4104,-0.4522
540.8667,-0.4104,-0.4522
540.9000,-0.4104,-0.4522
540.9333,-0.4104,-0.4522
540.9667,-0.4104,-0.4522
541.0000,-0.4104,-0.4522
541.0333,-0.4104,-0.4522
541.0667,-0.4104,-0.4522
541.1000,-0.4104,-0.4522
541.1333,-0.4104,-0.4522
541.1667,-0.4104,-0.4522
541.2000,-0.4104,-0.4522
541.2333,-0.4104,-0.4522
541.2667,-0.4104,-0.4522
541.3000,-0.4104,-0.4522
541.3333,-0.4104,-0.4522
541.3667,-0.4104,-0.4522
541.4000,-0.4104,-0.4522
541.4333,-0.4104,-0.4522
541.4667,-0.4104,-0.4522
541.5000,-0.4104,-0.4522
541.5333,-0.4104,-0.4522
541.5667,-0.4104,-0.4522
541.6000,-0.4104,-0.4522
541.6333,-0.4104,-0.4522
541.6667,-0.4104,-0.4522
541.7000,-0.4104,-0.4522
541.7333,-0.4104,-0.4522
541.7667,-0.4104,-0.4522
541.8000,-0.4104,-0.4522
541.8333,-0.4104,-0.4522
541.8667,-0.4104,-0.4522
541.9000,-0.4104,-0.4522
541.9333,-0.4104,-0.4522
541.9667,-0.4104,-0.4522
542.0000,-0.4104,-0.4522
542.0333,-0.4104,-0.4522
542.0667,-0.4104,-0.4522
542.1000,-0.4104,-0.4522
542.1333,-0.4104,-0.4522
542.1667,-0.4104,-0.4522
542.2000,-0.4104,-0.4522
542.2333,-0.4104,-0.4522
542.2667,-0.4104,-0.4522
542.3000,-0.4104,-0.4522
542.3333,-0.4104,-0.4522
542.3667,-0.4104,-0.4522
542.4000,-0.4104,-0.4522
542.4333,-0.4104,-0.4522
542.4667,-0.4104,-0.4522
542.5000,-0.4104,-0.4522
542.5333,-0.4104,-0.4522
542.5667,-0.4104,-0.4522
542.6000,-0.4104,-0.4522
542.6333,-0.4104,-0.4522
542.6667,-0.4104,-0.4522
542.7000,-0.4104,-0.4522
542.7333,-0.4809,-0.2309
542.7667,-0.4809,-0.2309
542.8000,-0.4809,-0.2309
542.8333,-0.4809,-0.2309
542.8667,-0.4809,-0.2309
542.9000,-0.4809,-0.2309
542.9333,-0.4809,-0.2309
542.9667,-0.4809,-0.2309
543.0000,-0.4809,-0.2309
543.0333,-0.4809,-0.2309
543.0667,-0.4809,-0.2309
543.1000,-0.4809,-0.2309
543.1333,-0.4809,-0.2309
543.1667,-0.4809,-0.2309
543.2000,-0.4809,-0.2309
543.2333,-0.4809,-0.2309
543.2667,-0.4809,-0.2309
543.3000,-0.4809,-0.2309
543.3333,-0.4809,-0.2309
543.3667,-0.4809,-0.2309
543.4000,-0.4809,-0.2309
543.4333,-0.4809,-0.2309
543.4667,-0.4809,-0.2309
543.5000,-0.4809,-0.2309
543.5333,-0.4809,-0.2309
543.5667,-0.4809,-0.2309
543.6000,-0.4809,-0.2309
543.6333,-0.4809,-0.2309
543.6667,-0.4809,-0.2309
543.7000,-0.4809,-0.2309
543.7333,-0.4809,-0.2309
543.7667,-0.4809,-0.2309
543.8000,-0.4809,-0.2309
543.8333,-0.4809,-0.2309
543.8667,-0.4809,-0.2309
543.9000,-0.4809,-0.2309
543.9333,-0.4809,-0.2309
543.9667,-0.4809,-0.2309
544.0000,-0.4809,-0.2309
544.0333,-0.4809,-0.2309
544.0667,-0.4809,-0.2309
544.1000,-0.4809,-0.2309
544.1333,-0.4809,-0.2309
544.1667,-0.4809,-0.2309
544.2000,-0.4809,-0.2309
544.2333,-0.4809,-0.2309
544.2667,-0.4809,-0.2309
544.3000,-0.4809,-0.2309
544.3333,-0.4809,-0.2309
544.3667,-0.4809,-0.2309
544.4000,-0.4809,-0.2309
544.4333,-0.4809,-0.2309
544.4667,-0.4809,-0.2309
544.5000,-0.4809,-0.2309
544.5333,-0.4809,-0.2309
544.5667,-0.4809,-0.2309
544.6000,-0.4809,-0.2309
544.6333,-0.4809,-0.2309
544.6667,-0.4809,-0.2309
544.7000,-0.4809,-0.2309
544.7333,-0.4809,-0.2309
544.7667,-0.4809,-0.2309
544.8000,-0.4809,-0.2309
544.8333,-0.4809,-0.2309
544.8667,-0.4809,-0.2309
544.9000,-0.4809,-0.2309
544.9333,-0.4809,-0.2309
544.9667,-0.4809,-0.2309
545.0000,-0.4809,-0.2309
545.0333,-0.4809,-0.2309
545.0667,-0.4809,-0.2309
545.1000,-0.4809,-0.2309
545.1333,-0.4809,-0.2309
545.1667,-0.4809,-0.2309
545.2000,-0.4809,-0.2309
545.2333,-0.4809,-0.2309
545.2667,-0.4809,-0.2309
545.3000,-0.4809,-0.2309
545.3333,-0.4809,-0.2309
545.3667,-0.4809,-0.2309
545.4000,-0.4809,-0.2309
545.4333,-0.4809,-0.2309
545.4667,-0.4809,-0.2309
545.5000,-0.4809,-0.2309
545.5333,-0.4809,-0.2309
545.5667,-0.4809,-0.2309
545.6000,-0.4809,-0.2309
545.6333,-0.4809,-0.2309
545.6667,-0.4809,-0.2309
545.7000,-0.4809,-0.2309
545.7333,-0.4809,-0.2309
545.7667,-0.4809,-0.2309
545.8000,-0.4809,-0.2309
545.8333,-0.4809,-0.2309
545.8667,-0.4809,-0.2309
545.9000,-0.4809,-0.2309
545.9333,-0.4809,-0.2309
545.9667,-0.4809,-0.2309
546.0000,-0.4809,-0.2309
546.0333,-0.4809,-0.2309
546.0667,-0.4809,-0.2309
546.1000,-0.4809,-0.2309
546.1333,-0.4809,-0.2309
546.1667,-0.4809,-0.2309
546.2000,-0.4809,-0.2309
546.2333,-0.4809,-0.2309
546.2667,-0.4809,-0.2309
546.3000,-0.4809,-0.2309
546.3333,-0.4809,-0.2309
546.3667,-0.4809,-0.2309
546.4000,-0.4809,-0.2309
546.4333,-0.4809,-0.2309
546.4667,-0.4809,-0.2309
546.5000,-0.4809,-0.2309
546.5333,-0.4809,-0.2309
546.5667,-0.4809,-0.2309
546.6000,-0.4809,-0.2309
546.6333,-0.4809,-0.2309
546.6667,-0.4809,-0.2309
546.7000,-0.4809,-0.2309
546.7333,-0.4809,-0.2309
546.7667,-0.4809,-0.2309
546.8000,-0.4809,-0.2309
546.8333,-0.4809,-0.2309
546.8667,-0.4809,-0.2309
546.9000,-0.4809,-0.2309
546.9333,-0.4809,-0.2309
546.9667,-0.4809,-0.2309
547.0000,-0.4809,-0.2309
547.0333,-0.4809,-0.2309
547.0667,-0.4809,-0.2309
547.1000,-0.4809,-0.2309
547.1333,-0.4809,-0.2309
547.1667,-0.4809,-0.2309
547.2000,-0.4809,-0.2309
547.2333,-0.4809,-0.2309
547.2667,-0.4809,-0.2309
547.3000,-0.4809,-0.2309
547.3333,-0.4809,-0.2309
547.3667,-0.4809,-0.2309
547.4000,-0.4809,-0.2309
547.4333,-0.4809,-0.2309
547.4667,-0.4809,-0.2309
547.5000,-0.4809,-0.2309
547.5333,-0.4809,-0.2309
547.5667,0.1100,-0.2399
547.6000,0.1100,-0.2399
547.6333,0.1100,-0.2399
547.6667,0.1100,-0.2399
547.7000,0.1100,-0.2399
547.7333,0.1100,-0.2399
547.7667,0.1100,-0.2399
547.8000,0.1100,-0.2399
547.8333,0.1100,-0.2399
547.8667,0.1100,-0.2399
547.9000,0.1100,-0.2399
547.9333,0.1100,-0.2399
547.9667,0.1100,-0.2399
548.0000,0.1100,-0.2399
548.0333,0.1100,-0.2399
548.0667,0.1100,-0.2399
548.1000,0.1100,-0.2399
548.1333,0.1100,-0.2399
548.1667,0.1100,-0.2399
548.2000,0.1100,-0.2399
548.2333,0.1100,-0.2399
548.2667,0.1100,-0.2399
548.3000,0.1100,-0.2399
548.3333,0.1100,-0.2399
548.3667,0.1100,-0.2399
548.4000,0.1100,-0.2399
548.4333,0.1100,-0.2399
548.4667,0.1100,-0.2399
548.5000,0.1100,-0.2399
548.5333,0.1100,-0.2399
548.5667,0.1100,-0.2399
548.6000,0.1100,-0.2399
548.6333,0.1100,-0.2399
548.6667,0.1100,-0.2399
548.7000,0.1100,-0.2399
548.7333,0.1100,-0.2399
548.7667,0.1100,-0.2399
548.8000,0.1100,-0.2399
548.8333,0.1100,-0.2399
548.8667,0.1100,-0.2399
548.9000,0.1100,-0.2399
548.9333,0.1100,-0.2399
548.9667,0.1100,-0.2399
549.0000,0.1100,-0.2399
549.0333,0.1100,-0.2399
549.0667,0.1100,-0.2399
549.1000,0.1100,-0.2399
549.1333,0.1100,-0.2399
549.1667,0.1100,-0.2399
549.2000,0.1100,-0.2399
549.2333,0.1100,-0.2399
549.2667,0.1100,-0.2399
549.3000,0.1100,-0.2399
549.3333,0.1100,-0.2399
549.3667,0.1100,-0.2399
549.4000,0.1100,-0.2399
549.4333,0.1100,-0.2399
549.4667,0.1100,-0.2399
549.5000,0.1100,-0.2399
549.5333,0.1100,-0.2399
549.5667,0.1100,-0.2399
549.6000,0.1100,-0.2399
549.6333,0.1100,-0.2399
549.6667,0.1100,-0.2399
549.7000,0.1100,-0.2399
549.7333,0.1100,-0.2399
549.7667,0.1100,-0.2399
549.8000,0.1100,-0.2399
549.8333,0.1100,-0.2399
549.8667,0.1100,-0.2399
549.9000,0.1100,-0.2399
549.9333,0.1100,-0.2399
549.9667,0.1100,-0.2399
550.0000,0.1100,-0.2399
550.0333,0.1100,-0.2399
550.0667,0.1100,-0.2399
550.1000,0.1100,-0.2399
550.1333,0.1100,-0.2399
550.1667,0.1100,-0.2399
550.2000,0.1100,-0.2399
550.2333,0.1100,-0.2399
550.2667,0.1100,-0.2399
550.3000,0.1100,-0.2399
550.3333,0.1100,-0.2399
550.3667,0.6781,-0.0833
550.4000,0.6781,-0.0833
550.4333,0.6781,-0.0833
550.4667,0.6781,-0.0833
550.5000,0.6781,-0.0833
550.5333,0.6781,-0.0833
550.5667,0.6781,-0.0833
550.6000,0.6781,-0.0833
550.6333,0.6781,-0.0833
550.6667,0.6781,-0.0833
550.7000,0.6781,-0.0833
550.7333,0.6781,-0.0833
550.7667,0.6781,-0.0833
550.8000,0.6781,-0.0833
550.8333,0.6781,-0.0833
550.8667,0.6781,-0.0833
550.9000,0.6781,-0.0833
550.9333,0.6781,-0.0833
550.9667,0.6781,-0.0833
551.0000,0.6781,-0.0833
551.0333,0.6781,-0.0833
551.0667,0.6781,-0.0833
551.1000,0.6781,-0.0833
551.1333,0.6781,-0.0833
551.1667,0.6781,-0.0833
551.2000,0.6781,-0.0833
551.2333,0.6781,-0.0833
551.2667,0.6781,-0.0833
551.3000,0.6781,-0.0833
551.3333,0.6781,-0.0833
551.3667,0.6781,-0.0833
551.4000,0.6781,-0.0833
551.4333,0.6781,-0.0833
551.4667,0.6781,-0.0833
551.5000,0.6781,-0.0833
551.5333,0.6781,-0.0833
551.5667,0.6781,-0.0833
551.6000,0.6781,-0.0833
551.6333,0.6781,-0.0833
551.6667,0.6781,-0.0833
551.7000,0.6781,-0.0833
551.7333,0.6781,-0.0833
551.7667,0.6781,-0.0833
551.8000,0.6781,-0.0833
551.8333,0.6781,-0.0833
551.8667,0.6781,-0.0833
551.9000,0.6781,-0.0833
551.9333,0.6781,-0.0833
551.9667,0.6781,-0.0833
552.0000,0.6781,-0.0833
552.0333,0.6781,-0.0833
552.0667,0.6781,-0.0833
552.1000,0.6781,-0.0833
552.1333,0.6781,-0.0833
552.1667,0.6781,-0.0833
552.2000,0.6781,-0.0833
552.2333,0.6781,-0.0833
552.2667,0.6781,-0.0833
552.3000,0.6781,-0.0833
552.3333,0.6781,-0.0833
552.3667,0.6781,-0.0833
552.4000,0.6781,-0.0833
552.4333,0.6781,-0.0833
552.4667,0.6781,-0.0833
552.5000,0.6781,-0.0833
552.5333,0.6781,-0.0833
552.5667,0.6781,-0.0833
552.6000,0.6781,-0.0833
552.6333,0.6781,-0.0833
552.6667,0.6781,-0.0833
552.7000,0.6781,-0.0833
552.7333,0.6781,-0.0833
552.7667,0.6781,-0.0833
552.8000,0.6781,-0.0833
552.8333,0.6781,-0.0833
552.8667,0.6781,-0.0833
552.9000,0.6781,-0.0833
552.9333,0.6781,-0.0833
552.9667,0.6781,-0.0833
553.0000,0.6781,-0.0833
553.0333,0.6781,-0.0833
553.0667,0.6781,-0.0833
553.1000,0.6781,-0.0833
553.1333,0.6781,-0.0833
553.1667,0.6781,-0.0833
553.2000,0.6781,-0.0833
553.2333,0.6781,-0.0833
553.2667,0.6781,-0.0833
553.3000,0.6781,-0.0833
553.3333,0.6781,-0.0833
553.3667,0.6781,-0.0833
553.4000,0.6781,-0.0833
553.4333,0.6781,-0.0833
553.4667,0.6781,-0.0833
553.5000,0.6781,-0.0833
553.5333,0.6781,-0.0833
553.5667,0.6781,-0.0833
553.6000,0.6781,-0.0833
553.6333,0.6781,-0.0833
553.6667,0.6781,-0.0833
553.7000,0.6781,-0.0833
553.7333,0.6781,-0.0833
553.7667,0.6781,-0.0833
553.8000,0.6781,-0.0833
553.8333,0.6781,-0.0833
553.8667,0.6781,-0.0833
553.9000,0.6781,-0.0833
553.9333,0.6781,-0.0833
553.9667,0.6781,-0.0833
554.0000,0.6781,-0.0833
554.0333,0.6781,-0.0833
554.0667,0.6781,-0.0833
554.1000,0.6781,-0.0833
554.1333,0.6781,-0.0833
554.1667,0.6781,-0.0833
554.2000,0.6781,-0.0833
554.2333,0.6781,-0.0833
554.2667,0.6781,-0.0833
554.3000,0.6781,-0.0833
554.3333,0.6781,-0.0833
554.3667,0.6781,-0.0833
554.4000,0.6781,-0.0833
554.4333,0.6781,-0.0833
554.4667,0.6781,-0.0833
554.5000,0.6781,-0.0833
554.5333,0.6781,-0.0833
554.5667,0.6781,-0.0833
554.6000,0.6781,-0.0833
554.6333,0.6781,-0.0833
554.6667,0.6781,-0.0833
554.7000,0.6781,-0.0833
554.7333,0.6781,-0.0833
554.7667,0.6781,-0.0833
554.8000,0.6781,-0.0833
554.8333,0.6781,-0.0833
554.8667,0.6781,-0.0833
554.9000,0.6781,-0.0833
554.9333,0.6781,-0.0833
554.9667,0.6781,-0.0833
555.0000,0.6781,-0.0833
555.0333,0.6781,-0.0833
555.0667,0.6781,-0.0833
555.1000,0.6781,-0.0833
555.1333,0.6781,-0.0833
555.1667,0.6781,-0.0833
555.2000,0.6781,-0.0833
555.2333,0.6781,-0.0833
555.2667,0.6781,-0.0833
555.3000,0.0233,0.0317
555.3333,0.0233,0.0317
555.3667,0.0233,0.0317
555.4000,0.0233,0.0317
555.4333,0.0233,0.0317
555.4667,0.0233,0.0317
555.5000,0.0233,0.0317
555.5333,0.0233,0.0317
555.5667,0.0233,0.0317
555.6000,0.0233,0.0317
555.6333,0.0233,0.0317
555.6667,0.0233,0.0317
555.7000,0.0233,0.0317
555.7333,0.0233,0.0317
555.7667,0.0233,0.0317
555.8000,0.0233,0.0317
555.8333,0.0233,0.0317
555.8667,0.0233,0.0317
555.9000,0.0233,0.0317
555.9333,0.0233,0.0317
555.9667,0.0233,0.0317
556.0000,0.0233,0.0317
556.0333,0.0233,0.0317
556.0667,0.0233,0.0317
556.1000,0.0233,0.0317
556.1333,0.0233,0.0317
556.1667,0.0233,0.0317
556.2000,0.0233,0.0317
556.2333,0.0233,0.0317
556.2667,0.0233,0.0317
556.3000,0.0233,0.0317
556.3333,0.0233,0.0317
556.3667,0.0233,0.0317
556.4000,0.0233,0.0317
556.4333,0.0233,0.0317
556.4667,0.0233,0.0317
556.5000,0.0233,0.0317
556.5333,0.0233,0.0317
556.5667,0.0233,0.0317
556.6000,0.0233,0.0317
556.6333,0.0233,0.0317
556.6667,0.0233,0.0317
556.7000,0.0233,0.0317
556.7333,0.0233,0.0317
556.7667,0.0233,0.0317
556.8000,0.0233,0.0317
556.8333,0.0233,0.0317
556.8667,0.0233,0.0317
556.9000,0.0233,0.0317
556.9333,0.0233,0.0317
556.9667,0.0233,0.0317
557.0000,0.0233,0.0317
557.0333,0.0233,0.0317
557.0667,0.0233,0.0317
557.1000,0.0233,0.0317
557.1333,0.0233,0.0317
557.1667,0.0233,0.0317
557.2000,0.0233,0.0317
557.2333,0.0233,0.0317
557.2667,0.0233,0.0317
557.3000,0.0233,0.0317
557.3333,0.0233,0.0317
557.3667,0.0233,0.0317
557.4000,0.0233,0.0317
557.4333,0.0233,0.0317
557.4667,0.0233,0.0317
557.5000,0.0233,0.0317
557.5333,0.0233,0.0317
557.5667,0.0233,0.0317
557.6000,0.0233,0.0317
557.6333,0.0233,0.0317
557.6667,0.0233,0.0317
557.7000,0.0233,0.0317
557.7333,0.0233,0.0317
557.7667,0.0233,0.0317
557.8000,0.0233,0.0317
557.8333,0.0233,0.0317
557.8667,0.0233,0.0317
557.9000,0.0233,0.0317
557.9333,0.0233,0.0317
557.9667,0.0233,0.0317
558.0000,0.0233,0.0317
558.0333,0.0210,0.0286
558.0667,0.0186,0.0254
558.1000,0.0163,0.0222
558.1333,0.0140,0.0190
558.1667,0.0116,0.0159
558.2000,0.0093,0.0127
558.2333,0.0070,0.0095
558.2667,0.0047,0.0063
558.3000,0.0023,0.0032
558.3333,0.0000,0.0000
558.3667,0.0000,0.0000
558.4000,0.0000,0.0000
558.4333,0.0000,0.0000
558.4667,0.0000,0.0000
558.5000,0.0000,0.0000
558.5333,0.0000,0.0000
558.5667,0.0000,0.0000
558.6000,0.0000,0.0000
558.6333,0.0000,0.0000
558.6667,0.0000,0.0000
558.7000,0.0000,0.0000
558.7333,0.0000,0.0000
558.7667,0.0000,0.0000
558.8000,0.0000,0.0000
558.8333,0.0000,0.0000
558.8667,0.0000,0.0000
558.9000,0.0000,0.0000
558.9333,0.0000,0.0000
558.9667,0.0000,0.0000
559.0000,0.0000,0.0000
559.0333,0.0000,0.0000
559.0667,0.0000,0.0000
559.1000,0.0000,0.0000
559.1333,0.0000,0.0000
559.1667,0.0000,0.0000
559.2000,0.0000,0.0000
559.2333,0.0000,0.0000
559.2667,0.0000,0.0000
559.3000,0.0000,0.0000
559.3333,0.0000,0.0000
559.3667,0.0000,0.0000
559.4000,0.0000,0.0000
559.4333,0.0000,0.0000
559.4667,0.0000,0.0000
559.5000,0.0000,0.0000
559.5333,0.0000,0.0000
559.5667,0.0000,0.0000
559.6000,0.0000,0.0000
559.6333,0.0000,0.0000
559.6667,0.0000,0.0000
559.7000,0.0000,0.0000
559.7333,0.0000,0.0000
559.7667,0.0000,0.0000
559.8000,0.0000,0.0000
559.8333,0.0000,0.0000
559.8667,0.0000,0.0000
559.9000,0.0000,0.0000
559.9333,0.0000,0.0000
559.9667,0.0000,0.0000
560.0000,0.0000,0.0000
560.0333,0.0000,0.0000
560.0667,0.0000,0.0000
560.1000,0.0000,0.0000
560.1333,0.0000,0.0000
560.1667,0.0000,0.0000
560.2000,0.0000,0.0000
560.2333,0.0000,0.0000
560.2667,0.0000,0.0000
560.3000,0.0000,0.0000
560.3333,0.0000,0.0000
560.3667,0.0000,0.0000
560.4000,0.0000,0.0000
560.4333,0.0000,0.0000
560.4667,0.0000,0.0000
560.5000,0.0000,0.0000
560.5333,0.0000,0.0000
560.5667,0.0000,0.0000
560.6000,0.0000,0.0000
560.6333,0.0000,0.0000
560.6667,0.0000,0.0000
560.7000,0.0000,0.0000
560.7333,0.0000,0.0000
560.7667,0.0000,0.0000
560.8000,0.0000,0.0000
560.8333,0.0000,0.0000
560.8667,0.0000,0.0000
560.9000,0.0000,0.0000
560.9333,0.0000,0.0000
560.9667,0.0000,0.0000
561.0000,0.0000,0.0000
561.0333,0.0000,0.0000
561.0667,0.0000,0.0000
561.1000,0.0000,0.0000
561.1333,0.0000,0.0000
561.1667,0.0000,0.0000
561.2000,0.0000,0.0000
561.2333,0.0000,0.0000
561.2667,0.0000,0.0000
561.3000,0.0000,0.0000
561.3333,0.0000,0.0000
561.3667,0.0000,0.0000
561.4000,0.0000,0.0000
561.4333,0.0000,0.0000
561.4667,0.0000,0.0000
561.5000,0.0000,0.0000
561.5333,0.0000,0.0000
561.5667,0.0000,0.0000
561.6000,0.0000,0.0000
561.6333,0.0000,0.0000
561.6667,0.0000,0.0000
561.7000,0.0000,0.0000
561.7333,0.0000,0.0000
561.7667,0.0000,0.0000
561.8000,0.0000,0.0000
561.8333,0.0000,0.0000
561.8667,0.0000,0.0000
561.9000,0.0000,0.0000
561.9333,0.0000,0.0000
561.9667,0.0000,0.0000
562.0000,0.0000,0.0000
562.0333,0.0000,0.0000
562.0667,0.0000,0.0000
562.1000,0.0000,0.0000
562.1333,0.0000,0.0000
562.1667,0.0000,0.0000
562.2000,0.0000,0.0000
562.2333,0.0000,0.0000
562.2667,0.0000,0.0000
562.3000,0.0000,0.0000
562.3333,0.0000,0.0000
562.3667,0.0000,0.0000
562.4000,0.0000,0.0000
562.4333,0.0000,0.0000
562.4667,0.0000,0.0000
562.5000,0.0000,0.0000
562.5333,0.0000,0.0000
562.5667,0.0000,0.0000
562.6000,0.0000,0.0000
562.6333,0.0000,0.0000
562.6667,0.0000,0.0000
562.7000,0.0000,0.0000
562.7333,0.0000,0.0000
562.7667,0.0000,0.0000
562.8000,0.0000,0.0000
562.8333,0.0000,0.0000
562.8667,0.0000,0.0000
562.9000,0.0000,0.0000
562.9333,0.0000,0.0000
562.9667,0.0000,0.0000
563.0000,0.0000,0.0000
563.0333,0.0000,0.0000
563.0667,0.0000,0.0000
563.1000,0.0000,0.0000
563.1333,0.0000,0.0000
563.1667,0.0000,0.0000
563.2000,0.0000,0.0000
563.2333,0.0000,0.0000
563.2667,0.0000,0.0000
563.3000,0.0000,0.0000
563.3333,0.0000,0.0000
563.3667,0.0000,0.0000
563.4000,0.0000,0.0000
563.4333,0.0000,0.0000
563.4667,0.0000,0.0000
563.5000,0.0000,0.0000
563.5333,0.0000,0.0000
563.5667,0.0000,0.0000
563.6000,0.0000,0.0000
563.6333,0.0000,0.0000
563.6667,0.0000,0.0000
563.7000,0.0000,0.0000
563.7333,0.0000,0.0000
563.7667,0.0000,0.0000
563.8000,0.0000,0.0000
563.8333,0.0000,0.0000
563.8667,0.0000,0.0000
563.9000,0.0000,0.0000
563.9333,0.0000,0.0000
563.9667,0.0000,0.0000
564.0000,0.0000,0.0000
564.0333,0.0000,0.0000
564.0667,0.0000,0.0000
564.1000,0.0000,0.0000
564.1333,0.0000,0.0000
564.1667,0.0000,0.0000
564.2000,0.0000,0.0000
564.2333,0.0000,0.0000
564.2667,0.0000,0.0000
564.3000,0.0000,0.0000
564.3333,0.0000,0.0000
564.3667,0.0000,0.0000
564.4000,0.0000,0.0000
564.4333,0.0000,0.0000
564.4667,0.0000,0.0000
564.5000,0.0000,0.0000
564.5333,0.0000,0.0000
564.5667,0.0000,0.0000
564.6000,0.0000,0.0000
564.6333,0.0000,0.0000
564.6667,0.0000,0.0000
564.7000,0.0000,0.0000
564.7333,0.0000,0.0000
564.7667,0.0000,0.0000
564.8000,0.0000,0.0000
564.8333,0.0000,0.0000
564.8667,0.0000,0.0000
564.9000,0.0000,0.0000
564.9333,0.0000,0.0000
564.9667,0.0000,0.0000
565.0000,0.0000,0.0000
565.0333,0.0000,0.0000
565.0667,0.0000,0.0000
565.1000,0.0000,0.0000
565.1333,0.0000,0.0000
565.1667,0.0000,0.0000
565.2000,0.0000,0.0000
565.2333,0.0000,0.0000
565.2667,0.0000,0.0000
565.3000,0.0000,0.0000
565.3333,0.0000,0.0000
565.3667,0.0000,0.0000
565.4000,0.0000,0.0000
565.4333,0.0000,0.0000
565.4667,0.0000,0.0000
565.5000,0.0000,0.0000
565.5333,0.0000,0.0000
565.5667,0.0000,0.0000
565.6000,0.0000,0.0000
565.6333,0.0000,0.0000
565.6667,0.0000,0.0000
565.7000,0.0000,0.0000
565.7333,0.0000,0.0000
565.7667,0.0000,0.0000
565.8000,0.0000,0.0000
565.8333,0.0000,0.0000
565.8667,0.0000,0.0000
565.9000,0.0000,0.0000
565.9333,0.0000,0.0000
565.9667,0.0000,0.0000
566.0000,0.0000,0.0000
566.0333,0.0000,0.0000
566.0667,0.0000,0.0000
566.1000,0.0000,0.0000
566.1333,0.0000,0.0000
566.1667,0.0000,0.0000
566.2000,0.0000,0.0000
566.2333,0.0000,0.0000
566.2667,0.0000,0.0000
566.3000,0.0000,0.0000
566.3333,0.0000,0.0000
566.3667,0.0000,0.0000
566.4000,0.0000,0.0000
566.4333,0.0000,0.0000
566.4667,0.0000,0.0000
566.5000,0.0000,0.0000
566.5333,0.0000,0.0000
566.5667,0.0000,0.0000
566.6000,0.0000,0.0000
566.6333,0.0000,0.0000
566.6667,0.0000,0.0000
566.7000,0.0000,0.0000
566.7333,0.0000,0.0000
566.7667,0.0000,0.0000
566.8000,0.0000,0.0000
566.8333,0.0000,0.0000
566.8667,0.0000,0.0000
566.9000,0.0000,0.0000
566.9333,0.0000,0.0000
566.9667,0.0000,0.0000
567.0000,0.0000,0.0000
567.0333,0.0000,0.0000
567.0667,0.0000,0.0000
567.1000,0.0000,0.0000
567.1333,0.0000,0.0000
567.1667,0.0000,0.0000
567.2000,0.0000,0.0000
567.2333,0.0000,0.0000
567.2667,0.0000,0.0000
567.3000,0.0000,0.0000
567.3333,0.0000,0.0000
567.3667,0.0000,0.0000
567.4000,0.0000,0.0000
567.4333,0.0000,0.0000
567.4667,0.0000,0.0000
567.5000,0.0000,0.0000
567.5333,0.0000,0.0000
567.5667,0.0000,0.0000
567.6000,0.0000,0.0000
567.6333,0.0000,0.0000
567.6667,0.0000,0.0000
567.7000,0.0000,0.0000
567.7333,0.0000,0.0000
567.7667,0.0000,0.0000
567.8000,0.0000,0.0000
567.8333,0.0000,0.0000
567.8667,0.0000,0.0000
567.9000,0.0000,0.0000
567.9333,0.0000,0.0000
567.9667,0.0000,0.0000
568.0000,0.0000,0.0000
568.0333,0.0000,0.0000
568.0667,0.0000,0.0000
568.1000,0.0000,0.0000
568.1333,0.0000,0.0000
568.1667,0.0000,0.0000
568.2000,0.0000,0.0000
568.2333,0.0000,0.0000
568.2667,0.0000,0.0000
568.3000,0.0000,0.0000
568.3333,0.0000,0.0000
568.3667,0.0000,0.0000
568.4000,0.0000,0.0000
568.4333,0.0000,0.0000
568.4667,0.0000,0.0000
568.5000,0.0000,0.0000
568.5333,0.0000,0.0000
568.5667,0.0000,0.0000
568.6000,0.0000,0.0000
568.6333,0.0000,0.0000
568.6667,0.0000,0.0000
568.7000,0.0000,0.0000
568.7333,0.0000,0.0000
568.7667,0.0000,0.0000
568.8000,0.0000,0.0000
568.8333,0.0000,0.0000
568.8667,0.0000,0.0000
568.9000,0.0000,0.0000
568.9333,0.0000,0.0000
568.9667,0.0000,0.0000
569.0000,0.0000,0.0000
569.0333,0.0000,0.0000
569.0667,0.0000,0.0000
569.1000,0.0000,0.0000
569.1333,0.0000,0.0000
569.1667,0.0000,0.0000
569.2000,0.0000,0.0000
569.2333,0.0000,0.0000
569.2667,0.0000,0.0000
569.3000,0.0000,0.0000
569.3333,0.0000,0.0000
569.3667,0.0000,0.0000
569.4000,0.0000,0.0000
569.4333,0.0000,0.0000
569.4667,0.0000,0.0000
569.5000,0.0000,0.0000
569.5333,0.0000,0.0000
569.5667,0.0000,0.0000
569.6000,0.0000,0.0000
569.6333,0.0000,0.0000
569.6667,0.0000,0.0000
569.7000,0.0000,0.0000
569.7333,0.0000,0.0000
569.7667,0.0000,0.0000
569.8000,0.0000,0.0000
569.8333,0.0000,0.0000
569.8667,0.0000,0.0000
569.9000,0.0000,0.0000
569.9333,0.0000,0.0000
569.9667,0.0000,0.0000
570.0000,0.0000,0.0000
570.0333,0.0000,0.0000
570.0667,0.0000,0.0000
570.1000,0.0000,0.0000
570.1333,0.0000,0.0000
570.1667,0.0000,0.0000
570.2000,0.0000,0.0000
570.2333,0.0000,0.0000
570.2667,0.0000,0.0000
570.3000,0.0000,0.0000
570.3333,0.0000,0.0000
570.3667,0.0000,0.0000
570.4000,0.0000,0.0000
570.4333,0.0000,0.0000
570.4667,0.0000,0.0000
570.5000,0.0000,0.0000
570.5333,0.0000,0.0000
570.5667,0.0000,0.0000
570.6000,0.0000,0.0000
570.6333,0.0000,0.0000
570.6667,0.0000,0.0000
570.7000,0.0000,0.0000
570.7333,0.0000,0.0000
570.7667,0.0000,0.0000
570.8000,0.0000,0.0000
570.8333,0.0000,0.0000
570.8667,0.0000,0.0000
570.9000,0.0000,0.0000
570.9333,0.0000,0.0000
570.9667,0.0000,0.0000
571.0000,0.0000,0.0000
571.0333,0.0000,0.0000
571.0667,0.0000,0.0000
571.1000,0.0000,0.0000
571.1333,0.0000,0.0000
571.1667,0.0000,0.0000
571.2000,0.0000,0.0000
571.2333,0.0000,0.0000
571.2667,0.0000,0.0000
571.3000,0.0000,0.0000
571.3333,0.0000,0.0000
571.3667,0.0000,0.0000
571.4000,0.0000,0.0000
571.4333,0.0000,0.0000
571.4667,0.0000,0.0000
571.5000,0.0000,0.0000
571.5333,0.0000,0.0000
571.5667,0.0000,0.0000
571.6000,0.0000,0.0000
571.6333,0.0000,0.0000
571.6667,0.0000,0.0000
571.7000,0.0000,0.0000
571.7333,0.0000,0.0000
571.7667,0.0000,0.0000
571.8000,0.0000,0.0000
571.8333,0.0000,0.0000
571.8667,0.0000,0.0000
571.9000,0.0000,0.0000
571.9333,0.0000,0.0000
571.9667,0.0000,0.0000
572.0000,0.0000,0.0000
572.0333,0.0000,0.0000
572.0667,0.0000,0.0000
572.1000,0.0000,0.0000
572.1333,0.0000,0.0000
572.1667,0.0000,0.0000
572.2000,0.0000,0.0000
572.2333,0.0000,0.0000
572.2667,0.0000,0.0000
572.3000,0.0000,0.0000
572.3333,0.0000,0.0000
572.3667,0.0000,0.0000
572.4000,0.0000,0.0000
572.4333,0.0000,0.0000
572.4667,0.0000,0.0000
572.5000,0.0000,0.0000
572.5333,0.0000,0.0000
572.5667,0.0000,0.0000
572.6000,0.0000,0.0000
572.6333,0.0000,0.0000
572.6667,0.0000,0.0000
572.7000,0.0000,0.0000
572.7333,0.0000,0.0000
572.7667,0.0000,0.0000
572.8000,0.0000,0.0000
572.8333,0.0000,0.0000
572.8667,0.0000,0.0000
572.9000,0.0000,0.0000
572.9333,0.0000,0.0000
572.9667,0.0000,0.0000
573.0000,0.0000,0.0000
573.0333,0.0000,0.0000
573.0667,0.0000,0.0000
573.1000,0.0000,0.0000
573.1333,0.0000,0.0000
573.1667,0.0000,0.0000
573.2000,0.0000,0.0000
573.2333,0.0000,0.0000
573.2667,0.0000,0.0000
573.3000,0.0000,0.0000
573.3333,0.0000,0.0000
573.3667,0.0000,0.0000
573.4000,0.0000,0.0000
573.4333,0.0000,0.0000
573.4667,0.0000,0.0000
573.5000,0.0000,0.0000
573.5333,0.0000,0.0000
573.5667,0.0000,0.0000
573.6000,0.0000,0.0000
573.6333,0.0000,0.0000
573.6667,0.0000,0.0000
573.7000,0.0000,0.0000
573.7333,0.0000,0.0000
573.7667,0.0000,0.0000
573.8000,0.0000,0.0000
573.8333,0.0000,0.0000
573.8667,0.0000,0.0000
573.9000,0.0000,0.0000
573.9333,0.0000,0.0000
573.9667,0.0000,0.0000
574.0000,0.0000,0.0000
574.0333,0.0000,0.0000
574.0667,0.0000,0.0000
574.1000,0.0000,0.0000
574.1333,0.0000,0.0000
574.1667,0.0000,0.0000
574.2000,0.0000,0.0000
574.2333,0.0000,0.0000
574.2667,0.0000,0.0000
574.3000,0.0000,0.0000
574.3333,0.0000,0.0000
574.3667,0.0000,0.0000
574.4000,0.0000,0.0000
574.4333,0.0000,0.0000
574.4667,0.0000,0.0000
574.5000,0.0000,0.0000
574.5333,0.0000,0.0000
574.5667,0.0000,0.0000
574.6000,0.0000,0.0000
574.6333,0.0000,0.0000
574.6667,0.0000,0.0000
574.7000,0.0000,0.0000
574.7333,0.0000,0.0000
574.7667,0.0000,0.0000
574.8000,0.0000,0.0000
574.8333,0.0000,0.0000
574.8667,0.0000,0.0000
574.9000,0.0000,0.0000
574.9333,0.0000,0.0000
574.9667,0.0000,0.0000
575.0000,0.0000,0.0000
575.0333,0.0000,0.0000
575.0667,0.0000,0.0000
575.1000,0.0000,0.0000
575.1333,0.0000,0.0000
575.1667,0.0000,0.0000
575.2000,0.0000,0.0000
575.2333,0.0000,0.0000
575.2667,0.0000,0.0000
575.3000,0.0000,0.0000
575.3333,0.0000,0.0000
575.3667,0.0000,0.0000
575.4000,0.0000,0.0000
575.4333,0.0000,0.0000
575.4667,0.0000,0.0000
575.5000,0.0000,0.0000
575.5333,0.0000,0.0000
575.5667,0.0000,0.0000
575.6000,0.0000,0.0000
575.6333,0.0000,0.0000
575.6667,0.0000,0.0000
575.7000,0.0000,0.0000
575.7333,0.0000,0.0000
575.7667,0.0000,0.0000
575.8000,0.0000,0.0000
575.8333,0.0000,0.0000
575.8667,0.0000,0.0000
575.9000,0.0000,0.0000
575.9333,0.0000,0.0000
575.9667,0.0000,0.0000
576.0000,0.0000,0.0000
576.0333,0.0000,0.0000
576.0667,0.0000,0.0000
576.1000,0.0000,0.0000
576.1333,0.0000,0.0000
576.1667,0.0000,0.0000
576.2000,0.0000,0.0000
576.2333,0.0000,0.0000
576.2667,0.0000,0.0000
576.3000,0.0000,0.0000
576.3333,0.0000,0.0000
576.3667,0.0000,0.0000
576.4000,0.0000,0.0000
576.4333,0.0000,0.0000
576.4667,0.0000,0.0000
576.5000,0.0000,0.0000
576.5333,0.0000,0.0000
576.5667,0.0000,0.0000
576.6000,0.0000,0.0000
576.6333,0.0000,0.0000
576.6667,0.0000,0.0000
576.7000,0.0000,0.0000
576.7333,0.0000,0.0000
576.7667,0.0000,0.0000
576.8000,0.0000,0.0000
576.8333,0.0000,0.0000
576.8667,0.0000,0.0000
576.9000,0.0000,0.0000
576.9333,0.0000,0.0000
576.9667,0.0000,0.0000
577.0000,0.0000,0.0000
577.0333,0.0000,0.0000
577.0667,0.0000,0.0000
577.1000,0.0000,0.0000
577.1333,0.0000,0.0000
577.1667,0.0000,0.0000
577.2000,0.0000,0.0000
577.2333,0.0000,0.0000
577.2667,0.0000,0.0000
577.3000,0.0000,0.0000
577.3333,0.0000,0.0000
577.3667,0.0000,0.0000
577.4000,0.0000,0.0000
577.4333,0.0000,0.0000
577.4667,0.0000,0.0000
577.5000,0.0000,0.0000
577.5333,0.0000,0.0000
577.5667,0.0000,0.0000
577.6000,0.0000,0.0000
577.6333,0.0000,0.0000
577.6667,0.0000,0.0000
577.7000,0.0000,0.0000
577.7333,0.0000,0.0000
577.7667,0.0000,0.0000
577.8000,0.0000,0.0000
577.8333,0.0000,0.0000
577.8667,0.0000,0.0000
577.9000,0.0000,0.0000
577.9333,0.0000,0.0000
577.9667,0.0000,0.0000
578.0000,0.0000,0.0000
578.0333,0.0000,0.0000
578.0667,0.0000,0.0000
578.1000,0.0000,0.0000
578.1333,0.0000,0.0000
578.1667,0.0000,0.0000
578.2000,0.0000,0.0000
578.2333,0.0000,0.0000
578.2667,0.0000,0.0000
578.3000,0.0000,0.0000
578.3333,0.0000,0.0000
578.3667,0.0000,0.0000
578.4000,0.0000,0.0000
578.4333,0.0000,0.0000
578.4667,0.0000,0.0000
578.5000,0.0000,0.0000
578.5333,0.0000,0.0000
578.5667,0.0000,0.0000
578.6000,0.0000,0.0000
578.6333,0.0000,0.0000
578.6667,0.0000,0.0000
578.7000,0.0000,0.0000
578.7333,0.0000,0.0000
578.7667,0.0000,0.0000
578.8000,0.0000,0.0000
578.8333,0.0000,0.0000
578.8667,0.0000,0.0000
578.9000,0.0000,0.0000
578.9333,0.0000,0.0000
578.9667,0.0000,0.0000
579.0000,0.0000,0.0000
579.0333,0.0000,0.0000
579.0667,0.0000,0.0000
579.1000,0.0000,0.0000
579.1333,0.0000,0.0000
579.1667,0.0000,0.0000
579.2000,0.0000,0.0000
579.2333,0.0000,0.0000
579.2667,0.0000,0.0000
579.3000,0.0000,0.0000
579.3333,0.0000,0.0000
579.3667,0.0000,0.0000
579.4000,0.0000,0.0000
579.4333,0.0000,0.0000
579.4667,0.0000,0.0000
579.5000,0.0000,0.0000
579.5333,0.0000,0.0000
579.5667,0.0000,0.0000
579.6000,0.0000,0.0000
579.6333,0.0000,0.0000
579.6667,0.0000,0.0000
579.7000,0.0000,0.0000
579.7333,0.0000,0.0000
579.7667,0.0000,0.0000
579.8000,0.0000,0.0000
579.8333,0.0000,0.0000
579.8667,0.0000,0.0000
579.9000,0.0000,0.0000
579.9333,0.0000,0.0000
579.9667,0.0000,0.0000
580.0000,0.0000,0.0000
580.0333,0.0000,0.0000
580.0667,0.0000,0.0000
580.1000,0.0000,0.0000
580.1333,0.0000,0.0000
580.1667,0.0000,0.0000
580.2000,0.0000,0.0000
580.2333,0.0000,0.0000
580.2667,0.0000,0.0000
580.3000,0.0000,0.0000
580.3333,0.0000,0.0000
580.3667,0.0000,0.0000
580.4000,0.0000,0.0000
580.4333,0.0000,0.0000
580.4667,0.0000,0.0000
580.5000,0.0000,0.0000
580.5333,0.0000,0.0000
580.5667,0.0000,0.0000
580.6000,0.0000,0.0000
580.6333,0.0000,0.0000
580.6667,0.0000,0.0000
580.7000,0.0000,0.0000
580.7333,0.0000,0.0000
580.7667,0.0000,0.0000
580.8000,0.0000,0.0000
580.8333,0.0000,0.0000
580.8667,0.0000,0.0000
580.9000,0.0000,0.0000
580.9333,0.0000,0.0000
580.9667,0.0000,0.0000
581.0000,0.0000,0.0000
581.0333,0.0000,0.0000
581.0667,0.0000,0.0000
581.1000,0.0000,0.0000
581.1333,0.0000,0.0000
581.1667,0.0000,0.0000
581.2000,0.0000,0.0000
581.2333,0.0000,0.0000
581.2667,0.0000,0.0000
581.3000,0.0000,0.0000
581.3333,0.0000,0.0000
581.3667,0.0000,0.0000
581.4000,0.0000,0.0000
581.4333,0.0000,0.0000
581.4667,0.0000,0.0000
581.5000,0.0000,0.0000
581.5333,0.0000,0.0000
581.5667,0.0000,0.0000
581.6000,0.0000,0.0000
581.6333,0.0000,0.0000
581.6667,0.0000,0.0000
581.7000,0.0000,0.0000
581.7333,0.0000,0.0000
581.7667,0.0000,0.0000
581.8000,0.0000,0.0000
581.8333,0.0000,0.0000
581.8667,0.0000,0.0000
581.9000,0.0000,0.0000
581.9333,0.0000,0.0000
581.9667,0.0000,0.0000
582.0000,0.0000,0.0000
582.0333,0.0000,0.0000
582.0667,0.0000,0.0000
582.1000,0.0000,0.0000
582.1333,0.0000,0.0000
582.1667,0.0000,0.0000
582.2000,0.0000,0.0000
582.2333,0.0000,0.0000
582.2667,0.0000,0.0000
582.3000,0.0000,0.0000
582.3333,0.0000,0.0000
582.3667,0.0000,0.0000
582.4000,0.0000,0.0000
582.4333,0.0000,0.0000
582.4667,0.0000,0.0000
582.5000,0.0000,0.0000
582.5333,0.0000,0.0000
582.5667,0.0000,0.0000
582.6000,0.0000,0.0000
582.6333,0.0000,0.0000
582.6667,0.0000,0.0000
582.7000,0.0000,0.0000
582.7333,0.0000,0.0000
582.7667,0.0000,0.0000
582.8000,0.0000,0.0000
582.8333,0.0000,0.0000
582.8667,0.0000,0.0000
582.9000,0.0000,0.0000
582.9333,0.0000,0.0000
582.9667,0.0000,0.0000
583.0000,0.0000,0.0000
583.0333,0.0000,0.0000
583.0667,0.0000,0.0000
583.1000,0.0000,0.0000
583.1333,0.0000,0.0000
583.1667,0.0000,0.0000
583.2000,0.0000,0.0000
583.2333,0.0000,0.0000
583.2667,0.0000,0.0000
583.3000,0.0000,0.0000
583.3333,0.0000,0.0000
583.3667,0.0000,0.0000
583.4000,0.0000,0.0000
583.4333,0.0000,0.0000
583.4667,0.0000,0.0000
583.5000,0.0000,0.0000
583.5333,0.0000,0.0000
583.5667,0.0000,0.0000
583.6000,0.0000,0.0000
583.6333,0.0000,0.0000
583.6667,0.0000,0.0000
583.7000,0.0000,0.0000
583.7333,0.0000,0.0000
583.7667,0.0000,0.0000
583.8000,0.0000,0.0000
583.8333,0.0000,0.0000
583.8667,0.0000,0.0000
583.9000,0.0000,0.0000
583.9333,0.0000,0.0000
583.9667,0.0000,0.0000
584.0000,0.0000,0.0000
584.0333,0.0000,0.0000
584.0667,0.0000,0.0000
584.1000,0.0000,0.0000
584.1333,0.0000,0.0000
584.1667,0.0000,0.0000
584.2000,0.0000,0.0000
584.2333,0.0000,0.0000
584.2667,0.0000,0.0000
584.3000,0.0000,0.0000
584.3333,0.0000,0.0000
584.3667,0.0000,0.0000
584.4000,0.0000,0.0000
584.4333,0.0000,0.0000
584.4667,0.0000,0.0000
584.5000,0.0000,0.0000
584.5333,0.0000,0.0000
584.5667,0.0000,0.0000
584.6000,0.0000,0.0000
584.6333,0.0000,0.0000
584.6667,0.0000,0.0000
584.7000,0.0000,0.0000
584.7333,0.0000,0.0000
584.7667,0.0000,0.0000
584.8000,0.0000,0.0000
584.8333,0.0000,0.0000
584.8667,0.0000,0.0000
584.9000,0.0000,0.0000
584.9333,0.0000,0.0000
584.9667,0.0000,0.0000
585.0000,0.0000,0.0000
585.0333,0.0000,0.0000
585.0667,0.0000,0.0000
585.1000,0.0000,0.0000
585.1333,0.0000,0.0000
585.1667,0.0000,0.0000
585.2000,0.0000,0.0000
585.2333,0.0000,0.0000
585.2667,0.0000,0.0000
585.3000,0.0000,0.0000
585.3333,0.0000,0.0000
585.3667,0.0000,0.0000
585.4000,0.0000,0.0000
585.4333,0.0000,0.0000
585.4667,0.0000,0.0000
585.5000,0.0000,0.0000
585.5333,0.0000,0.0000
585.5667,0.0000,0.0000
585.6000,0.0000,0.0000
585.6333,0.0000,0.0000
585.6667,0.0000,0.0000
585.7000,0.0000,0.0000
585.7333,0.0000,0.0000
585.7667,0.0000,0.0000
585.8000,0.0000,0.0000
585.8333,0.0000,0.0000
585.8667,0.0000,0.0000
585.9000,0.0000,0.0000
585.9333,0.0000,0.0000
585.9667,0.0000,0.0000
586.0000,0.0000,0.0000
586.0333,0.0000,0.0000
586.0667,0.0000,0.0000
586.1000,0.0000,0.0000
586.1333,0.0000,0.0000
586.1667,0.0000,0.0000
586.2000,0.0000,0.0000
586.2333,0.0000,0.0000
586.2667,0.0000,0.0000
586.3000,0.0000,0.0000
586.3333,0.0000,0.0000
586.3667,0.0000,0.0000
586.4000,0.0000,0.0000
586.4333,0.0000,0.0000
586.4667,0.0000,0.0000
586.5000,0.0000,0.0000
586.5333,0.0000,0.0000
586.5667,0.0000,0.0000
586.6000,0.0000,0.0000
586.6333,0.0000,0.0000
586.6667,0.0000,0.0000
586.7000,0.0000,0.0000
586.7333,0.0000,0.0000
586.7667,0.0000,0.0000
586.8000,0.0000,0.0000
586.8333,0.0000,0.0000
586.8667,0.0000,0.0000
586.9000,0.0000,0.0000
586.9333,0.0000,0.0000
586.9667,0.0000,0.0000
587.0000,0.0000,0.0000
587.0333,0.0000,0.0000
587.0667,0.0000,0.0000
587.1000,0.0000,0.0000
587.1333,0.0000,0.0000
587.1667,0.0000,0.0000
587.2000,0.0000,0.0000
587.2333,0.0000,0.0000
587.2667,0.0000,0.0000
587.3000,0.0000,0.0000
587.3333,0.0000,0.0000
587.3667,0.0000,0.0000
587.4000,0.0000,0.0000
587.4333,0.0000,0.0000
587.4667,0.0000,0.0000
587.5000,0.0000,0.0000
587.5333,0.0000,0.0000
587.5667,0.0000,0.0000
587.6000,0.0000,0.0000
587.6333,0.0000,0.0000
587.6667,0.0000,0.0000
587.7000,0.0000,0.0000
587.7333,0.0000,0.0000
587.7667,0.0000,0.0000
587.8000,0.0000,0.0000
587.8333,0.0000,0.0000
587.8667,0.0000,0.0000
587.9000,0.0000,0.0000
587.9333,0.0000,0.0000
587.9667,0.0000,0.0000
588.0000,0.0000,0.0000
588.0333,0.0000,0.0000
588.0667,0.0000,0.0000
588.1000,0.0000,0.0000
588.1333,0.0000,0.0000
588.1667,0.0000,0.0000
588.2000,0.0000,0.0000
588.2333,0.0000,0.0000
588.2667,0.0000,0.0000
588.3000,0.0000,0.0000
588.3333,0.0000,0.0000
588.3667,0.0000,0.0000
588.4000,0.0000,0.0000
588.4333,0.0000,0.0000
588.4667,0.0000,0.0000
588.5000,0.0000,0.0000
588.5333,0.0000,0.0000
588.5667,0.0000,0.0000
588.6000,0.0000,0.0000
588.6333,0.0000,0.0000
588.6667,0.0000,0.0000
588.7000,0.0000,0.0000
588.7333,0.0000,0.0000
588.7667,0.0000,0.0000
588.8000,0.0000,0.0000
588.8333,0.0000,0.0000
588.8667,0.0000,0.0000
588.9000,0.0000,0.0000
588.9333,0.0000,0.0000
588.9667,0.0000,0.0000
589.0000,0.0000,0.0000
589.0333,0.0000,0.0000
589.0667,0.0000,0.0000
589.1000,0.0000,0.0000
589.1333,0.0000,0.0000
589.1667,0.0000,0.0000
589.2000,0.0000,0.0000
589.2333,0.0000,0.0000
589.2667,0.0000,0.0000
589.3000,0.0000,0.0000
589.3333,0.0000,0.0000
589.3667,0.0000,0.0000
589.4000,0.0000,0.0000
589.4333,0.0000,0.0000
589.4667,0.0000,0.0000
589.5000,0.0000,0.0000
589.5333,0.0000,0.0000
589.5667,0.0000,0.0000
589.6000,0.0000,0.0000
589.6333,0.0000,0.0000
589.6667,0.0000,0.0000
589.7000,0.0000,0.0000
589.7333,0.0000,0.0000
589.7667,0.0000,0.0000
589.8000,0.0000,0.0000
589.8333,0.0000,0.0000
589.8667,0.0000,0.0000
589.9000,0.0000,0.0000
589.9333,0.0000,0.0000
589.9667,0.0000,0.0000
590.0000,0.0000,0.0000
590.0333,0.0000,0.0000
590.0667,0.0000,0.0000
590.1000,0.0000,0.0000
590.1333,0.0000,0.0000
590.1667,0.0000,0.0000
590.2000,0.0000,0.0000
590.2333,0.0000,0.0000
590.2667,0.0000,0.0000
590.3000,0.0000,0.0000
590.3333,0.0000,0.0000
590.3667,0.0000,0.0000
590.4000,0.0000,0.0000
590.4333,0.0000,0.0000
590.4667,0.0000,0.0000
590.5000,0.0000,0.0000
590.5333,0.0000,0.0000
590.5667,0.0000,0.0000
590.6000,0.0000,0.0000
590.6333,0.0000,0.0000
590.6667,0.0000,0.0000
590.7000,0.0000,0.0000
590.7333,0.0000,0.0000
590.7667,0.0000,0.0000
590.8000,0.0000,0.0000
590.8333,0.0000,0.0000
590.8667,0.0000,0.0000
590.9000,0.0000,0.0000
590.9333,0.0000,0.0000
590.9667,0.0000,0.0000
591.0000,0.0000,0.0000
591.0333,0.0000,0.0000
591.0667,0.0000,0.0000
591.1000,0.0000,0.0000
591.1333,0.0000,0.0000
591.1667,0.0000,0.0000
591.2000,0.0000,0.0000
591.2333,0.0000,0.0000
591.2667,0.0000,0.0000
591.3000,0.0000,0.0000
591.3333,0.0000,0.0000
591.3667,0.0000,0.0000
591.4000,0.0000,0.0000
591.4333,0.0000,0.0000
591.4667,0.0000,0.0000
591.5000,0.0000,0.0000
591.5333,0.0000,0.0000
591.5667,0.0000,0.0000
591.6000,0.0000,0.0000
591.6333,0.0000,0.0000
591.6667,0.0000,0.0000
591.7000,0.0000,0.0000
591.7333,0.0000,0.0000
591.7667,0.0000,0.0000
591.8000,0.0000,0.0000
591.8333,0.0000,0.0000
591.8667,0.0000,0.0000
591.9000,0.0000,0.0000
591.9333,0.0000,0.0000
591.9667,0.0000,0.0000
592.0000,0.0000,0.0000
592.0333,0.0000,0.0000
592.0667,0.0000,0.0000
592.1000,0.0000,0.0000
592.1333,0.0000,0.0000
592.1667,0.0000,0.0000
592.2000,0.0000,0.0000
592.2333,0.0000,0.0000
592.2667,0.0000,0.0000
592.3000,0.0000,0.0000
592.3333,0.0000,0.0000
592.3667,0.0000,0.0000
592.4000,0.0000,0.0000
592.4333,0.0000,0.0000
592.4667,0.0000,0.0000
592.5000,0.0000,0.0000
592.5333,0.0000,0.0000
592.5667,0.0000,0.0000
592.6000,0.0000,0.0000
592.6333,0.0000,0.0000
592.6667,0.0000,0.0000
592.7000,0.0000,0.0000
592.7333,0.0000,0.0000
592.7667,0.0000,0.0000
592.8000,0.0000,0.0000
592.8333,0.0000,0.0000
592.8667,0.0000,0.0000
592.9000,0.0000,0.0000
592.9333,0.0000,0.0000
592.9667,0.0000,0.0000
593.0000,0.0000,0.0000
593.0333,0.0000,0.0000
593.0667,0.0000,0.0000
593.1000,0.0000,0.0000
593.1333,0.0000,0.0000
593.1667,0.0000,0.0000
593.2000,0.0000,0.0000
593.2333,0.0000,0.0000
593.2667,0.0000,0.0000
593.3000,0.0000,0.0000
593.3333,0.0000,0.0000
593.3667,0.0000,0.0000
593.4000,0.0000,0.0000
593.4333,0.0000,0.0000
593.4667,0.0000,0.0000
593.5000,0.0000,0.0000
593.5333,0.0000,0.0000
593.5667,0.0000,0.0000
593.6000,0.0000,0.0000
593.6333,0.0000,0.0000
593.6667,0.0000,0.0000
593.7000,0.0000,0.0000
593.7333,0.0000,0.0000
593.7667,0.0000,0.0000
593.8000,0.0000,0.0000
593.8333,0.0000,0.0000
593.8667,0.0000,0.0000
593.9000,0.0000,0.0000
593.9333,0.0000,0.0000
593.9667,0.0000,0.0000
594.0000,0.0000,0.0000
594.0333,0.0000,0.0000
594.0667,0.0000,0.0000
594.1000,0.0000,0.0000
594.1333,0.0000,0.0000
594.1667,0.0000,0.0000
594.2000,0.0000,0.0000
594.2333,0.0000,0.0000
594.2667,0.0000,0.0000
594.3000,0.0000,0.0000
594.3333,0.0000,0.0000
594.3667,0.0000,0.0000
594.4000,0.0000,0.0000
594.4333,0.0000,0.0000
594.4667,0.0000,0.0000
594.5000,0.0000,0.0000
594.5333,0.0000,0.0000
594.5667,0.0000,0.0000
594.6000,0.0000,0.0000
594.6333,0.0000,0.0000
594.6667,0.0000,0.0000
594.7000,0.0000,0.0000
594.7333,0.0000,0.0000
594.7667,0.0000,0.0000
594.8000,0.0000,0.0000
594.8333,0.0000,0.0000
594.8667,0.0000,0.0000
594.9000,0.0000,0.0000
594.9333,0.0000,0.0000
594.9667,0.0000,0.0000
595.0000,0.0000,0.0000
595.0333,0.0000,0.0000
595.0667,0.0000,0.0000
595.1000,0.0000,0.0000
595.1333,0.0000,0.0000
595.1667,0.0000,0.0000
595.2000,0.0000,0.0000
595.2333,0.0000,0.0000
595.2667,0.0000,0.0000
595.3000,0.0000,0.0000
595.3333,0.0000,0.0000
595.3667,0.0000,0.0000
595.4000,0.0000,0.0000
595.4333,0.0000,0.0000
595.4667,0.0000,0.0000
595.5000,0.0000,0.0000
595.5333,0.0000,0.0000
595.5667,0.0000,0.0000
595.6000,0.0000,0.0000
595.6333,0.0000,0.0000
595.6667,0.0000,0.0000
595.7000,0.0000,0.0000
595.7333,0.0000,0.0000
595.7667,0.0000,0.0000
595.8000,0.0000,0.0000
595.8333,0.0000,0.0000
595.8667,0.0000,0.0000
595.9000,0.0000,0.0000
595.9333,0.0000,0.0000
595.9667,0.0000,0.0000
596.0000,0.0000,0.0000
596.0333,0.0000,0.0000
596.0667,0.0000,0.0000
596.1000,0.0000,0.0000
596.1333,0.0000,0.0000
596.1667,0.0000,0.0000
596.2000,0.0000,0.0000
596.2333,0.0000,0.0000
596.2667,0.0000,0.0000
596.3000,0.0000,0.0000
596.3333,0.0000,0.0000
596.3667,0.0000,0.0000
596.4000,0.0000,0.0000
596.4333,0.0000,0.0000
596.4667,0.0000,0.0000
596.5000,0.0000,0.0000
596.5333,0.0000,0.0000
596.5667,0.0000,0.0000
596.6000,0.0000,0.0000
596.6333,0.0000,0.0000
596.6667,0.0000,0.0000
596.7000,0.0000,0.0000
596.7333,0.0000,0.0000
596.7667,0.0000,0.0000
596.8000,0.0000,0.0000
596.8333,0.0000,0.0000
596.8667,0.0000,0.0000
596.9000,0.0000,0.0000
596.9333,0.0000,0.0000
596.9667,0.0000,0.0000
597.0000,0.0000,0.0000
597.0333,0.0000,0.0000
597.0667,0.0000,0.0000
597.1000,0.0000,0.0000
597.1333,0.0000,0.0000
597.1667,0.0000,0.0000
597.2000,0.0000,0.0000
597.2333,0.0000,0.0000
597.2667,0.0000,0.0000
597.3000,0.0000,0.0000
597.3333,0.0000,0.0000
597.3667,0.0000,0.0000
597.4000,0.0000,0.0000
597.4333,0.0000,0.0000
597.4667,0.0000,0.0000
597.5000,0.0000,0.0000
597.5333,0.0000,0.0000
597.5667,0.0000,0.0000
597.6000,0.0000,0.0000
597.6333,0.0000,0.0000
597.6667,0.0000,0.0000
597.7000,0.0000,0.0000
597.7333,0.0000,0.0000
597.7667,0.0000,0.0000
597.8000,0.0000,0.0000
597.8333,0.0000,0.0000
597.8667,0.0000,0.0000
597.9000,0.0000,0.0000
597.9333,0.0000,0.0000
597.9667,0.0000,0.0000
598.0000,0.0000,0.0000
598.0333,0.0000,0.0000
598.0667,0.0000,0.0000
598.1000,0.0000,0.0000
598.1333,0.0000,0.0000
598.1667,0.0000,0.0000
598.2000,0.0000,0.0000
598.2333,0.0000,0.0000
598.2667,0.0000,0.0000
598.3000,0.0000,0.0000
598.3333,0.0000,0.0000
598.3667,0.0000,0.0000
598.4000,0.0000,0.0000
598.4333,0.0000,0.0000
598.4667,0.0000,0.0000
598.5000,0.0000,0.0000
598.5333,0.0000,0.0000
598.5667,0.0000,0.0000
598.6000,0.0000,0.0000
598.6333,0.0000,0.0000
598.6667,0.0000,0.0000
598.7000,0.0000,0.0000
598.7333,0.0000,0.0000
598.7667,0.0000,0.0000
598.8000,0.0000,0.0000
598.8333,0.0000,0.0000
598.8667,0.0000,0.0000
598.9000,0.0000,0.0000
598.9333,0.0000,0.0000
598.9667,0.0000,0.0000
599.0000,0.0000,0.0000
599.0333,0.0000,0.0000
599.0667,0.0000,0.0000
599.1000,0.0000,0.0000
599.1333,0.0000,0.0000
599.1667,0.0000,0.0000
599.2000,0.0000,0.0000
599.2333,0.0000,0.0000
599.2667,0.0000,0.0000
599.3000,0.0000,0.0000
599.3333,0.0000,0.0000
599.3667,0.0000,0.0000
599.4000,0.0000,0.0000
599.4333,0.0000,0.0000
599.4667,0.0000,0.0000
599.5000,0.0000,0.0000
599.5333,0.0000,0.0000
599.5667,0.0000,0.0000
599.6000,0.0000,0.0000
599.6333,0.0000,0.0000
599.6667,0.0000,0.0000
599.7000,0.0000,0.0000
599.7333,0.0000,0.0000
599.7667,0.0000,0.0000
599.8000,0.0000,0.0000
599.8333,0.0000,0.0000
599.8667,0.0000,0.0000
599.9000,0.0000,0.0000
599.9333,0.0000,0.0000
599.9667,0.0000,0.0000