cmd_left,cmd_right
0.0,0.0
0.0,0.0
0.0,0.0
0.0,0.0
0.0,0.0
0.0,0.0
0.0,0.0
0.0,0.0
0.0,0.0
0.0,0.0
0.0,0.0
0.0,0.0
0.0,0.0
0.0,0.0
0.0,0.0
0.0,0.0
0.0,0.0
0.0,0.0
0.0,0.0
0.0,0.0
0.0,0.0
0.0,0.0
0.0,0.0
0.0,0.0
0.0,0.0
0.0,0.0
0.0,0.0
0.0,0.0
0.0,0.0
0.0,0.0
0.0,0.0
0.0,0.0
0.0,0.0
0.0,0.0
0.0,0.0
0.0,0.0
0.0,0.0
0.0,0.0
0.0,0.0
0.0,0.0
0.0,0.0
0.0,0.0
0.0,0.0
0.0,0.0
0.0,0.0
0.0,0.0
0.0,0.0
0.0,0.0
0.0,0.0
0.0,0.0
0.0,0.0
0.0,0.0
0.0,0.0
0.0,0.0
0.0,0.0
0.0,0.0
0.0,0.0
0.0,0.0
0.0,0.0
0.0,0.0
0.0,0.0
0.0,0.0
0.0,0.0
0.0,0.0
0.0,0.0
0.0,0.0
0.0,0.0
0.0,0.0
0.0,0.0
0.0,0.0
0.0,0.0
0.0,0.0
0.0,0.0
0.0,0.0
0.0,0.0
0.0,0.0
0.0,0.0
0.0,0.0
0.0,0.0
0.0,0.0
0.0,0.0
0.0,0.0
0.0,0.0
0.0,0.0
0.0,0.0
0.0,0.0
0.0,0.0
0.0,0.0
0.0,0.0
0.0,0.0
0.0,0.0
0.0,0.0
0.0,0.0
0.0,0.0
0.0,0.0
0.0,0.0
0.0,0.0
0.0,0.0
0.0,0.0
0.0,0.0
0.0,0.0
0.0,0.0
0.0,0.0
0.0,0.0
0.0,0.0
0.0,0.0
0.0,0.0
0.0,0.0
0.0,0.0
0.0,0.0
0.0,0.0
0.0,0.0
0.0,0.0
0.0,0.0
0.0,0.0
0.0,0.0
0.0,0.0
0.0,0.0
0.0,0.0
0.0,0.0
0.0,0.0
0.0,0.0
0.0,0.0
0.0,0.0
0.0,0.0
0.0,0.0
0.0,0.0
0.0,0.0
0.0,0.0
0.0,0.0
0.0,0.0
0.0,0.0
0.0,0.0
0.0,0.0
0.0,0.0
0.0,0.0
0.0,0.0
0.0,0.0
0.0,0.0
0.0,0.0
0.0,0.0
0.0,0.0
0.0,0.0
0.0,0.0
0.0,0.0
0.0,0.0
0.0,0.0
0.0,0.0
0.0,0.0
0.0,0.0
0.0,0.0
0.0,0.0
0.0,0.0
0.0,0.0
0.0,0.0
0.0,0.0
0.0,0.0
0.0,0.0
0.0,0.0
0.0,0.0
0.0,0.0
0.0,0.0
0.0,0.0
0.0,0.0
0.0,0.0
0.0,0.0
0.0,0.0
0.0,0.0
0.0,0.0
0.0,0.0
0.0,0.0
0.0,0.0
0.0,0.0
0.0,0.0
0.0,0.0
0.0,0.0
0.0,0.0
0.0,0.0
0.0,0.0
0.0,0.0
0.0,0.0
0.0,0.0
0.0,0.0
0.0,0.0
0.0,0.0
0.0,0.0
0.0,0.0
0.0,0.0
0.0,0.0
0.0,0.0
0.0,0.0
0.0,0.0
0.0,0.0
0.0,0.0
0.0,0.0
0.0,0.0
0.0,0.0
0.0,0.0
0.0,0.0
0.0,0.0
0.0,0.0
0.0,0.0
0.0,0.0
0.0,0.0
0.0,0.0
0.0,0.0
0.0,0.0
0.0,0.0
0.0,0.0
0.0,0.0
0.0,0.0
0.0,0.0
0.0,0.0
0.0,0.0
0.0,0.0
0.0,0.0
0.0,0.0
0.0,0.0
0.0,0.0
0.0,0.0
0.0,0.0
0.0,0.0
0.0,0.0
0.0,0.0
0.0,0.0
0.0,0.0
0.0,0.0
0.0,0.0
0.0,0.0
0.0,0.0
0.0,0.0
0.0,0.0
0.0,0.0
0.0,0.0
0.0,0.0
0.0,0.0
0.0,0.0
0.0,0.0
0.0,0.0
0.0,0.0
0.0,0.0
0.019347904490514666,0.019347904490514666
0.037448004287115755,0.037448004287115755
0.05438077407660545,0.05438077407660545
0.0702214984906054,0.0702214984906054
0.08504060682786321,0.08504060682786321
0.0989039861893082,0.0989039861893082
0.11187327441808317,0.11187327441808317
0.12400613414699045,0.12400613414699045
0.13535650917179207,0.13535650917179207
0.14597486429022238,0.14597486429022238
0.15590840967306016,0.15590840967306016
0.16520131076483352,0.16520131076483352
0.17389488464739541,0.17389488464739541
0.18202778373942055,0.18202778373942055
0.1896361676485673,0.1896361676485673
0.1967538639403763,0.1967538639403763
0.20341251853869724,0.20341251853869724
0.20964173642633938,0.20964173642633938
0.2154692132715125,0.2154692132715125
0.22092085856528199,0.22092085856528199
0.22602091081751804,0.22602091081751804
0.23079204532351114,0.23079204532351114
0.23525547498039306,0.23525547498039306
0.2394310446016034,0.2394310446016034
0.24333731914873147,0.24333731914873147
0.24699166627302097,0.24699166627302097
0.25041033353352404,0.25041033353352404
0.25360852063522354,0.25360852063522354
0.2566004470083015,0.2566004470083015
0.2593994150290162,0.2593994150290162
0.2620178691632749,0.2620178691632749
0.26446745129585886,0.26446745129585886
0.26675905249129983,0.26675905249129983
0.2689028614165416,0.2689028614165416
0.27090840964067847,0.27090840964067847
0.2727846140131763,0.2727846140131763
0.27453981630899477,0.27453981630899477
0.2761818203168765,0.2761818203168765
0.2777179265356998,0.2777179265356998
0.27915496463315953,0.27915496463315953
0.28049932381108966,0.28049932381108966
0.2817569812124346,0.2817569812124346
0.28293352849616954,0.28293352849616954
0.2840341966983235,0.2840341966983235
0.2850638794896408,0.2850638794896408
0.28602715493328495,0.28602715493328495
0.2869283058393235,0.2869283058393235
0.28777133880649014,0.28777133880649014
0.28856000203588644,0.28856000203588644
0.2892978019958243,0.2892978019958243
0.2899880190119022,0.2899880190119022
0.2906337218516307,0.2906337218516307
0.2912377813684515,0.2912377813684515
0.2918028832658122,0.2918028832658122
0.29233154003804773,0.29233154003804773
0.2928261021411584,0.2928261021411584
0.29328876844315027,0.29328876844315027
0.2937215960004025,0.2937215960004025
0.29412650920352607,0.29412650920352607
0.29450530833337973,0.29450530833337973
0.29485967756528175,0.29485967756528175
0.2951911924570063,0.2951911924570063
0.29550132695385667,0.29550132695385667
0.29579145994195943,0.29579145994195943
0.2960628813789177,0.2960628813789177
0.29631679802907945,0.29631679802907945
0.2965543388289216,0.2965543388289216
0.29677655990640395,0.29677655990640395
0.29698444927660994,0.29698444927660994
0.2971789312345514,0.2971789312345514
0.2973608704646683,0.2973608704646683
0.297531075885294,0.297531075885294
0.2976903042451795,0.2976903042451795
0.29783926348806755,0.29783926348806755
0.29797861590027436,0.29797861590027436
0.2981089810552748,0.2981089810552748
0.29823093856838245,0.29823093856838245
0.29834503067377177,0.29834503067377177
0.29845176463530043,0.29845176463530043
0.29855161500185057,0.29855161500185057
0.2986450257172162,0.2986450257172162
0.29873241209391754,0.29873241209391754
0.2988141626597182,0.2988141626597182
0.2988906408850551,0.2988906408850551
0.29896218679906056,0.29896218679906056
0.29902911850136316,0.29902911850136316
0.29909173357638724,0.29909173357638724
0.2991503104164406,0.2991503104164406
0.29920510945947154,0.29920510945947154
0.2992563743470001,0.2992563743470001
0.29930433300736986,0.29930433300736986
0.2993491986691386,0.2993491986691386
0.29939117080911126,0.29939117080911126
0.2994304360392324,0.2994304360392324
0.29946716893627967,0.29946716893627967
0.2995015328180478,0.2995015328180478
0.2995336804694747,0.2995336804694747
0.2995637548219369,0.2995637548219369
0.2995918895887356,0.2995918895887356
0.29961820985959803,0.29961820985959803
0.2996428326568378,0.2996428326568378
0.29966586745564655,0.29966586745564655
0.29968741667083093,0.29968741667083093
0.2997075761121579,0.2997075761121579
0.29972643541033367,0.29972643541033367
0.2997440784155098,0.2997440784155098
0.29976058357008906,0.29976058357008906
0.29977602425748695,0.29977602425748695
0.29979046912840146,0.29979046912840146
0.2998039824060398,0.2998039824060398
0.2998166241716611,0.2998166241716611
0.299828450631703,0.299828450631703
0.2998395143676804,0.2998395143676804
0.2998498645699678,0.2998498645699678
0.29985954725650416,0.29985954725650416
0.2998686054773928,0.2998686054773928
0.29987707950630604,0.29987707950630604
0.2998850070195458,0.2998850070195458
0.2998924232635555,0.2998924232635555
0.29989936121162925,0.29989936121162925
0.29990585171051404,0.29990585171051404
0.2999119236175571,0.2999119236175571
0.29991760392900835,0.29991760392900835
0.29992291790004816,0.29992291790004816
0.29992788915707413,0.29992788915707413
0.29993253980274637,0.29993253980274637
0.2999368905142576,0.2999368905142576
0.2999409606352662,0.2999409606352662
0.2999447682618997,0.2999447682618997
0.2999483303232117,0.2999483303232117
0.29995166265645024,0.29995166265645024
0.29995478007747134,0.29995478007747134
0.29995769644661185,0.29995769644661185
0.29996042473031376,0.29996042473031376
0.299962977058774,0.299962977058774
0.2999653647798766,0.2999653647798766
0.2999675985096465,0.2999675985096465
0.29996968817944886,0.29996968817944886
0.2999716430801454,0.2999716430801454
0.299973471903402,0.299973471903402
0.29997518278033297,0.29997518278033297
0.29997678331765243,0.29997678331765243
0.2999782806314946,0.2999782806314946
0.29997968137905273,0.29997968137905273
0.2999809917881776,0.2999809917881776
0.2999822176850672,0.2999822176850672
0.2999833645201703,0.2999833645201703
0.29998443739242,0.29998443739242
0.2999854410719036,0.2999854410719036
0.29998638002107125,0.29998638002107125
0.2999872584145762,0.2999872584145762
0.2999880801578356,0.2999880801578356
0.29998884890439476,0.29998884890439476
0.29998956807217053,0.29998956807217053
0.29999024085864817,0.29999024085864817
0.29999087025509746,0.29999087025509746
0.2999914590598721,0.2999914590598721
0.2999920098908516,0.2999920098908516
0.29999252519708053,0.29999252519708053
0.2999930072696571,0.2999930072696571
0.2999934582519198,0.2999934582519198
0.29999388014897665,0.29999388014897665
0.2999942748366203,0.2999942748366203
0.29999464406966786,0.29999464406966786
0.2999949894897629,0.2999949894897629
0.29999531263267465,0.29999531263267465
0.2999956149351257,0.2999956149351257
0.2999958977411803,0.2999958977411803
0.29999616230821974,0.29999616230821974
0.29999640981253317,0.29999640981253317
0.2999966413545472,0.2999966413545472
0.29999685796371867,0.29999685796371867
0.2999970606031116,0.2999970606031116
0.2999972501736791,0.2999972501736791
0.2999974275182692,0.2999974275182692
0.29999759342537197,0.29999759342537197
0.29999774863262546,0.29999774863262546
0.29999789383009523,0.29999789383009523
0.29999802966334244,0.29999802966334244
0.299998156736294,0.299998156736294
0.2999982756139278,0.2999982756139278
0.2999983868247845,0.2999983868247845
0.29999849086331787,0.29999849086331787
0.29999858819209246,0.29999858819209246
0.299998679243841,0.299998679243841
0.29999876442338774,0.29999876442338774
0.29999884410944866,0.29999884410944866
0.2999989186563153,0.2999989186563153
0.29999898839542977,0.29999898839542977
0.2999990536368584,0.2999990536368584
0.2999991146706707,0.2999991146706707
0.2999991717682284,0.2999991717682284
0.2999992251833924,0.2999992251833924
0.2999992751536515,0.2999992751536515
0.2999993219011779,0.2999993219011779
0.29999936563381535,0.29999936563381535
0.2999994065460032,0.2999994065460032
0.2999994448196407,0.2999994448196407
0.29999948062489595,0.29999948062489595
0.29999951412096226,0.29999951412096226
0.2999995454567663,0.2999995454567663
0.2999995747716299,0.2999995747716299
0.29999960219588956,0.29999960219588956
0.299999627851476,0.299999627851476
0.2999996518524563,0.2999996518524563
0.2999996743055411,0.2999996743055411
0.2999996953105587,0.2999996953105587
0.2999997149608994,0.2999997149608994
0.2999997333439304,0.2999997333439304
0.2999997505413843,0.2999997505413843
0.2999997666297225,0.2999997666297225
0.2999997816804753,0.2999997816804753
0.2999997957605597,0.2999997957605597
0.29999980893257694,0.29999980893257694
0.2999998212550911,0.2999998212550911
0.2999998327828892,0.2999998327828892
0.2999998435672248,0.2999998435672248
0.29999985365604614,0.29999985365604614
0.29999986309420895,0.29999986309420895
0.29999987192367616,0.29999987192367616
0.29999988018370444,0.29999988018370444
0.2999998879110186,0.2999998879110186
0.29999989513997494,0.29999989513997494
0.29999990190271414,0.29999990190271414
0.29999990822930384,0.29999990822930384
0.2999999141478727,0.2999999141478727
0.2999999196847353,0.2999999196847353
0.2999999248645088,0.2999999248645088
0.2999999297102232,0.2999999297102232
0.2999999342434228,0.2999999342434228
0.2999999384842627,0.2999999384842627
0.29999994245159806,0.29999994245159806
0.299999946163068,0.299999946163068
0.29999994963517407,0.29999994963517407
0.29999995288335357,0.29999995288335357
0.29999995592204814,0.29999995592204814
0.29999995876476815,0.29999995876476815
0.2999999614241526,0.2999999614241526
0.29999996391202527,0.29999996391202527
0.0,0.0
0.0,0.0
0.0,0.0
0.0,0.0
0.0,0.0
0.0,0.0
0.0,0.0
0.0,0.0
0.0,0.0
0.0,0.0
0.0,0.0
0.0,0.0
0.0,0.0
0.0,0.0
0.0,0.0
0.0,0.0
0.0,0.0
0.0,0.0
0.0,0.0
0.0,0.0
0.0,0.0
0.0,0.0
0.0,0.0
0.0,0.0
0.0,0.0
0.0,0.0
0.0,0.0
0.0,0.0
0.0,0.0
0.0,0.0
0.0,0.0
0.0,0.0
0.0,0.0
0.0,0.0
0.0,0.0
0.0,0.0
0.0,0.0
0.0,0.0
0.0,0.0
0.0,0.0
0.0,0.0
0.0,0.0
0.0,0.0
0.0,0.0
0.0,0.0
0.0,0.0
0.0,0.0
0.0,0.0
0.0,0.0
0.0,0.0
0.0,0.0
0.0,0.0
0.0,0.0
0.0,0.0
0.0,0.0
0.0,0.0
0.0,0.0
0.0,0.0
0.0,0.0
0.0,0.0
0.0,0.0
0.0,0.0
0.0,0.0
0.0,0.0
0.0,0.0
0.0,0.0
0.0,0.0
0.0,0.0
0.0,0.0
0.0,0.0
0.0,0.0
0.0,0.0
0.0,0.0
0.0,0.0
0.0,0.0
0.0,0.0
0.0,0.0
0.0,0.0
0.0,0.0
0.0,0.0
0.0,0.0
0.0,0.0
0.0,0.0
0.0,0.0
0.0,0.0
0.0,0.0
0.0,0.0
0.0,0.0
0.0,0.0
0.0,0.0
0.0,0.0
0.0,0.0
0.0,0.0
0.0,0.0
0.0,0.0
0.0,0.0
0.0,0.0
0.0,0.0
0.0,0.0
0.0,0.0
0.0,0.0
0.0,0.0
0.0,0.0
0.0,0.0
0.0,0.0
0.0,0.0
0.0,0.0
0.0,0.0
0.0,0.0
0.0,0.0
0.0,0.0
0.0,0.0
0.0,0.0
0.0,0.0
0.0,0.0
0.0,0.0
0.0,0.0
0.0,0.0
0.0,0.0
0.0,0.0
0.0,0.0
0.0,0.0
0.0,0.0
0.0,0.0
0.0,0.0
0.0,0.0
0.0,0.0
0.0,0.0
0.0,0.0
0.0,0.0
0.0,0.0
0.0,0.0
0.0,0.0
0.0,0.0
0.0,0.0
0.0,0.0
0.0,0.0
0.0,0.0
0.0,0.0
0.0,0.0
0.0,0.0
0.0,0.0
0.0,0.0
0.0,0.0
0.0,0.0
0.0,0.0
0.0,0.0
0.0,0.0
0.0,0.0
0.0,0.0
0.0,0.0
0.0,0.0
0.0,0.0
0.0,0.0
0.0,0.0
0.0,0.0
0.0,0.0
0.0,0.0
0.0,0.0
0.0,0.0
0.0,0.0
0.0,0.0
0.0,0.0
0.0,0.0
0.0,0.0
0.0,0.0
0.0,0.0
0.0,0.0
0.0,0.0
0.0,0.0
0.0,0.0
0.0,0.0
0.0,0.0
0.0,0.0
0.0,0.0
0.0,0.0
0.0,0.0
0.0,0.0
0.0,0.0
0.0,0.0
0.0,0.0
0.0,0.0
0.0,0.0
0.0,0.0
0.0,0.0
0.0,0.0
0.0,0.0
0.0,0.0
0.0,0.0
0.0,0.0
0.0,0.0
0.0,0.0
0.0,0.0
0.0,0.0
0.0,0.0
0.0,0.0
0.0,0.0
0.0,0.0
0.0,0.0
0.0,0.0
0.0,0.0
0.0,0.0
0.0,0.0
0.0,0.0
0.0,0.0
0.0,0.0
0.0,0.0
0.0,0.0
0.0,0.0
0.0,0.0
0.0,0.0
0.0,0.0
0.0,0.0
0.0,0.0
0.0,0.0
0.0,0.0
0.0,0.0
0.0,0.0
0.0,0.0
0.0,0.0
0.0,0.0
0.0,0.0
0.0,0.0
0.0,0.0
0.0,0.0
0.0,0.0
0.0,0.0
0.0,0.0
0.0,0.0
0.0,0.0
0.0,0.0
0.0,0.0
0.0,0.0
0.0,0.0
0.0,0.0
0.0,0.0
0.0,0.0
0.0,0.0
0.0,0.0
0.0,0.0
0.0,0.0
0.03869580898102933,0.03869580898102933
0.07489600857423151,0.07489600857423151
0.1087615481532109,0.1087615481532109
0.1404429969812108,0.1404429969812108
0.17008121365572643,0.17008121365572643
0.1978079723786164,0.1978079723786164
0.22374654883616635,0.22374654883616635
0.2480122682939809,0.2480122682939809
0.27071301834358413,0.27071301834358413
0.29194972858044477,0.29194972858044477
0.3118168193461203,0.3118168193461203
0.33040262152966704,0.33040262152966704
0.34778976929479083,0.34778976929479083
0.3640555674788411,0.3640555674788411
0.3792723352971346,0.3792723352971346
0.3935077278807526,0.3935077278807526
0.4068250370773945,0.4068250370773945
0.41928347285267875,0.41928347285267875
0.430938426543025,0.430938426543025
0.44184171713056397,0.44184171713056397
0.4520418216350361,0.4520418216350361
0.46158409064702227,0.46158409064702227
0.47051094996078613,0.47051094996078613
0.4788620892032068,0.4788620892032068
0.48667463829746294,0.48667463829746294
0.49398333254604193,0.49398333254604193
0.5008206670670481,0.5008206670670481
0.5072170412704471,0.5072170412704471
0.513200894016603,0.513200894016603
0.5187988300580324,0.5187988300580324
0.5240357383265498,0.5240357383265498
0.5289349025917177,0.5289349025917177
0.5335181049825997,0.5335181049825997
0.5378057228330833,0.5378057228330833
0.5418168192813569,0.5418168192813569
0.5455692280263525,0.5455692280263525
0.5490796326179895,0.5490796326179895
0.552363640633753,0.552363640633753
0.5554358530713996,0.5554358530713996
0.5583099292663191,0.5583099292663191
0.5609986476221793,0.5609986476221793
0.5635139624248692,0.5635139624248692
0.5658670569923391,0.5658670569923391
0.568068393396647,0.568068393396647
0.5701277589792816,0.5701277589792816
0.5720543098665699,0.5720543098665699
0.573856611678647,0.573856611678647
0.5755426776129803,0.5755426776129803
0.5771200040717729,0.5771200040717729
0.5785956039916486,0.5785956039916486
0.5799760380238044,0.5799760380238044
0.5812674437032614,0.5812674437032614
0.582475562736903,0.582475562736903
0.5836057665316244,0.5836057665316244
0.5846630800760955,0.5846630800760955
0.5856522042823168,0.5856522042823168
0.5865775368863005,0.5865775368863005
0.587443192000805,0.587443192000805
0.5882530184070521,0.5882530184070521
0.5890106166667595,0.5890106166667595
0.5897193551305635,0.5897193551305635
0.5903823849140126,0.5903823849140126
0.5910026539077133,0.5910026539077133
0.5915829198839189,0.5915829198839189
0.5921257627578353,0.5921257627578353
0.5926335960581589,0.5926335960581589
0.5931086776578433,0.5931086776578433
0.5935531198128079,0.5935531198128079
0.5939688985532199,0.5939688985532199
0.5943578624691028,0.5943578624691028
0.5947217409293366,0.5947217409293366
0.595062151770588,0.595062151770588
0.595380608490359,0.595380608490359
0.5956785269761351,0.5956785269761351
0.5959572318005487,0.5959572318005487
0.5962179621105496,0.5962179621105496
0.5964618771367649,0.5964618771367649
0.5966900613475435,0.5966900613475435
0.5969035292706009,0.5969035292706009
0.5971032300037011,0.5971032300037011
0.5972900514344324,0.5972900514344324
0.5974648241878351,0.5974648241878351
0.5976283253194364,0.5976283253194364
0.5977812817701103,0.5977812817701103
0.5979243735981211,0.5979243735981211
0.5980582370027263,0.5980582370027263
0.5981834671527745,0.5981834671527745
0.5983006208328812,0.5983006208328812
0.5984102189189431,0.5984102189189431
0.5985127486940002,0.5985127486940002
0.5986086660147397,0.5986086660147397
0.5986983973382772,0.5986983973382772
0.5987823416182225,0.5987823416182225
0.5988608720784648,0.5988608720784648
0.5989343378725593,0.5989343378725593
0.5990030656360956,0.5990030656360956
0.5990673609389494,0.5990673609389494
0.5991275096438738,0.5991275096438738
0.5991837791774712,0.5991837791774712
0.5992364197191961,0.5992364197191961
0.5992856653136756,0.5992856653136756
0.5993317349112931,0.5993317349112931
0.5993748333416619,0.5993748333416619
0.5994151522243159,0.5994151522243159
0.5994528708206673,0.5994528708206673
0.5994881568310196,0.5994881568310196
0.5995211671401781,0.5995211671401781
0.5995520485149739,0.5995520485149739
0.5995809382568029,0.5995809382568029
0.5996079648120796,0.5996079648120796
0.5996332483433222,0.5996332483433222
0.599656901263406,0.599656901263406
0.5996790287353608,0.5996790287353608
0.5996997291399356,0.5996997291399356
0.5997190945130083,0.5997190945130083
0.5997372109547856,0.5997372109547856
0.5997541590126121,0.5997541590126121
0.5997700140390916,0.5997700140390916
0.599784846527111,0.599784846527111
0.5997987224232585,0.5997987224232585
0.5998117034210281,0.5998117034210281
0.5998238472351142,0.5998238472351142
0.5998352078580167,0.5998352078580167
0.5998458358000963,0.5998458358000963
0.5998557783141483,0.5998557783141483
0.5998650796054927,0.5998650796054927
0.5998737810285152,0.5998737810285152
0.5998819212705324,0.5998819212705324
0.5998895365237994,0.5998895365237994
0.5998966606464234,0.5998966606464234
0.5999033253129005,0.5999033253129005
0.5999095601549427,0.5999095601549427
0.5999153928932237,0.5999153928932237
0.5999208494606275,0.5999208494606275
0.599925954117548,0.599925954117548
0.5999307295597532,0.5999307295597532
0.599935197019293,0.599935197019293
0.5999393763588977,0.5999393763588977
0.5999432861602908,0.5999432861602908
0.599946943806804,0.599946943806804
0.5999503655606659,0.5999503655606659
0.5999535666353049,0.5999535666353049
0.5999565612629892,0.5999565612629892
0.5999593627581055,0.5999593627581055
0.5999619835763552,0.5999619835763552
0.5999644353701344,0.5999644353701344
0.5999667290403407,0.5999667290403407
0.59996887478484,0.59996887478484
0.5999708821438072,0.5999708821438072
0.5999727600421425,0.5999727600421425
0.5999745168291524,0.5999745168291524
0.5999761603156712,0.5999761603156712
0.5999776978087895,0.5999776978087895
0.5999791361443411,0.5999791361443411
0.5999804817172963,0.5999804817172963
0.5999817405101949,0.5999817405101949
0.5999829181197442,0.5999829181197442
0.5999840197817032,0.5999840197817032
0.5999850503941611,0.5999850503941611
0.5999860145393142,0.5999860145393142
0.5999869165038396,0.5999869165038396
0.5999877602979533,0.5999877602979533
0.5999885496732406,0.5999885496732406
0.5999892881393357,0.5999892881393357
0.5999899789795258,0.5999899789795258
0.5999906252653493,0.5999906252653493
0.5999912298702514,0.5999912298702514
0.5999917954823606,0.5999917954823606
0.5999923246164395,0.5999923246164395
0.5999928196250663,0.5999928196250663
0.5999932827090944,0.5999932827090944
0.5999937159274373,0.5999937159274373
0.5999941212062232,0.5999941212062232
0.5999945003473582,0.5999945003473582
0.5999948550365384,0.5999948550365384
0.5999951868507439,0.5999951868507439
0.5999954972652509,0.5999954972652509
0.5999957876601905,0.5999957876601905
0.5999960593266849,0.5999960593266849
0.599996313472588,0.599996313472588
0.5999965512278556,0.5999965512278556
0.599996773649569,0.599996773649569
0.5999969817266357,0.5999969817266357
0.5999971763841849,0.5999971763841849
0.599997358487682,0.599997358487682
0.5999975288467755,0.5999975288467755
0.5999976882188973,0.5999976882188973
0.5999978373126306,0.5999978373126306
0.5999979767908595,0.5999979767908595
0.5999981072737168,0.5999981072737168
0.5999982293413414,0.5999982293413414
0.5999983435364568,0.5999983435364568
0.5999984503667848,0.5999984503667848
0.599998550307303,0.599998550307303
0.5999986438023558,0.5999986438023558
0.5999987312676307,0.5999987312676307
0.5999988130920064,0.5999988130920064
0.5999988896392814,0.5999988896392814
0.5999989612497919,0.5999989612497919
0.5999990282419245,0.5999990282419245
0.5999990909135327,0.5999990909135327
0.5999991495432598,0.5999991495432598
0.5999992043917791,0.5999992043917791
0.599999255702952,0.599999255702952
0.5999993037049126,0.5999993037049126
0.5999993486110822,0.5999993486110822
0.5999993906211174,0.5999993906211174
0.5999994299217988,0.5999994299217988
0.5999994666878607,0.5999994666878607
0.5999995010827686,0.5999995010827686
0.599999533259445,0.599999533259445
0.5999995633609506,0.5999995633609506
0.5999995915211194,0.5999995915211194
0.5999996178651539,0.5999996178651539
0.5999996425101822,0.5999996425101822
0.5999996655657784,0.5999996655657784
0.5999996871344496,0.5999996871344496
0.5999997073120923,0.5999997073120923
0.5999997261884179,0.5999997261884179
0.5999997438473523,0.5999997438473523
0.5999997603674089,0.5999997603674089
0.5999997758220372,0.5999997758220372
0.5999997902799499,0.5999997902799499
0.5999998038054283,0.5999998038054283
0.5999998164586077,0.5999998164586077
0.5999998282957454,0.5999998282957454
0.5999998393694705,0.5999998393694705
0.5999998497290177,0.5999998497290177
0.5999998594204464,0.5999998594204464
0.5999998684868456,0.5999998684868456
0.5999998769685254,0.5999998769685254
0.5999998849031961,0.5999998849031961
0.599999892326136,0.599999892326136
0.5999998992703481,0.5999998992703481
0.5999999057667071,0.5999999057667071
0.5999999118440963,0.5999999118440963
0.5999999175295363,0.5999999175295363
0.5999999228483052,0.5999999228483052
0.5999999278240505,0.5999999278240505
0.0,0.0
0.0,0.0
0.0,0.0
0.0,0.0
0.0,0.0
0.0,0.0
0.0,0.0
0.0,0.0
0.0,0.0
0.0,0.0
0.0,0.0
0.0,0.0
0.0,0.0
0.0,0.0
0.0,0.0
0.0,0.0
0.0,0.0
0.0,0.0
0.0,0.0
0.0,0.0
0.0,0.0
0.0,0.0
0.0,0.0
0.0,0.0
0.0,0.0
0.0,0.0
0.0,0.0
0.0,0.0
0.0,0.0
0.0,0.0
0.0,0.0
0.0,0.0
0.0,0.0
0.0,0.0
0.0,0.0
0.0,0.0
0.0,0.0
0.0,0.0
0.0,0.0
0.0,0.0
0.0,0.0
0.0,0.0
0.0,0.0
0.0,0.0
0.0,0.0
0.0,0.0
0.0,0.0
0.0,0.0
0.0,0.0
0.0,0.0
0.0,0.0
0.0,0.0
0.0,0.0
0.0,0.0
0.0,0.0
0.0,0.0
0.0,0.0
0.0,0.0
0.0,0.0
0.0,0.0
0.0,0.0
0.0,0.0
0.0,0.0
0.0,0.0
0.0,0.0
0.0,0.0
0.0,0.0
0.0,0.0
0.0,0.0
0.0,0.0
0.0,0.0
0.0,0.0
0.0,0.0
0.0,0.0
0.0,0.0
0.0,0.0
0.0,0.0
0.0,0.0
0.0,0.0
0.0,0.0
0.0,0.0
0.0,0.0
0.0,0.0
0.0,0.0
0.0,0.0
0.0,0.0
0.0,0.0
0.0,0.0
0.0,0.0
0.0,0.0
0.0,0.0
0.0,0.0
0.0,0.0
0.0,0.0
0.0,0.0
0.0,0.0
0.0,0.0
0.0,0.0
0.0,0.0
0.0,0.0
0.0,0.0
0.0,0.0
0.0,0.0
0.0,0.0
0.0,0.0
0.0,0.0
0.0,0.0
0.0,0.0
0.0,0.0
0.0,0.0
0.0,0.0
0.0,0.0
0.0,0.0
0.0,0.0
0.0,0.0
0.0,0.0
0.0,0.0
0.0,0.0
0.0,0.0
0.0,0.0
0.0,0.0
0.0,0.0
0.0,0.0
0.0,0.0
0.0,0.0
0.0,0.0
0.0,0.0
0.0,0.0
0.0,0.0
0.0,0.0
0.0,0.0
0.0,0.0
0.0,0.0
0.0,0.0
0.0,0.0
0.0,0.0
0.0,0.0
0.0,0.0
0.0,0.0
0.0,0.0
0.0,0.0
0.0,0.0
0.0,0.0
0.0,0.0
0.0,0.0
0.0,0.0
0.0,0.0
0.0,0.0
0.0,0.0
0.0,0.0
0.0,0.0
0.0,0.0
0.0,0.0
0.0,0.0
0.0,0.0
0.0,0.0
0.0,0.0
0.0,0.0
0.0,0.0
0.0,0.0
0.0,0.0
0.0,0.0
0.0,0.0
0.0,0.0
0.0,0.0
0.0,0.0
0.0,0.0
0.0,0.0
0.0,0.0
0.0,0.0
0.0,0.0
0.0,0.0
0.0,0.0
0.0,0.0
0.0,0.0
0.0,0.0
0.0,0.0
0.0,0.0
0.0,0.0
0.0,0.0
0.0,0.0
0.06449301496838222,0.06449301496838222
0.12482668095705252,0.12482668095705252
0.18126924692201818,0.18126924692201818
0.2340716616353513,0.2340716616353513
0.28346868942621073,0.28346868942621073
0.3296799539643607,0.3296799539643607
0.37291091472694393,0.37291091472694393
0.4133537804899682,0.4133537804899682
0.4511883639059736,0.4511883639059736
0.486582880967408,0.486582880967408
0.5196946989102006,0.5196946989102006
0.5506710358827784,0.5506710358827784
0.5796496154913181,0.5796496154913181
0.6067592791314018,0.6067592791314018
0.6321205588285577,0.6321205588285577
0.6558462131345877,0.6558462131345877
0.6780417284623241,0.6780417284623241
0.6988057880877979,0.6988057880877979
0.7182307109050416,0.7182307109050416
0.7364028618842733,0.7364028618842733
0.7534030360583935,0.7534030360583935
0.7693068177450372,0.7693068177450372
0.7841849166013103,0.7841849166013103
0.7981034820053446,0.7981034820053446
0.8111243971624382,0.8111243971624382
0.8233055542434032,0.8233055542434032
0.8347011117784134,0.8347011117784134
0.8453617354507452,0.8453617354507452
0.855334823361005,0.855334823361005
0.8646647167633873,0.8646647167633873
0.8733928972109164,0.8733928972109164
0.8815581709861963,0.8815581709861963
0.8891968416376661,0.8891968416376661
0.8963428713884721,0.8963428713884721
0.9030280321355949,0.9030280321355949
0.9092820467105875,0.9092820467105875
0.9151327210299826,0.9151327210299826
0.9206060677229218,0.9206060677229218
0.9257264217856661,0.9257264217856661
0.9305165487771985,0.9305165487771985
0.9349977460369655,0.9349977460369655
0.9391899373747821,0.9391899373747821
0.9431117616538984,0.9431117616538984
0.9467806556610785,0.9467806556610785
0.950212931632136,0.950212931632136
0.9534238497776166,0.9534238497776166
0.9564276861310783,0.9564276861310783
0.9592377960216338,0.9592377960216338
0.9618666734529548,0.9618666734529548
0.9643260066527476,0.9643260066527476
0.9666267300396739,0.9666267300396739
0.9687790728387691,0.9687790728387691
0.9707926045615052,0.9707926045615052
0.9726762775527075,0.9726762775527075
0.9744384667934926,0.9744384667934926
0.9760870071371947,0.9760870071371947
0.9776292281438344,0.9776292281438344
0.9790719866680083,0.9790719866680083
0.980421697345087,0.980421697345087
0.9816843611112658,0.9816843611112658
0.9828655918842725,0.9828655918842725
0.9839706415233545,0.9839706415233545
0.9850044231795223,0.9850044231795223
0.9859715331398649,0.9859715331398649
0.986876271263059,0.986876271263059
0.9877226600969315,0.9877226600969315
0.9885144627630721,0.9885144627630721
0.9892551996880131,0.9892551996880131
0.9899481642553665,0.9899481642553665
0.9905964374485048,0.9905964374485048
0.9912029015488945,0.9912029015488945
0.99177025295098,0.99177025295098
0.9923010141505985,0.9923010141505985
0.9927975449602252,0.9927975449602252
0.9932620530009145,0.9932620530009145
0.9936966035175827,0.9936966035175827
0.9941031285612749,0.9941031285612749
0.9944834355792392,0.9944834355792392
0.9948392154510014,0.9948392154510014
0.9951720500061686,0.9951720500061686
0.9954834190573874,0.9954834190573874
0.9957747069797251,0.9957747069797251
0.9960472088657275,0.9960472088657275
0.996302136283517,0.996302136283517
0.9965406226635353,0.9965406226635353
0.9967637283378772,0.9967637283378772
0.9969724452546241,0.9969724452546241
0.9971677013881353,0.9971677013881353
0.9973503648649052,0.9973503648649052
0.9975212478233336,0.9975212478233336
0.9976811100245663,0.9976811100245663
0.997830662230462,0.997830662230462
0.9979705693637043,0.9979705693637043
0.9981014534641082,0.9981014534641082
0.9982238964542656,0.9982238964542656
0.998338442726826,0.998338442726826
0.9984456015649157,0.9984456015649157
0.9985458494064564,0.9985458494064564
0.9986396319624521,0.9986396319624521
0.9987273661986602,0.9987273661986602
0.9988094421894592,0.9988094421894592
0.9988862248521552,0.9988862248521552
0.9989580555694365,0.9989580555694365
0.9990252537071931,0.9990252537071931
0.9990881180344455,0.9990881180344455
0.9991469280516994,0.9991469280516994
0.9992019452336303,0.9992019452336303
0.9992534141916233,0.9992534141916233
0.9993015637613382,0.9993015637613382
0.9993466080201326,0.9993466080201326
0.9993887472388704,0.9993887472388704
0.9994281687723434,0.9994281687723434
0.9994650478922681,0.9994650478922681
0.9994995485665594,0.9994995485665594
0.9995318241883472,0.9995318241883472
0.999562018257976,0.999562018257976
0.9995902650210202,0.9995902650210202
0.9996166900651526,0.9996166900651526
0.9996414108785183,0.9996414108785183
0.9996645373720975,0.9996645373720975
0.9996861723683801,0.9996861723683801
0.9997064120585237,0.9997064120585237
0.9997253464300279,0.9997253464300279
0.9997430596668272,0.9997430596668272
0.9997596305235805,0.9997596305235805
0.9997751326758212,0.9997751326758212
0.9997896350475253,0.9997896350475253
0.9998032021175541,0.9998032021175541
0.9998158942063324,0.9998158942063324
0.9998277677440391,0.9998277677440391
0.9998388755215009,0.9998388755215009
0.9998492669249045,0.9998492669249045
0.9998589881553729,0.9998589881553729
0.9998680824343792,0.9998680824343792
0.9998765901959134,0.9998765901959134
0.9998845492662555,0.9998845492662555
0.999891995032155,0.999891995032155
0.9998989605981629,0.9998989605981629
0.999905476933818,0.999905476933818
0.9999115730113401,0.9999115730113401
0.9999172759344434,0.9999172759344434
0.9999226110588415,0.9999226110588415
0.9999276021049821,0.9999276021049821
0.9999322712635091,0.9999322712635091
0.9999366392939254,0.9999366392939254
0.9999407256168907,0.9999407256168907
0.9999445484005678,0.9999445484005678
0.9999481246414,0.9999481246414
0.9999514702396787,0.9999514702396787
0.9999546000702375,0.9999546000702375
0.9999575280485873,0.9999575280485873
0.9999602671927854,0.9999602671927854
0.9999628296813159,0.9999628296813159
0.9999652269072351,0.9999652269072351
0.9999674695288273,0.9999674695288273
0.9999695675169916,0.9999695675169916
0.9999715301995737,0.9999715301995737
0.9999733663028388,0.9999733663028388
0.9999750839902685,0.9999750839902685
0.9999766908988571,0.9999766908988571
0.999978194173066,0.999978194173066
0.9999796004965888,0.9999796004965888
0.9999809161220676,0.9999809161220676
0.9999821468988929,0.9999821468988929
0.9999832982992097,0.9999832982992097
0.9999843754422488,0.9999843754422488
0.9999853831170857,0.9999853831170857
0.9999863258039343,0.9999863258039343
0.9999872076940659,0.9999872076940659
0.9999880327084439,0.9999880327084439
0.9999888045151574,0.9999888045151574
0.9999895265457289,0.9999895265457289
0.999990202010372,0.999990202010372
0.9999908339122637,0.9999908339122637
0.9999914250608973,0.9999914250608973
0.9999919780845732,0.9999919780845732
0.9999924954420849,0.9999924954420849
0.9999929794336508,0.9999929794336508
0.9999934322111416,0.9999934322111416
-0.0,-0.0
-0.03224650748419111,-0.03224650748419111
-0.06241334047852626,-0.06241334047852626
-0.09063462346100909,-0.09063462346100909
-0.11703583081767566,-0.11703583081767566
-0.14173434471310536,-0.14173434471310536
-0.16483997698218034,-0.16483997698218034
-0.18645545736347197,-0.18645545736347197
-0.2066768902449841,-0.2066768902449841
-0.2255941819529868,-0.2255941819529868
-0.243291440483704,-0.243291440483704
-0.2598473494551003,-0.2598473494551003
-0.2753355179413892,-0.2753355179413892
-0.28982480774565905,-0.28982480774565905
-0.3033796395657009,-0.3033796395657009
-0.31606027941427883,-0.31606027941427883
-0.32792310656729384,-0.32792310656729384
-0.33902086423116207,-0.33902086423116207
-0.34940289404389896,-0.34940289404389896
-0.3591153554525208,-0.3591153554525208
-0.36820143094213664,-0.36820143094213664
-0.37670151802919677,-0.37670151802919677
-0.3846534088725186,-0.3846534088725186
-0.39209245830065514,-0.39209245830065514
-0.3990517410026723,-0.3990517410026723
-0.4055621985812191,-0.4055621985812191
-0.4116527771217016,-0.4116527771217016
-0.4173505558892067,-0.4173505558892067
-0.4226808677253726,-0.4226808677253726
-0.4276674116805025,-0.4276674116805025
-0.43233235838169365,-0.43233235838169365
-0.4366964486054582,-0.4366964486054582
-0.44077908549309813,-0.44077908549309813
-0.44459842081883305,-0.44459842081883305
-0.44817143569423606,-0.44817143569423606
-0.45151401606779745,-0.45151401606779745
-0.45464102335529377,-0.45464102335529377
-0.4575663605149913,-0.4575663605149913
-0.4603030338614609,-0.4603030338614609
-0.46286321089283305,-0.46286321089283305
-0.46525827438859924,-0.46525827438859924
-0.46749887301848275,-0.46749887301848275
-0.46959496868739103,-0.46959496868739103
-0.4715558808269492,-0.4715558808269492
-0.47339032783053925,-0.47339032783053925
-0.475106465816068,-0.475106465816068
-0.4767119248888083,-0.4767119248888083
-0.47821384306553916,-0.47821384306553916
-0.4796188980108169,-0.4796188980108169
-0.4809333367264774,-0.4809333367264774
-0.4821630033263738,-0.4821630033263738
-0.48331336501983696,-0.48331336501983696
-0.48438953641938454,-0.48438953641938454
-0.4853963022807526,-0.4853963022807526
-0.48633813877635373,-0.48633813877635373
-0.4872192333967463,-0.4872192333967463
-0.4880435035685973,-0.4880435035685973
-0.4888146140719172,-0.4888146140719172
-0.48953599333400416,-0.48953599333400416
-0.4902108486725435,-0.4902108486725435
-0.4908421805556329,-0.4908421805556329
-0.49143279594213624,-0.49143279594213624
-0.4919853207616772,-0.4919853207616772
-0.49250221158976115,-0.49250221158976115
-0.4929857665699324,-0.4929857665699324
-0.4934381356315295,-0.4934381356315295
-0.4938613300484658,-0.4938613300484658
-0.49425723138153604,-0.49425723138153604
-0.49462759984400656,-0.49462759984400656
-0.49497408212768323,-0.49497408212768323
-0.4952982187242524,-0.4952982187242524
-0.4956014507744472,-0.4956014507744472
-0.49588512647549,-0.49588512647549
-0.49615050707529923,-0.49615050707529923
-0.4963987724801126,-0.4963987724801126
-0.49663102650045726,-0.49663102650045726
-0.49684830175879136,-0.49684830175879136
-0.49705156428063746,-0.49705156428063746
-0.4972417177896196,-0.4972417177896196
-0.4974196077255007,-0.4974196077255007
-0.4975860250030843,-0.4975860250030843
-0.4977417095286937,-0.4977417095286937
-0.49788735348986257,-0.49788735348986257
-0.49802360443286375,-0.49802360443286375
-0.4981510681417585,-0.4981510681417585
-0.49827031133176763,-0.49827031133176763
-0.4983818641689386,-0.4983818641689386
-0.49848622262731207,-0.49848622262731207
-0.49858385069406763,-0.49858385069406763
-0.4986751824324526,-0.4986751824324526
-0.4987606239116668,-0.4987606239116668
-0.49884055501228314,-0.49884055501228314
-0.498915331115231,-0.498915331115231
-0.49898528468185216,-0.49898528468185216
-0.4990507267320541,-0.4990507267320541
-0.4991119482271328,-0.4991119482271328
-0.499169221363413,-0.499169221363413
-0.49922280078245784,-0.49922280078245784
-0.4992729247032282,-0.4992729247032282
-0.49931981598122605,-0.49931981598122605
-0.4993636830993301,-0.4993636830993301
-0.4994047210947296,-0.4994047210947296
-0.4994431124260776,-0.4994431124260776
-0.49947902778471825,-0.49947902778471825
-0.49951262685359654,-0.49951262685359654
-0.49954405901722276,-0.49954405901722276
-0.4995734640258497,-0.4995734640258497
-0.49960097261681513,-0.49960097261681513
-0.49962670709581164,-0.49962670709581164
-0.4996507818806691,-0.4996507818806691
-0.4996733040100663,-0.4996733040100663
-0.4996943736194352,-0.4996943736194352
-0.4997140843861717,-0.4997140843861717
-0.49973252394613404,-0.49973252394613404
-0.4997497742832797,-0.4997497742832797
-0.4997659120941736,-0.4997659120941736
-0.499781009128988,-0.499781009128988
-0.4997951325105101,-0.4997951325105101
-0.4998083450325763,-0.4998083450325763
-0.49982070543925916,-0.49982070543925916
-0.49983226868604874,-0.49983226868604874
-0.49984308618419004,-0.49984308618419004
-0.49985320602926187,-0.49985320602926187
-0.49986267321501393,-0.49986267321501393
-0.4998715298334136,-0.4998715298334136
-0.49987981526179026,-0.49987981526179026
-0.4998875663379106,-0.4998875663379106
-0.49989481752376264,-0.49989481752376264
-0.49990160105877707,-0.49990160105877707
-0.4999079471031662,-0.4999079471031662
-0.49991388387201957,-0.49991388387201957
-0.49991943776075043,-0.49991943776075043
-0.49992463346245225,-0.49992463346245225
-0.49992949407768644,-0.49992949407768644
-0.4999340412171896,-0.4999340412171896
-0.4999382950979567,-0.4999382950979567
-0.49994227463312774,-0.49994227463312774
-0.4999459975160775,-0.4999459975160775
-0.49994948029908143,-0.49994948029908143
-0.499952738466909,-0.499952738466909
-0.4999557865056701,-0.4999557865056701
-0.4999586379672217,-0.4999586379672217
-0.49996130552942075,-0.49996130552942075
-0.49996380105249105,-0.49996380105249105
-0.49996613563175457,-0.49996613563175457
-0.4999683196469627,-0.4999683196469627
-0.49997036280844537,-0.49997036280844537
-0.4999722742002839,-0.4999722742002839
-0.4999740623207,-0.4999740623207
-0.49997573511983934,-0.49997573511983934
-0.49997730003511875,-0.49997730003511875
-0.49997876402429364,-0.49997876402429364
-0.4999801335963927,-0.4999801335963927
-0.49998141484065795,-0.49998141484065795
-0.49998261345361755,-0.49998261345361755
-0.49998373476441366,-0.49998373476441366
-0.4999847837584958,-0.4999847837584958
-0.49998576509978687,-0.49998576509978687
-0.4999866831514194,-0.4999866831514194
-0.49998754199513423,-0.49998754199513423
-0.49998834544942855,-0.49998834544942855
-0.499989097086533,-0.499989097086533
-0.4999898002482944,-0.4999898002482944
-0.4999904580610338,-0.4999904580610338
-0.49999107344944643,-0.49999107344944643
-0.49999164914960487,-0.49999164914960487
-0.4999921877211244,-0.4999921877211244
-0.49999269155854287,-0.49999269155854287
-0.49999316290196716,-0.49999316290196716
-0.49999360384703295,-0.49999360384703295
-0.49999401635422197,-0.49999401635422197
-0.4999944022575787,-0.4999944022575787
-0.49999476327286446,-0.49999476327286446
-0.499995101005186,-0.499995101005186
-0.49999541695613187,-0.49999541695613187
-0.49999571253044867,-0.49999571253044867
-0.4999959890422866,-0.4999959890422866
-0.49999624772104245,-0.49999624772104245
-0.4999964897168254,-0.4999964897168254
-0.4999967161055708,-0.4999967161055708
0.0,0.0
0.0,0.0
0.0,0.0
0.0,0.0
0.0,0.0
0.0,0.0
0.0,0.0
0.0,0.0
0.0,0.0
0.0,0.0
0.0,0.0
0.0,0.0
0.0,0.0
0.0,0.0
0.0,0.0
0.0,0.0
0.0,0.0
0.0,0.0
0.0,0.0
0.0,0.0
0.0,0.0
0.0,0.0
0.0,0.0
0.0,0.0
0.0,0.0
0.0,0.0
0.0,0.0
0.0,0.0
0.0,0.0
0.0,0.0
0.0,0.0
0.0,0.0
0.0,0.0
0.0,0.0
0.0,0.0
0.0,0.0
0.0,0.0
0.0,0.0
0.0,0.0
0.0,0.0
0.0,0.0
0.0,0.0
0.0,0.0
0.0,0.0
0.0,0.0
0.0,0.0
0.0,0.0
0.0,0.0
0.0,0.0
0.0,0.0
0.0,0.0
0.0,0.0
0.0,0.0
0.0,0.0
0.0,0.0
0.0,0.0
0.0,0.0
0.0,0.0
0.0,0.0
0.0,0.0
0.0,0.0
0.0,0.0
0.0,0.0
0.0,0.0
0.0,0.0
0.0,0.0
0.0,0.0
0.0,0.0
0.0,0.0
0.0,0.0
0.0,0.0
0.0,0.0
0.0,0.0
0.0,0.0
0.0,0.0
0.0,0.0
0.0,0.0
0.0,0.0
0.0,0.0
0.0,0.0
0.0,0.0
0.0,0.0
0.0,0.0
0.0,0.0
0.0,0.0
0.0,0.0
0.0,0.0
0.0,0.0
0.0,0.0
0.0,0.0
0.0,0.0
0.0,0.0
0.0,0.0
0.0,0.0
0.0,0.0
0.0,0.0
0.0,0.0
0.0,0.0
0.0,0.0
0.0,0.0
0.0,0.0
0.0,0.0
0.0,0.0
0.0,0.0
0.0,0.0
0.0,0.0
0.0,0.0
0.0,0.0
0.0,0.0
0.0,0.0
0.0,0.0
0.0,0.0
0.0,0.0
0.0,0.0
0.0,0.0
0.0,0.0
0.0,0.0
0.0,0.0
0.0,0.0
0.0,0.0
0.0,-0.0
0.019347904490514666,-0.019347904490514666
0.037448004287115755,-0.037448004287115755
0.05438077407660545,-0.05438077407660545
0.0702214984906054,-0.0702214984906054
0.08504060682786321,-0.08504060682786321
0.0989039861893082,-0.0989039861893082
0.11187327441808317,-0.11187327441808317
0.12400613414699045,-0.12400613414699045
0.13535650917179207,-0.13535650917179207
0.14597486429022238,-0.14597486429022238
0.15590840967306016,-0.15590840967306016
0.16520131076483352,-0.16520131076483352
0.17389488464739541,-0.17389488464739541
0.18202778373942055,-0.18202778373942055
0.1896361676485673,-0.1896361676485673
0.1967538639403763,-0.1967538639403763
0.20341251853869724,-0.20341251853869724
0.20964173642633938,-0.20964173642633938
0.2154692132715125,-0.2154692132715125
0.22092085856528199,-0.22092085856528199
0.22602091081751804,-0.22602091081751804
0.23079204532351114,-0.23079204532351114
0.23525547498039306,-0.23525547498039306
0.2394310446016034,-0.2394310446016034
0.24333731914873147,-0.24333731914873147
0.24699166627302097,-0.24699166627302097
0.25041033353352404,-0.25041033353352404
0.25360852063522354,-0.25360852063522354
0.2566004470083015,-0.2566004470083015
0.2593994150290162,-0.2593994150290162
0.2620178691632749,-0.2620178691632749
0.26446745129585886,-0.26446745129585886
0.26675905249129983,-0.26675905249129983
0.2689028614165416,-0.2689028614165416
0.27090840964067847,-0.27090840964067847
0.2727846140131763,-0.2727846140131763
0.27453981630899477,-0.27453981630899477
0.2761818203168765,-0.2761818203168765
0.2777179265356998,-0.2777179265356998
0.27915496463315953,-0.27915496463315953
0.28049932381108966,-0.28049932381108966
0.2817569812124346,-0.2817569812124346
0.28293352849616954,-0.28293352849616954
0.2840341966983235,-0.2840341966983235
0.2850638794896408,-0.2850638794896408
0.28602715493328495,-0.28602715493328495
0.2869283058393235,-0.2869283058393235
0.28777133880649014,-0.28777133880649014
0.28856000203588644,-0.28856000203588644
0.2892978019958243,-0.2892978019958243
0.2899880190119022,-0.2899880190119022
0.2906337218516307,-0.2906337218516307
0.2912377813684515,-0.2912377813684515
0.2918028832658122,-0.2918028832658122
0.29233154003804773,-0.29233154003804773
0.2928261021411584,-0.2928261021411584
0.29328876844315027,-0.29328876844315027
0.2937215960004025,-0.2937215960004025
0.29412650920352607,-0.29412650920352607
0.29450530833337973,-0.29450530833337973
0.29485967756528175,-0.29485967756528175
0.2951911924570063,-0.2951911924570063
0.29550132695385667,-0.29550132695385667
0.29579145994195943,-0.29579145994195943
0.2960628813789177,-0.2960628813789177
0.29631679802907945,-0.29631679802907945
0.2965543388289216,-0.2965543388289216
0.29677655990640395,-0.29677655990640395
0.29698444927660994,-0.29698444927660994
0.2971789312345514,-0.2971789312345514
0.2973608704646683,-0.2973608704646683
0.297531075885294,-0.297531075885294
0.2976903042451795,-0.2976903042451795
0.29783926348806755,-0.29783926348806755
0.29797861590027436,-0.29797861590027436
0.2981089810552748,-0.2981089810552748
0.29823093856838245,-0.29823093856838245
0.29834503067377177,-0.29834503067377177
0.29845176463530043,-0.29845176463530043
0.29855161500185057,-0.29855161500185057
0.2986450257172162,-0.2986450257172162
0.29873241209391754,-0.29873241209391754
0.2988141626597182,-0.2988141626597182
0.2988906408850551,-0.2988906408850551
0.29896218679906056,-0.29896218679906056
0.29902911850136316,-0.29902911850136316
0.29909173357638724,-0.29909173357638724
0.2991503104164406,-0.2991503104164406
0.29920510945947154,-0.29920510945947154
0.2992563743470001,-0.2992563743470001
0.29930433300736986,-0.29930433300736986
0.2993491986691386,-0.2993491986691386
0.29939117080911126,-0.29939117080911126
0.2994304360392324,-0.2994304360392324
0.29946716893627967,-0.29946716893627967
0.2995015328180478,-0.2995015328180478
0.2995336804694747,-0.2995336804694747
0.2995637548219369,-0.2995637548219369
0.2995918895887356,-0.2995918895887356
0.29961820985959803,-0.29961820985959803
0.2996428326568378,-0.2996428326568378
0.29966586745564655,-0.29966586745564655
0.29968741667083093,-0.29968741667083093
0.2997075761121579,-0.2997075761121579
0.29972643541033367,-0.29972643541033367
0.2997440784155098,-0.2997440784155098
0.29976058357008906,-0.29976058357008906
0.29977602425748695,-0.29977602425748695
0.29979046912840146,-0.29979046912840146
0.2998039824060398,-0.2998039824060398
0.2998166241716611,-0.2998166241716611
0.299828450631703,-0.299828450631703
0.2998395143676804,-0.2998395143676804
0.2998498645699678,-0.2998498645699678
0.29985954725650416,-0.29985954725650416
0.2998686054773928,-0.2998686054773928
0.29987707950630604,-0.29987707950630604
0.2998850070195458,-0.2998850070195458
0.2998924232635555,-0.2998924232635555
0.29989936121162925,-0.29989936121162925
0.29990585171051404,-0.29990585171051404
0.2999119236175571,-0.2999119236175571
0.29991760392900835,-0.29991760392900835
0.29992291790004816,-0.29992291790004816
0.29992788915707413,-0.29992788915707413
0.29993253980274637,-0.29993253980274637
0.2999368905142576,-0.2999368905142576
0.2999409606352662,-0.2999409606352662
0.2999447682618997,-0.2999447682618997
0.2999483303232117,-0.2999483303232117
0.29995166265645024,-0.29995166265645024
0.29995478007747134,-0.29995478007747134
0.29995769644661185,-0.29995769644661185
0.29996042473031376,-0.29996042473031376
0.299962977058774,-0.299962977058774
0.2999653647798766,-0.2999653647798766
0.2999675985096465,-0.2999675985096465
0.29996968817944886,-0.29996968817944886
0.2999716430801454,-0.2999716430801454
0.299973471903402,-0.299973471903402
0.29997518278033297,-0.29997518278033297
0.29997678331765243,-0.29997678331765243
0.2999782806314946,-0.2999782806314946
0.29997968137905273,-0.29997968137905273
0.2999809917881776,-0.2999809917881776
0.2999822176850672,-0.2999822176850672
0.2999833645201703,-0.2999833645201703
0.29998443739242,-0.29998443739242
0.2999854410719036,-0.2999854410719036
0.29998638002107125,-0.29998638002107125
0.2999872584145762,-0.2999872584145762
0.2999880801578356,-0.2999880801578356
0.29998884890439476,-0.29998884890439476
0.29998956807217053,-0.29998956807217053
0.29999024085864817,-0.29999024085864817
0.29999087025509746,-0.29999087025509746
0.2999914590598721,-0.2999914590598721
0.2999920098908516,-0.2999920098908516
0.29999252519708053,-0.29999252519708053
0.2999930072696571,-0.2999930072696571
0.2999934582519198,-0.2999934582519198
0.29999388014897665,-0.29999388014897665
0.2999942748366203,-0.2999942748366203
0.29999464406966786,-0.29999464406966786
0.2999949894897629,-0.2999949894897629
0.29999531263267465,-0.29999531263267465
0.2999956149351257,-0.2999956149351257
0.2999958977411803,-0.2999958977411803
0.29999616230821974,-0.29999616230821974
0.29999640981253317,-0.29999640981253317
0.2999966413545472,-0.2999966413545472
0.29999685796371867,-0.29999685796371867
0.2999970606031116,-0.2999970606031116
0.2999972501736791,-0.2999972501736791
0.2999974275182692,-0.2999974275182692
0.29999759342537197,-0.29999759342537197
0.29999774863262546,-0.29999774863262546
0.29999789383009523,-0.29999789383009523
0.29999802966334244,-0.29999802966334244
0.299998156736294,-0.299998156736294
0.2999982756139278,-0.2999982756139278
0.2999983868247845,-0.2999983868247845
0.29999849086331787,-0.29999849086331787
0.29999858819209246,-0.29999858819209246
0.299998679243841,-0.299998679243841
0.29999876442338774,-0.29999876442338774
0.29999884410944866,-0.29999884410944866
0.2999989186563153,-0.2999989186563153
0.29999898839542977,-0.29999898839542977
0.2999990536368584,-0.2999990536368584
0.2999991146706707,-0.2999991146706707
0.2999991717682284,-0.2999991717682284
0.2999992251833924,-0.2999992251833924
0.2999992751536515,-0.2999992751536515
0.2999993219011779,-0.2999993219011779
0.29999936563381535,-0.29999936563381535
0.2999994065460032,-0.2999994065460032
0.2999994448196407,-0.2999994448196407
0.29999948062489595,-0.29999948062489595
0.29999951412096226,-0.29999951412096226
0.2999995454567663,-0.2999995454567663
0.2999995747716299,-0.2999995747716299
0.29999960219588956,-0.29999960219588956
0.299999627851476,-0.299999627851476
0.2999996518524563,-0.2999996518524563
0.2999996743055411,-0.2999996743055411
0.2999996953105587,-0.2999996953105587
0.2999997149608994,-0.2999997149608994
0.2999997333439304,-0.2999997333439304
0.2999997505413843,-0.2999997505413843
0.2999997666297225,-0.2999997666297225
0.2999997816804753,-0.2999997816804753
0.2999997957605597,-0.2999997957605597
0.29999980893257694,-0.29999980893257694
0.2999998212550911,-0.2999998212550911
0.2999998327828892,-0.2999998327828892
0.2999998435672248,-0.2999998435672248
0.29999985365604614,-0.29999985365604614
0.29999986309420895,-0.29999986309420895
0.29999987192367616,-0.29999987192367616
0.29999988018370444,-0.29999988018370444
0.2999998879110186,-0.2999998879110186
0.29999989513997494,-0.29999989513997494
0.29999990190271414,-0.29999990190271414
0.29999990822930384,-0.29999990822930384
0.2999999141478727,-0.2999999141478727
0.2999999196847353,-0.2999999196847353
0.2999999248645088,-0.2999999248645088
0.2999999297102232,-0.2999999297102232
0.2999999342434228,-0.2999999342434228
0.2999999384842627,-0.2999999384842627
0.29999994245159806,-0.29999994245159806
0.299999946163068,-0.299999946163068
0.29999994963517407,-0.29999994963517407
0.29999995288335357,-0.29999995288335357
0.29999995592204814,-0.29999995592204814
0.29999995876476815,-0.29999995876476815
0.2999999614241526,-0.2999999614241526
0.29999996391202527,-0.29999996391202527
0.0,0.0
0.0,0.0
0.0,0.0
0.0,0.0
0.0,0.0
0.0,0.0
0.0,0.0
0.0,0.0
0.0,0.0
0.0,0.0
0.0,0.0
0.0,0.0
0.0,0.0
0.0,0.0
0.0,0.0
0.0,0.0
0.0,0.0
0.0,0.0
0.0,0.0
0.0,0.0
0.0,0.0
0.0,0.0
0.0,0.0
0.0,0.0
0.0,0.0
0.0,0.0
0.0,0.0
0.0,0.0
0.0,0.0
0.0,0.0
0.0,0.0
0.0,0.0
0.0,0.0
0.0,0.0
0.0,0.0
0.0,0.0
0.0,0.0
0.0,0.0
0.0,0.0
0.0,0.0
0.0,0.0
0.0,0.0
0.0,0.0
0.0,0.0
0.0,0.0
0.0,0.0
0.0,0.0
0.0,0.0
0.0,0.0
0.0,0.0
0.0,0.0
0.0,0.0
0.0,0.0
0.0,0.0
0.0,0.0
0.0,0.0
0.0,0.0
0.0,0.0
0.0,0.0
0.0,0.0
0.0,0.0
0.0,0.0
0.0,0.0
0.0,0.0
0.0,0.0
0.0,0.0
0.0,0.0
0.0,0.0
0.0,0.0
0.0,0.0
0.0,0.0
0.0,0.0
0.0,0.0
0.0,0.0
0.0,0.0
0.0,0.0
0.0,0.0
0.0,0.0
0.0,0.0
0.0,0.0
0.0,0.0
0.0,0.0
0.0,0.0
0.0,0.0
0.0,0.0
0.0,0.0
0.0,0.0
0.0,0.0
0.0,0.0
0.0,0.0
0.0,0.0
0.0,0.0
0.0,0.0
0.0,0.0
0.0,0.0
0.0,0.0
0.0,0.0
0.0,0.0
0.0,0.0
0.0,0.0
0.0,0.0
0.0,0.0
0.0,0.0
0.0,0.0
0.0,0.0
0.0,0.0
0.0,0.0
0.0,0.0
0.0,0.0
0.0,0.0
0.0,0.0
0.0,0.0
0.0,0.0
0.0,0.0
0.0,0.0
0.0,0.0
0.0,0.0
0.0,0.0
0.0,0.0
0.0,0.0
0.0,0.0
0.0,0.0
0.0,0.0
0.0,0.0
0.0,0.0
0.0,0.0
0.0,0.0
0.0,0.0
0.0,0.0
0.0,0.0
0.0,0.0
0.0,0.0
0.0,0.0
0.0,0.0
0.0,0.0
0.0,0.0
0.0,0.0
0.0,0.0
0.0,0.0
0.0,0.0
0.0,0.0
0.0,0.0
0.0,0.0
0.0,0.0
0.0,0.0
0.0,0.0
0.0,0.0
0.0,0.0
0.0,0.0
0.0,0.0
0.0,0.0
0.0,0.0
0.0,0.0
0.0,0.0
0.0,0.0
0.0,0.0
0.0,0.0
0.0,0.0
0.0,0.0
0.0,0.0
0.0,0.0
0.0,0.0
0.0,0.0
0.0,0.0
0.0,0.0
0.0,0.0
0.0,0.0
0.0,0.0
0.0,0.0
0.0,0.0
0.0,0.0
0.0,0.0
0.0,0.0
0.0,0.0
0.0,0.0
0.0,0.0
0.0,0.0
0.0,0.0
0.0,0.0
0.0,0.0
-0.0,0.0
-0.019347904490514666,0.019347904490514666
-0.037448004287115755,0.037448004287115755
-0.05438077407660545,0.05438077407660545
-0.0702214984906054,0.0702214984906054
-0.08504060682786321,0.08504060682786321
-0.0989039861893082,0.0989039861893082
-0.11187327441808317,0.11187327441808317
-0.12400613414699045,0.12400613414699045
-0.13535650917179207,0.13535650917179207
-0.14597486429022238,0.14597486429022238
-0.15590840967306016,0.15590840967306016
-0.16520131076483352,0.16520131076483352
-0.17389488464739541,0.17389488464739541
-0.18202778373942055,0.18202778373942055
-0.1896361676485673,0.1896361676485673
-0.1967538639403763,0.1967538639403763
-0.20341251853869724,0.20341251853869724
-0.20964173642633938,0.20964173642633938
-0.2154692132715125,0.2154692132715125
-0.22092085856528199,0.22092085856528199
-0.22602091081751804,0.22602091081751804
-0.23079204532351114,0.23079204532351114
-0.23525547498039306,0.23525547498039306
-0.2394310446016034,0.2394310446016034
-0.24333731914873147,0.24333731914873147
-0.24699166627302097,0.24699166627302097
-0.25041033353352404,0.25041033353352404
-0.25360852063522354,0.25360852063522354
-0.2566004470083015,0.2566004470083015
-0.2593994150290162,0.2593994150290162
-0.2620178691632749,0.2620178691632749
-0.26446745129585886,0.26446745129585886
-0.26675905249129983,0.26675905249129983
-0.2689028614165416,0.2689028614165416
-0.27090840964067847,0.27090840964067847
-0.2727846140131763,0.2727846140131763
-0.27453981630899477,0.27453981630899477
-0.2761818203168765,0.2761818203168765
-0.2777179265356998,0.2777179265356998
-0.27915496463315953,0.27915496463315953
-0.28049932381108966,0.28049932381108966
-0.2817569812124346,0.2817569812124346
-0.28293352849616954,0.28293352849616954
-0.2840341966983235,0.2840341966983235
-0.2850638794896408,0.2850638794896408
-0.28602715493328495,0.28602715493328495
-0.2869283058393235,0.2869283058393235
-0.28777133880649014,0.28777133880649014
-0.28856000203588644,0.28856000203588644
-0.2892978019958243,0.2892978019958243
-0.2899880190119022,0.2899880190119022
-0.2906337218516307,0.2906337218516307
-0.2912377813684515,0.2912377813684515
-0.2918028832658122,0.2918028832658122
-0.29233154003804773,0.29233154003804773
-0.2928261021411584,0.2928261021411584
-0.29328876844315027,0.29328876844315027
-0.2937215960004025,0.2937215960004025
-0.29412650920352607,0.29412650920352607
-0.29450530833337973,0.29450530833337973
-0.29485967756528175,0.29485967756528175
-0.2951911924570063,0.2951911924570063
-0.29550132695385667,0.29550132695385667
-0.29579145994195943,0.29579145994195943
-0.2960628813789177,0.2960628813789177
-0.29631679802907945,0.29631679802907945
-0.2965543388289216,0.2965543388289216
-0.29677655990640395,0.29677655990640395
-0.29698444927660994,0.29698444927660994
-0.2971789312345514,0.2971789312345514
-0.2973608704646683,0.2973608704646683
-0.297531075885294,0.297531075885294
-0.2976903042451795,0.2976903042451795
-0.29783926348806755,0.29783926348806755
-0.29797861590027436,0.29797861590027436
-0.2981089810552748,0.2981089810552748
-0.29823093856838245,0.29823093856838245
-0.29834503067377177,0.29834503067377177
-0.29845176463530043,0.29845176463530043
-0.29855161500185057,0.29855161500185057
-0.2986450257172162,0.2986450257172162
-0.29873241209391754,0.29873241209391754
-0.2988141626597182,0.2988141626597182
-0.2988906408850551,0.2988906408850551
-0.29896218679906056,0.29896218679906056
-0.29902911850136316,0.29902911850136316
-0.29909173357638724,0.29909173357638724
-0.2991503104164406,0.2991503104164406
-0.29920510945947154,0.29920510945947154
-0.2992563743470001,0.2992563743470001
-0.29930433300736986,0.29930433300736986
-0.2993491986691386,0.2993491986691386
-0.29939117080911126,0.29939117080911126
-0.2994304360392324,0.2994304360392324
-0.29946716893627967,0.29946716893627967
-0.2995015328180478,0.2995015328180478
-0.2995336804694747,0.2995336804694747
-0.2995637548219369,0.2995637548219369
-0.2995918895887356,0.2995918895887356
-0.29961820985959803,0.29961820985959803
-0.2996428326568378,0.2996428326568378
-0.29966586745564655,0.29966586745564655
-0.29968741667083093,0.29968741667083093
-0.2997075761121579,0.2997075761121579
-0.29972643541033367,0.29972643541033367
-0.2997440784155098,0.2997440784155098
-0.29976058357008906,0.29976058357008906
-0.29977602425748695,0.29977602425748695
-0.29979046912840146,0.29979046912840146
-0.2998039824060398,0.2998039824060398
-0.2998166241716611,0.2998166241716611
-0.299828450631703,0.299828450631703
-0.2998395143676804,0.2998395143676804
-0.2998498645699678,0.2998498645699678
-0.29985954725650416,0.29985954725650416
-0.2998686054773928,0.2998686054773928
-0.29987707950630604,0.29987707950630604
-0.2998850070195458,0.2998850070195458
-0.2998924232635555,0.2998924232635555
-0.29989936121162925,0.29989936121162925
-0.29990585171051404,0.29990585171051404
-0.2999119236175571,0.2999119236175571
-0.29991760392900835,0.29991760392900835
-0.29992291790004816,0.29992291790004816
-0.29992788915707413,0.29992788915707413
-0.29993253980274637,0.29993253980274637
-0.2999368905142576,0.2999368905142576
-0.2999409606352662,0.2999409606352662
-0.2999447682618997,0.2999447682618997
-0.2999483303232117,0.2999483303232117
-0.29995166265645024,0.29995166265645024
-0.29995478007747134,0.29995478007747134
-0.29995769644661185,0.29995769644661185
-0.29996042473031376,0.29996042473031376
-0.299962977058774,0.299962977058774
-0.2999653647798766,0.2999653647798766
-0.2999675985096465,0.2999675985096465
-0.29996968817944886,0.29996968817944886
-0.2999716430801454,0.2999716430801454
-0.299973471903402,0.299973471903402
-0.29997518278033297,0.29997518278033297
-0.29997678331765243,0.29997678331765243
-0.2999782806314946,0.2999782806314946
-0.29997968137905273,0.29997968137905273
-0.2999809917881776,0.2999809917881776
-0.2999822176850672,0.2999822176850672
-0.2999833645201703,0.2999833645201703
-0.29998443739242,0.29998443739242
-0.2999854410719036,0.2999854410719036
-0.29998638002107125,0.29998638002107125
-0.2999872584145762,0.2999872584145762
-0.2999880801578356,0.2999880801578356
-0.29998884890439476,0.29998884890439476
-0.29998956807217053,0.29998956807217053
-0.29999024085864817,0.29999024085864817
-0.29999087025509746,0.29999087025509746
-0.2999914590598721,0.2999914590598721
-0.2999920098908516,0.2999920098908516
-0.29999252519708053,0.29999252519708053
-0.2999930072696571,0.2999930072696571
-0.2999934582519198,0.2999934582519198
-0.29999388014897665,0.29999388014897665
-0.2999942748366203,0.2999942748366203
-0.29999464406966786,0.29999464406966786
-0.2999949894897629,0.2999949894897629
-0.29999531263267465,0.29999531263267465
-0.2999956149351257,0.2999956149351257
-0.2999958977411803,0.2999958977411803
-0.29999616230821974,0.29999616230821974
-0.29999640981253317,0.29999640981253317
-0.2999966413545472,0.2999966413545472
-0.29999685796371867,0.29999685796371867
-0.2999970606031116,0.2999970606031116
-0.2999972501736791,0.2999972501736791
-0.2999974275182692,0.2999974275182692
-0.29999759342537197,0.29999759342537197
-0.29999774863262546,0.29999774863262546
-0.29999789383009523,0.29999789383009523
-0.29999802966334244,0.29999802966334244
-0.299998156736294,0.299998156736294
-0.2999982756139278,0.2999982756139278
-0.2999983868247845,0.2999983868247845
-0.29999849086331787,0.29999849086331787
-0.29999858819209246,0.29999858819209246
-0.299998679243841,0.299998679243841
-0.29999876442338774,0.29999876442338774
-0.29999884410944866,0.29999884410944866
-0.2999989186563153,0.2999989186563153
-0.29999898839542977,0.29999898839542977
-0.2999990536368584,0.2999990536368584
-0.2999991146706707,0.2999991146706707
-0.2999991717682284,0.2999991717682284
-0.2999992251833924,0.2999992251833924
-0.2999992751536515,0.2999992751536515
-0.2999993219011779,0.2999993219011779
-0.29999936563381535,0.29999936563381535
-0.2999994065460032,0.2999994065460032
-0.2999994448196407,0.2999994448196407
-0.29999948062489595,0.29999948062489595
-0.29999951412096226,0.29999951412096226
-0.2999995454567663,0.2999995454567663
-0.2999995747716299,0.2999995747716299
-0.29999960219588956,0.29999960219588956
-0.299999627851476,0.299999627851476
-0.2999996518524563,0.2999996518524563
-0.2999996743055411,0.2999996743055411
-0.2999996953105587,0.2999996953105587
-0.2999997149608994,0.2999997149608994
-0.2999997333439304,0.2999997333439304
-0.2999997505413843,0.2999997505413843
-0.2999997666297225,0.2999997666297225
-0.2999997816804753,0.2999997816804753
-0.2999997957605597,0.2999997957605597
-0.29999980893257694,0.29999980893257694
-0.2999998212550911,0.2999998212550911
-0.2999998327828892,0.2999998327828892
-0.2999998435672248,0.2999998435672248
-0.29999985365604614,0.29999985365604614
-0.29999986309420895,0.29999986309420895
-0.29999987192367616,0.29999987192367616
-0.29999988018370444,0.29999988018370444
-0.2999998879110186,0.2999998879110186
-0.29999989513997494,0.29999989513997494
-0.29999990190271414,0.29999990190271414
-0.29999990822930384,0.29999990822930384
-0.2999999141478727,0.2999999141478727
-0.2999999196847353,0.2999999196847353
-0.2999999248645088,0.2999999248645088
-0.2999999297102232,0.2999999297102232
-0.2999999342434228,0.2999999342434228
-0.2999999384842627,0.2999999384842627
-0.29999994245159806,0.29999994245159806
-0.299999946163068,0.299999946163068
-0.29999994963517407,0.29999994963517407
-0.29999995288335357,0.29999995288335357
-0.29999995592204814,0.29999995592204814
-0.29999995876476815,0.29999995876476815
-0.2999999614241526,0.2999999614241526
-0.29999996391202527,0.29999996391202527
0.0,0.0
0.0,0.0
0.0,0.0
0.0,0.0
0.0,0.0
0.0,0.0
0.0,0.0
0.0,0.0
0.0,0.0
0.0,0.0
0.0,0.0
0.0,0.0
0.0,0.0
0.0,0.0
0.0,0.0
0.0,0.0
0.0,0.0
0.0,0.0
0.0,0.0
0.0,0.0
0.0,0.0
0.0,0.0
0.0,0.0
0.0,0.0
0.0,0.0
0.0,0.0
0.0,0.0
0.0,0.0
0.0,0.0
0.0,0.0
0.0,0.0
0.0,0.0
0.0,0.0
0.0,0.0
0.0,0.0
0.0,0.0
0.0,0.0
0.0,0.0
0.0,0.0
0.0,0.0
0.0,0.0
0.0,0.0
0.0,0.0
0.0,0.0
0.0,0.0
0.0,0.0
0.0,0.0
0.0,0.0
0.0,0.0
0.0,0.0
0.0,0.0
0.0,0.0
0.0,0.0
0.0,0.0
0.0,0.0
0.0,0.0
0.0,0.0
0.0,0.0
0.0,0.0
0.0,0.0
0.0,0.0
0.0,0.0
0.0,0.0
0.0,0.0
0.0,0.0
0.0,0.0
0.0,0.0
0.0,0.0
0.0,0.0
0.0,0.0
0.0,0.0
0.0,0.0
0.0,0.0
0.0,0.0
0.0,0.0
0.0,0.0
0.0,0.0
0.0,0.0
0.0,0.0
0.0,0.0
0.0,0.0
0.0,0.0
0.0,0.0
0.0,0.0
0.0,0.0
0.0,0.0
0.0,0.0
0.0,0.0
0.0,0.0
0.0,0.0
0.0,0.0
0.0,0.0
0.0,0.0
0.0,0.0
0.0,0.0
0.0,0.0
0.0,0.0
0.0,0.0
0.0,0.0
0.0,0.0
0.0,0.0
0.0,0.0
0.0,0.0
0.0,0.0
0.0,0.0
0.0,0.0
0.0,0.0
0.0,0.0
0.0,0.0
0.0,0.0
0.0,0.0
0.0,0.0
0.0,0.0
0.0,0.0
0.0,0.0
0.0,0.0
0.0,0.0
0.0,0.0
0.0,0.0
0.0,0.0
0.0,0.0
0.0,0.0
0.0,0.0
0.0,0.0
0.0,0.0
0.0,0.0
0.0,0.0
0.0,0.0
0.0,0.0
0.0,0.0
0.0,0.0
0.0,0.0
0.0,0.0
0.0,0.0
0.0,0.0
0.0,0.0
0.0,0.0
0.0,0.0
0.0,0.0
0.0,0.0
0.0,0.0
0.0,0.0
0.0,0.0
0.0,0.0
0.0,0.0
0.0,0.0
0.0,0.0
0.0,0.0
0.0,0.0
0.0,0.0
0.0,0.0
0.0,0.0
0.0,0.0
0.0,0.0
0.0,0.0
0.0,0.0
0.0,0.0
0.0,0.0
0.0,0.0
0.0,0.0
0.0,0.0
0.0,0.0
0.0,0.0
0.0,0.0
0.0,0.0
0.0,0.0
0.0,0.0
0.0,0.0
0.0,0.0
0.0,0.0
0.0,0.0
0.0,0.0
0.0,0.0
0.0,0.0
0.0,0.0
0.0,0.0
0.0,0.0
0.0,0.0
0.0,0.0
0.0,0.0
0.0,-0.0
0.03869580898102933,-0.03869580898102933
0.07489600857423151,-0.07489600857423151
0.1087615481532109,-0.1087615481532109
0.1404429969812108,-0.1404429969812108
0.17008121365572643,-0.17008121365572643
0.1978079723786164,-0.1978079723786164
0.22374654883616635,-0.22374654883616635
0.2480122682939809,-0.2480122682939809
0.27071301834358413,-0.27071301834358413
0.29194972858044477,-0.29194972858044477
0.3118168193461203,-0.3118168193461203
0.33040262152966704,-0.33040262152966704
0.34778976929479083,-0.34778976929479083
0.3640555674788411,-0.3640555674788411
0.3792723352971346,-0.3792723352971346
0.3935077278807526,-0.3935077278807526
0.4068250370773945,-0.4068250370773945
0.41928347285267875,-0.41928347285267875
0.430938426543025,-0.430938426543025
0.44184171713056397,-0.44184171713056397
0.4520418216350361,-0.4520418216350361
0.46158409064702227,-0.46158409064702227
0.47051094996078613,-0.47051094996078613
0.4788620892032068,-0.4788620892032068
0.48667463829746294,-0.48667463829746294
0.49398333254604193,-0.49398333254604193
0.5008206670670481,-0.5008206670670481
0.5072170412704471,-0.5072170412704471
0.513200894016603,-0.513200894016603
0.5187988300580324,-0.5187988300580324
0.5240357383265498,-0.5240357383265498
0.5289349025917177,-0.5289349025917177
0.5335181049825997,-0.5335181049825997
0.5378057228330833,-0.5378057228330833
0.5418168192813569,-0.5418168192813569
0.5455692280263525,-0.5455692280263525
0.5490796326179895,-0.5490796326179895
0.552363640633753,-0.552363640633753
0.5554358530713996,-0.5554358530713996
0.5583099292663191,-0.5583099292663191
0.5609986476221793,-0.5609986476221793
0.5635139624248692,-0.5635139624248692
0.5658670569923391,-0.5658670569923391
0.568068393396647,-0.568068393396647
0.5701277589792816,-0.5701277589792816
0.5720543098665699,-0.5720543098665699
0.573856611678647,-0.573856611678647
0.5755426776129803,-0.5755426776129803
0.5771200040717729,-0.5771200040717729
0.5785956039916486,-0.5785956039916486
0.5799760380238044,-0.5799760380238044
0.5812674437032614,-0.5812674437032614
0.582475562736903,-0.582475562736903
0.5836057665316244,-0.5836057665316244
0.5846630800760955,-0.5846630800760955
0.5856522042823168,-0.5856522042823168
0.5865775368863005,-0.5865775368863005
0.587443192000805,-0.587443192000805
0.5882530184070521,-0.5882530184070521
0.5890106166667595,-0.5890106166667595
0.5897193551305635,-0.5897193551305635
0.5903823849140126,-0.5903823849140126
0.5910026539077133,-0.5910026539077133
0.5915829198839189,-0.5915829198839189
0.5921257627578353,-0.5921257627578353
0.5926335960581589,-0.5926335960581589
0.5931086776578433,-0.5931086776578433
0.5935531198128079,-0.5935531198128079
0.5939688985532199,-0.5939688985532199
0.5943578624691028,-0.5943578624691028
0.5947217409293366,-0.5947217409293366
0.595062151770588,-0.595062151770588
0.595380608490359,-0.595380608490359
0.5956785269761351,-0.5956785269761351
0.5959572318005487,-0.5959572318005487
0.5962179621105496,-0.5962179621105496
0.5964618771367649,-0.5964618771367649
0.5966900613475435,-0.5966900613475435
0.5969035292706009,-0.5969035292706009
0.5971032300037011,-0.5971032300037011
0.5972900514344324,-0.5972900514344324
0.5974648241878351,-0.5974648241878351
0.5976283253194364,-0.5976283253194364
0.5977812817701103,-0.5977812817701103
0.5979243735981211,-0.5979243735981211
0.5980582370027263,-0.5980582370027263
0.5981834671527745,-0.5981834671527745
0.5983006208328812,-0.5983006208328812
0.5984102189189431,-0.5984102189189431
0.5985127486940002,-0.5985127486940002
0.5986086660147397,-0.5986086660147397
0.5986983973382772,-0.5986983973382772
0.5987823416182225,-0.5987823416182225
0.5988608720784648,-0.5988608720784648
0.5989343378725593,-0.5989343378725593
0.5990030656360956,-0.5990030656360956
0.5990673609389494,-0.5990673609389494
0.5991275096438738,-0.5991275096438738
0.5991837791774712,-0.5991837791774712
0.5992364197191961,-0.5992364197191961
0.5992856653136756,-0.5992856653136756
0.5993317349112931,-0.5993317349112931
0.5993748333416619,-0.5993748333416619
0.5994151522243159,-0.5994151522243159
0.5994528708206673,-0.5994528708206673
0.5994881568310196,-0.5994881568310196
0.5995211671401781,-0.5995211671401781
0.5995520485149739,-0.5995520485149739
0.5995809382568029,-0.5995809382568029
0.5996079648120796,-0.5996079648120796
0.5996332483433222,-0.5996332483433222
0.599656901263406,-0.599656901263406
0.5996790287353608,-0.5996790287353608
0.5996997291399356,-0.5996997291399356
0.5997190945130083,-0.5997190945130083
0.5997372109547856,-0.5997372109547856
0.5997541590126121,-0.5997541590126121
0.5997700140390916,-0.5997700140390916
0.599784846527111,-0.599784846527111
0.5997987224232585,-0.5997987224232585
0.5998117034210281,-0.5998117034210281
0.5998238472351142,-0.5998238472351142
0.5998352078580167,-0.5998352078580167
0.5998458358000963,-0.5998458358000963
0.5998557783141483,-0.5998557783141483
0.5998650796054927,-0.5998650796054927
0.5998737810285152,-0.5998737810285152
0.5998819212705324,-0.5998819212705324
0.5998895365237994,-0.5998895365237994
0.5998966606464234,-0.5998966606464234
0.5999033253129005,-0.5999033253129005
0.5999095601549427,-0.5999095601549427
0.5999153928932237,-0.5999153928932237
0.5999208494606275,-0.5999208494606275
0.599925954117548,-0.599925954117548
0.5999307295597532,-0.5999307295597532
0.599935197019293,-0.599935197019293
0.5999393763588977,-0.5999393763588977
0.5999432861602908,-0.5999432861602908
0.599946943806804,-0.599946943806804
0.5999503655606659,-0.5999503655606659
0.5999535666353049,-0.5999535666353049
0.5999565612629892,-0.5999565612629892
0.5999593627581055,-0.5999593627581055
0.5999619835763552,-0.5999619835763552
0.5999644353701344,-0.5999644353701344
0.5999667290403407,-0.5999667290403407
0.59996887478484,-0.59996887478484
0.5999708821438072,-0.5999708821438072
0.5999727600421425,-0.5999727600421425
0.5999745168291524,-0.5999745168291524
0.5999761603156712,-0.5999761603156712
0.5999776978087895,-0.5999776978087895
0.5999791361443411,-0.5999791361443411
0.5999804817172963,-0.5999804817172963
0.5999817405101949,-0.5999817405101949
0.5999829181197442,-0.5999829181197442
0.5999840197817032,-0.5999840197817032
0.5999850503941611,-0.5999850503941611
0.5999860145393142,-0.5999860145393142
0.5999869165038396,-0.5999869165038396
0.5999877602979533,-0.5999877602979533
0.5999885496732406,-0.5999885496732406
0.5999892881393357,-0.5999892881393357
0.5999899789795258,-0.5999899789795258
0.5999906252653493,-0.5999906252653493
0.5999912298702514,-0.5999912298702514
0.5999917954823606,-0.5999917954823606
0.5999923246164395,-0.5999923246164395
0.5999928196250663,-0.5999928196250663
0.5999932827090944,-0.5999932827090944
0.5999937159274373,-0.5999937159274373
0.5999941212062232,-0.5999941212062232
0.5999945003473582,-0.5999945003473582
0.5999948550365384,-0.5999948550365384
0.5999951868507439,-0.5999951868507439
0.5999954972652509,-0.5999954972652509
0.5999957876601905,-0.5999957876601905
0.5999960593266849,-0.5999960593266849
0.599996313472588,-0.599996313472588
0.5999965512278556,-0.5999965512278556
0.599996773649569,-0.599996773649569
0.5999969817266357,-0.5999969817266357
0.5999971763841849,-0.5999971763841849
0.599997358487682,-0.599997358487682
0.5999975288467755,-0.5999975288467755
0.5999976882188973,-0.5999976882188973
0.5999978373126306,-0.5999978373126306
0.5999979767908595,-0.5999979767908595
0.5999981072737168,-0.5999981072737168
0.5999982293413414,-0.5999982293413414
0.5999983435364568,-0.5999983435364568
0.5999984503667848,-0.5999984503667848
0.599998550307303,-0.599998550307303
0.5999986438023558,-0.5999986438023558
0.5999987312676307,-0.5999987312676307
0.5999988130920064,-0.5999988130920064
0.5999988896392814,-0.5999988896392814
0.5999989612497919,-0.5999989612497919
0.5999990282419245,-0.5999990282419245
0.5999990909135327,-0.5999990909135327
0.5999991495432598,-0.5999991495432598
0.5999992043917791,-0.5999992043917791
0.599999255702952,-0.599999255702952
0.5999993037049126,-0.5999993037049126
0.5999993486110822,-0.5999993486110822
0.5999993906211174,-0.5999993906211174
0.5999994299217988,-0.5999994299217988
0.5999994666878607,-0.5999994666878607
0.5999995010827686,-0.5999995010827686
0.599999533259445,-0.599999533259445
0.5999995633609506,-0.5999995633609506
0.5999995915211194,-0.5999995915211194
0.5999996178651539,-0.5999996178651539
0.5999996425101822,-0.5999996425101822
0.5999996655657784,-0.5999996655657784
0.5999996871344496,-0.5999996871344496
0.5999997073120923,-0.5999997073120923
0.5999997261884179,-0.5999997261884179
0.5999997438473523,-0.5999997438473523
0.5999997603674089,-0.5999997603674089
0.5999997758220372,-0.5999997758220372
0.5999997902799499,-0.5999997902799499
0.5999998038054283,-0.5999998038054283
0.5999998164586077,-0.5999998164586077
0.5999998282957454,-0.5999998282957454
0.5999998393694705,-0.5999998393694705
0.5999998497290177,-0.5999998497290177
0.5999998594204464,-0.5999998594204464
0.5999998684868456,-0.5999998684868456
0.5999998769685254,-0.5999998769685254
0.5999998849031961,-0.5999998849031961
0.599999892326136,-0.599999892326136
0.5999998992703481,-0.5999998992703481
0.5999999057667071,-0.5999999057667071
0.5999999118440963,-0.5999999118440963
0.5999999175295363,-0.5999999175295363
0.5999999228483052,-0.5999999228483052
0.5999999278240505,-0.5999999278240505
0.0,0.0
0.0,0.0
0.0,0.0
0.0,0.0
0.0,0.0
0.0,0.0
0.0,0.0
0.0,0.0
0.0,0.0
0.0,0.0
0.0,0.0
0.0,0.0
0.0,0.0
0.0,0.0
0.0,0.0
0.0,0.0
0.0,0.0
0.0,0.0
0.0,0.0
0.0,0.0
0.0,0.0
0.0,0.0
0.0,0.0
0.0,0.0
0.0,0.0
0.0,0.0
0.0,0.0
0.0,0.0
0.0,0.0
0.0,0.0
0.0,0.0
0.0,0.0
0.0,0.0
0.0,0.0
0.0,0.0
0.0,0.0
0.0,0.0
0.0,0.0
0.0,0.0
0.0,0.0
0.0,0.0
0.0,0.0
0.0,0.0
0.0,0.0
0.0,0.0
0.0,0.0
0.0,0.0
0.0,0.0
0.0,0.0
0.0,0.0
0.0,0.0
0.0,0.0
0.0,0.0
0.0,0.0
0.0,0.0
0.0,0.0
0.0,0.0
0.0,0.0
0.0,0.0
0.0,0.0
0.0,0.0
0.0,0.0
0.0,0.0
0.0,0.0
0.0,0.0
0.0,0.0
0.0,0.0
0.0,0.0
0.0,0.0
0.0,0.0
0.0,0.0
0.0,0.0
0.0,0.0
0.0,0.0
0.0,0.0
0.0,0.0
0.0,0.0
0.0,0.0
0.0,0.0
0.0,0.0
0.0,0.0
0.0,0.0
0.0,0.0
0.0,0.0
0.0,0.0
0.0,0.0
0.0,0.0
0.0,0.0
0.0,0.0
0.0,0.0
0.0,0.0
0.0,0.0
0.0,0.0
0.0,0.0
0.0,0.0
0.0,0.0
0.0,0.0
0.0,0.0
0.0,0.0
0.0,0.0
0.0,0.0
0.0,0.0
0.0,0.0
0.0,0.0
0.0,0.0
0.0,0.0
0.0,0.0
0.0,0.0
0.0,0.0
0.0,0.0
0.0,0.0
0.0,0.0
0.0,0.0
0.0,0.0
0.0,0.0
0.0,0.0
0.0,0.0
0.0,0.0
0.0,0.0
0.0,0.0
0.0,0.0
0.0,0.0
0.0,0.0
0.0,0.0
0.0,0.0
0.0,0.0
0.0,0.0
0.0,0.0
0.0,0.0
0.0,0.0
0.0,0.0
0.0,0.0
0.0,0.0
0.0,0.0
0.0,0.0
0.0,0.0
0.0,0.0
0.0,0.0
0.0,0.0
0.0,0.0
0.0,0.0
0.0,0.0
0.0,0.0
0.0,0.0
0.0,0.0
0.0,0.0
0.0,0.0
0.0,0.0
0.0,0.0
0.0,0.0
0.0,0.0
0.0,0.0
0.0,0.0
0.0,0.0
0.0,0.0
0.0,0.0
0.0,0.0
0.0,0.0
0.0,0.0
0.0,0.0
0.0,0.0
0.0,0.0
0.0,0.0
0.0,0.0
0.0,0.0
0.0,0.0
0.0,0.0
0.0,0.0
0.0,0.0
0.0,0.0
0.0,0.0
0.0,0.0
0.0,0.0
0.0,0.0
0.0,0.0
0.0,0.0
0.0,0.0
0.0,0.0
0.0,0.0
0.0,0.0
-0.0,0.0
-0.05159441197470578,0.05159441197470578
-0.09986134476564201,0.09986134476564201
-0.14501539753761455,0.14501539753761455
-0.18725732930828107,0.18725732930828107
-0.2267749515409686,0.2267749515409686
-0.26374396317148857,0.26374396317148857
-0.29832873178155517,0.29832873178155517
-0.33068302439197456,0.33068302439197456
-0.3609506911247789,0.3609506911247789
-0.38926630477392643,0.38926630477392643
-0.4157557591281605,0.4157557591281605
-0.4405368287062228,0.4405368287062228
-0.4637196923930545,0.4637196923930545
-0.4854074233051215,0.4854074233051215
-0.5056964470628461,0.5056964470628461
-0.5246769705076701,0.5246769705076701
-0.5424333827698593,0.5424333827698593
-0.5590446304702383,0.5590446304702383
-0.5745845687240333,0.5745845687240333
-0.5891222895074186,0.5891222895074186
-0.6027224288467149,0.6027224288467149
-0.6154454541960298,0.6154454541960298
-0.6273479332810483,0.6273479332810483
-0.6384827856042757,0.6384827856042757
-0.6488995177299506,0.6488995177299506
-0.6586444433947226,0.6586444433947226
-0.6677608894227308,0.6677608894227308
-0.6762893883605963,0.6762893883605963
-0.684267858688804,0.684267858688804
-0.6917317734107099,0.6917317734107099
-0.6987143177687332,0.6987143177687332
-0.7052465367889571,0.7052465367889571
-0.7113574733101329,0.7113574733101329
-0.7170742971107777,0.7170742971107777
-0.7224224257084759,0.7224224257084759
-0.7274256373684701,0.7274256373684701
-0.732106176823986,0.732106176823986
-0.7364848541783374,0.7364848541783374
-0.7405811374285329,0.7405811374285329
-0.7444132390217588,0.7444132390217588
-0.7479981968295725,0.7479981968295725
-0.7513519498998257,0.7513519498998257
-0.7544894093231188,0.7544894093231188
-0.7574245245288629,0.7574245245288629
-0.7601703453057089,0.7601703453057089
-0.7627390798220933,0.7627390798220933
-0.7651421489048627,0.7651421489048627
-0.7673902368173071,0.7673902368173071
-0.7694933387623639,0.7694933387623639
-0.7714608053221981,0.7714608053221981
-0.7733013840317392,0.7733013840317392
-0.7750232582710153,0.7750232582710153
-0.7766340836492042,0.7766340836492042
-0.7781410220421661,0.7781410220421661
-0.7795507734347941,0.7795507734347941
-0.7808696057097557,0.7808696057097557
-0.7821033825150675,0.7821033825150675
-0.7832575893344067,0.7832575893344067
-0.7843373578760696,0.7843373578760696
-0.7853474888890126,0.7853474888890126
-0.786292473507418,0.786292473507418
-0.7871765132186836,0.7871765132186836
-0.7880035385436179,0.7880035385436179
-0.788777226511892,0.788777226511892
-0.7895010170104473,0.7895010170104473
-0.7901781280775453,0.7901781280775453
-0.7908115702104577,0.7908115702104577
-0.7914041597504106,0.7914041597504106
-0.7919585314042932,0.7919585314042932
-0.7924771499588039,0.7924771499588039
-0.7929623212391156,0.7929623212391156
-0.793416202360784,0.793416202360784
-0.7938408113204788,0.7938408113204788
-0.7942380359681802,0.7942380359681802
-0.7946096424007316,0.7946096424007316
-0.7949572828140662,0.7949572828140662
-0.79528250284902,0.79528250284902
-0.7955867484633914,0.7955867484633914
-0.7958713723608012,0.7958713723608012
-0.7961376400049349,0.7961376400049349
-0.79638673524591,0.79638673524591
-0.7966197655837801,0.7966197655837801
-0.796837767092582,0.796837767092582
-0.7970417090268137,0.7970417090268137
-0.7972324981308283,0.7972324981308283
-0.7974109826703017,0.7974109826703017
-0.7975779562036993,0.7975779562036993
-0.7977341611105082,0.7977341611105082
-0.7978802918919242,0.7978802918919242
-0.7980169982586669,0.7980169982586669
-0.7981448880196531,0.7981448880196531
-0.7982645297843697,0.7982645297843697
-0.7983764554909635,0.7983764554909635
-0.7984811627712866,0.7984811627712866
-0.7985791171634125,0.7985791171634125
-0.7986707541814608,0.7986707541814608
-0.7987564812519325,0.7987564812519325
-0.7988366795251651,0.7988366795251651
-0.7989117055699617,0.7989117055699617
-0.7989818929589282,0.7989818929589282
-0.7990475537515674,0.7990475537515674
-0.7991089798817241,0.7991089798817241
-0.7991664444555493,0.7991664444555493
-0.7992202029657545,0.7992202029657545
-0.7992704944275565,0.7992704944275565
-0.7993175424413596,0.7993175424413596
-0.7993615561869043,0.7993615561869043
-0.7994027313532986,0.7994027313532986
-0.7994412510090706,0.7994412510090706
-0.7994772864161062,0.7994772864161062
-0.7995109977910964,0.7995109977910964
-0.7995425350178748,0.7995425350178748
-0.7995720383138145,0.7995720383138145
-0.7995996388532476,0.7995996388532476
-0.7996254593506777,0.7996254593506777
-0.7996496146063808,0.7996496146063808
-0.7996722120168163,0.7996722120168163
-0.7996933520521221,0.7996933520521221
-0.7997131287028147,0.7997131287028147
0.24,-0.8
0.24,-0.8
0.24,-0.8
0.24,-0.8
0.24,-0.8
0.24,-0.8
0.24,-0.8
0.24,-0.8
0.24,-0.8
0.24,-0.8
0.24,-0.8
0.24,-0.8
0.24,-0.8
0.24,-0.8
0.24,-0.8
0.24,-0.8
0.24,-0.8
0.24,-0.8
0.24,-0.8
0.24,-0.8
0.24,-0.8
0.24,-0.8
0.24,-0.8
0.24,-0.8
0.24,-0.8
0.24,-0.8
0.24,-0.8
0.24,-0.8
0.24,-0.8
0.24,-0.8
0.24,-0.8
0.24,-0.8
0.24,-0.8
0.24,-0.8
0.24,-0.8
0.24,-0.8
0.24,-0.8
0.24,-0.8
0.24,-0.8
0.24,-0.8
0.24,-0.8
0.24,-0.8
0.24,-0.8
0.24,-0.8
0.24,-0.8
0.24,-0.8
0.24,-0.8
0.24,-0.8
0.24,-0.8
0.24,-0.8
0.24,-0.8
0.24,-0.8
0.24,-0.8
0.24,-0.8
0.24,-0.8
0.24,-0.8
0.24,-0.8
0.24,-0.8
0.24,-0.8
0.24,-0.8
0.24,-0.8
0.24,-0.8
0.24,-0.8
0.24,-0.8
0.24,-0.8
0.24,-0.8
0.24,-0.8
0.24,-0.8
0.24,-0.8
0.24,-0.8
0.24,-0.8
0.24,-0.8
0.24,-0.8
0.24,-0.8
0.24,-0.8
0.24,-0.8
0.24,-0.8
0.24,-0.8
0.24,-0.8
0.24,-0.8
0.24,-0.8
0.24,-0.8
0.24,-0.8
0.24,-0.8
0.24,-0.8
0.24,-0.8
0.24,-0.8
0.24,-0.8
0.24,-0.8
0.24,-0.8
-0.8,-0.8
-0.8,-0.8
-0.8,-0.8
-0.8,-0.8
-0.8,-0.8
-0.8,-0.8
-0.8,-0.8
-0.8,-0.8
-0.8,-0.8
-0.8,-0.8
-0.8,-0.48
-0.8,-0.48
-0.8,-0.48
-0.8,-0.48
-0.8,-0.48
-0.8,-0.48
-0.8,-0.48
-0.8,-0.48
-0.8,-0.48
-0.8,-0.48
-0.8,-0.48
-0.8,-0.48
-0.8,-0.48
-0.8,-0.48
-0.8,-0.48
-0.8,-0.48
-0.8,-0.48
-0.8,-0.48
-0.8,-0.48
-0.8,-0.48
-0.8,-0.48
-0.8,-0.48
-0.8,-0.48
-0.8,-0.48
-0.8,-0.48
-0.8,-0.48
-0.8,-0.48
-0.8,-0.48
-0.8,-0.48
-0.8,-0.48
-0.8,-0.48
-0.8,-0.48
-0.8,-0.48
-0.8,-0.48
-0.8,-0.48
-0.8,-0.48
-0.8,-0.48
-0.8,-0.48
-0.8,-0.48
-0.8,-0.48
-0.8,-0.48
-0.8,-0.48
-0.8,-0.48
-0.8,-0.48
-0.8,-0.48
-0.8,-0.48
-0.8,-0.48
-0.8,-0.48
-0.8,-0.48
-0.8,-0.48
-0.8,-0.48
-0.8,-0.48
-0.8,-0.48
-0.8,-0.48
-0.8,-0.48
-0.8,-0.48
-0.8,-0.48
-0.8,-0.48
-0.8,-0.48
-0.8,-0.48
-0.8,-0.48
-0.8,-0.48
-0.8,-0.48
-0.8,-0.48
-0.8,-0.48
-0.8,-0.48
-0.8,-0.48
-0.8,-0.48
-0.8,-0.48
-0.8,-0.48
-0.8,-0.48
-0.8,-0.48
-0.8,-0.48
-0.8,-0.48
-0.8,-0.48
-0.8,-0.48
-0.8,-0.48
-0.8,-0.48
-0.8,-0.48
-0.8,-0.48
-0.8,-0.48
-0.8,-0.48
-0.8,-0.48
-0.8,-0.48
-0.8,-0.48
-0.8,-0.48
-0.8,-0.48
-0.8,-0.48
-0.8,-0.48
-0.8,-0.48
-0.8,-0.48
-0.8,-0.48
-0.8,-0.48
-0.8,-0.48
-0.8,-0.48
-0.8,-0.48
-0.8,-0.48
-0.8,-0.48
-0.8,-0.48
-0.8,-0.48
-0.8,-0.48
-0.8,-0.48
-0.8,-0.48
-0.8,-0.48
-0.8,-0.48
-0.8,-0.48
-0.8,-0.48
-0.8,-0.48
-0.8,-0.48
-0.8,-0.24
-0.8,-0.24
-0.8,-0.24
-0.8,-0.24
-0.8,-0.24
-0.8,-0.24
-0.8,-0.24
-0.8,-0.24
-0.8,-0.24
-0.8,-0.24
-0.8,-0.24
-0.8,-0.24
-0.8,-0.24
-0.8,-0.24
-0.8,-0.24
-0.8,-0.24
-0.8,-0.24
-0.8,-0.24
-0.8,-0.24
-0.8,-0.24
-0.8,-0.24
-0.8,-0.24
-0.8,-0.24
-0.8,-0.24
-0.8,-0.24
-0.8,-0.24
-0.8,-0.24
-0.8,-0.24
-0.8,-0.24
-0.8,-0.24
-0.8,-0.24
-0.8,-0.24
-0.8,-0.24
-0.8,-0.24
-0.8,-0.24
-0.8,-0.24
-0.8,-0.24
-0.8,-0.24
-0.8,-0.24
-0.8,-0.24
-0.8,-0.24
-0.8,-0.24
-0.8,-0.24
-0.8,-0.24
-0.8,-0.24
-0.8,-0.24
-0.8,-0.24
-0.8,-0.24
-0.8,-0.24
-0.8,-0.24
-0.8,-0.24
-0.8,-0.24
-0.8,-0.24
-0.8,-0.24
-0.8,-0.24
-0.8,-0.24
-0.8,-0.24
-0.8,-0.24
-0.8,-0.24
0.8,-0.24
0.8,-0.24
0.8,-0.24
0.8,-0.24
0.8,-0.24
0.8,-0.24
0.8,-0.24
0.8,-0.24
0.8,-0.24
0.8,-0.24
0.8,-0.24
0.8,-0.24
0.8,-0.24
0.8,-0.24
0.8,-0.24
0.8,-0.24
0.8,-0.24
0.8,-0.24
0.8,-0.24
0.8,-0.24
0.8,-0.24
0.8,-0.24
0.8,-0.24
0.8,-0.24
0.8,-0.24
0.8,-0.24
0.8,-0.24
0.8,-0.24
0.8,-0.24
0.8,-0.24
0.8,-0.24
0.8,-0.24
0.8,-0.24
0.8,-0.24
0.8,-0.24
0.8,-0.24
0.8,-0.24
0.8,-0.24
0.8,-0.24
0.8,-0.24
0.8,0.8
0.8,0.8
0.8,0.8
0.8,0.8
0.8,0.8
0.8,0.8
0.8,0.8
0.8,0.8
0.8,0.8
0.8,0.8
0.8,0.8
0.8,0.8
0.8,0.8
0.8,0.8
0.8,0.8
0.8,0.8
0.8,0.8
0.8,0.8
0.8,0.8
0.8,0.8
0.8,0.8
0.8,0.8
0.8,0.8
0.8,0.8
0.8,0.8
0.8,0.8
0.8,0.8
0.8,0.8
0.8,0.8
0.8,0.8
0.8,0.8
0.8,0.8
0.8,0.8
0.8,0.8
0.8,0.8
0.8,0.8
0.24,0.8
0.24,0.8
0.24,0.8
0.24,0.8
0.24,0.8
0.24,0.8
0.24,0.8
0.24,0.8
0.24,0.8
0.24,0.8
0.24,0.8
0.24,0.8
0.24,0.8
0.24,0.8
0.24,0.8
0.24,0.8
0.24,0.8
0.24,0.8
0.24,0.8
0.24,0.8
0.24,0.8
0.24,0.8
0.24,0.8
0.24,0.8
0.24,0.8
0.24,0.8
0.24,0.8
0.24,0.8
0.24,0.8
0.24,-0.8
0.24,-0.8
0.24,-0.8
0.24,-0.8
0.24,-0.8
0.24,-0.8
0.24,-0.8
0.24,-0.8
0.24,-0.8
0.24,-0.8
0.24,-0.8
0.24,-0.8
0.24,-0.8
0.24,-0.8
0.24,-0.8
0.24,-0.8
0.24,-0.8
0.24,-0.8
0.24,-0.8
0.24,-0.8
0.24,-0.8
0.24,-0.8
0.24,-0.8
0.24,-0.8
0.24,-0.8
0.24,-0.8
0.24,-0.8
0.24,-0.8
0.24,-0.8
0.24,-0.8
0.24,-0.8
0.24,-0.8
0.24,-0.8
0.24,-0.8
0.24,-0.8
0.24,-0.8
0.24,-0.8
0.24,-0.8
0.24,-0.8
0.24,-0.8
0.24,-0.8
0.24,-0.8
0.24,-0.8
0.24,-0.8
0.24,-0.8
0.24,-0.8
0.24,-0.8
0.24,-0.8
0.24,-0.8
0.24,-0.8
0.24,-0.8
0.24,-0.8
0.24,-0.8
0.24,-0.8
0.24,-0.8
0.24,-0.8
0.24,-0.8
0.24,-0.8
-0.48,-0.8
-0.48,-0.8
-0.48,-0.8
-0.48,-0.8
-0.48,-0.8
-0.48,-0.8
-0.48,-0.8
-0.48,-0.8
-0.48,-0.8
-0.48,-0.8
-0.48,-0.8
-0.48,-0.8
-0.48,-0.8
-0.48,-0.8
-0.48,-0.8
-0.48,-0.8
-0.48,-0.8
-0.48,-0.8
-0.48,-0.8
-0.48,-0.8
-0.48,-0.8
-0.48,-0.8
-0.48,-0.8
-0.48,-0.8
-0.48,-0.8
-0.48,-0.8
-0.48,-0.8
-0.48,-0.8
-0.48,-0.8
-0.48,-0.8
-0.48,-0.8
-0.48,-0.8
-0.48,-0.8
-0.48,-0.8
-0.48,0.8
-0.48,0.8
-0.48,0.8
-0.48,0.8
-0.48,0.8
-0.48,0.8
-0.48,0.8
-0.48,0.8
-0.48,0.8
-0.48,0.8
-0.48,0.8
-0.48,0.8
-0.48,0.8
-0.48,0.8
-0.48,0.8
-0.48,0.8
-0.48,0.8
-0.48,0.8
-0.48,0.8
-0.48,0.8
-0.48,0.8
-0.48,0.8
-0.48,0.8
-0.48,0.8
-0.48,0.8
-0.48,0.8
-0.48,0.8
-0.48,0.8
-0.48,0.8
-0.48,0.8
-0.48,0.8
-0.48,0.8
-0.48,0.8
-0.48,0.8
-0.48,0.8
-0.48,0.8
-0.48,0.8
-0.48,0.8
-0.48,0.8
-0.48,0.8
-0.48,0.8
-0.48,0.8
-0.48,0.8
-0.48,0.8
-0.48,0.8
-0.48,0.8
-0.48,0.8
-0.48,0.8
-0.48,0.8
-0.48,0.8
-0.48,0.8
-0.48,0.8
-0.48,0.8
-0.48,0.8
-0.48,0.8
-0.48,0.8
-0.48,0.8
-0.48,0.8
-0.48,0.8
-0.48,0.8
-0.48,0.8
-0.48,0.8
-0.48,0.8
-0.48,0.8
-0.48,0.8
-0.48,0.8
-0.48,0.8
-0.48,0.8
-0.48,0.8
-0.48,0.8
-0.48,0.8
-0.48,0.8
-0.48,0.8
-0.48,0.8
-0.48,0.8
-0.48,0.8
-0.48,0.8
-0.48,0.8
-0.48,0.8
-0.48,0.8
-0.48,0.8
-0.48,0.8
-0.48,0.8
0.48,0.8
0.48,0.8
0.48,0.8
0.48,0.8
0.48,0.8
0.48,0.8
0.48,0.8
0.48,0.8
0.48,0.8
0.48,0.8
0.48,0.8
0.48,0.8
0.48,0.8
0.48,0.8
0.48,0.8
0.48,0.8
0.48,0.8
0.48,0.8
0.48,0.8
0.48,0.8
0.48,0.8
0.48,0.8
0.48,0.8
0.48,0.8
0.48,0.8
0.48,0.8
0.48,0.8
0.48,0.8
0.48,0.8
0.48,0.8
0.48,0.8
0.48,0.8
0.48,0.8
0.48,0.8
0.48,0.8
0.48,0.8
0.48,-0.8
0.48,-0.8
0.48,-0.8
0.48,-0.8
0.48,-0.8
0.48,-0.8
0.48,-0.8
0.48,-0.8
0.48,-0.8
0.48,-0.8
0.48,-0.8
0.48,-0.8
0.48,-0.8
0.48,-0.8
0.48,-0.8
0.48,-0.8
0.48,-0.8
0.48,-0.8
0.48,-0.8
0.48,-0.8
0.48,-0.8
0.48,-0.8
0.48,-0.8
0.48,-0.8
0.48,-0.8
0.48,-0.8
0.48,-0.8
0.48,-0.8
0.48,-0.8
0.48,-0.8
0.48,-0.8
0.48,-0.8
0.48,-0.8
0.48,-0.8
0.48,-0.8
0.48,-0.8
0.48,-0.8
0.48,-0.8
0.48,-0.8
0.48,-0.8
0.48,-0.8
0.48,-0.8
0.48,-0.8
0.48,-0.8
0.48,-0.8
0.48,-0.8
0.48,-0.8
0.48,-0.8
0.48,-0.8
0.48,-0.8
0.48,-0.8
0.48,-0.8
0.48,-0.8
0.48,-0.8
0.48,-0.8
0.48,-0.8
0.48,-0.8
0.48,-0.8
0.48,-0.8
0.48,-0.8
0.48,-0.8
0.48,-0.24
0.48,-0.24
0.48,-0.24
0.48,-0.24
0.48,-0.24
0.48,-0.24
0.48,-0.24
0.48,-0.24
0.48,-0.24
0.48,-0.24
0.48,-0.24
0.48,-0.24
0.48,-0.24
-0.48,-0.24
-0.48,-0.24
-0.48,-0.24
-0.48,-0.24
-0.48,-0.24
-0.48,-0.24
-0.48,-0.24
-0.48,-0.24
-0.48,-0.24
-0.48,-0.24
-0.48,-0.24
-0.48,-0.24
-0.48,-0.24
-0.48,-0.24
-0.48,-0.24
-0.48,-0.24
-0.48,-0.24
-0.48,-0.24
-0.48,-0.24
-0.48,-0.24
-0.48,-0.24
-0.48,-0.24
-0.48,-0.24
-0.48,-0.24
-0.48,-0.24
-0.48,-0.24
-0.48,-0.24
-0.48,-0.24
-0.48,-0.24
-0.48,-0.24
-0.48,-0.24
-0.48,-0.24
-0.48,-0.24
-0.48,-0.24
-0.48,-0.24
-0.48,-0.24
-0.48,-0.24
-0.48,-0.24
-0.48,-0.24
-0.48,-0.24
-0.48,-0.24
-0.48,-0.24
-0.48,-0.24
-0.48,-0.24
-0.48,-0.24
-0.48,-0.24
-0.48,-0.24
-0.48,-0.24
-0.48,-0.24
-0.48,-0.24
-0.48,-0.24
-0.48,-0.24
-0.48,-0.24
-0.48,0.48
-0.48,0.48
-0.48,0.48
-0.48,0.48
-0.48,0.48
-0.48,0.48
-0.48,0.48
-0.48,0.48
-0.48,0.48
-0.48,0.48
-0.48,0.48
-0.48,0.48
-0.48,0.48
-0.48,0.48
-0.48,0.48
-0.48,0.48
-0.48,0.48
-0.48,0.48
-0.48,0.48
-0.48,0.48
-0.48,0.48
-0.48,0.48
-0.48,0.48
-0.48,0.48
-0.48,0.48
-0.48,0.48
-0.48,0.48
-0.48,0.48
-0.48,0.48
-0.24,0.48
-0.24,0.48
-0.24,0.48
-0.24,0.48
-0.24,0.48
-0.24,0.48
-0.24,0.48
-0.24,0.48
-0.24,0.48
-0.24,0.48
-0.24,0.48
-0.24,0.48
-0.24,0.48
-0.24,0.48
-0.24,0.48
-0.24,0.48
-0.24,0.48
-0.24,0.48
-0.24,0.48
-0.24,0.48
-0.24,0.48
-0.24,0.48
-0.24,0.48
-0.24,0.48
-0.24,0.48
-0.24,0.48
-0.24,0.48
-0.24,0.48
-0.24,0.48
-0.24,0.48
-0.24,0.48
-0.24,0.48
-0.24,0.48
-0.24,0.48
-0.24,0.48
-0.24,0.48
-0.24,0.48
-0.24,0.48
-0.24,0.48
-0.24,0.48
-0.24,0.48
-0.24,0.48
-0.24,0.48
-0.24,0.48
-0.24,0.48
-0.24,0.48
-0.24,0.48
-0.24,0.48
-0.24,0.48
-0.24,0.48
-0.24,0.48
-0.24,0.48
-0.24,0.48
-0.24,0.48
-0.24,0.48
-0.24,0.24
-0.24,0.24
-0.24,0.24
-0.24,0.24
-0.24,0.24
-0.24,0.24
-0.24,0.24
-0.24,0.24
-0.24,0.24
-0.24,0.24
-0.24,0.24
-0.24,0.24
-0.24,0.24
-0.24,0.24
-0.24,0.24
-0.24,0.24
-0.24,0.24
-0.24,0.24
-0.24,0.24
-0.24,0.24
-0.24,0.24
-0.24,0.24
-0.24,0.24
-0.24,0.24
-0.24,0.24
-0.24,0.24
-0.24,0.24
-0.24,0.24
-0.24,0.24
-0.24,0.24
-0.24,0.24
-0.24,0.24
-0.24,0.24
-0.24,0.24
-0.24,0.24
-0.24,0.24
-0.24,0.24
-0.24,0.24
-0.24,0.24
-0.24,0.24
-0.24,0.24
-0.24,0.24
-0.24,0.24
-0.24,0.24
-0.24,0.24
-0.24,0.24
-0.24,0.24
-0.24,0.24
-0.24,0.24
-0.24,0.24
-0.24,0.24
-0.24,0.24
-0.24,0.24
-0.24,0.24
-0.24,0.24
-0.24,0.24
-0.24,0.24
-0.24,0.24
-0.24,0.24
-0.24,0.24
-0.24,0.24
-0.24,0.24
-0.24,0.24
-0.24,0.24
-0.24,0.24
-0.24,0.24
-0.24,0.24
-0.24,0.24
-0.24,0.24
-0.24,0.24
-0.24,0.24
-0.24,0.24
-0.24,0.24
-0.24,0.24
-0.24,0.24
-0.24,0.24
-0.24,0.24
-0.24,0.24
-0.24,0.24
-0.24,0.24
-0.24,0.24
-0.24,0.24
-0.24,0.24
-0.24,0.24
-0.24,0.24
-0.24,0.24
-0.24,0.24
-0.24,0.24
-0.24,0.24
-0.24,0.24
-0.24,0.24
-0.24,0.24
-0.24,0.24
-0.24,0.24
-0.24,0.24
-0.24,0.24
-0.24,0.24
-0.24,0.24
-0.24,0.24
-0.24,0.24
-0.24,0.24
-0.24,0.24
-0.24,0.24
-0.24,0.24
-0.24,0.8
-0.24,0.8
-0.24,0.8
-0.24,0.8
-0.24,0.8
-0.24,0.8
-0.24,0.8
-0.24,0.8
-0.24,0.8
-0.24,0.8
-0.24,0.8
-0.24,0.8
-0.24,0.8
-0.24,0.8
-0.24,0.8
0.8,0.8
0.8,0.8
0.8,0.8
0.8,0.8
0.8,0.8
0.8,0.8
0.8,0.8
0.8,0.8
0.8,0.8
0.8,0.8
0.8,0.8
0.8,0.8
0.8,0.8
0.8,0.8
0.8,0.8
0.8,0.8
0.8,0.8
0.8,0.8
0.8,0.8
0.8,0.8
0.8,0.8
0.8,0.8
0.8,0.8
0.8,0.8
0.8,0.8
0.8,0.8
0.8,0.8
0.8,0.8
0.8,0.8
0.8,0.8
0.8,0.8
0.8,0.8
0.8,0.8
0.8,0.8
0.8,0.8
0.8,0.8
0.8,0.8
0.8,0.8
0.8,0.8
0.8,0.8
0.8,0.8
0.8,0.8
0.8,0.8
0.8,0.8
0.8,0.8
0.8,0.8
0.8,0.8
0.8,0.8
0.8,0.8
0.8,0.8
0.8,0.8
0.8,0.8
0.8,0.8
0.8,0.8
0.8,0.8
0.8,0.8
0.8,0.8
0.8,0.8
0.8,0.8
0.8,0.8
0.8,0.8
0.8,0.8
0.8,0.8
0.8,0.8
0.8,0.8
0.8,0.8
0.8,0.8
0.8,0.8
0.8,0.8
0.8,0.8
0.8,0.8
0.8,-0.24
0.8,-0.24
0.8,-0.24
0.8,-0.24
0.8,-0.24
0.8,-0.24
0.8,-0.24
0.8,-0.24
0.8,-0.24
0.8,-0.24
0.8,-0.24
0.8,-0.24
0.8,-0.24
0.8,-0.24
0.8,-0.24
0.8,-0.24
0.8,-0.24
0.8,-0.24
0.8,-0.24
0.8,-0.24
0.8,-0.24
0.8,-0.24
0.8,-0.24
0.8,-0.24
0.8,-0.24
0.8,-0.24
0.8,-0.24
0.8,-0.24
0.8,-0.24
0.8,-0.24
0.8,-0.24
0.8,-0.24
0.8,-0.24
0.8,-0.24
0.8,-0.24
0.8,-0.24
0.8,-0.24
0.8,-0.24
0.8,-0.24
0.8,-0.24
0.8,-0.24
0.8,-0.24
0.8,-0.24
0.8,-0.24
0.8,-0.24
0.8,-0.24
0.8,-0.24
0.8,-0.24
0.8,-0.24
0.8,-0.24
0.8,-0.24
0.8,-0.24
0.8,-0.24
0.8,-0.24
0.8,-0.24
0.8,-0.24
0.8,-0.24
0.8,-0.24
0.8,-0.24
0.8,-0.24
0.8,-0.24
0.8,-0.24
0.8,-0.24
0.8,-0.24
0.8,-0.24
0.8,-0.24
0.8,-0.24
0.8,-0.24
0.8,-0.24
0.8,-0.24
0.8,-0.24
0.8,-0.24
0.8,-0.24
0.8,-0.24
0.8,-0.24
0.8,-0.24
0.8,-0.24
0.8,-0.24
0.8,-0.24
0.8,-0.24
-0.48,-0.24
-0.48,-0.24
-0.48,0.8
-0.48,0.8
-0.48,0.8
-0.48,0.8
-0.48,0.8
-0.48,0.8
-0.48,0.8
-0.48,0.8
-0.48,0.8
-0.48,0.8
-0.48,0.8
-0.48,0.8
-0.48,0.8
-0.48,0.8
-0.48,0.8
-0.48,0.8
-0.48,0.8
-0.48,0.8
-0.48,0.8
-0.48,0.8
-0.48,0.8
-0.48,0.8
-0.48,0.8
-0.48,0.8
-0.48,0.8
-0.48,0.8
-0.48,0.8
-0.48,0.8
-0.48,0.8
-0.48,0.8
-0.48,0.8
-0.48,0.8
-0.48,0.8
-0.48,0.8
-0.48,0.8
-0.48,0.8
-0.48,0.8
-0.48,0.8
-0.48,0.8
-0.48,0.8
-0.48,0.8
-0.48,0.8
-0.48,0.8
-0.48,0.8
-0.48,0.8
-0.48,0.8
-0.48,0.8
-0.48,0.8
-0.48,0.8
-0.48,0.8
-0.48,0.8
-0.48,0.8
-0.48,0.8
-0.48,0.8
-0.48,0.8
-0.48,0.8
-0.48,0.8
-0.48,0.8
-0.48,0.8
-0.48,0.8
-0.48,0.8
-0.48,0.8
-0.48,0.8
-0.48,0.8
-0.48,0.8
-0.48,0.8
-0.48,0.8
-0.48,0.8
-0.48,0.8
-0.48,0.8
-0.48,0.8
-0.48,0.8
-0.48,0.8
-0.48,0.8
-0.48,0.8
-0.48,0.8
-0.48,0.8
-0.48,0.8
-0.48,0.8
-0.48,0.8
-0.48,0.8
-0.48,0.8
-0.48,0.8
-0.48,0.8
-0.48,0.8
-0.48,0.8
-0.48,0.8
-0.48,0.8
-0.48,0.8
-0.48,0.8
-0.48,0.8
-0.48,0.8
-0.48,0.8
-0.48,0.8
-0.48,0.8
-0.48,0.8
-0.48,0.8
-0.48,0.8
-0.48,0.8
-0.48,0.8
-0.48,0.8
-0.48,0.8
-0.48,0.8
-0.48,0.8
-0.48,0.8
-0.48,0.8
-0.48,0.8
-0.48,0.8
-0.48,0.8
-0.48,0.8
-0.48,0.8
-0.48,0.8
-0.48,0.8
-0.48,0.8
-0.48,0.8
-0.48,0.8
-0.48,0.8
-0.48,0.8
-0.48,0.8
-0.48,0.8
-0.48,0.8
-0.48,0.8
-0.48,0.8
-0.48,0.8
-0.48,0.8
-0.48,0.8
-0.48,0.8
-0.48,0.8
-0.48,0.8
-0.48,0.8
-0.48,0.8
-0.48,0.8
-0.48,0.8
-0.48,0.8
-0.48,0.8
-0.48,0.8
-0.48,0.8
-0.48,0.8
-0.48,0.8
-0.48,0.8
-0.48,0.8
-0.48,0.8
-0.48,0.8
-0.48,0.8
-0.48,0.8
-0.48,0.8
-0.48,0.8
-0.48,0.8
-0.48,0.8
-0.48,0.8
-0.48,0.8
-0.48,0.8
-0.48,0.8
-0.48,0.8
-0.48,0.8
-0.48,0.8
-0.48,0.8
-0.48,0.8
-0.48,0.8
-0.48,0.8
-0.48,0.8
-0.48,0.8
-0.48,0.8
-0.48,0.8
-0.48,0.8
-0.48,0.8
-0.48,0.8
-0.48,0.8
-0.48,0.8
-0.48,0.8
-0.48,0.8
-0.48,0.8
-0.48,0.8
-0.48,0.8
-0.48,0.8
-0.24,0.8
-0.24,0.8
-0.24,0.8
-0.24,0.8
-0.24,0.8
-0.24,0.8
-0.24,0.8
-0.24,0.8
-0.24,0.8
-0.24,0.8
-0.24,0.8
-0.24,0.8
-0.24,0.8
-0.24,0.8
-0.24,0.8
-0.24,0.8
-0.24,0.8
-0.24,0.8
-0.24,0.8
-0.24,0.8
-0.24,0.8
-0.24,0.8
-0.24,0.8
-0.24,0.8
-0.24,0.8
-0.24,0.8
-0.24,0.8
-0.24,0.8
-0.24,0.48
-0.24,0.48
-0.24,0.48
-0.24,0.48
-0.24,0.48
-0.24,0.48
-0.24,0.48
-0.24,0.48
-0.24,0.48
-0.24,0.48
-0.24,0.48
-0.24,0.48
-0.24,0.48
-0.24,0.48
-0.24,0.48
-0.24,0.48
-0.24,0.48
-0.24,0.48
-0.24,0.48
-0.24,0.48
-0.24,0.48
-0.24,0.48
-0.24,0.48
-0.24,0.48
-0.24,0.48
-0.24,0.48
-0.24,0.48
-0.24,0.48
-0.24,0.48
-0.24,0.48
-0.24,0.48
-0.24,0.48
-0.24,0.48
-0.24,0.48
-0.24,0.48
-0.24,0.48
-0.24,0.48
-0.24,0.48
-0.24,0.48
-0.24,0.48
-0.24,0.48
-0.24,0.48
-0.24,0.48
-0.24,0.48
-0.24,0.48
-0.24,0.48
-0.24,0.48
-0.24,0.48
-0.24,0.48
-0.24,0.48
-0.24,0.48
-0.24,0.48
-0.24,0.48
-0.24,0.48
-0.24,0.48
-0.24,0.48
-0.24,0.48
-0.24,0.48
-0.24,0.48
-0.24,0.48
-0.24,0.48
-0.24,0.48
-0.24,0.48
-0.24,0.48
-0.24,0.48
-0.24,0.48
-0.24,0.48
-0.24,0.48
-0.24,0.48
-0.24,0.48
-0.24,0.48
-0.24,0.48
-0.24,0.48
-0.24,0.48
-0.24,0.48
-0.24,0.48
-0.24,0.48
-0.24,0.48
-0.24,0.48
-0.24,0.48
-0.24,0.48
-0.24,0.48
-0.24,0.48
-0.24,0.48
-0.24,0.48
-0.8,0.48
-0.8,0.48
-0.8,0.48
-0.8,0.48
-0.8,0.48
-0.8,0.48
-0.8,0.48
-0.8,0.48
-0.8,0.48
-0.8,0.48
-0.8,-0.8
-0.8,-0.8
-0.8,-0.8
-0.8,-0.8
-0.8,-0.8
-0.8,-0.8
-0.8,-0.8
-0.8,-0.8
-0.8,-0.8
-0.8,-0.8
-0.8,-0.8
-0.8,-0.8
-0.8,-0.8
-0.8,-0.8
-0.8,-0.8
-0.8,-0.8
-0.8,-0.8
-0.8,-0.8
-0.8,-0.8
-0.8,-0.8
-0.8,-0.8
-0.8,-0.8
-0.8,-0.8
-0.8,-0.8
-0.8,-0.8
-0.8,-0.8
-0.8,-0.8
-0.8,-0.8
-0.8,-0.8
-0.8,-0.8
-0.8,-0.8
-0.8,-0.8
-0.8,-0.8
-0.8,-0.8
-0.8,-0.8
-0.8,-0.8
-0.8,-0.8
-0.8,-0.8
-0.8,-0.8
-0.8,-0.8
-0.8,-0.8
-0.8,-0.8
-0.8,-0.8
-0.8,-0.8
-0.8,-0.8
-0.8,-0.8
-0.8,-0.8
-0.8,-0.8
-0.8,-0.8
-0.8,-0.8
-0.8,-0.8
-0.8,-0.8
-0.8,-0.8
-0.8,-0.8
-0.8,-0.8
-0.8,-0.8
-0.8,-0.8
-0.8,-0.8
-0.8,-0.8
-0.8,-0.8
-0.8,-0.8
-0.8,-0.8
-0.8,-0.8
-0.8,-0.8
-0.8,-0.8
-0.8,-0.8
-0.8,-0.8
-0.8,-0.8
-0.8,-0.8
-0.8,-0.8
-0.8,-0.8
-0.8,-0.8
-0.8,-0.8
-0.8,-0.8
-0.8,-0.8
-0.8,-0.8
-0.8,-0.8
-0.48,-0.8
-0.48,-0.8
-0.48,-0.8
-0.48,-0.8
-0.48,-0.8
-0.48,-0.8
-0.48,-0.8
-0.48,0.48
-0.48,0.48
-0.48,0.48
-0.48,0.48
-0.48,0.48
-0.48,0.48
-0.48,0.48
-0.48,0.48
-0.48,0.48
-0.48,0.48
-0.48,0.48
-0.48,0.48
-0.48,0.48
-0.48,0.48
-0.48,0.48
-0.48,0.48
-0.48,0.48
-0.48,0.48
-0.48,0.48
-0.48,0.48
-0.48,0.48
-0.48,0.48
-0.48,0.48
-0.48,0.48
-0.48,0.48
-0.48,0.48
-0.48,0.48
-0.48,0.48
-0.48,0.48
-0.48,0.48
-0.48,0.48
-0.48,0.48
-0.48,0.48
-0.48,0.48
-0.48,0.48
-0.48,0.48
-0.48,0.48
-0.48,0.48
-0.48,0.48
-0.48,0.48
-0.48,0.48
-0.48,0.48
-0.48,0.48
-0.48,0.48
-0.48,0.48
-0.48,0.48
-0.48,0.48
-0.48,0.48
-0.48,0.48
-0.48,0.48
-0.48,0.48
-0.48,0.48
-0.48,0.48
-0.48,0.48
-0.48,0.48
-0.48,0.48
-0.48,0.48
-0.48,0.48
-0.48,0.48
-0.48,0.48
-0.48,0.48
-0.48,0.48
-0.48,0.48
-0.48,0.48
-0.48,0.48
-0.48,0.48
-0.48,0.48
-0.48,0.48
-0.48,0.48
-0.48,0.48
-0.48,0.48
-0.48,0.48
-0.48,0.48
-0.48,0.48
-0.48,0.48
-0.48,0.48
-0.48,0.48
-0.48,0.48
0.8,0.48
0.8,0.48
0.8,0.48
0.8,0.48
0.8,0.48
0.8,0.48
0.8,0.48
0.8,0.48
0.8,0.48
0.8,0.48
0.8,0.48
0.8,0.48
0.8,0.48
0.8,0.48
0.8,0.48
0.8,0.48
0.8,0.48
0.8,0.8
0.8,0.8
0.8,0.8
0.8,0.8
0.8,0.8
0.8,0.8
0.8,0.8
0.8,0.8
0.8,0.8
0.8,0.8
0.8,0.8
0.8,0.8
0.8,0.8
0.8,0.8
0.8,0.8
0.8,0.8
0.8,0.8
0.8,0.8
0.8,0.8
0.8,0.8
0.8,0.8
0.8,0.8
0.8,0.8
0.8,0.8
0.8,0.8
0.8,0.8
0.8,0.8
0.8,0.8
0.8,0.8
0.8,0.8
0.8,0.8
0.8,0.8
0.8,0.8
0.8,0.8
0.8,0.8
0.8,0.8
0.8,0.8
0.8,0.8
0.8,0.8
0.8,0.8
0.8,0.8
0.8,0.8
0.8,0.8
0.8,0.8
0.8,0.8
0.8,0.8
0.8,0.8
0.8,0.8
0.8,0.8
0.8,0.8
0.8,0.8
0.8,0.8
0.8,0.8
0.8,0.8
0.8,0.8
0.8,0.8
0.8,0.8
0.8,0.8
0.8,0.8
0.8,0.8
0.8,0.8
0.8,0.8
0.8,0.8
0.8,0.8
0.8,0.8
0.8,0.8
0.8,0.24
0.8,0.24
0.8,0.24
0.8,0.24
0.8,0.24
0.8,0.24
0.8,0.24
0.8,0.24
0.8,0.24
0.8,0.24
0.8,0.24
0.8,0.24
0.8,0.24
0.8,0.24
0.8,0.24
0.8,0.24
0.8,0.24
0.8,0.24
0.8,0.24
0.8,0.24
0.8,0.24
0.8,0.24
0.8,0.24
0.8,0.24
0.8,0.24
0.8,0.24
0.8,0.24
0.8,0.24
0.8,0.24
0.8,0.24
0.8,0.24
0.8,0.24
0.8,0.24
0.8,0.24
0.8,0.24
0.8,0.24
0.8,0.24
0.8,0.24
0.8,0.24
0.8,0.24
0.8,0.24
0.8,0.24
0.8,0.24
0.8,0.24
0.8,0.24
0.8,0.24
0.8,0.24
0.8,0.24
0.8,0.24
0.8,0.24
0.8,0.24
0.8,0.24
0.8,0.24
0.8,0.24
0.8,0.24
0.8,0.24
0.8,0.24
0.8,0.24
0.8,0.24
0.8,0.24
0.8,0.24
0.8,0.24
0.8,0.24
0.8,0.24
0.8,0.24
0.8,0.24
0.8,0.24
0.8,0.24
0.8,0.24
0.24,0.24
0.24,0.24
0.24,0.24
0.24,0.24
0.24,0.24
0.24,0.24
0.24,0.24
0.24,0.24
0.24,0.24
0.24,0.24
0.24,0.24
0.24,0.24
0.24,0.24
0.24,0.24
0.24,0.24
0.24,0.24
0.24,0.24
0.24,0.24
0.24,0.24
0.24,0.24
0.24,0.24
0.24,0.24
0.24,0.24
0.24,-0.48
0.24,-0.48
0.24,-0.48
0.24,-0.48
0.24,-0.48
0.24,-0.48
0.24,-0.48
0.24,-0.48
0.24,-0.48
0.24,-0.48
0.24,-0.48
0.24,-0.48
0.24,-0.48
0.24,-0.48
0.24,-0.48
0.24,-0.48
0.24,-0.48
0.24,-0.48
0.24,-0.48
0.24,-0.48
0.24,-0.48
0.24,-0.48
0.24,-0.48
0.24,-0.48
0.24,-0.48
0.24,-0.48
0.24,-0.48
0.24,-0.48
0.24,-0.48
0.24,-0.48
0.24,-0.48
0.24,-0.48
0.24,-0.48
0.24,-0.48
0.24,-0.48
0.24,-0.48
0.24,-0.48
0.24,-0.48
0.24,-0.48
0.24,-0.48
0.24,-0.48
0.24,-0.48
0.24,-0.48
0.24,-0.48
0.24,-0.48
0.24,-0.48
0.24,-0.48
0.24,-0.48
0.24,-0.48
0.24,-0.48
0.24,-0.48
0.24,-0.48
0.24,-0.48
0.24,-0.48
0.24,-0.48
0.24,-0.48
0.24,-0.48
0.24,-0.48
0.24,-0.48
0.24,-0.48
-0.24,-0.48
-0.24,-0.48
-0.24,-0.48
-0.24,-0.48
-0.24,-0.48
-0.24,-0.48
-0.24,-0.48
-0.24,-0.48
-0.24,-0.48
-0.24,-0.48
-0.24,-0.48
-0.24,-0.48
-0.24,-0.48
-0.24,-0.48
-0.24,-0.48
-0.24,-0.48
-0.24,-0.48
-0.24,-0.48
-0.24,-0.48
-0.24,-0.48
-0.24,-0.48
-0.24,-0.48
-0.24,-0.48
-0.24,-0.48
-0.24,-0.48
-0.24,-0.48
-0.24,-0.48
-0.24,-0.48
-0.24,-0.48
-0.24,-0.48
-0.24,-0.48
-0.24,-0.48
-0.24,-0.48
-0.24,-0.48
-0.24,-0.48
-0.24,-0.48
-0.24,-0.48
-0.24,-0.48
-0.24,-0.48
-0.24,-0.48
-0.24,-0.48
-0.24,-0.48
-0.24,-0.48
-0.24,-0.48
-0.24,-0.48
-0.24,-0.48
-0.24,-0.48
-0.24,-0.48
-0.24,-0.48
-0.24,-0.48
-0.24,-0.48
-0.24,-0.48
-0.24,-0.48
-0.24,-0.48
-0.24,-0.48
-0.24,-0.48
-0.24,-0.48
-0.24,-0.48
-0.24,-0.48
-0.24,-0.48
-0.24,-0.48
-0.24,-0.48
-0.24,-0.48
-0.24,-0.48
-0.24,-0.48
-0.24,-0.48
-0.24,-0.48
-0.24,-0.48
-0.24,-0.48
-0.24,-0.48
-0.24,-0.48
-0.24,-0.48
-0.24,-0.48
-0.24,-0.48
-0.24,-0.48
-0.24,-0.48
-0.24,-0.48
-0.24,-0.48
-0.24,-0.48
-0.24,-0.48
-0.24,-0.48
-0.24,-0.48
-0.24,-0.48
-0.24,-0.48
-0.24,-0.48
-0.24,-0.48
-0.24,-0.48
-0.24,-0.48
0.8,-0.48
0.8,-0.48
0.8,-0.48
0.8,-0.48
0.8,-0.48
0.8,-0.48
0.8,-0.48
0.8,-0.48
0.8,-0.48
0.8,-0.48
0.8,-0.48
0.8,-0.48
0.8,-0.48
0.8,-0.48
0.8,-0.48
0.8,-0.48
0.8,-0.48
0.8,-0.48
0.8,-0.48
0.8,-0.48
0.8,-0.48
0.8,-0.48
0.8,-0.48
0.8,-0.48
0.8,-0.48
0.8,-0.48
0.8,-0.48
0.8,-0.48
0.8,-0.48
0.8,-0.48
0.8,-0.48
0.8,-0.48
0.8,-0.48
0.8,-0.48
0.8,-0.48
0.8,-0.48
0.8,-0.48
0.8,-0.48
0.8,-0.48
0.8,-0.48
0.8,-0.48
0.8,-0.48
0.8,-0.48
0.8,-0.48
0.8,-0.48
0.8,-0.48
0.8,-0.48
0.8,-0.48
0.8,-0.48
0.8,-0.48
0.8,-0.48
0.8,-0.48
0.8,-0.48
0.8,-0.48
0.8,-0.48
0.8,-0.48
0.8,-0.48
0.8,-0.48
0.8,-0.48
0.8,-0.48
0.8,-0.48
0.8,-0.48
0.8,-0.48
0.8,-0.48
0.8,-0.48
0.8,-0.48
0.8,-0.48
0.8,-0.48
0.8,-0.48
0.8,-0.48
0.8,-0.48
0.8,-0.48
0.8,-0.48
0.8,-0.48
0.8,-0.48
0.8,-0.48
0.8,-0.48
0.8,-0.48
0.8,-0.48
0.8,-0.48
0.8,-0.48
0.8,0.8
0.8,0.8
0.8,0.8
0.8,0.8
0.8,0.8
0.8,0.8
0.8,0.8
0.8,0.8
0.8,0.8
0.8,0.8
0.8,0.8
0.8,0.8
0.8,0.8
0.8,0.8
0.8,0.8
0.8,0.8
0.8,0.8
0.8,0.8
0.8,0.8
0.8,0.8
0.8,0.8
0.8,0.8
0.8,0.8
0.8,0.8
0.8,0.8
0.8,0.8
0.8,0.8
0.8,0.8
0.24,0.8
0.24,0.8
0.24,0.8
0.24,0.8
0.24,0.8
0.24,0.8
0.24,0.8
0.24,0.8
0.24,0.8
0.24,0.8
0.24,0.8
0.24,0.8
0.24,0.8
0.24,0.8
0.24,0.8
0.24,0.8
0.24,0.8
0.24,0.8
0.24,0.8
0.24,0.8
0.24,0.8
0.24,0.8
0.24,0.8
0.24,0.8
0.24,0.8
0.24,0.8
0.24,0.8
0.24,0.8
0.24,0.8
0.24,0.8
0.24,0.8
0.24,0.8
0.24,0.8
0.24,0.8
0.24,0.8
0.24,0.8
0.24,0.8
0.24,0.8
0.24,0.8
0.24,0.8
0.24,0.8
0.24,0.8
0.24,0.8
0.24,0.8
0.24,0.8
0.24,0.8
0.24,0.8
0.24,0.8
0.24,0.8
0.24,0.8
0.24,0.8
0.24,0.8
0.24,0.8
0.24,0.8
0.24,0.8
0.24,0.8
0.24,0.8
0.24,0.8
0.24,0.8
0.24,0.8
0.24,0.8
0.24,0.8
0.24,0.8
0.24,0.8
0.24,0.8
0.24,0.8
0.24,0.8
0.24,0.8
0.24,0.8
0.24,0.8
0.24,0.8
0.24,0.8
0.24,0.8
0.24,0.8
0.24,0.8
0.24,0.8
0.24,-0.8
0.24,-0.8
0.24,-0.8
0.24,-0.8
0.24,-0.8
0.24,-0.8
0.24,-0.8
0.24,-0.8
0.24,-0.8
0.24,-0.8
0.24,-0.8
0.24,-0.8
0.24,-0.8
0.24,-0.8
0.24,-0.8
0.24,-0.8
0.24,-0.8
0.24,-0.8
0.24,-0.8
0.24,-0.8
0.24,-0.8
0.24,-0.8
0.24,-0.8
0.24,-0.8
0.24,-0.8
0.24,-0.8
0.24,-0.8
0.24,-0.8
0.24,-0.8
0.24,-0.8
0.24,-0.8
0.24,-0.8
0.24,-0.8
0.24,-0.8
0.24,-0.8
0.24,-0.8
0.24,-0.8
0.24,-0.8
0.24,-0.8
0.24,-0.8
0.24,-0.8
0.24,-0.8
0.24,-0.8
0.8,-0.8
0.8,-0.8
0.8,-0.8
0.8,-0.8
0.8,-0.8
0.8,-0.8
0.8,-0.8
0.8,-0.8
0.8,-0.8
0.8,-0.8
0.8,-0.8
0.8,-0.8
0.8,-0.8
0.8,-0.8
0.8,-0.8
0.8,-0.8
0.8,-0.8
0.8,-0.8
0.8,-0.8
0.8,-0.8
0.8,-0.8
0.8,-0.8
0.8,-0.8
0.8,-0.8
0.8,-0.8
0.8,-0.8
0.8,-0.8
0.8,-0.8
0.8,-0.8
0.8,-0.8
0.8,-0.8
0.8,-0.8
0.8,-0.8
0.8,-0.8
0.8,-0.8
0.8,-0.8
0.8,-0.8
0.8,-0.8
0.8,-0.8
0.8,-0.8
0.8,-0.8
0.8,-0.8
0.8,-0.8
0.8,-0.8
0.8,-0.8
0.8,-0.8
0.8,-0.8
0.8,-0.8
0.8,-0.8
0.8,-0.8
0.8,-0.8
0.8,-0.8
0.8,-0.8
0.8,-0.8
0.8,-0.8
0.8,-0.8
0.8,0.24
0.8,0.24
0.8,0.24
0.8,0.24
0.8,0.24
0.8,0.24
0.8,0.24
0.8,0.24
0.8,0.24
0.8,0.24
0.8,0.24
0.8,0.24
0.8,0.24
0.8,0.24
0.8,0.24
0.8,0.24
0.8,0.24
0.8,0.24
0.8,0.24
0.8,0.24
0.8,0.24
0.8,0.24
0.8,0.24
0.8,0.24
0.8,0.24
0.8,0.24
0.8,0.24
0.8,0.24
0.8,0.24
0.8,0.24
0.8,0.24
0.8,0.24
0.8,0.24
0.8,0.24
0.8,0.24
0.8,0.24
0.8,0.24
0.8,0.24
0.8,0.24
0.8,0.24
0.8,0.24
0.8,0.24
0.8,0.24
0.8,0.24
0.8,0.24
0.8,0.24
0.8,0.24
0.8,0.24
0.8,0.24
0.8,0.24
0.8,0.24
0.8,0.24
0.8,0.24
0.8,0.24
0.8,0.24
0.8,0.24
0.8,0.24
0.8,0.24
0.8,0.24
0.8,0.24
0.8,0.24
0.8,0.24
0.8,0.24
0.8,0.24
0.8,0.24
0.8,0.24
0.8,0.24
0.8,0.24
0.8,0.24
0.8,0.24
0.8,0.24
0.8,0.24
0.8,0.24
0.8,0.24
0.8,0.24
0.8,0.24
0.8,0.24
0.8,0.24
0.8,0.24
0.8,0.24
0.8,0.24
0.8,0.24
0.8,0.24
0.8,0.24
0.8,0.24
0.8,0.24
0.8,0.24
0.8,0.24
0.8,0.24
0.8,0.24
0.8,0.24
0.8,0.24
0.8,0.24
0.8,0.24
0.8,0.24
0.8,0.24
0.8,0.24
0.8,0.24
0.8,0.24
0.8,0.24
0.8,0.24
0.8,-0.48
0.8,-0.48
0.8,-0.48
0.8,-0.48
0.8,-0.48
0.8,-0.48
0.8,-0.48
0.8,-0.48
0.8,-0.48
0.8,-0.48
0.8,-0.48
0.8,-0.48
0.8,-0.48
0.8,-0.48
0.8,-0.48
0.8,-0.48
0.8,-0.48
0.8,-0.48
0.8,-0.48
0.8,-0.48
0.8,-0.48
0.8,-0.48
0.8,-0.48
0.8,-0.48
0.8,-0.48
0.8,-0.48
0.8,-0.48
0.8,-0.48
0.8,-0.48
0.8,-0.48
0.8,-0.48
0.8,-0.48
0.8,-0.48
0.8,-0.48
0.8,-0.48
0.8,-0.48
0.8,-0.48
0.8,-0.48
0.8,-0.48
0.8,-0.48
0.8,-0.48
0.8,-0.48
0.8,-0.48
0.8,-0.48
0.8,-0.48
0.8,-0.48
0.8,-0.48
0.8,-0.48
0.8,-0.48
0.8,-0.48
0.8,-0.48
0.8,-0.48
0.8,-0.48
0.8,-0.48
0.8,-0.48
0.8,-0.48
0.8,-0.48
0.8,-0.48
0.8,-0.48
0.8,-0.48
-0.8,-0.48
-0.8,-0.48
-0.8,-0.48
-0.8,-0.48
-0.8,-0.48
-0.8,-0.48
-0.8,-0.48
-0.8,-0.48
-0.8,-0.48
-0.8,-0.48
-0.8,-0.48
-0.8,-0.48
-0.8,-0.48
-0.8,-0.48
-0.8,-0.48
-0.8,-0.48
-0.8,-0.48
-0.8,-0.48
-0.8,-0.48
-0.8,-0.48
-0.8,-0.48
-0.8,-0.48
-0.8,-0.48
-0.8,-0.48
-0.8,-0.48
-0.8,-0.48
-0.8,-0.48
-0.8,-0.48
-0.8,-0.48
-0.8,-0.48
-0.8,-0.48
-0.8,-0.48
-0.8,-0.48
-0.8,-0.48
-0.8,-0.48
-0.8,-0.48
-0.8,-0.48
-0.8,-0.48
-0.8,-0.48
-0.8,-0.48
-0.8,-0.48
-0.8,-0.48
-0.8,-0.48
-0.8,-0.48
-0.8,-0.48
-0.8,-0.48
-0.8,-0.48
-0.8,-0.48
-0.8,-0.48
-0.8,-0.48
-0.8,-0.48
-0.8,-0.48
-0.8,-0.48
-0.8,-0.48
-0.8,-0.48
-0.8,-0.48
-0.8,-0.48
-0.8,-0.48
-0.8,-0.48
-0.8,-0.48
-0.8,-0.48
-0.8,-0.48
-0.8,-0.48
-0.8,-0.48
-0.8,-0.48
-0.8,-0.48
-0.8,-0.48
-0.8,-0.48
-0.8,-0.48
-0.8,-0.48
-0.8,-0.48
-0.8,-0.48
-0.8,-0.48
-0.8,-0.48
-0.8,-0.48
-0.8,-0.48
-0.8,-0.48
-0.8,-0.48
-0.8,-0.48
-0.8,-0.48
-0.8,-0.48
-0.8,-0.48
-0.8,-0.48
-0.8,-0.48
-0.8,-0.48
-0.8,-0.48
-0.8,-0.48
-0.8,-0.48
-0.8,-0.48
-0.8,-0.48
-0.8,-0.48
-0.8,-0.48
-0.8,-0.48
-0.8,-0.48
-0.8,-0.48
-0.8,-0.48
-0.8,-0.48
-0.8,-0.48
-0.8,-0.48
-0.8,-0.48
-0.8,-0.48
-0.8,-0.48
-0.8,-0.48
-0.8,-0.48
-0.8,-0.48
0.0,0.0
0.0,0.0
0.0,0.0
0.0,0.0
0.0,0.0
0.0,0.0
0.0,0.0
0.0,0.0
0.0,0.0
0.0,0.0
0.0,0.0
0.0,0.0
0.0,0.0
0.0,0.0
0.0,0.0
0.0,0.0
0.0,0.0
0.0,0.0
0.0,0.0
0.0,0.0
0.0,0.0
0.0,0.0
0.0,0.0
0.0,0.0
0.0,0.0
0.0,0.0
0.0,0.0
0.0,0.0
0.0,0.0
0.0,0.0
0.0,0.0
0.0,0.0
0.0,0.0
0.0,0.0
0.0,0.0
0.0,0.0
0.0,0.0
0.0,0.0
0.0,0.0
0.0,0.0
0.0,0.0
0.0,0.0
0.0,0.0
0.0,0.0
0.0,0.0
0.0,0.0
0.0,0.0
0.0,0.0
0.0,0.0
0.0,0.0
0.0,0.0
0.0,0.0
0.0,0.0
0.0,0.0
0.0,0.0
0.0,0.0
0.0,0.0
0.0,0.0
0.0,0.0
0.0,0.0
0.0,0.0
0.0,0.0
0.0,0.0
0.0,0.0
0.0,0.0
0.0,0.0
0.0,0.0
0.0,0.0
0.0,0.0
0.0,0.0
0.0,0.0
0.0,0.0
0.0,0.0
0.0,0.0
0.0,0.0
0.0,0.0
0.0,0.0
0.0,0.0
0.0,0.0
0.0,0.0
0.0,0.0
0.0,0.0
0.0,0.0
0.0,0.0
0.0,0.0
0.0,0.0
0.0,0.0
0.0,0.0
0.0,0.0
0.0,0.0
0.0,-0.0
0.002121602262210819,-0.002121602262210819
0.004292413845682552,-0.004292413845682552
0.006512389683569978,-0.006512389683569978
0.008781478887425354,-0.008781478887425354
0.011099624425463687,-0.011099624425463687
0.013466762794019737,-0.013466762794019737
0.015882823682247832,-0.015882823682247832
0.018347729630119904,-0.018347729630119904
0.020861395679781673,-0.020861395679781673
0.02342372902033148,-0.02342372902033148
0.02603462862609132,-0.02603462862609132
0.028693984888444664,-0.028693984888444664
0.031401679241321,-0.031401679241321
0.03415758378041259,-0.03415758378041259
0.03696156087621465,-0.03696156087621465
0.03981346278098627,-0.03981346278098627
0.0427131312297355,-0.0427131312297355
0.04566039703533848,-0.04566039703533848
0.048655079677909226,-0.048655079677909226
0.051696986888543704,-0.051696986888543704
0.05478591422756859,-0.05478591422756859
0.05792164465743301,-0.05792164465743301
0.06110394811038877,-0.06110394811038877
0.06433258105111274,-0.06433258105111274
0.06760728603443279,-0.06760728603443279
0.07092779125832775,-0.07092779125832775
0.07429381011237939,-0.07429381011237939
0.07770504072186449,-0.07770504072186449
0.08116116548768289,-0.08116116548768289
0.08466185062232805,-0.08466185062232805
0.08820674568211508,-0.08820674568211508
0.09179548309589156,-0.09179548309589156
0.09542767769046698,-0.09542767769046698
0.09910292621300575,-0.09910292621300575
0.1028208068506405,-0.1028208068506405
0.10658087874757245,-0.10658087874757245
0.11038268151993708,-0.11038268151993708
0.11422573476872419,-0.11422573476872419
0.11810953759105328,-0.11810953759105328
0.12203356809011683,-0.12203356809011683
0.12599728288411585,-0.12599728288411585
0.1300001166145245,-0.1300001166145245
0.13404148145403286,-0.13404148145403286
0.1381207666145293,-0.1381207666145293
0.1422373378554973,-0.1422373378554973
0.14639053699321383,-0.14639053699321383
0.15057968141115058,-0.15057968141115058
0.1548040635719913,-0.1548040635719913
0.15906295053169364,-0.15906295053169364
0.1633555834560368,-0.1633555834560368
0.16768117714011005,-0.16768117714011005
0.17203891953121175,-0.17203891953121175
0.17642797125564236,-0.17642797125564236
0.18084746514988947,-0.18084746514988947
0.18529650579671741,-0.18529650579671741
0.1897741690666877,-0.1897741690666877
0.19427950166565322,-0.19427950166565322
0.19881152068878155,-0.19881152068878155
0.20336921318167855,-0.20336921318167855
0.20795153570919944,-0.20795153570919944
0.2125574139325474,-0.2125574139325474
0.2171857421952758,-0.2171857421952758
0.22183538311882564,-0.22183538311882564
0.2265051672082435,-0.2265051672082435
0.23119389246874078,-0.23119389246874078
0.23590032403377087,-0.23590032403377087
0.24062319380531352,-0.24062319380531352
0.2453612001070725,-0.2453612001070725
0.2501130073513063,-0.2501130073513063
0.2548772457200263,-0.2548772457200263
0.2596525108613107,-0.2596525108613107
0.2644373636014975,-0.2644373636014975
0.269230329674034,-0.269230329674034
0.274029899465772,-0.274029899465772
0.2788345277815135,-0.2788345277815135
0.2836426336276256,-0.2836426336276256
0.2884526000155515,-0.2884526000155515
0.2932627737860639,-0.2932627737860639
0.2980714654551142,-0.2980714654551142
0.3028769490821428,-0.3028769490821428
0.30767746216173203,-0.30767746216173203
0.31247120553948776,-0.31247120553948776
0.31725634335305036,-0.31725634335305036
0.32203100299914433,-0.32203100299914433
0.3267932751275853,-0.3267932751275853
0.33154121366317163,-0.33154121366317163
0.33627283585639556,-0.33627283585639556
0.3409861223639177,-0.3409861223639177
0.3456790173597541,-0.3456790173597541
0.3503494286781309,-0.3503494286781309
0.3549952279889679,-0.3549952279889679
0.35961425100695493,-0.35961425100695493
0.3642042977351915,-0.3642042977351915
0.3687631327443575,-0.3687631327443575
0.37328848548839144,-0.37328848548839144
0.37777805065764436,-0.37777805065764436
0.38222948857048716,-0.38222948857048716
0.38664042560433837,-0.38664042560433837
0.3910084546670822,-0.3910084546670822
0.39533113570984174,-0.39533113570984174
0.39960599628206533,-0.39960599628206533
0.40383053212988,-0.40383053212988
0.40800220783865626,-0.40800220783865626
0.41211845752072074,-0.41211845752072074
0.416176685549143,-0.416176685549143
0.420174267338508,-0.420174267338508
0.4241085501735765,-0.4241085501735765
0.42797685408671754,-0.42797685408671754
0.43177647278498116,-0.43177647278498116
0.4355046746276616,-0.4355046746276616
0.43915870365518234,-0.43915870365518234
0.44273578067010944,-0.44273578067010944
0.4462331043710789,-0.4462331043710789
0.44964785254039846,-0.44964785254039846
0.45297718328605446,-0.45297718328605446
0.45621823633882774,-0.45621823633882774
0.4593681344051898,-0.4593681344051898
0.46242398457661893,-0.46242398457661893
0.4653828797959381,-0.4653828797959381
0.4682419003812418,-0.4682419003812418
0.47099811560793775,-0.47099811560793775
0.47364858534938864,-0.47364858534938864
0.47619036177659374,-0.47619036177659374
0.47862049111730637,-0.47862049111730637
0.4809360154749318,-0.4809360154749318
0.4831339747075024,-0.4831339747075024
0.4852114083669707,-0.4852114083669707
0.4871653576990074,-0.4871653576990074
0.4889928677034331,-0.4889928677034331
0.49069098925535154,-0.49069098925535154
0.49225678128698835,-0.49225678128698835
0.49368731303017704,-0.49368731303017704
0.4949796663193616,-0.4949796663193616
0.49613093795491864,-0.49613093795491864
0.49713824212652635,-0.49713824212652635
0.4979987128962335,-0.4979987128962335
0.49870950674080256,-0.49870950674080256
0.4992678051528211,-0.4992678051528211
0.49967081729999246,-0.49967081729999246
0.4999157827419302,-0.4999157827419302
0.4999999742036935,-0.4999999742036935
0.4999207004052088,-0.4999207004052088
0.49967530894563134,-0.49967530894563134
0.49926118924160245,-0.49926118924160245
0.4986757755182614,-0.4986757755182614
0.49791654985177036,-0.49791654985177036
0.49698104526200637,-0.49698104526200637
0.495866848853971,-0.495866848853971
0.49457160500635844,-0.49457160500635844
0.4930930186056147,-0.4930930186056147
0.49142885832370736,-0.49142885832370736
0.4895769599377119,-0.4895769599377119
0.4875352296892034,-0.4875352296892034
0.4853016476813251,-0.4853016476813251
0.4828742713112857,-0.4828742713112857
0.4802512387359119,-0.4802512387359119
0.4774307723677657,-0.4774307723677657
0.47441118239920316,-0.47441118239920316
0.4711908703516307,-0.4711908703516307
0.46776833264708334,-0.46776833264708334
0.4641421641991224,-0.4641421641991224
0.4603110620199179,-0.4603110620199179
0.4562738288402506,-0.4562738288402506
0.45202937673903726,-0.45202937673903726
0.44757673077884697,-0.44757673077884697
0.4429150326437478,-0.4429150326437478
0.4380435442756847,-0.4380435442756847
0.43296165150545796,-0.43296165150545796
0.4276688676742403,-0.4276688676742403
0.42216483724142956,-0.42216483724142956
0.4164493393745134,-0.4164493393745134
0.41052229151647524,-0.41052229151647524
0.40438375292615164,-0.40438375292615164
0.3980339281868144,-0.3980339281868144
0.39147317067812265,-0.39147317067812265
0.3847019860064658,-0.3847019860064658
0.3777210353885873,-0.3777210353885873
0.37053113898325973,-0.37053113898325973
0.3631332791656607,-0.3631332791656607
0.3555286037389782,-0.3555286037389782
0.3477184290776608,-0.3477184290776608
0.33970424319661247,-0.33970424319661247
0.33148770874052913,-0.33148770874052913
0.3230706658874607,-0.3230706658874607
0.31445513516059354,-0.31445513516059354
0.3056433201421351,-0.3056433201421351
0.2966376100831086,-0.2966376100831086
0.28744058240276904,-0.28744058240276904
0.2780550050712701,-0.2780550050712701
0.26848383886914573,-0.26848383886914573
0.25873023951708995,-0.25873023951708995
0.2487975596694621,-0.2487975596694621
0.2386893507648928,-0.2386893507648928
0.22840936472730647,-0.22840936472730647
0.21796155551064914,-0.21796155551064914
0.20735008048056766,-0.20735008048056766
0.19657930162626527,-0.19657930162626527
0.1856537865957441,-0.1856537865957441
0.17457830954764086,-0.17457830954764086
0.16335785181285667,-0.16335785181285667
0.15199760235920604,-0.15199760235920604
0.14050295805232252,-0.14050295805232252
0.1288795237061016,-0.1288795237061016
0.11713311191600334,-0.11713311191600334
0.10526974266858653,-0.10526974266858653
0.09329564272072471,-0.09329564272072471
0.08121724474202988,-0.08121724474202988
0.06904118621409787,-0.06904118621409787
0.05677430808030561,-0.05677430808030561
0.04442365313999398,-0.04442365313999398
0.03199646418101977,-0.03199646418101977
0.019500181844783457,-0.019500181844783457
0.006942442218029433,-0.006942442218029433
-0.005668925854144224,0.005668925854144224
-0.018325903739412074,0.018325903739412074
-0.031020286278639942,0.031020286278639942
-0.04374368534053489,0.04374368534053489
-0.05648753367521204,0.05648753367521204
-0.06924308907114055,0.06924308907114055
-0.08200143881964102,0.08200143881964102
-0.09475350449083515,0.09475350449083515
-0.1074900470246498,0.1074900470246498
-0.12020167214015308,0.12020167214015308
-0.13287883606617668,0.13287883606617668
-0.14551185159583274,0.14551185159583274
-0.15809089446714972,0.15809089446714972
-0.17060601007169,0.17060601007169
-0.18304712049260058,0.18304712049260058
-0.195404031873133,0.195404031873133
-0.20766644211623667,0.20766644211623667
-0.21982394891538304,0.21982394891538304
-0.23186605811630043,0.23186605811630043
-0.24378219240882884,0.24378219240882884
-0.25556170034759507,0.25556170034759507
-0.267193865699695,0.267193865699695
-0.27866791711704214,0.27866791711704214
-0.28997303813048075,0.28997303813048075
-0.3010983774622191,0.3010983774622191
-0.31203305965253925,0.31203305965253925
-0.3227661959961631,0.3227661959961631
-0.33328689578303844,0.33328689578303844
-0.3435842778376885,0.3435842778376885
-0.3536474823506483,0.3536474823506483
-0.3634656829948373,0.3634656829948373
-0.3730280993190956,0.3730280993190956
-0.382324009410411,0.382324009410411
-0.3913427628157008,0.3913427628157008
-0.40007379371332646,0.40007379371332646
-0.4085066343238012,0.4085066343238012
-0.41663092854847245,0.41663092854847245
-0.4244364458242286,0.4244364458242286
-0.43191309518156296,0.43191309518156296
-0.4390509394926162,0.4390509394926162
-0.44584020989507794,0.44584020989507794
-0.4522713203771012,0.4522713203771012
-0.4583348825076632,0.4583348825076632
-0.46402172029605354,0.46402172029605354
-0.46932288516346,0.46932288516346
-0.4742296710088819,0.4742296710088819
-0.478733629350882,0.478733629350882
-0.48282658452596616,0.48282658452596616
-0.4865006489236722,0.4865006489236722
-0.48974823823773694,0.48974823823773694
-0.4925620867120297,0.4925620867120297
-0.4949352623592452,0.4949352623592452
-0.4968611821296898,0.4968611821296898
-0.498333627006837,0.498333627006837
-0.49934675700569026,0.49934675700569026
-0.4998951260493796,0.4998951260493796
-0.49997369669881203,0.49997369669881203
-0.49957785470962884,0.49957785470962884
-0.4987034233901675,0.4987034233901675
-0.4973466777336031,0.4973466777336031
-0.4955043582969492,0.4955043582969492
-0.4931736847991308,0.4931736847991308
-0.49035236940990873,0.49035236940990873
-0.48703862970103934,0.48703862970103934
-0.4832312012306844,0.4832312012306844
-0.4789293497317697,0.4789293497317697
-0.474132882874702,0.474132882874702
-0.46884216157461284,0.46884216157461284
-0.4630581108131096,0.4630581108131096
-0.45678222994435236,0.45678222994435236
-0.45001660245518543,0.45001660245518543
-0.4427639051489973,0.4427639051489973
-0.4350274167229876,0.4350274167229876
-0.4268110257085744,0.4268110257085744
-0.4181192377447985,0.4181192377447985
-0.40895718215474164,0.40895718215474164
-0.39933061779522167,0.39933061779522167
-0.38924593815031155,0.38924593815031155
-0.3787101756396097,0.3787101756396097
-0.36773100511257983,0.36773100511257983
-0.3563167465008174,0.3563167465008174
-0.3444763666006112,0.3444763666006112
-0.33221947995885126,0.33221947995885126
-0.3195563488359945,0.3195563488359945
-0.30649788222060326,0.30649788222060326
-0.2930556338708151,0.2930556338708151
-0.27924179935901905,0.27924179935901905
-0.26506921209703593,0.26506921209703593
-0.25055133832015153,0.25055133832015153
-0.23570227100952915,0.23570227100952915
-0.22053672273375644,0.22053672273375644
-0.20507001739158184,0.20507001739158184
-0.18931808083930515,0.18931808083930515
-0.17329743038774004,0.17329743038774004
-0.1570251631552221,0.1570251631552221
-0.14051894326476053,0.14051894326476053
-0.12379698787512565,0.12379698787512565
-0.10687805203747298,0.10687805203747298
-0.08978141237091013,0.08978141237091013
-0.07252684955240465,0.07252684955240465
-0.05513462961838563,0.05513462961838563
-0.03762548407750008,0.03762548407750008
-0.020020588836117896,0.020020588836117896
-0.002341541940405368,0.002341541940405368
0.015389659858934477,-0.015389659858934477
0.033150645710817786,-0.033150645710817786
0.05091869642595746,-0.05091869642595746
0.06867077138375767,-0.06867077138375767
0.08638353656806845,-0.08638353656806845
0.10403339371338956,-0.10403339371338956
0.1215965105404598,-0.1215965105404598
0.13904885205753745,-0.13904885205753745
0.15636621290093564,-0.15636621290093564
0.17352425068564994,-0.17352425068564994
0.19049852033412565,-0.19049852033412565
0.2072645093484208,-0.2072645093484208
0.22379767398818268,-0.22379767398818268
0.2400734763140163,-0.2400734763140163
0.2560674220529881,-0.2560674220529881
0.2717550992401115,-0.2717550992401115
0.28711221758684174,-0.28711221758684174
0.3021146485247422,-0.3021146485247422
0.3167384658696418,-0.3167384658696418
0.33095998704879903,-0.33095998704879903
0.3447558148308042,-0.3447558148308042
0.3581028794951712,-0.3581028794951712
0.37097848137590267,-0.37097848137590267
0.3833603337106146,-0.3833603337106146
0.39522660572421453,-0.39522660572421453
0.4065559658735977,-0.4065559658735977
0.41732762517734695,-0.41732762517734695
0.4275213805520438,-0.4275213805520438
0.4371176580745031,-0.4371176580745031
0.44609755608704443,-0.44609755608704443
0.45444288806082866,-0.45444288806082866
0.46213622513029556,-0.46213622513029556
0.46916093820991117,-0.46916093820991117
0.47550123960268986,-0.47550123960268986
0.48114222400838363,-0.48114222400838363
0.4860699088378004,-0.4860699088378004
0.4902712737384376,-0.4902712737384376
0.49373429923550727,-0.49373429923550727
0.49644800439149234,-0.49644800439149234
0.49840248338662707,-0.49840248338662707
0.4995889409221251,-0.4995889409221251
0.499999726347622,-0.499999726347622
0.49962836641413616,-0.49962836641413616
0.49846959655390977,-0.49846959655390977
0.49651939058876926,-0.49651939058876926
0.4937749887691465,-0.4937749887691465
0.4902349240466446,-0.4902349240466446
0.4858990464840075,-0.4858990464840075
0.48076854570758265,-0.48076854570758265
0.4748459713088427,-0.4748459713088427
0.46813525110327125,-0.46813525110327125
0.4606417071569105,-0.4606417071569105
0.4523720694931358,-0.4523720694931358
0.4433344873947668,-0.4433344873947668
0.4335385382194073,-0.4335385382194073
0.42299523364902264,-0.42299523364902264
0.411717023298093,-0.411717023298093
0.399717795608339,-0.399717795608339
0.38701287596193085,-0.38701287596193085
0.3736190219492942,-0.3736190219492942
0.3595544157320874,-0.3595544157320874
0.34483865344669773,-0.34483865344669773
0.3294927315986217,-0.3294927315986217
0.31353903040339964,-0.31353903040339964
0.2970012940353325,-0.2970012940353325
0.2799046077510532,-0.2799046077510532
0.2622753718611004,-0.2622753718611004
0.24414127252897827,-0.24414127252897827
0.22553124938378247,-0.22553124938378247
0.20647545993926988,-0.20647545993926988
0.1870052408192967,-0.1870052408192967
0.1671530657968026,-0.1671530657968026
0.14695250066099452,-0.14695250066099452
0.12643815493499172,-0.12643815493499172
0.10564563047409058,-0.10564563047409058
0.0846114669827354,-0.0846114669827354
0.06337308449646507,-0.06337308449646507
0.04196872288337602,-0.04196872288337602
0.020437378428035207,-0.020437378428035207
-0.0011812624307316881,0.0011812624307316881
-0.022846892128173563,0.022846892128173563
-0.044518653679425056,0.044518653679425056
-0.06615521496547827,0.06615521496547827
-0.08771484549331135,0.08771484549331135
-0.109155495515455,0.109155495515455
-0.13043487738563608,0.13043487738563608
-0.15151054901850342,0.15151054901850342
-0.1723399993128872,0.1723399993128872
-0.19288073538963618,0.19288073538963618
-0.2130903714867038,0.2130903714867038
-0.2329267193460274,0.2329267193460274
-0.2523478799187183,0.2523478799187183
-0.27131233620731665,0.27131233620731665
-0.2897790470562864,0.2897790470562864
-0.3077075416946365,0.3077075416946365
-0.32505801482754954,0.32505801482754954
-0.3417914220671892,0.3417914220671892
-0.3578695754865226,0.3578695754865226
-0.37325523907399993,0.37325523907399993
-0.3879122238613818,0.3879122238613818
-0.40180548249182463,0.40180548249182463
-0.41490120299067673,0.41490120299067673
-0.42716690149720365,0.42716690149720365
-0.43857151371179215,0.43857151371179215
-0.4490854848100129,0.4490854848100129
-0.4586808575723379,0.4586808575723379
-0.46733135847629975,0.46733135847629975
-0.47501248149651515,0.47501248149651515
-0.4817015693572208,0.4817015693572208
-0.4873778919819058,0.4873778919819058
-0.4920227218852042,0.4920227218852042
-0.49561940625351747,0.49561940625351747
-0.49815343546285046,0.49815343546285046
-0.49961250778509936,0.49961250778509936
-0.4999865900375427,0.4999865900375427
-0.4992679739345581,0.4992679739345581
-0.49745132790564717,0.49745132790564717
-0.49453374414969703,0.49453374414969703
-0.49051478070204835,0.49051478070204835
-0.48539649829839177,0.48539649829839177
-0.47918349182776643,0.47918349182776643
-0.4718829161760084,0.4718829161760084
-0.46350450627086415,0.46350450627086415
-0.4540605911506702,0.4540605911506702
-0.44356610188997714,0.44356610188997714
-0.4320385732277863,0.4320385732277863
-0.41949813875708375,0.41949813875708375
-0.4059675195482208,0.4059675195482208
-0.391472006093231,0.391472006093231
-0.37603943347348195,0.37603943347348195
-0.35970014966906655,0.35970014966906655
-0.34248697694504077,0.34248697694504077
-0.32443516626694047,0.32443516626694047
-0.3055823447159898,0.3055823447159898
-0.28596845589296316,0.28596845589296316
-0.2656356933187873,0.2656356933187873
-0.24462842685953884,0.24462842685953884
-0.2229931222236431,0.2229931222236431
-0.20077825359952384,0.20077825359952384
-0.17803420952286614,0.17803420952286614
-0.1548131920838374,0.1548131920838374
-0.13116910960606956,0.13116910960606956
-0.10715746295087682,0.10715746295087682
-0.08283522562199659,0.08283522562199659
-0.05826071786805128,0.05826071786805128
-0.033493475001832786,0.033493475001832786
-0.008594110177382054,0.008594110177382054
0.01637582811236534,-0.01637582811236534
0.0413540035330968,-0.0413540035330968
0.0662774440961444,-0.0662774440961444
0.09108269870844697,-0.09108269870844697
0.11570599773825642,-0.11570599773825642
0.14008341722937617,-0.14008341722937617
0.16415104637715736,-0.16415104637715736
0.1878451578606168,-0.1878451578606168
0.21110238060692427,-0.21110238060692427
0.2338598745471093,-0.2338598745471093
0.2560555069054165,-0.2560555069054165
0.2776280295491993,-0.2776280295491993
0.2985172569118016,-0.2985172569118016
0.3186642439875043,-0.3186642439875043
0.3380114638854663,-0.3380114638854663
0.35650298441869593,-0.35650298441869593
0.37408464319452406,-0.37408464319452406
0.3907042206649423,-0.3907042206649423
0.40631161058845555,-0.40631161058845555
0.42085898735003857,-0.42085898735003857
0.4343009695822207,-0.4343009695822207
0.4465947795285371,-0.4465947795285371
0.4577003975904182,-0.4577003975904182
0.4675807115002613,-0.4675807115002613
0.4762016595669121,-0.4762016595669121
0.4835323674450987,-0.4835323674450987
0.4895452778876179,-0.4895452778876179
0.4942162729482211,-0.4942162729482211
0.4975247881143008,-0.4975247881143008
0.49945391786155036,-0.49945391786155036
0.4999905121378971,-0.4999905121378971
0.49912526330108276,-0.49912526330108276
0.4968527830533754,-0.4968527830533754
0.49317166893798114,-0.49317166893798114
0.4880845599848049,-0.4880845599848049
0.4815981811182253,-0.4815981811182253
0.47372337596654096,-0.47372337596654096
0.464475127741572,-0.464475127741572
0.45387256788765024,-0.45387256788765024
0.4419389722317064,-0.4419389722317064
0.42870174440044984,-0.42870174440044984
0.4141923863065476,-0.4141923863065476
0.3984464555432044,-0.3984464555432044
0.38150350956565365,-0.38150350956565365
0.36340703657840917,-0.36340703657840917
0.3442043730890271,-0.3442043730890271
0.3239466081319822,-0.3239466081319822
0.3026884742104505,-0.3026884742104505
0.280488225048749,-0.280488225048749
0.2574075002941276,-0.2574075002941276
0.23351117735316781,-0.23351117735316781
0.2088672105951723,-0.2088672105951723
0.18354645820252782,-0.18354645820252782
0.15762249699573372,-0.15762249699573372
0.13117142560874975,-0.13117142560874975
0.10427165643801739,-0.10427165643801739
0.07700369683612324,-0.07700369683612324
0.049449920068035245,-0.049449920068035245
0.021694326594434564,-0.021694326594434564
-0.006177703707768241,0.006177703707768241
-0.03407966773303016,0.03407966773303016
-0.061924203044552005,0.061924203044552005
-0.08962335874126319,0.08962335874126319
-0.11708887251350342,0.11708887251350342
-0.14423245306793067,0.14423245306793067
-0.17096606706525028,0.17096606706525028
-0.19720222967990825,0.19720222967990825
-0.22285429785840027,0.22285429785840027
-0.2478367653232311,0.2478367653232311
-0.2720655583424355,0.2720655583424355
-0.29545833126035825,0.29545833126035825
-0.31793476076435245,0.31793476076435245
-0.3394168378439739,0.3394168378439739
-0.35982915638491036,0.35982915638491036
-0.3790991973286559,0.3790991973286559
-0.3971576073217146,0.3971576073217146
-0.4139384707744548,0.4139384707744548
-0.42937957425009765,0.42937957425009765
-0.4434226621086373,0.4434226621086373
-0.45601368233893314,0.45601368233893314
-0.46710302152488264,0.46710302152488264
-0.4766457279083595,0.4766457279083595
-0.4846017215329275,0.4846017215329275
-0.4909359904777177,0.4909359904777177
-0.49561877222084877,0.49561877222084877
-0.4986257192059472,0.4986257192059472
-0.49993804772395123,0.49993804772395123
-0.4995426692652592,0.4995426692652592
-0.4974323035444859,0.4974323035444859
-0.49360557245142783,0.49360557245142783
-0.48806707423733486,0.48806707423733486
-0.48082743730503685,0.48082743730503685
-0.4719033530348467,0.4719033530348467
-0.4613175871451978,0.4613175871451978
-0.4490989691576424,0.4490989691576424
-0.4352823596098032,0.4352823596098032
-0.41990859473707853,0.41990859473707853
-0.40302440842400217,0.40302440842400217
-0.3846823313089616,0.3846823313089616
-0.36494056701128963,0.36494056701128963
-0.3438628455370959,0.3438628455370959
-0.3215182540095834,0.3215182540095834
-0.2979810449602937,0.2979810449602937
-0.27333042251000456,0.27333042251000456
-0.2476503068606793,0.2476503068606793
-0.2210290776135889,0.2210290776135889
-0.19355929652219886,0.19355929652219886
-0.16533741038182193,0.16533741038182193
-0.1364634348509391,0.1364634348509391
-0.10704062009063758,0.10704062009063758
-0.07717509919923994,0.07717509919923994
-0.04697552050735298,0.04697552050735298
-0.016552664885205005,0.016552664885205005
0.01398095070269389,-0.01398095070269389
0.04451148207968743,-0.04451148207968743
0.07492417778337103,-0.07492417778337103
0.10510380857042727,-0.10510380857042727
0.13493510496556205,-0.13493510496556205
0.16430320125622044,-0.16430320125622044
0.19309408427583657,-0.19309408427583657
0.2211950452652977,-0.2211950452652977
0.24849513305469514,-0.24849513305469514
0.27488560676650653,-0.27488560676650653
0.3002603862066357,-0.3002603862066357
0.3245164980822403,-0.3245164980822403
0.3475545161647548,-0.3475545161647548
0.36927899350362214,-0.36927899350362214
0.38959888479105326,-0.38959888479105326
0.4084279569808059,-0.4084279569808059
0.42568518627495777,-0.42568518627495777
0.4412951396117528,-0.4412951396117528
0.4551883388153465,-0.4551883388153465
0.4673016056043322,-0.4673016056043322
0.47757838570079253,-0.47757838570079253
0.48596905033495313,-0.48596905033495313
0.49243117350250537,-0.49243117350250537
0.4969297834022216,-0.4969297834022216
0.49943758656041104,-0.49943758656041104
0.49993516323611703,-0.49993516323611703
0.49841113279633503,-0.49841113279633503
0.49486228785389613,-0.49486228785389613
0.48929369607163986,-0.48929369607163986
0.48171876865483776,-0.48171876865483776
0.47215929467915757,-0.47215929467915757
0.46064544053340634,-0.46064544053340634
0.44721571389436315,-0.44721571389436315
0.4319168917948985,-0.4319168917948985
0.4148039124954721,-0.4148039124954721
0.3959397310228637,-0.3959397310228637
0.37539513839756466,-0.37539513839756466
0.3532485447324758,-0.3532485447324758
0.3295857265493467,-0.3295857265493467
0.3044995388255022,-0.3044995388255022
0.2780895924505639,-0.2780895924505639
0.25046189794101853,-0.25046189794101853
0.22172847642818883,-0.22172847642818883
0.19200693910209787,-0.19200693910209787
0.16142003645890327,-0.16142003645890327
0.130095178862146,-0.130095178862146
0.09816393008736334,-0.09816393008736334
0.06576147567453006,-0.06576147567453006
0.03302606806296325,-0.03302606806296325
9.845062715306487e-05,-9.845062715306487e-05
-0.03287873713033097,0.03287873713033097
-0.06576157084312816,0.06576157084312816
-0.09840546649513904,0.09840546649513904
-0.13066581696459798,0.13066581696459798
-0.1623986371759298,0.1623986371759298
-0.1934612150451917,0.1934612150451917
-0.2237127653244683,0.2237127653244683
-0.253015083381866,0.253015083381866
-0.2812331958979788,0.2812331958979788
-0.30823600541674984,0.30823600541674984
-0.33389692565978935,0.33389692565978935
-0.35809450449830843,0.35809450449830843
-0.38071303147657715,0.38071303147657715
-0.4016431267957015,0.4016431267957015
-0.4207823086963854,0.4207823086963854
-0.43803553622502117,0.43803553622502117
-0.4533157244284781,0.4533157244284781
-0.4665442290999,0.4665442290999
-0.47765129829034875,0.47765129829034875
-0.48657648790933544,0.48657648790933544
-0.4932690388609748,0.4932690388609748
-0.49768821330128205,0.49768821330128205
-0.49980358775597117,0.49980358775597117
-0.49959530100625715,0.49959530100625715
-0.49705425483237725,0.49705425483237725
-0.49218226590007663,0.49218226590007663
-0.48499216728355665,0.48499216728355665
-0.47550785833859416,0.47550785833859416
-0.46376430187083145,0.46376430187083145
-0.44980746778574526,0.44980746778574526
-0.4336942226575301,0.4336942226575301
-0.4154921649129068,0.4154921649129068
-0.39527940559176733,0.39527940559176733
-0.373144294918111,0.373144294918111
-0.3491850951909303,0.3491850951909303
-0.3235096007839448,0.3235096007839448
-0.29623470632436627,0.29623470632436627
-0.26748592440223834,0.26748592440223834
-0.23739685444258035,0.23739685444258035
-0.20610860465038577,0.20610860465038577
-0.173769169212324,0.173769169212324
-0.14053276320746363,0.14053276320746363
-0.10655911794013412,0.10655911794013412
-0.0720127396607519,0.0720127396607519
-0.037062134882282056,0.037062134882282056
-0.0018790057306783247,0.0018790057306783247
0.03336258101548025,-0.03336258101548025
0.06848704733837344,-0.06848704733837344
0.10331817580342866,-0.10331817580342866
0.13767999557832233,-0.13767999557832233
0.1713976782859633,-0.1713976782859633
0.20429843919930085,-0.20429843919930085
0.23621243917717338,-0.23621243917717338
0.2669736826543969,-0.2669736826543969
0.2964209069362865,-0.2964209069362865
0.3243984580093093,-0.3243984580093093
0.35075714806577396,-0.35075714806577396
0.37535508995246003,-0.37535508995246003
0.39805850379111435,-0.39805850379111435
0.4187424910833505,-0.4187424910833505
0.43729177170386585,-0.43729177170386585
0.453601379304103,-0.453601379304103
0.46757731079362785,-0.46757731079362785
0.47913712573820183,-0.47913712573820183
0.48821049171159814,-0.48821049171159814
0.494739671862048,-0.494739671862048
0.49867995120319236,-0.49867995120319236
0.49999999841268966,-0.49999999841268966
0.498682160218253,-0.498682160218253
0.4947226857696858,-0.4947226857696858
0.4881318787351633,-0.4881318787351633
0.47893417521912235,-0.47893417521912235
0.46716814597609896,-0.46716814597609896
0.4528864217878807,-0.4528864217878807
0.43615554127865674,-0.43615554127865674
0.4170557208622965,-0.4170557208622965
0.39568054694552457,-0.39568054694552457
0.37213659094814244,-0.37213659094814244
0.3465429481444265,-0.3465429481444265
0.319030701775837,-0.319030701775837
0.2897423143317564,-0.2897423143317564
0.2588309483396329,-0.2588309483396329
0.2264597194456827,-0.2264597194456827
0.19280088500027598,-0.19280088500027598
0.1580349717844534,-0.1580349717844534
0.12234984692431837,-0.12234984692431837
0.08593973643461579,-0.08593973643461579
0.04900419620926309,-0.04900419620926309
0.01174704063297877,-0.01174704063297877
-0.025624765679512475,0.025624765679512475
-0.06290224720261688,0.06290224720261688
-0.09987558178463311,0.09987558178463311
-0.13633528355634442,0.13633528355634442
-0.17207339790569987,0.17207339790569987
-0.20688470177884685,0.20688470177884685
-0.24056790242258322,0.24056790242258322
-0.2729268275758362,0.2729268275758362
-0.3037716000498091,0.3037716000498091
-0.33291978960944696,0.33291978960944696
-0.36019753508343244,0.36019753508343244
-0.38544062968730997,0.38544062968730997
-0.4084955626448275,0.4084955626448275
-0.4292205103368145,0.4292205103368145
-0.4474862703943871,0.4474862703943871
-0.46317713238468494,0.46317713238468494
-0.47619167901119486,0.47619167901119486
-0.48644351206707476,0.48644351206707476
-0.4938618977373463,0.4938618977373463
-0.4983923262429574,0.4983923262429574
-0.49999698125533193,0.49999698125533193
-0.4986551149818036,0.4986551149818036
-0.4943633253284279,0.4943633253284279
-0.48713573208453437,0.48713573208453437
-0.4770040496403459,0.4770040496403459
-0.4640175543422032,0.4640175543422032
-0.4482429452061371,0.4482429452061371
-0.42976409734638005,0.42976409734638005
-0.4086817081274241,0.4086817081274241
-0.3851128367123389,0.3851128367123389
-0.35919033835281333,0.35919033835281333
-0.331062195443021,0.331062195443021
-0.300890748036515,0.300890748036515
-0.2688518271977093,0.2688518271977093
-0.23513379522370273,0.23513379522370273
-0.19993649742285408,0.19993649742285408
-0.16347013076990016,0.16347013076990016
-0.12595403536870514,0.12595403536870514
-0.08761541523848873,0.08761541523848873
-0.048687995493771875,0.048687995493771875
-0.009410623507037282,0.009410623507037282
0.029974177876394507,-0.029974177876394507
0.06922169656521573,-0.06922169656521573
0.1080865479940636,-0.1080865479940636
0.14632421320423933,-0.14632421320423933
0.18369258871063052,-0.18369258871063052
0.21995353840246917,-0.21995353840246917
0.25487443755543154,-0.25487443755543154
0.2882296989237596,-0.2882296989237596
0.31980227083622265,-0.31980227083622265
0.34938509724001243,-0.34938509724001243
0.3767825297236692,-0.3767825297236692
0.40181168170408166,-0.40181168170408166
0.42430371518491317,-0.42430371518491317
0.44410505078300655,-0.44410505078300655
0.46107849207619855,-0.46107849207619855
0.47510425574864457,-0.47510425574864457
0.4860808994970352,-0.4860808994970352
0.4939261402112054,-0.4939261402112054
0.49857755555270217,-0.49857755555270217
0.499993162722572,-0.499993162722572
0.4981518689310018,-0.4981518689310018
0.4930537888532334,-0.4930537888532334
0.4847204251737193,-0.4847204251737193
0.473194709179419,-0.473194709179419
0.4585408992582248,-0.4585408992582248
0.4408443360845182,-0.4408443360845182
0.4202110542248278,-0.4202110542248278
0.3967672508666992,-0.3967672508666992
0.3706586133565949,-0.3706586133565949
0.34204950822164826,-0.34204950822164826
0.3111220353383121,-0.3111220353383121
0.2780749518919351,-0.2780749518919351
0.24312247173751614,-0.24312247173751614
0.20649294671676277,-0.20649294671676277
0.16842743740283045,-0.16842743740283045
0.12917818162456549,-0.12917818162456549
0.08900696996035237,-0.08900696996035237
0.04818343818013872,-0.04818343818013872
0.006983287347303522,-0.006983287347303522
-0.03431355703755643,0.03431355703755643
-0.07542483486616074,0.07542483486616074
-0.1160678777124262,0.1160678777124262
-0.15596155862015462,0.15596155862015462
-0.19482825206047014,0.19482825206047014
-0.23239579045404257,0.23239579045404257
-0.2683994034676537,0.2683994034676537
-0.3025836262048634,0.3025836262048634
-0.33470416241809886,0.33470416241809886
-0.364529688977013,0.364529688977013
-0.39184358803588143,0.39184358803588143
-0.41644559365255396,0.41644559365255396
-0.43815334002193174,0.43815334002193174
0.0,0.0
0.0,0.0
0.0,0.0
0.0,0.0
0.0,0.0
0.0,0.0
0.0,0.0
0.0,0.0
0.0,0.0
0.0,0.0
0.0,0.0
0.0,0.0
0.0,0.0
0.0,0.0
0.0,0.0
0.0,0.0
0.0,0.0
0.0,0.0
0.0,0.0
0.0,0.0
0.0,0.0
0.0,0.0
0.0,0.0
0.0,0.0
0.0,0.0
0.0,0.0
0.0,0.0
0.0,0.0
0.0,0.0
0.0,0.0
0.0,0.0
0.0,0.0
0.0,0.0
0.0,0.0
0.0,0.0
0.0,0.0
0.0,0.0
0.0,0.0
0.0,0.0
0.0,0.0
0.0,0.0
0.0,0.0
0.0,0.0
0.0,0.0
0.0,0.0
0.0,0.0
0.0,0.0
0.0,0.0
0.0,0.0
0.0,0.0
0.0,0.0
0.0,0.0
0.0,0.0
0.0,0.0
0.0,0.0
0.0,0.0
0.0,0.0
0.0,0.0
0.0,0.0
0.0,0.0
0.0,0.0
0.0,0.0
0.0,0.0
0.0,0.0
0.0,0.0
0.0,0.0
0.0,0.0
0.0,0.0
0.0,0.0
0.0,0.0
0.0,0.0
0.0,0.0
0.0,0.0
0.0,0.0
0.0,0.0
0.0,0.0
0.0,0.0
0.0,0.0
0.0,0.0
0.0,0.0
0.0,0.0
0.0,0.0
0.0,0.0
0.0,0.0
0.0,0.0
0.0,0.0
0.0,0.0
0.0,0.0
0.0,0.0
0.0,0.0
0.5,0.5
0.85,0.15000000000000002
0.85,0.15000000000000002
0.85,0.15000000000000002
0.85,0.15000000000000002
0.85,0.15000000000000002
0.85,0.15000000000000002
0.85,0.15000000000000002
0.85,0.15000000000000002
0.85,0.15000000000000002
0.85,0.15000000000000002
0.85,0.15000000000000002
0.85,0.15000000000000002
0.85,0.15000000000000002
0.85,0.15000000000000002
0.85,0.15000000000000002
0.85,0.15000000000000002
0.85,0.15000000000000002
0.85,0.15000000000000002
0.85,0.15000000000000002
0.85,0.15000000000000002
0.85,0.15000000000000002
0.85,0.15000000000000002
0.85,0.15000000000000002
0.85,0.15000000000000002
0.85,0.15000000000000002
0.85,0.15000000000000002
0.85,0.15000000000000002
0.85,0.15000000000000002
0.85,0.15000000000000002
0.85,0.15000000000000002
0.85,0.15000000000000002
0.85,0.15000000000000002
0.85,0.15000000000000002
0.85,0.15000000000000002
0.85,0.15000000000000002
0.85,0.15000000000000002
0.85,0.15000000000000002
0.85,0.15000000000000002
0.85,0.15000000000000002
0.85,0.15000000000000002
0.85,0.15000000000000002
0.85,0.15000000000000002
0.85,0.15000000000000002
0.85,0.15000000000000002
0.85,0.15000000000000002
0.85,0.15000000000000002
0.85,0.15000000000000002
0.85,0.15000000000000002
0.85,0.15000000000000002
0.85,0.15000000000000002
0.85,0.15000000000000002
0.85,0.15000000000000002
0.85,0.15000000000000002
0.85,0.15000000000000002
0.85,0.15000000000000002
0.85,0.15000000000000002
0.85,0.15000000000000002
0.85,0.15000000000000002
0.85,0.15000000000000002
0.85,0.15000000000000002
0.85,0.15000000000000002
0.85,0.15000000000000002
0.85,0.15000000000000002
0.85,0.15000000000000002
0.85,0.15000000000000002
0.85,0.15000000000000002
0.85,0.15000000000000002
0.85,0.15000000000000002
0.85,0.15000000000000002
0.85,0.15000000000000002
0.85,0.15000000000000002
0.85,0.15000000000000002
0.85,0.15000000000000002
0.85,0.15000000000000002
0.85,0.15000000000000002
0.85,0.15000000000000002
0.85,0.15000000000000002
0.85,0.15000000000000002
0.85,0.15000000000000002
0.85,0.15000000000000002
0.85,0.15000000000000002
0.85,0.15000000000000002
0.85,0.15000000000000002
0.85,0.15000000000000002
0.85,0.15000000000000002
0.85,0.15000000000000002
0.85,0.15000000000000002
0.85,0.15000000000000002
0.85,0.15000000000000002
0.85,0.15000000000000002
0.15000000000000002,0.85
0.15000000000000002,0.85
0.15000000000000002,0.85
0.15000000000000002,0.85
0.15000000000000002,0.85
0.15000000000000002,0.85
0.15000000000000002,0.85
0.15000000000000002,0.85
0.15000000000000002,0.85
0.15000000000000002,0.85
0.15000000000000002,0.85
0.15000000000000002,0.85
0.15000000000000002,0.85
0.15000000000000002,0.85
0.15000000000000002,0.85
0.15000000000000002,0.85
0.15000000000000002,0.85
0.15000000000000002,0.85
0.15000000000000002,0.85
0.15000000000000002,0.85
0.15000000000000002,0.85
0.15000000000000002,0.85
0.15000000000000002,0.85
0.15000000000000002,0.85
0.15000000000000002,0.85
0.15000000000000002,0.85
0.15000000000000002,0.85
0.15000000000000002,0.85
0.15000000000000002,0.85
0.15000000000000002,0.85
0.15000000000000002,0.85
0.15000000000000002,0.85
0.15000000000000002,0.85
0.15000000000000002,0.85
0.15000000000000002,0.85
0.15000000000000002,0.85
0.15000000000000002,0.85
0.15000000000000002,0.85
0.15000000000000002,0.85
0.15000000000000002,0.85
0.15000000000000002,0.85
0.15000000000000002,0.85
0.15000000000000002,0.85
0.15000000000000002,0.85
0.15000000000000002,0.85
0.15000000000000002,0.85
0.15000000000000002,0.85
0.15000000000000002,0.85
0.15000000000000002,0.85
0.15000000000000002,0.85
0.15000000000000002,0.85
0.15000000000000002,0.85
0.15000000000000002,0.85
0.15000000000000002,0.85
0.15000000000000002,0.85
0.15000000000000002,0.85
0.15000000000000002,0.85
0.15000000000000002,0.85
0.15000000000000002,0.85
0.15000000000000002,0.85
0.15000000000000002,0.85
0.15000000000000002,0.85
0.15000000000000002,0.85
0.15000000000000002,0.85
0.15000000000000002,0.85
0.15000000000000002,0.85
0.15000000000000002,0.85
0.15000000000000002,0.85
0.15000000000000002,0.85
0.15000000000000002,0.85
0.15000000000000002,0.85
0.15000000000000002,0.85
0.15000000000000002,0.85
0.15000000000000002,0.85
0.15000000000000002,0.85
0.15000000000000002,0.85
0.15000000000000002,0.85
0.15000000000000002,0.85
0.15000000000000002,0.85
0.15000000000000002,0.85
0.15000000000000002,0.85
0.15000000000000002,0.85
0.15000000000000002,0.85
0.15000000000000002,0.85
0.15000000000000002,0.85
0.15000000000000002,0.85
0.15000000000000002,0.85
0.15000000000000002,0.85
0.15000000000000002,0.85
0.15000000000000002,0.85
0.85,0.15000000000000002
0.85,0.15000000000000002
0.85,0.15000000000000002
0.85,0.15000000000000002
0.85,0.15000000000000002
0.85,0.15000000000000002
0.85,0.15000000000000002
0.85,0.15000000000000002
0.85,0.15000000000000002
0.85,0.15000000000000002
0.85,0.15000000000000002
0.85,0.15000000000000002
0.85,0.15000000000000002
0.85,0.15000000000000002
0.85,0.15000000000000002
0.85,0.15000000000000002
0.85,0.15000000000000002
0.85,0.15000000000000002
0.85,0.15000000000000002
0.85,0.15000000000000002
0.85,0.15000000000000002
0.85,0.15000000000000002
0.85,0.15000000000000002
0.85,0.15000000000000002
0.85,0.15000000000000002
0.85,0.15000000000000002
0.85,0.15000000000000002
0.85,0.15000000000000002
0.85,0.15000000000000002
0.85,0.15000000000000002
0.85,0.15000000000000002
0.85,0.15000000000000002
0.85,0.15000000000000002
0.85,0.15000000000000002
0.85,0.15000000000000002
0.85,0.15000000000000002
0.85,0.15000000000000002
0.85,0.15000000000000002
0.85,0.15000000000000002
0.85,0.15000000000000002
0.85,0.15000000000000002
0.85,0.15000000000000002
0.85,0.15000000000000002
0.85,0.15000000000000002
0.85,0.15000000000000002
0.85,0.15000000000000002
0.85,0.15000000000000002
0.85,0.15000000000000002
0.85,0.15000000000000002
0.85,0.15000000000000002
0.85,0.15000000000000002
0.85,0.15000000000000002
0.85,0.15000000000000002
0.85,0.15000000000000002
0.85,0.15000000000000002
0.85,0.15000000000000002
0.85,0.15000000000000002
0.85,0.15000000000000002
0.85,0.15000000000000002
0.85,0.15000000000000002
0.85,0.15000000000000002
0.85,0.15000000000000002
0.85,0.15000000000000002
0.85,0.15000000000000002
0.85,0.15000000000000002
0.85,0.15000000000000002
0.85,0.15000000000000002
0.85,0.15000000000000002
0.85,0.15000000000000002
0.85,0.15000000000000002
0.85,0.15000000000000002
0.85,0.15000000000000002
0.85,0.15000000000000002
0.85,0.15000000000000002
0.85,0.15000000000000002
0.85,0.15000000000000002
0.85,0.15000000000000002
0.85,0.15000000000000002
0.85,0.15000000000000002
0.85,0.15000000000000002
0.85,0.15000000000000002
0.85,0.15000000000000002
0.85,0.15000000000000002
0.85,0.15000000000000002
0.85,0.15000000000000002
0.85,0.15000000000000002
0.85,0.15000000000000002
0.85,0.15000000000000002
0.85,0.15000000000000002
0.85,0.15000000000000002
0.15000000000000002,0.85
0.15000000000000002,0.85
0.15000000000000002,0.85
0.15000000000000002,0.85
0.15000000000000002,0.85
0.15000000000000002,0.85
0.15000000000000002,0.85
0.15000000000000002,0.85
0.15000000000000002,0.85
0.15000000000000002,0.85
0.15000000000000002,0.85
0.15000000000000002,0.85
0.15000000000000002,0.85
0.15000000000000002,0.85
0.15000000000000002,0.85
0.15000000000000002,0.85
0.15000000000000002,0.85
0.15000000000000002,0.85
0.15000000000000002,0.85
0.15000000000000002,0.85
0.15000000000000002,0.85
0.15000000000000002,0.85
0.15000000000000002,0.85
0.15000000000000002,0.85
0.15000000000000002,0.85
0.15000000000000002,0.85
0.15000000000000002,0.85
0.15000000000000002,0.85
0.15000000000000002,0.85
0.15000000000000002,0.85
0.15000000000000002,0.85
0.15000000000000002,0.85
0.15000000000000002,0.85
0.15000000000000002,0.85
0.15000000000000002,0.85
0.15000000000000002,0.85
0.15000000000000002,0.85
0.15000000000000002,0.85
0.15000000000000002,0.85
0.15000000000000002,0.85
0.15000000000000002,0.85
0.15000000000000002,0.85
0.15000000000000002,0.85
0.15000000000000002,0.85
0.15000000000000002,0.85
0.15000000000000002,0.85
0.15000000000000002,0.85
0.15000000000000002,0.85
0.15000000000000002,0.85
0.15000000000000002,0.85
0.15000000000000002,0.85
0.15000000000000002,0.85
0.15000000000000002,0.85
0.15000000000000002,0.85
0.15000000000000002,0.85
0.15000000000000002,0.85
0.15000000000000002,0.85
0.15000000000000002,0.85
0.15000000000000002,0.85
0.15000000000000002,0.85
0.15000000000000002,0.85
0.15000000000000002,0.85
0.15000000000000002,0.85
0.15000000000000002,0.85
0.15000000000000002,0.85
0.15000000000000002,0.85
0.15000000000000002,0.85
0.15000000000000002,0.85
0.15000000000000002,0.85
0.15000000000000002,0.85
0.15000000000000002,0.85
0.15000000000000002,0.85
0.15000000000000002,0.85
0.15000000000000002,0.85
0.15000000000000002,0.85
0.15000000000000002,0.85
0.15000000000000002,0.85
0.15000000000000002,0.85
0.15000000000000002,0.85
0.15000000000000002,0.85
0.15000000000000002,0.85
0.15000000000000002,0.85
0.15000000000000002,0.85
0.15000000000000002,0.85
0.15000000000000002,0.85
0.15000000000000002,0.85
0.15000000000000002,0.85
0.15000000000000002,0.85
0.15000000000000002,0.85
0.15000000000000002,0.85
0.85,0.15000000000000002
0.85,0.15000000000000002
0.85,0.15000000000000002
0.85,0.15000000000000002
0.85,0.15000000000000002
0.85,0.15000000000000002
0.85,0.15000000000000002
0.85,0.15000000000000002
0.85,0.15000000000000002
0.85,0.15000000000000002
0.85,0.15000000000000002
0.85,0.15000000000000002
0.85,0.15000000000000002
0.85,0.15000000000000002
0.85,0.15000000000000002
0.85,0.15000000000000002
0.85,0.15000000000000002
0.85,0.15000000000000002
0.85,0.15000000000000002
0.85,0.15000000000000002
0.85,0.15000000000000002
0.85,0.15000000000000002
0.85,0.15000000000000002
0.85,0.15000000000000002
0.85,0.15000000000000002
0.85,0.15000000000000002
0.85,0.15000000000000002
0.85,0.15000000000000002
0.85,0.15000000000000002
0.85,0.15000000000000002
0.85,0.15000000000000002
0.85,0.15000000000000002
0.85,0.15000000000000002
0.85,0.15000000000000002
0.85,0.15000000000000002
0.85,0.15000000000000002
0.85,0.15000000000000002
0.85,0.15000000000000002
0.85,0.15000000000000002
0.85,0.15000000000000002
0.85,0.15000000000000002
0.85,0.15000000000000002
0.85,0.15000000000000002
0.85,0.15000000000000002
0.85,0.15000000000000002
0.85,0.15000000000000002
0.85,0.15000000000000002
0.85,0.15000000000000002
0.85,0.15000000000000002
0.85,0.15000000000000002
0.85,0.15000000000000002
0.85,0.15000000000000002
0.85,0.15000000000000002
0.85,0.15000000000000002
0.85,0.15000000000000002
0.85,0.15000000000000002
0.85,0.15000000000000002
0.85,0.15000000000000002
0.85,0.15000000000000002
0.85,0.15000000000000002
0.85,0.15000000000000002
0.85,0.15000000000000002
0.85,0.15000000000000002
0.85,0.15000000000000002
0.85,0.15000000000000002
0.85,0.15000000000000002
0.85,0.15000000000000002
0.85,0.15000000000000002
0.85,0.15000000000000002
0.85,0.15000000000000002
0.85,0.15000000000000002
0.85,0.15000000000000002
0.85,0.15000000000000002
0.85,0.15000000000000002
0.85,0.15000000000000002
0.85,0.15000000000000002
0.85,0.15000000000000002
0.85,0.15000000000000002
0.85,0.15000000000000002
0.85,0.15000000000000002
0.85,0.15000000000000002
0.85,0.15000000000000002
0.85,0.15000000000000002
0.85,0.15000000000000002
0.85,0.15000000000000002
0.85,0.15000000000000002
0.85,0.15000000000000002
0.85,0.15000000000000002
0.85,0.15000000000000002
0.85,0.15000000000000002
0.15000000000000002,0.85
0.15000000000000002,0.85
0.15000000000000002,0.85
0.15000000000000002,0.85
0.15000000000000002,0.85
0.15000000000000002,0.85
0.15000000000000002,0.85
0.15000000000000002,0.85
0.15000000000000002,0.85
0.15000000000000002,0.85
0.15000000000000002,0.85
0.15000000000000002,0.85
0.15000000000000002,0.85
0.15000000000000002,0.85
0.15000000000000002,0.85
0.15000000000000002,0.85
0.15000000000000002,0.85
0.15000000000000002,0.85
0.15000000000000002,0.85
0.15000000000000002,0.85
0.15000000000000002,0.85
0.15000000000000002,0.85
0.15000000000000002,0.85
0.15000000000000002,0.85
0.15000000000000002,0.85
0.15000000000000002,0.85
0.15000000000000002,0.85
0.15000000000000002,0.85
0.15000000000000002,0.85
0.15000000000000002,0.85
0.15000000000000002,0.85
0.15000000000000002,0.85
0.15000000000000002,0.85
0.15000000000000002,0.85
0.15000000000000002,0.85
0.15000000000000002,0.85
0.15000000000000002,0.85
0.15000000000000002,0.85
0.15000000000000002,0.85
0.15000000000000002,0.85
0.15000000000000002,0.85
0.15000000000000002,0.85
0.15000000000000002,0.85
0.15000000000000002,0.85
0.15000000000000002,0.85
0.15000000000000002,0.85
0.15000000000000002,0.85
0.15000000000000002,0.85
0.15000000000000002,0.85
0.15000000000000002,0.85
0.15000000000000002,0.85
0.15000000000000002,0.85
0.15000000000000002,0.85
0.15000000000000002,0.85
0.15000000000000002,0.85
0.15000000000000002,0.85
0.15000000000000002,0.85
0.15000000000000002,0.85
0.15000000000000002,0.85
0.15000000000000002,0.85
0.15000000000000002,0.85
0.15000000000000002,0.85
0.15000000000000002,0.85
0.15000000000000002,0.85
0.15000000000000002,0.85
0.15000000000000002,0.85
0.15000000000000002,0.85
0.15000000000000002,0.85
0.15000000000000002,0.85
0.15000000000000002,0.85
0.15000000000000002,0.85
0.15000000000000002,0.85
0.15000000000000002,0.85
0.15000000000000002,0.85
0.15000000000000002,0.85
0.15000000000000002,0.85
0.15000000000000002,0.85
0.15000000000000002,0.85
0.15000000000000002,0.85
0.15000000000000002,0.85
0.15000000000000002,0.85
0.15000000000000002,0.85
0.15000000000000002,0.85
0.15000000000000002,0.85
0.15000000000000002,0.85
0.15000000000000002,0.85
0.15000000000000002,0.85
0.15000000000000002,0.85
0.15000000000000002,0.85
0.15000000000000002,0.85
0.85,0.15000000000000002
0.85,0.15000000000000002
0.85,0.15000000000000002
0.85,0.15000000000000002
0.85,0.15000000000000002
0.85,0.15000000000000002
0.85,0.15000000000000002
0.85,0.15000000000000002
0.85,0.15000000000000002
0.85,0.15000000000000002
0.85,0.15000000000000002
0.85,0.15000000000000002
0.85,0.15000000000000002
0.85,0.15000000000000002
0.85,0.15000000000000002
0.85,0.15000000000000002
0.85,0.15000000000000002
0.85,0.15000000000000002
0.85,0.15000000000000002
0.85,0.15000000000000002
0.85,0.15000000000000002
0.85,0.15000000000000002
0.85,0.15000000000000002
0.85,0.15000000000000002
0.85,0.15000000000000002
0.85,0.15000000000000002
0.85,0.15000000000000002
0.85,0.15000000000000002
0.85,0.15000000000000002
0.85,0.15000000000000002
0.85,0.15000000000000002
0.85,0.15000000000000002
0.85,0.15000000000000002
0.85,0.15000000000000002
0.85,0.15000000000000002
0.85,0.15000000000000002
0.85,0.15000000000000002
0.85,0.15000000000000002
0.85,0.15000000000000002
0.85,0.15000000000000002
0.85,0.15000000000000002
0.85,0.15000000000000002
0.85,0.15000000000000002
0.85,0.15000000000000002
0.85,0.15000000000000002
0.85,0.15000000000000002
0.85,0.15000000000000002
0.85,0.15000000000000002
0.85,0.15000000000000002
0.85,0.15000000000000002
0.85,0.15000000000000002
0.85,0.15000000000000002
0.85,0.15000000000000002
0.85,0.15000000000000002
0.85,0.15000000000000002
0.85,0.15000000000000002
0.85,0.15000000000000002
0.85,0.15000000000000002
0.85,0.15000000000000002
0.85,0.15000000000000002
0.85,0.15000000000000002
0.85,0.15000000000000002
0.85,0.15000000000000002
0.85,0.15000000000000002
0.85,0.15000000000000002
0.85,0.15000000000000002
0.85,0.15000000000000002
0.85,0.15000000000000002
0.85,0.15000000000000002
0.85,0.15000000000000002
0.85,0.15000000000000002
0.85,0.15000000000000002
0.85,0.15000000000000002
0.85,0.15000000000000002
0.85,0.15000000000000002
0.85,0.15000000000000002
0.85,0.15000000000000002
0.85,0.15000000000000002
0.85,0.15000000000000002
0.85,0.15000000000000002
0.85,0.15000000000000002
0.85,0.15000000000000002
0.85,0.15000000000000002
0.85,0.15000000000000002
0.85,0.15000000000000002
0.85,0.15000000000000002
0.85,0.15000000000000002
0.85,0.15000000000000002
0.85,0.15000000000000002
0.85,0.15000000000000002
0.15000000000000002,0.85
0.15000000000000002,0.85
0.15000000000000002,0.85
0.15000000000000002,0.85
0.15000000000000002,0.85
0.15000000000000002,0.85
0.15000000000000002,0.85
0.15000000000000002,0.85
0.15000000000000002,0.85
0.15000000000000002,0.85
0.15000000000000002,0.85
0.15000000000000002,0.85
0.15000000000000002,0.85
0.15000000000000002,0.85
0.15000000000000002,0.85
0.15000000000000002,0.85
0.15000000000000002,0.85
0.15000000000000002,0.85
0.15000000000000002,0.85
0.15000000000000002,0.85
0.15000000000000002,0.85
0.15000000000000002,0.85
0.15000000000000002,0.85
0.15000000000000002,0.85
0.15000000000000002,0.85
0.15000000000000002,0.85
0.15000000000000002,0.85
0.15000000000000002,0.85
0.15000000000000002,0.85
0.15000000000000002,0.85
0.15000000000000002,0.85
0.15000000000000002,0.85
0.15000000000000002,0.85
0.15000000000000002,0.85
0.15000000000000002,0.85
0.15000000000000002,0.85
0.15000000000000002,0.85
0.15000000000000002,0.85
0.15000000000000002,0.85
0.15000000000000002,0.85
0.15000000000000002,0.85
0.15000000000000002,0.85
0.15000000000000002,0.85
0.15000000000000002,0.85
0.15000000000000002,0.85
0.15000000000000002,0.85
0.15000000000000002,0.85
0.15000000000000002,0.85
0.15000000000000002,0.85
0.15000000000000002,0.85
0.15000000000000002,0.85
0.15000000000000002,0.85
0.15000000000000002,0.85
0.15000000000000002,0.85
0.15000000000000002,0.85
0.15000000000000002,0.85
0.15000000000000002,0.85
0.15000000000000002,0.85
0.15000000000000002,0.85
0.15000000000000002,0.85
0.15000000000000002,0.85
0.15000000000000002,0.85
0.15000000000000002,0.85
0.15000000000000002,0.85
0.15000000000000002,0.85
0.15000000000000002,0.85
0.15000000000000002,0.85
0.15000000000000002,0.85
0.15000000000000002,0.85
0.15000000000000002,0.85
0.15000000000000002,0.85
0.15000000000000002,0.85
0.15000000000000002,0.85
0.15000000000000002,0.85
0.15000000000000002,0.85
0.15000000000000002,0.85
0.15000000000000002,0.85
0.15000000000000002,0.85
0.15000000000000002,0.85
0.15000000000000002,0.85
0.15000000000000002,0.85
0.15000000000000002,0.85
0.15000000000000002,0.85
0.15000000000000002,0.85
0.15000000000000002,0.85
0.15000000000000002,0.85
0.15000000000000002,0.85
0.15000000000000002,0.85
0.15000000000000002,0.85
0.15000000000000002,0.85
0.85,0.15000000000000002
0.85,0.15000000000000002
0.85,0.15000000000000002
0.85,0.15000000000000002
0.85,0.15000000000000002
0.85,0.15000000000000002
0.85,0.15000000000000002
0.85,0.15000000000000002
0.85,0.15000000000000002
0.85,0.15000000000000002
0.85,0.15000000000000002
0.85,0.15000000000000002
0.85,0.15000000000000002
0.85,0.15000000000000002
0.85,0.15000000000000002
0.85,0.15000000000000002
0.85,0.15000000000000002
0.85,0.15000000000000002
0.85,0.15000000000000002
0.85,0.15000000000000002
0.85,0.15000000000000002
0.85,0.15000000000000002
0.85,0.15000000000000002
0.85,0.15000000000000002
0.85,0.15000000000000002
0.85,0.15000000000000002
0.85,0.15000000000000002
0.85,0.15000000000000002
0.85,0.15000000000000002
0.85,0.15000000000000002
0.85,0.15000000000000002
0.85,0.15000000000000002
0.85,0.15000000000000002
0.85,0.15000000000000002
0.85,0.15000000000000002
0.85,0.15000000000000002
0.85,0.15000000000000002
0.85,0.15000000000000002
0.85,0.15000000000000002
0.85,0.15000000000000002
0.85,0.15000000000000002
0.85,0.15000000000000002
0.85,0.15000000000000002
0.85,0.15000000000000002
0.85,0.15000000000000002
0.85,0.15000000000000002
0.85,0.15000000000000002
0.85,0.15000000000000002
0.85,0.15000000000000002
0.85,0.15000000000000002
0.85,0.15000000000000002
0.85,0.15000000000000002
0.85,0.15000000000000002
0.85,0.15000000000000002
0.85,0.15000000000000002
0.85,0.15000000000000002
0.85,0.15000000000000002
0.85,0.15000000000000002
0.85,0.15000000000000002
0.85,0.15000000000000002
0.85,0.15000000000000002
0.85,0.15000000000000002
0.85,0.15000000000000002
0.85,0.15000000000000002
0.85,0.15000000000000002
0.85,0.15000000000000002
0.85,0.15000000000000002
0.85,0.15000000000000002
0.85,0.15000000000000002
0.85,0.15000000000000002
0.85,0.15000000000000002
0.85,0.15000000000000002
0.85,0.15000000000000002
0.85,0.15000000000000002
0.85,0.15000000000000002
0.85,0.15000000000000002
0.85,0.15000000000000002
0.85,0.15000000000000002
0.85,0.15000000000000002
0.85,0.15000000000000002
0.85,0.15000000000000002
0.85,0.15000000000000002
0.85,0.15000000000000002
0.85,0.15000000000000002
0.85,0.15000000000000002
0.85,0.15000000000000002
0.85,0.15000000000000002
0.85,0.15000000000000002
0.85,0.15000000000000002
